1.000000e+00 9.974660e-18 0.000000e+00 -4.656613e-10 -4.011548e-18 1.000000e+00 6.938894e-18 0.000000e+00 0.000000e+00 6.938894e-18 1.000000e+00 0.000000e+00
1.000000e+00 -6.270798e-06 -1.208374e-04 1.885058e-02 6.276235e-06 1.000000e+00 4.499962e-05 -1.076634e-02 1.208371e-04 -4.500038e-05 1.000000e+00 -1.093164e-02
1.000000e+00 1.107330e-04 -1.238949e-04 4.758086e-02 -1.107165e-04 1.000000e+00 1.328786e-04 -2.508679e-02 1.239096e-04 -1.328649e-04 1.000000e+00 -2.690780e-02
9.999999e-01 3.303805e-04 -2.914427e-04 9.449017e-02 -3.303080e-04 9.999999e-01 2.487483e-04 -3.834579e-02 2.915248e-04 -2.486520e-04 9.999999e-01 -4.778962e-02
9.999998e-01 4.110354e-04 -4.167517e-04 1.430072e-01 -4.109113e-04 9.999999e-01 2.979797e-04 -5.025725e-02 4.168741e-04 -2.978084e-04 9.999999e-01 -6.665536e-02
9.999998e-01 6.874094e-04 -1.645884e-04 2.708771e-01 -6.873415e-04 9.999997e-01 4.123586e-04 -5.722938e-02 1.648718e-04 -4.122454e-04 9.999999e-01 -1.481211e-01
9.999996e-01 8.891577e-04 1.364145e-04 3.697496e-01 -8.892114e-04 9.999995e-01 3.943118e-04 -6.164967e-02 -1.360638e-04 -3.944330e-04 9.999999e-01 -2.017482e-01
9.999992e-01 1.158073e-03 4.010414e-04 4.856564e-01 -1.158272e-03 9.999992e-01 4.964852e-04 -6.849391e-02 -4.004661e-04 -4.969493e-04 9.999998e-01 -2.651382e-01
9.999989e-01 1.363238e-03 6.328082e-04 6.034769e-01 -1.363552e-03 9.999989e-01 4.952083e-04 -7.694606e-02 -6.321324e-04 -4.960706e-04 9.999997e-01 -3.171646e-01
9.999985e-01 1.449339e-03 9.204589e-04 7.542875e-01 -1.449594e-03 9.999989e-01 2.760545e-04 -9.318130e-02 -9.200578e-04 -2.773884e-04 9.999995e-01 -4.018762e-01
9.999988e-01 1.234738e-03 9.852424e-04 9.035740e-01 -1.234700e-03 9.999992e-01 -3.869516e-05 -1.085387e-01 -9.852894e-04 3.747864e-05 9.999995e-01 -4.791075e-01
9.999994e-01 7.320686e-04 7.529876e-04 1.095625e+00 -7.320076e-04 9.999997e-01 -8.126260e-05 -1.308405e-01 -7.530469e-04 8.071136e-05 9.999997e-01 -5.935489e-01
9.999999e-01 -4.404825e-04 7.892057e-05 1.300864e+00 4.404764e-04 9.999999e-01 7.733743e-05 -1.507156e-01 -7.895463e-05 -7.730266e-05 1.000000e+00 -6.869781e-01
9.999948e-01 -3.186748e-03 -5.501552e-04 1.567678e+00 3.186706e-03 9.999949e-01 -7.740444e-05 -1.641843e-01 5.503991e-04 7.565086e-05 9.999998e-01 -7.905705e-01
9.999741e-01 -7.159109e-03 -7.631252e-04 1.783763e+00 7.158968e-03 9.999744e-01 -1.877860e-04 -1.656856e-01 7.644500e-04 1.823179e-04 9.999997e-01 -8.596136e-01
9.999151e-01 -1.300951e-02 -7.409959e-04 1.995656e+00 1.300932e-02 9.999153e-01 -2.663312e-04 -1.665882e-01 7.443981e-04 2.566687e-04 9.999997e-01 -9.202022e-01
9.997623e-01 -2.179415e-02 -5.090661e-04 2.258898e+00 2.179389e-02 9.997624e-01 -5.055785e-04 -1.731888e-01 5.199638e-04 4.943638e-04 9.999997e-01 -1.011282e+00
9.994711e-01 -3.251901e-02 -6.265721e-05 2.505343e+00 3.251894e-02 9.994706e-01 -9.729074e-04 -1.766799e-01 9.426203e-05 9.703553e-04 9.999995e-01 -1.085321e+00
9.989267e-01 -4.631899e-02 2.834697e-04 2.781661e+00 4.631936e-02 9.989256e-01 -1.466166e-03 -1.831426e-01 -2.152538e-04 1.477722e-03 9.999989e-01 -1.171414e+00
9.978735e-01 -6.517479e-02 8.605732e-04 3.039329e+00 6.517617e-02 9.978723e-01 -1.694897e-03 -1.833337e-01 -7.482777e-04 1.747382e-03 9.999982e-01 -1.230609e+00
9.963390e-01 -8.547628e-02 1.540780e-03 3.304961e+00 8.547843e-02 9.963390e-01 -1.392336e-03 -1.807968e-01 -1.416128e-03 1.518942e-03 9.999978e-01 -1.294636e+00
9.940412e-01 -1.089873e-01 1.982551e-03 3.548435e+00 1.089889e-01 9.940427e-01 -6.901244e-04 -1.718574e-01 -1.895525e-03 9.020880e-04 9.999978e-01 -1.339339e+00
9.904169e-01 -1.380931e-01 2.167247e-03 3.855325e+00 1.380948e-01 9.904188e-01 -6.438012e-04 -1.567392e-01 -2.057578e-03 9.369172e-04 9.999974e-01 -1.418762e+00
9.859841e-01 -1.668250e-01 2.183931e-03 4.125346e+00 1.668274e-01 9.859857e-01 -9.503034e-04 -1.337200e-01 -1.994790e-03 1.301324e-03 9.999972e-01 -1.489280e+00
9.802233e-01 -1.978815e-01 2.268161e-03 4.398775e+00 1.978852e-01 9.802240e-01 -1.530422e-03 -1.033653e-01 -1.920463e-03 1.948991e-03 9.999963e-01 -1.551979e+00
9.720639e-01 -2.347032e-01 2.487921e-03 4.714977e+00 2.347080e-01 9.720641e-01 -1.861109e-03 -5.985416e-02 -1.981611e-03 2.393052e-03 9.999952e-01 -1.621845e+00
9.627859e-01 -2.702513e-01 2.759484e-03 4.995035e+00 2.702566e-01 9.627867e-01 -1.765336e-03 -8.897605e-03 -2.179710e-03 2.445409e-03 9.999946e-01 -1.670171e+00
9.514081e-01 -3.079129e-01 3.502503e-03 5.309432e+00 3.079143e-01 9.514141e-01 1.222114e-04 5.093994e-02 -3.369961e-03 9.621981e-04 9.999939e-01 -1.729664e+00
9.363303e-01 -3.510888e-01 4.712351e-03 5.634899e+00 3.510769e-01 9.363412e-01 3.180424e-03 1.342448e-01 -5.528979e-03 -1.323529e-03 9.999838e-01 -1.773750e+00
9.203031e-01 -3.911598e-01 6.017963e-03 5.948777e+00 3.911255e-01 9.203169e-01 6.134588e-03 2.247333e-01 -7.938037e-03 -3.291902e-03 9.999631e-01 -1.820538e+00
9.016225e-01 -4.324602e-01 7.412070e-03 6.251908e+00 4.324017e-01 9.016428e-01 8.306828e-03 3.305010e-01 -1.027541e-02 -4.284631e-03 9.999380e-01 -1.855236e+00
8.778946e-01 -4.787708e-01 8.926855e-03 6.594739e+00 4.786923e-01 8.779300e-01 9.623509e-03 4.621936e-01 -1.244461e-02 -4.175210e-03 9.999138e-01 -1.898710e+00
8.537678e-01 -5.205131e-01 1.210760e-02 6.907576e+00 5.204073e-01 8.538483e-01 1.092049e-02 5.991666e-01 -1.602231e-02 -3.022681e-03 9.998671e-01 -1.940657e+00
8.271721e-01 -5.616830e-01 1.727888e-02 7.216734e+00 5.615252e-01 8.273514e-01 1.338365e-02 7.529959e-01 -2.181307e-02 -1.368055e-03 9.997611e-01 -1.980168e+00
7.948783e-01 -6.064668e-01 1.914364e-02 7.551905e+00 6.061846e-01 7.951018e-01 1.879788e-02 9.433273e-01 -2.662144e-02 -3.337445e-03 9.996400e-01 -2.028650e+00
7.626162e-01 -6.465422e-01 1.999111e-02 7.843733e+00 6.461159e-01 7.628586e-01 2.410211e-02 1.135760e+00 -3.083342e-02 -5.464089e-03 9.995096e-01 -2.065621e+00
7.245615e-01 -6.888995e-01 2.068993e-02 8.170817e+00 6.882397e-01 7.248077e-01 3.130524e-02 1.367954e+00 -3.656238e-02 -8.442941e-03 9.992957e-01 -2.120596e+00
6.873552e-01 -7.259563e-01 2.302898e-02 8.462522e+00 7.251262e-01 6.876973e-01 3.555938e-02 1.596189e+00 -4.165153e-02 -7.743009e-03 9.991022e-01 -2.170551e+00
6.473971e-01 -7.617010e-01 2.624284e-02 8.733873e+00 7.606954e-01 6.479043e-01 3.952810e-02 1.853751e+00 -4.711144e-02 -5.627563e-03 9.988738e-01 -2.205160e+00
6.003574e-01 -7.992271e-01 2.840964e-02 9.004006e+00 7.980936e-01 6.010220e-01 4.265145e-02 2.165240e+00 -5.116302e-02 -2.932557e-03 9.986860e-01 -2.227600e+00
5.553292e-01 -8.311009e-01 2.967810e-02 9.235302e+00 8.299108e-01 5.561217e-01 4.445992e-02 2.473265e+00 -5.345531e-02 -5.971473e-05 9.985702e-01 -2.250894e+00
5.088892e-01 -8.603536e-01 2.869536e-02 9.456746e+00 8.591433e-01 5.096956e-01 4.564165e-02 2.809843e+00 -5.389386e-02 1.426880e-03 9.985457e-01 -2.275721e+00
4.575489e-01 -8.887895e-01 2.649773e-02 9.682775e+00 8.875796e-01 4.583099e-01 4.641730e-02 3.204366e+00 -5.339938e-02 2.280657e-03 9.985706e-01 -2.305575e+00
4.111285e-01 -9.112569e-01 2.416959e-02 9.876198e+00 9.100311e-01 4.118305e-01 4.731940e-02 3.580410e+00 -5.307391e-02 2.540719e-03 9.985874e-01 -2.337240e+00
3.605012e-01 -9.324714e-01 2.315065e-02 1.007215e+01 9.312877e-01 3.612152e-01 4.719001e-02 4.017029e+00 -5.236571e-02 4.547857e-03 9.986176e-01 -2.374593e+00
3.152269e-01 -9.487144e-01 2.393860e-02 1.023784e+01 9.475357e-01 3.160435e-01 4.788158e-02 4.431064e+00 -5.299158e-02 7.589115e-03 9.985661e-01 -2.409959e+00
2.698796e-01 -9.625580e-01 2.543773e-02 1.039797e+01 9.614332e-01 2.708308e-01 4.792553e-02 4.856242e+00 -5.302042e-02 1.152256e-02 9.985269e-01 -2.453430e+00
2.253765e-01 -9.738700e-01 2.797531e-02 1.054301e+01 9.727058e-01 2.265488e-01 5.019060e-02 5.296182e+00 -5.521690e-02 1.589997e-02 9.983478e-01 -2.499281e+00
1.788010e-01 -9.835054e-01 2.733879e-02 1.067720e+01 9.820721e-01 1.800887e-01 5.570003e-02 5.800094e+00 -5.970469e-02 1.688944e-02 9.980732e-01 -2.543831e+00
1.396865e-01 -9.898702e-01 2.539132e-02 1.077718e+01 9.882405e-01 1.409755e-01 5.921677e-02 6.274045e+00 -6.219647e-02 1.682095e-02 9.979222e-01 -2.589067e+00
1.046184e-01 -9.942374e-01 2.338802e-02 1.085707e+01 9.925481e-01 1.058603e-01 6.034843e-02 6.776127e+00 -6.247652e-02 1.690017e-02 9.979033e-01 -2.617364e+00
7.102535e-02 -9.972541e-01 2.096901e-02 1.093794e+01 9.955677e-01 7.217314e-02 6.029916e-02 7.337572e+00 -6.164699e-02 1.659330e-02 9.979601e-01 -2.662761e+00
4.427511e-02 -9.988319e-01 1.935129e-02 1.099629e+01 9.971624e-01 4.536502e-02 6.007652e-02 7.857660e+00 -6.088422e-02 1.663648e-02 9.980062e-01 -2.707727e+00
1.824132e-02 -9.996233e-01 2.050473e-02 1.104706e+01 9.980463e-01 1.943059e-02 5.938107e-02 8.442878e+00 -5.975712e-02 1.938148e-02 9.980248e-01 -2.757494e+00
-2.512336e-03 -9.997315e-01 2.303331e-02 1.107905e+01 9.981991e-01 -1.126652e-03 5.997670e-02 8.986400e+00 -5.993465e-02 2.314251e-02 9.979340e-01 -2.801587e+00
-2.102876e-02 -9.995026e-01 2.350391e-02 1.109831e+01 9.979796e-01 -1.957531e-02 6.044510e-02 9.540216e+00 -5.995494e-02 2.472750e-02 9.978948e-01 -2.846148e+00
-3.810260e-02 -9.990379e-01 2.171522e-02 1.112433e+01 9.975362e-01 -3.674637e-02 5.976061e-02 1.015391e+01 -5.890516e-02 2.393875e-02 9.979765e-01 -2.918446e+00
-5.110087e-02 -9.985145e-01 1.890534e-02 1.111757e+01 9.969740e-01 -4.989340e-02 5.961046e-02 1.072000e+01 -5.857866e-02 2.189428e-02 9.980427e-01 -3.013061e+00
-6.259221e-02 -9.978862e-01 1.747367e-02 1.110413e+01 9.963072e-01 -6.144301e-02 5.997223e-02 1.133985e+01 -5.877183e-02 2.116294e-02 9.980471e-01 -3.092877e+00
-6.998135e-02 -9.974043e-01 1.694644e-02 1.106927e+01 9.957836e-01 -6.883745e-02 6.063303e-02 1.192488e+01 -5.930910e-02 2.111817e-02 9.980163e-01 -3.148035e+00
-7.456390e-02 -9.970622e-01 1.752667e-02 1.103199e+01 9.953435e-01 -7.333573e-02 6.255626e-02 1.250771e+01 -6.108715e-02 2.210949e-02 9.978875e-01 -3.171846e+00
-7.795273e-02 -9.967915e-01 1.817027e-02 1.098583e+01 9.948919e-01 -7.660585e-02 6.573857e-02 1.316478e+01 -6.413570e-02 2.320196e-02 9.976714e-01 -3.180446e+00
-8.076499e-02 -9.965943e-01 1.663704e-02 1.092560e+01 9.945849e-01 -7.948439e-02 6.695615e-02 1.377283e+01 -6.540573e-02 2.195466e-02 9.976172e-01 -3.160425e+00
-8.293044e-02 -9.964276e-01 1.595339e-02 1.086917e+01 9.944606e-01 -8.170811e-02 6.611994e-02 1.439479e+01 -6.458021e-02 2.134838e-02 9.976841e-01 -3.165857e+00
-8.589502e-02 -9.961717e-01 1.624675e-02 1.080384e+01 9.942774e-01 -8.466925e-02 6.514305e-02 1.508902e+01 -6.351806e-02 2.174924e-02 9.977437e-01 -3.155143e+00
-8.828100e-02 -9.959561e-01 1.666848e-02 1.075367e+01 9.941820e-01 -8.706231e-02 6.342151e-02 1.573188e+01 -6.171384e-02 2.217041e-02 9.978476e-01 -3.138551e+00
-8.911958e-02 -9.958941e-01 1.589725e-02 1.070865e+01 9.941478e-01 -8.796225e-02 6.271216e-02 1.638673e+01 -6.105631e-02 2.139310e-02 9.979050e-01 -3.087348e+00
-8.886238e-02 -9.959436e-01 1.413748e-02 1.065965e+01 9.940519e-01 -8.777850e-02 6.446588e-02 1.711980e+01 -6.296341e-02 1.978198e-02 9.978198e-01 -3.008617e+00
-8.857849e-02 -9.959800e-01 1.333109e-02 1.061677e+01 9.939216e-01 -8.750119e-02 6.680915e-02 1.779500e+01 -6.537409e-02 1.916791e-02 9.976767e-01 -2.964685e+00
-8.807769e-02 -9.960431e-01 1.185267e-02 1.056988e+01 9.939006e-01 -8.708308e-02 6.766133e-02 1.854954e+01 -6.636144e-02 1.773983e-02 9.976379e-01 -2.870982e+00
-8.756129e-02 -9.960917e-01 1.159147e-02 1.052754e+01 9.941182e-01 -8.663150e-02 6.499246e-02 1.924343e+01 -6.373426e-02 1.721412e-02 9.978184e-01 -2.817694e+00
-8.739576e-02 -9.960997e-01 1.214222e-02 1.049240e+01 9.943611e-01 -8.649531e-02 6.135586e-02 1.994933e+01 -6.006631e-02 1.743599e-02 9.980421e-01 -2.737952e+00
-8.667050e-02 -9.961263e-01 1.485408e-02 1.044725e+01 9.946581e-01 -8.568439e-02 5.756291e-02 2.073307e+01 -5.606717e-02 1.976373e-02 9.982314e-01 -2.710177e+00
-8.593121e-02 -9.961915e-01 1.477803e-02 1.039920e+01 9.947051e-01 -8.494487e-02 5.784648e-02 2.146202e+01 -5.637085e-02 1.967060e-02 9.982161e-01 -2.652004e+00
-8.547341e-02 -9.962341e-01 1.455444e-02 1.034951e+01 9.945013e-01 -8.441935e-02 6.197259e-02 2.219864e+01 -6.051053e-02 1.977141e-02 9.979717e-01 -2.627242e+00
-8.552192e-02 -9.962158e-01 1.549727e-02 1.031004e+01 9.942406e-01 -8.432340e-02 6.614504e-02 2.301731e+01 -6.458795e-02 2.106487e-02 9.976897e-01 -2.547441e+00
-8.614960e-02 -9.961287e-01 1.749155e-02 1.026657e+01 9.940840e-01 -8.478062e-02 6.789174e-02 2.377005e+01 -6.614596e-02 2.323692e-02 9.975394e-01 -2.518528e+00
-8.654592e-02 -9.960034e-01 2.206682e-02 1.022359e+01 9.940911e-01 -8.488065e-02 6.766282e-02 2.452954e+01 -6.551936e-02 2.779237e-02 9.974642e-01 -2.507243e+00
-8.741688e-02 -9.958505e-01 2.529863e-02 1.016774e+01 9.941667e-01 -8.560230e-02 6.561050e-02 2.537608e+01 -6.317263e-02 3.088652e-02 9.975246e-01 -2.504753e+00
-8.812344e-02 -9.957569e-01 2.650310e-02 1.010745e+01 9.943115e-01 -8.633529e-02 6.237729e-02 2.614963e+01 -5.982446e-02 3.184924e-02 9.977007e-01 -2.515721e+00
-8.869619e-02 -9.956921e-01 2.702441e-02 1.006420e+01 9.945160e-01 -8.701674e-02 5.801806e-02 2.700080e+01 -5.541655e-02 3.202219e-02 9.979497e-01 -2.569939e+00
-8.935240e-02 -9.955553e-01 2.976206e-02 1.002036e+01 9.946263e-01 -8.762040e-02 5.514716e-02 2.778057e+01 -5.229429e-02 3.452965e-02 9.980346e-01 -2.618261e+00
-8.983022e-02 -9.954322e-01 3.233087e-02 9.977031e+00 9.946356e-01 -8.799208e-02 5.438127e-02 2.856620e+01 -5.128801e-02 3.704252e-02 9.979967e-01 -2.661795e+00
-9.011788e-02 -9.954240e-01 3.177844e-02 9.922335e+00 9.945496e-01 -8.826695e-02 5.549889e-02 2.943463e+01 -5.243994e-02 3.660667e-02 9.979529e-01 -2.724103e+00
-9.045148e-02 -9.953950e-01 3.173844e-02 9.876962e+00 9.944153e-01 -8.853063e-02 5.745029e-02 3.023072e+01 -5.437591e-02 3.675765e-02 9.978437e-01 -2.777161e+00
-9.109720e-02 -9.953008e-01 3.282705e-02 9.831900e+00 9.942754e-01 -8.905616e-02 5.903783e-02 3.103277e+01 -5.583695e-02 3.801731e-02 9.977159e-01 -2.814123e+00
-9.100375e-02 -9.953010e-01 3.307837e-02 9.780326e+00 9.941949e-01 -8.888777e-02 6.062517e-02 3.191873e+01 -5.740003e-02 3.840346e-02 9.976124e-01 -2.856561e+00
-9.077586e-02 -9.952583e-01 3.493820e-02 9.727537e+00 9.941940e-01 -8.853185e-02 6.115843e-02 3.272791e+01 -5.777529e-02 4.028706e-02 9.975164e-01 -2.900050e+00
-9.133114e-02 -9.952124e-01 3.479745e-02 9.673251e+00 9.941974e-01 -8.913229e-02 6.022346e-02 3.354075e+01 -5.683355e-02 4.009582e-02 9.975782e-01 -2.945722e+00
-9.140643e-02 -9.952150e-01 3.452519e-02 9.622388e+00 9.942276e-01 -8.924998e-02 5.954725e-02 3.443904e+01 -5.618095e-02 3.976890e-02 9.976283e-01 -3.001705e+00
-9.162989e-02 -9.951617e-01 3.545687e-02 9.573106e+00 9.942484e-01 -8.944717e-02 5.890167e-02 3.526183e+01 -5.544517e-02 4.065008e-02 9.976339e-01 -3.038349e+00
-9.196696e-02 -9.951057e-01 3.614986e-02 9.520589e+00 9.942200e-01 -8.974442e-02 5.892756e-02 3.617265e+01 -5.539490e-02 4.136031e-02 9.976075e-01 -3.065660e+00
-9.250299e-02 -9.949782e-01 3.822938e-02 9.467398e+00 9.942164e-01 -9.019204e-02 5.830252e-02 3.700565e+01 -5.456175e-02 4.340143e-02 9.975667e-01 -3.075682e+00
-9.298698e-02 -9.948030e-01 4.147781e-02 9.425815e+00 9.943189e-01 -9.061307e-02 5.585061e-02 3.767481e+01 -5.180192e-02 4.643554e-02 9.975772e-01 -3.078776e+00
-9.379557e-02 -9.945582e-01 4.534799e-02 9.363935e+00 9.943659e-01 -9.132350e-02 5.381905e-02 3.876241e+01 -4.938484e-02 5.014048e-02 9.975205e-01 -3.114673e+00
-9.464088e-02 -9.944546e-01 4.586082e-02 9.324816e+00 9.942122e-01 -9.206414e-02 5.537431e-02 3.960708e+01 -5.084510e-02 5.083606e-02 9.974119e-01 -3.151621e+00
-9.613625e-02 -9.942880e-01 4.635972e-02 9.271528e+00 9.938138e-01 -9.328005e-02 6.027430e-02 4.045879e+01 -5.560557e-02 5.186748e-02 9.971047e-01 -3.176834e+00
-9.725700e-02 -9.941684e-01 4.658635e-02 9.209919e+00 9.935190e-01 -9.421359e-02 6.359152e-02 4.139899e+01 -5.883161e-02 5.246914e-02 9.968881e-01 -3.208067e+00
-9.824319e-02 -9.941265e-01 4.539672e-02 9.146931e+00 9.934217e-01 -9.527230e-02 6.353335e-02 4.225587e+01 -5.883514e-02 5.133980e-02 9.969467e-01 -3.247524e+00
-9.921519e-02 -9.940672e-01 4.457254e-02 9.086834e+00 9.934146e-01 -9.637153e-02 6.196725e-02 4.311388e+01 -5.730409e-02 5.042710e-02 9.970824e-01 -3.297738e+00
-1.005607e-01 -9.940397e-01 4.210226e-02 9.022354e+00 9.933481e-01 -9.792473e-02 6.058297e-02 4.406187e+01 -5.609903e-02 4.791447e-02 9.972748e-01 -3.355296e+00
-1.017784e-01 -9.939684e-01 4.084199e-02 8.956699e+00 9.931849e-01 -9.918311e-02 6.120835e-02 4.492725e+01 -5.678833e-02 4.679333e-02 9.972891e-01 -3.406153e+00
-1.031463e-01 -9.938467e-01 4.036888e-02 8.883199e+00 9.929604e-01 -1.005087e-01 6.267101e-02 4.588250e+01 -5.822795e-02 4.654898e-02 9.972175e-01 -3.460402e+00
-1.043656e-01 -9.938435e-01 3.718751e-02 8.809804e+00 9.927304e-01 -1.018490e-01 6.413456e-02 4.675218e+01 -5.995221e-02 4.361062e-02 9.972481e-01 -3.509510e+00
-1.055977e-01 -9.937766e-01 3.545752e-02 8.747918e+00 9.926057e-01 -1.031928e-01 6.391530e-02 4.761967e+01 -5.985857e-02 4.194465e-02 9.973252e-01 -3.571907e+00
-1.071959e-01 -9.936110e-01 3.530193e-02 8.672899e+00 9.924932e-01 -1.048377e-01 6.297824e-02 4.857424e+01 -5.887489e-02 4.178793e-02 9.973904e-01 -3.640285e+00
-1.081899e-01 -9.934745e-01 3.610230e-02 8.604648e+00 9.924240e-01 -1.058062e-01 6.244739e-02 4.944324e+01 -5.822005e-02 4.258496e-02 9.973951e-01 -3.680445e+00
-1.093285e-01 -9.933250e-01 3.678062e-02 8.529354e+00 9.922905e-01 -1.068923e-01 6.271859e-02 5.031352e+01 -5.836837e-02 4.335398e-02 9.973533e-01 -3.722941e+00
-1.106431e-01 -9.931802e-01 3.675945e-02 8.450464e+00 9.921032e-01 -1.081736e-01 6.347970e-02 5.126924e+01 -5.907038e-02 4.349276e-02 9.973059e-01 -3.778092e+00
-1.115374e-01 -9.930969e-01 3.630401e-02 8.383477e+00 9.919854e-01 -1.090814e-01 6.376763e-02 5.213297e+01 -5.936735e-02 4.312552e-02 9.973042e-01 -3.850329e+00
-1.122788e-01 -9.930561e-01 3.511417e-02 8.312209e+00 9.918855e-01 -1.098856e-01 6.393926e-02 5.308280e+01 -5.963673e-02 4.200826e-02 9.973358e-01 -3.935224e+00
-1.126346e-01 -9.930972e-01 3.273160e-02 8.237980e+00 9.918229e-01 -1.103786e-01 6.406151e-02 5.394642e+01 -6.000644e-02 3.967949e-02 9.974090e-01 -4.005281e+00
-1.126009e-01 -9.932288e-01 2.859287e-02 8.159133e+00 9.917129e-01 -1.105445e-01 6.546398e-02 5.480977e+01 -6.185992e-02 3.572723e-02 9.974452e-01 -4.072678e+00
-1.115835e-01 -9.934612e-01 2.416458e-02 8.087889e+00 9.916833e-01 -1.097486e-01 6.722718e-02 5.567044e+01 -6.413557e-02 3.146506e-02 9.974450e-01 -4.145356e+00
-1.098897e-01 -9.937247e-01 2.086958e-02 8.005293e+00 9.917226e-01 -1.082170e-01 6.910425e-02 5.661950e+01 -6.641216e-02 2.829068e-02 9.973911e-01 -4.219915e+00
-1.078953e-01 -9.939425e-01 2.090453e-02 7.934504e+00 9.918548e-01 -1.061892e-01 7.034125e-02 5.747978e+01 -6.769532e-02 2.832374e-02 9.973039e-01 -4.295891e+00
-1.060882e-01 -9.941227e-01 2.157267e-02 7.844938e+00 9.919972e-01 -1.043179e-01 7.112861e-02 5.842611e+01 -6.846015e-02 2.894593e-02 9.972338e-01 -4.377307e+00
-1.045341e-01 -9.942560e-01 2.296986e-02 7.765791e+00 9.922584e-01 -1.027113e-01 6.981208e-02 5.928384e+01 -6.705182e-02 3.008978e-02 9.972957e-01 -4.456846e+00
-1.036517e-01 -9.943354e-01 2.352714e-02 7.689746e+00 9.925150e-01 -1.018682e-01 6.735555e-02 6.014401e+01 -6.457734e-02 3.033256e-02 9.974516e-01 -4.532004e+00
-1.025622e-01 -9.944238e-01 2.454085e-02 7.616608e+00 9.928191e-01 -1.008073e-01 6.440555e-02 6.108563e+01 -6.157252e-02 3.097020e-02 9.976220e-01 -4.630335e+00
-1.017277e-01 -9.945115e-01 2.446020e-02 7.546154e+00 9.929630e-01 -1.000094e-01 6.342396e-02 6.194477e+01 -6.062961e-02 3.074005e-02 9.976869e-01 -4.714324e+00
-1.008598e-01 -9.946639e-01 2.170414e-02 7.472567e+00 9.930607e-01 -9.932319e-02 6.297079e-02 6.280638e+01 -6.047905e-02 2.790476e-02 9.977793e-01 -4.792460e+00
-9.980947e-02 -9.948107e-01 1.974153e-02 7.391319e+00 9.931685e-01 -9.840007e-02 6.271945e-02 6.375682e+01 -6.045141e-02 2.586666e-02 9.978359e-01 -4.878576e+00
-9.922761e-02 -9.948761e-01 1.937613e-02 7.317889e+00 9.932797e-01 -9.786501e-02 6.178818e-02 6.462571e+01 -5.957534e-02 2.537701e-02 9.979012e-01 -4.949761e+00
-9.883132e-02 -9.949342e-01 1.839070e-02 7.236697e+00 9.933806e-01 -9.755602e-02 6.064465e-02 6.558788e+01 -5.854331e-02 2.426256e-02 9.979900e-01 -5.012588e+00
-9.838773e-02 -9.949584e-01 1.943344e-02 7.157157e+00 9.934373e-01 -9.705524e-02 6.051989e-02 6.647003e+01 -5.832865e-02 2.526032e-02 9.979778e-01 -5.059348e+00
-9.791189e-02 -9.949796e-01 2.071010e-02 7.077587e+00 9.935287e-01 -9.652303e-02 5.986628e-02 6.735485e+01 -5.756673e-02 2.643770e-02 9.979915e-01 -5.103985e+00
-9.746253e-02 -9.949734e-01 2.300135e-02 6.984044e+00 9.936374e-01 -9.596898e-02 5.894617e-02 6.833558e+01 -5.644245e-02 2.860004e-02 9.979961e-01 -5.151883e+00
-9.741046e-02 -9.949314e-01 2.495231e-02 6.909470e+00 9.937076e-01 -9.583677e-02 5.797015e-02 6.923040e+01 -5.528498e-02 3.044220e-02 9.980064e-01 -5.196815e+00
-9.734365e-02 -9.948923e-01 2.671325e-02 6.834273e+00 9.937466e-01 -9.568638e-02 5.754757e-02 7.013051e+01 -5.469754e-02 3.214810e-02 9.979853e-01 -5.252738e+00
-9.654457e-02 -9.948933e-01 2.943604e-02 6.753105e+00 9.938748e-01 -9.476350e-02 5.685697e-02 7.112528e+01 -5.377715e-02 3.474497e-02 9.979483e-01 -5.321690e+00
-9.538261e-02 -9.950112e-01 2.923653e-02 6.675250e+00 9.939411e-01 -9.358628e-02 5.764320e-02 7.203886e+01 -5.461949e-02 3.455755e-02 9.979091e-01 -5.370814e+00
-9.372812e-02 -9.952007e-01 2.811606e-02 6.594585e+00 9.939762e-01 -9.192695e-02 5.967229e-02 7.295640e+01 -5.680129e-02 3.353966e-02 9.978220e-01 -5.418919e+00
-9.216378e-02 -9.954007e-01 2.613840e-02 6.520567e+00 9.940310e-01 -9.043450e-02 6.102461e-02 7.396893e+01 -5.838013e-02 3.160664e-02 9.977940e-01 -5.481847e+00
-9.105845e-02 -9.955020e-01 2.615407e-02 6.443305e+00 9.941213e-01 -8.932462e-02 6.118779e-02 7.489201e+01 -5.857636e-02 3.157198e-02 9.977836e-01 -5.541910e+00
-9.032937e-02 -9.955598e-01 2.648202e-02 6.367284e+00 9.942270e-01 -8.859855e-02 6.052185e-02 7.581863e+01 -5.790685e-02 3.179604e-02 9.978155e-01 -5.604461e+00
-8.953400e-02 -9.955947e-01 2.783689e-02 6.281950e+00 9.942784e-01 -8.771091e-02 6.096947e-02 7.683837e+01 -5.825928e-02 3.313646e-02 9.977514e-01 -5.668844e+00
-8.908994e-02 -9.956378e-01 2.772065e-02 6.216215e+00 9.943192e-01 -8.727556e-02 6.092919e-02 7.776942e+01 -5.824407e-02 3.299135e-02 9.977571e-01 -5.724250e+00
-8.877915e-02 -9.956680e-01 2.763279e-02 6.147487e+00 9.943809e-01 -8.699015e-02 6.032657e-02 7.878981e+01 -5.766146e-02 3.283326e-02 9.977961e-01 -5.790408e+00
-8.922384e-02 -9.956179e-01 2.800095e-02 6.071208e+00 9.944003e-01 -8.744581e-02 5.934095e-02 7.971742e+01 -5.663235e-02 3.313878e-02 9.978450e-01 -5.845984e+00
-8.953911e-02 -9.956178e-01 2.698086e-02 5.982715e+00 9.943355e-01 -8.780051e-02 5.990036e-02 8.064419e+01 -5.726893e-02 3.219145e-02 9.978397e-01 -5.890999e+00
-8.997939e-02 -9.956154e-01 2.556835e-02 5.878131e+00 9.941993e-01 -8.827346e-02 6.144483e-02 8.166521e+01 -5.891841e-02 3.094880e-02 9.977829e-01 -5.936001e+00
-9.075606e-02 -9.955944e-01 2.356157e-02 5.778339e+00 9.940590e-01 -8.913794e-02 6.245966e-02 8.259197e+01 -6.008426e-02 2.909018e-02 9.977693e-01 -5.977466e+00
-9.133425e-02 -9.955761e-01 2.205111e-02 5.685502e+00 9.939748e-01 -8.979513e-02 6.285636e-02 8.351488e+01 -6.059821e-02 2.765918e-02 9.977789e-01 -6.024110e+00
-9.179230e-02 -9.955417e-01 2.169987e-02 5.592300e+00 9.939616e-01 -9.028737e-02 6.235855e-02 8.452614e+01 -6.012131e-02 2.729288e-02 9.978179e-01 -6.081666e+00
-9.208214e-02 -9.955440e-01 2.032523e-02 5.505522e+00 9.939641e-01 -9.067525e-02 6.175276e-02 8.544214e+01 -5.963459e-02 2.588888e-02 9.978845e-01 -6.134616e+00
-9.218365e-02 -9.955543e-01 1.933241e-02 5.417429e+00 9.939024e-01 -9.081637e-02 6.253326e-02 8.635756e+01 -6.049956e-02 2.497908e-02 9.978556e-01 -6.185464e+00
-9.247047e-02 -9.955429e-01 1.853293e-02 5.325009e+00 9.938004e-01 -9.112284e-02 6.369739e-02 8.735919e+01 -6.172471e-02 2.430816e-02 9.977972e-01 -6.244491e+00
-9.169562e-02 -9.956620e-01 1.578288e-02 5.248706e+00 9.938064e-01 -9.050257e-02 6.448304e-02 8.826582e+01 -6.277492e-02 2.159794e-02 9.977940e-01 -6.302193e+00
-8.992464e-02 -9.958502e-01 1.399465e-02 5.158942e+00 9.939420e-01 -8.884310e-02 6.470014e-02 8.925958e+01 -6.318832e-02 1.972801e-02 9.978066e-01 -6.366011e+00
-8.883729e-02 -9.959717e-01 1.217974e-02 5.079940e+00 9.940470e-01 -8.787801e-02 6.440484e-02 9.015965e+01 -6.307507e-02 1.782878e-02 9.978495e-01 -6.424384e+00
-8.791983e-02 -9.960689e-01 1.080979e-02 4.990226e+00 9.941575e-01 -8.705861e-02 6.381021e-02 9.105455e+01 -6.261828e-02 1.635682e-02 9.979035e-01 -6.483341e+00
-8.716610e-02 -9.961353e-01 1.079882e-02 4.900735e+00 9.943316e-01 -8.633554e-02 6.205581e-02 9.203757e+01 -6.088366e-02 1.614677e-02 9.980143e-01 -6.551641e+00
-8.670159e-02 -9.961893e-01 9.468561e-03 4.826986e+00 9.945092e-01 -8.598846e-02 5.964372e-02 9.293141e+01 -5.860225e-02 1.458778e-02 9.981748e-01 -6.606675e+00
-8.649497e-02 -9.962045e-01 9.754843e-03 4.751937e+00 9.946160e-01 -8.578780e-02 5.813317e-02 9.382337e+01 -5.707568e-02 1.473055e-02 9.982612e-01 -6.657461e+00
-8.730230e-02 -9.961143e-01 1.160060e-02 4.655838e+00 9.944739e-01 -8.646510e-02 5.954326e-02 9.480710e+01 -5.830884e-02 1.673476e-02 9.981583e-01 -6.686493e+00
-8.867163e-02 -9.959873e-01 1.210653e-02 4.565309e+00 9.941659e-01 -8.774701e-02 6.272640e-02 9.569837e+01 -6.141239e-02 1.759795e-02 9.979573e-01 -6.712555e+00
-9.006396e-02 -9.958666e-01 1.175631e-02 4.477190e+00 9.938872e-01 -8.911566e-02 6.516574e-02 9.658872e+01 -6.384871e-02 1.755353e-02 9.978052e-01 -6.740632e+00
-9.211829e-02 -9.956790e-01 1.172969e-02 4.384604e+00 9.937051e-01 -9.116872e-02 6.510276e-02 9.756087e+01 -6.375207e-02 1.765300e-02 9.978096e-01 -6.789060e+00
-9.435639e-02 -9.954527e-01 1.307223e-02 4.287765e+00 9.936014e-01 -9.334595e-02 6.358253e-02 9.844474e+01 -6.207316e-02 1.898800e-02 9.978910e-01 -6.838376e+00
-9.652626e-02 -9.952415e-01 1.330262e-02 4.191709e+00 9.935375e-01 -9.554193e-02 6.127824e-02 9.932450e+01 -5.971569e-02 1.913161e-02 9.980321e-01 -6.888992e+00
-9.873848e-02 -9.949882e-01 1.578550e-02 4.085733e+00 9.934392e-01 -9.764016e-02 5.953999e-02 1.002907e+02 -5.770029e-02 2.156083e-02 9.981011e-01 -6.943406e+00
-1.014714e-01 -9.946476e-01 1.948428e-02 3.997192e+00 9.931567e-01 -1.001421e-01 6.009416e-02 1.011664e+02 -5.782132e-02 2.544878e-02 9.980025e-01 -6.994937e+00
-1.044462e-01 -9.942898e-01 2.187942e-02 3.897481e+00 9.926645e-01 -1.028780e-01 6.350841e-02 1.021292e+02 -6.089486e-02 2.835213e-02 9.977414e-01 -7.049055e+00
-1.073624e-01 -9.939982e-01 2.099749e-02 3.798838e+00 9.921198e-01 -1.057397e-01 6.721151e-02 1.030032e+02 -6.458785e-02 2.804802e-02 9.975178e-01 -7.100007e+00
-1.098272e-01 -9.937203e-01 2.140185e-02 3.697176e+00 9.916654e-01 -1.080900e-01 7.011645e-02 1.038754e+02 -6.736281e-02 2.892417e-02 9.973092e-01 -7.149508e+00
-1.126518e-01 -9.934308e-01 2.011956e-02 3.590131e+00 9.913637e-01 -1.110031e-01 6.983135e-02 1.048307e+02 -6.713928e-02 2.781243e-02 9.973559e-01 -7.210075e+00
-1.141433e-01 -9.933461e-01 1.532276e-02 3.491016e+00 9.913886e-01 -1.128947e-01 6.635758e-02 1.056970e+02 -6.418619e-02 2.276508e-02 9.976782e-01 -7.278264e+00
-1.161233e-01 -9.931634e-01 1.190602e-02 3.398674e+00 9.912714e-01 -1.151321e-01 6.423084e-02 1.065631e+02 -6.242096e-02 1.926080e-02 9.978640e-01 -7.350984e+00
-1.189845e-01 -9.928381e-01 1.073393e-02 3.287654e+00 9.909285e-01 -1.180615e-01 6.420410e-02 1.075147e+02 -6.247701e-02 1.827586e-02 9.978791e-01 -7.420103e+00
-1.213609e-01 -9.925476e-01 1.099413e-02 3.169702e+00 9.905419e-01 -1.203865e-01 6.583223e-02 1.083830e+02 -6.401807e-02 1.887960e-02 9.977701e-01 -7.490849e+00
-1.240655e-01 -9.922029e-01 1.187805e-02 3.054534e+00 9.901110e-01 -1.229962e-01 6.746992e-02 1.092490e+02 -6.548289e-02 2.013128e-02 9.976506e-01 -7.556418e+00
-1.271247e-01 -9.917830e-01 1.434408e-02 2.932891e+00 9.898380e-01 -1.259199e-01 6.606716e-02 1.102011e+02 -6.371809e-02 2.259709e-02 9.977121e-01 -7.629577e+00
-1.292816e-01 -9.914736e-01 1.632177e-02 2.814522e+00 9.897123e-01 -1.279997e-01 6.391940e-02 1.110677e+02 -6.128522e-02 2.441745e-02 9.978216e-01 -7.681598e+00
-1.310965e-01 -9.912373e-01 1.619761e-02 2.680025e+00 9.895450e-01 -1.298469e-01 6.277384e-02 1.120219e+02 -6.012056e-02 2.425770e-02 9.978963e-01 -7.737938e+00
-1.320201e-01 -9.911218e-01 1.575840e-02 2.555454e+00 9.894148e-01 -1.307932e-01 6.286112e-02 1.128900e+02 -6.024194e-02 2.389053e-02 9.978979e-01 -7.782936e+00
-1.329769e-01 -9.910038e-01 1.511721e-02 2.435025e+00 9.893563e-01 -1.318157e-01 6.163376e-02 1.137587e+02 -5.908661e-02 2.315218e-02 9.979843e-01 -7.825138e+00
-1.333180e-01 -9.909545e-01 1.534277e-02 2.308214e+00 9.893112e-01 -1.321423e-01 6.165771e-02 1.147171e+02 -5.907256e-02 2.339886e-02 9.979794e-01 -7.876194e+00
-1.337070e-01 -9.909039e-01 1.522659e-02 2.189648e+00 9.892506e-01 -1.325344e-01 6.178946e-02 1.155877e+02 -5.920937e-02 2.332460e-02 9.979731e-01 -7.926134e+00
-1.331547e-01 -9.910030e-01 1.352645e-02 2.086389e+00 9.892785e-01 -1.320723e-01 6.232877e-02 1.164562e+02 -5.998152e-02 2.168080e-02 9.979640e-01 -7.985801e+00
-1.324944e-01 -9.911072e-01 1.231663e-02 1.967565e+00 9.895223e-01 -1.315429e-01 5.951458e-02 1.174118e+02 -5.736517e-02 2.007293e-02 9.981514e-01 -8.051270e+00
-1.315828e-01 -9.912333e-01 1.193517e-02 1.875444e+00 9.897344e-01 -1.306873e-01 5.785006e-02 1.182848e+02 -5.578313e-02 1.942472e-02 9.982539e-01 -8.116740e+00
-1.303738e-01 -9.913851e-01 1.257673e-02 1.766087e+00 9.900504e-01 -1.295000e-01 5.504473e-02 1.192501e+02 -5.294184e-02 1.962799e-02 9.984047e-01 -8.185834e+00
-1.290939e-01 -9.915593e-01 1.204011e-02 1.675015e+00 9.900985e-01 -1.282096e-01 5.716009e-02 1.201327e+02 -5.513396e-02 1.929991e-02 9.982924e-01 -8.243798e+00
-1.279832e-01 -9.917006e-01 1.225631e-02 1.563244e+00 9.901431e-01 -1.270538e-01 5.894032e-02 1.210226e+02 -5.689394e-02 1.967887e-02 9.981863e-01 -8.275029e+00
-1.268805e-01 -9.918308e-01 1.315001e-02 1.442873e+00 9.902973e-01 -1.259046e-01 5.881506e-02 1.220032e+02 -5.667895e-02 2.048491e-02 9.981823e-01 -8.312164e+00
-1.257969e-01 -9.919549e-01 1.416685e-02 1.340663e+00 9.905440e-01 -1.248043e-01 5.697803e-02 1.228983e+02 -5.475155e-02 2.120055e-02 9.982749e-01 -8.361828e+00
-1.246031e-01 -9.921044e-01 1.424787e-02 1.239485e+00 9.907041e-01 -1.236116e-01 5.679467e-02 1.237926e+02 -5.458504e-02 2.119221e-02 9.982842e-01 -8.423418e+00
-1.233352e-01 -9.922599e-01 1.444970e-02 1.142423e+00 9.908474e-01 -1.223286e-01 5.707091e-02 1.247755e+02 -5.486156e-02 2.135630e-02 9.982656e-01 -8.502251e+00
-1.219466e-01 -9.924161e-01 1.546675e-02 1.056215e+00 9.910622e-01 -1.209016e-01 5.637866e-02 1.256661e+02 -5.408114e-02 2.220370e-02 9.982897e-01 -8.575477e+00
-1.206951e-01 -9.925590e-01 1.610086e-02 9.817914e-01 9.912053e-01 -1.196122e-01 5.661179e-02 1.265588e+02 -5.426468e-02 2.279203e-02 9.982664e-01 -8.644519e+00
-1.193219e-01 -9.927298e-01 1.580559e-02 8.945308e-01 9.911989e-01 -1.181885e-01 5.963488e-02 1.274521e+02 -5.733328e-02 2.278223e-02 9.980951e-01 -8.715227e+00
-1.180326e-01 -9.928728e-01 1.648777e-02 8.120662e-01 9.911242e-01 -1.167695e-01 6.354330e-02 1.284325e+02 -6.116515e-02 2.384161e-02 9.978429e-01 -8.799087e+00
-1.168498e-01 -9.930116e-01 1.655685e-02 7.220807e-01 9.912748e-01 -1.155891e-01 6.335178e-02 1.293166e+02 -6.099526e-02 2.381503e-02 9.978539e-01 -8.857562e+00
-1.156088e-01 -9.931286e-01 1.816991e-02 6.291293e-01 9.916378e-01 -1.143404e-01 5.983878e-02 1.302914e+02 -5.735005e-02 2.493586e-02 9.980427e-01 -8.907760e+00
-1.147091e-01 -9.931661e-01 2.151527e-02 5.387474e-01 9.919486e-01 -1.133447e-01 5.648900e-02 1.311710e+02 -5.366432e-02 2.782185e-02 9.981714e-01 -8.950875e+00
-1.137968e-01 -9.932286e-01 2.339254e-02 4.432342e-01 9.921764e-01 -1.123964e-01 5.434126e-02 1.321413e+02 -5.134405e-02 2.939338e-02 9.982484e-01 -8.991482e+00
-1.132465e-01 -9.932943e-01 2.327330e-02 3.523134e-01 9.922239e-01 -1.118448e-01 5.461281e-02 1.330180e+02 -5.164359e-02 2.927703e-02 9.982363e-01 -9.026129e+00
-1.128337e-01 -9.932784e-01 2.581689e-02 2.611700e-01 9.922092e-01 -1.112551e-01 5.606456e-02 1.338910e+02 -5.281546e-02 3.194173e-02 9.980933e-01 -9.060413e+00
-1.126064e-01 -9.932360e-01 2.832010e-02 1.676541e-01 9.921267e-01 -1.108170e-01 5.834575e-02 1.348478e+02 -5.481275e-02 3.466723e-02 9.978947e-01 -9.093853e+00
-1.118123e-01 -9.933587e-01 2.713790e-02 8.443380e-02 9.921214e-01 -1.100368e-01 5.989105e-02 1.357120e+02 -5.650713e-02 3.362065e-02 9.978360e-01 -9.124590e+00
-1.110992e-01 -9.934587e-01 2.639663e-02 8.869464e-03 9.920296e-01 -1.092723e-01 6.274435e-02 1.365757e+02 -5.944950e-02 3.315709e-02 9.976805e-01 -9.159617e+00
-1.109321e-01 -9.935080e-01 2.521613e-02 -7.829061e-02 9.917590e-01 -1.090291e-01 6.728120e-02 1.375156e+02 -6.409512e-02 3.247196e-02 9.974154e-01 -9.199882e+00
-1.102076e-01 -9.935953e-01 2.495291e-02 -1.502695e-01 9.916691e-01 -1.082403e-01 6.983098e-02 1.383666e+02 -6.668282e-02 3.244094e-02 9.972467e-01 -9.234974e+00
-1.097635e-01 -9.936895e-01 2.308824e-02 -2.420763e-01 9.916718e-01 -1.079071e-01 7.030760e-02 1.392072e+02 -6.737254e-02 3.061317e-02 9.972581e-01 -9.268901e+00
-1.092329e-01 -9.938013e-01 2.066882e-02 -3.372602e-01 9.917841e-01 -1.075713e-01 6.922970e-02 1.401249e+02 -6.657719e-02 2.806117e-02 9.973866e-01 -9.315526e+00
-1.089638e-01 -9.938830e-01 1.798544e-02 -4.233908e-01 9.918158e-01 -1.074904e-01 6.890091e-02 1.409474e+02 -6.654618e-02 2.534595e-02 9.974614e-01 -9.363010e+00
-1.085797e-01 -9.939594e-01 1.597535e-02 -5.153499e-01 9.918310e-01 -1.072369e-01 6.907617e-02 1.418423e+02 -6.694576e-02 2.334512e-02 9.974835e-01 -9.413440e+00
-1.080672e-01 -9.940395e-01 1.438866e-02 -5.980622e-01 9.917939e-01 -1.068059e-01 7.026623e-02 1.426431e+02 -6.831061e-02 2.186405e-02 9.974245e-01 -9.449471e+00
-1.077582e-01 -9.940921e-01 1.300432e-02 -6.859564e-01 9.917082e-01 -1.065601e-01 7.183144e-02 1.434320e+02 -7.002132e-02 2.063692e-02 9.973320e-01 -9.492091e+00
-1.073848e-01 -9.941448e-01 1.202378e-02 -7.773560e-01 9.916722e-01 -1.062372e-01 7.280078e-02 1.442853e+02 -7.109715e-02 1.974134e-02 9.972740e-01 -9.542263e+00
-1.070734e-01 -9.941751e-01 1.229360e-02 -8.579692e-01 9.917104e-01 -1.059083e-01 7.275884e-02 1.450447e+02 -7.103304e-02 1.998223e-02 9.972738e-01 -9.590969e+00
-1.069940e-01 -9.941744e-01 1.302371e-02 -9.348752e-01 9.917617e-01 -1.057880e-01 7.223274e-02 1.457900e+02 -7.043419e-02 2.064488e-02 9.973028e-01 -9.640266e+00
-1.074402e-01 -9.941254e-01 1.308944e-02 -1.021525e+00 9.918095e-01 -1.062567e-01 7.087651e-02 1.465927e+02 -6.906930e-02 2.059721e-02 9.973992e-01 -9.691481e+00
-1.083532e-01 -9.940360e-01 1.232642e-02 -1.104552e+00 9.917969e-01 -1.072467e-01 6.954866e-02 1.473173e+02 -6.781191e-02 1.976112e-02 9.975024e-01 -9.726563e+00
-1.098637e-01 -9.938674e-01 1.254968e-02 -1.191839e+00 9.916535e-01 -1.087443e-01 6.926719e-02 1.480380e+02 -6.747770e-02 2.005488e-02 9.975192e-01 -9.746980e+00
-1.115754e-01 -9.936711e-01 1.298993e-02 -1.282553e+00 9.914832e-01 -1.104272e-01 6.904249e-02 1.488281e+02 -6.717108e-02 2.058275e-02 9.975291e-01 -9.775567e+00
-1.126382e-01 -9.935510e-01 1.299986e-02 -1.365639e+00 9.913434e-01 -1.114804e-01 6.935702e-02 1.495391e+02 -6.746051e-02 2.069958e-02 9.975072e-01 -9.807940e+00
-1.135907e-01 -9.934585e-01 1.171836e-02 -1.454466e+00 9.912451e-01 -1.125228e-01 6.907791e-02 1.502443e+02 -6.730746e-02 1.946238e-02 9.975424e-01 -9.838563e+00
-1.141996e-01 -9.933811e-01 1.234777e-02 -1.549366e+00 9.912516e-01 -1.131093e-01 6.801909e-02 1.510137e+02 -6.617223e-02 2.000749e-02 9.976076e-01 -9.872118e+00
-1.145080e-01 -9.933345e-01 1.320948e-02 -1.629806e+00 9.912364e-01 -1.133643e-01 6.781555e-02 1.517053e+02 -6.586604e-02 2.085914e-02 9.976104e-01 -9.906538e+00
-1.144562e-01 -9.933186e-01 1.476109e-02 -1.717207e+00 9.912298e-01 -1.132023e-01 6.818097e-02 1.524573e+02 -6.605444e-02 2.243537e-02 9.975638e-01 -9.943297e+00
-1.140825e-01 -9.933504e-01 1.549933e-02 -1.797033e+00 9.912423e-01 -1.127682e-01 6.871784e-02 1.531299e+02 -6.651306e-02 2.320310e-02 9.975157e-01 -9.978009e+00
-1.132639e-01 -9.934472e-01 1.529352e-02 -1.862266e+00 9.912294e-01 -1.119295e-01 7.025664e-02 1.537925e+02 -6.808447e-02 2.311693e-02 9.974117e-01 -1.000574e+01
-1.115075e-01 -9.936571e-01 1.454969e-02 -1.939963e+00 9.913458e-01 -1.102036e-01 7.133487e-02 1.545062e+02 -6.927897e-02 2.237815e-02 9.973463e-01 -1.004056e+01
-1.094561e-01 -9.938857e-01 1.451193e-02 -1.995797e+00 9.915664e-01 -1.081582e-01 7.139879e-02 1.551468e+02 -6.939266e-02 2.220458e-02 9.973423e-01 -1.005583e+01
-1.069822e-01 -9.941534e-01 1.462180e-02 -2.050699e+00 9.918245e-01 -1.056796e-01 7.152566e-02 1.557718e+02 -6.956225e-02 2.215423e-02 9.973316e-01 -1.007511e+01
-1.035500e-01 -9.945153e-01 1.472086e-02 -2.110402e+00 9.923098e-01 -1.022886e-01 6.970098e-02 1.564478e+02 -6.781291e-02 2.182519e-02 9.974593e-01 -1.009909e+01
-9.980829e-02 -9.949209e-01 1.306634e-02 -2.167267e+00 9.927973e-01 -9.870345e-02 6.790550e-02 1.570541e+02 -6.627091e-02 1.974976e-02 9.976062e-01 -1.012299e+01
-9.403446e-02 -9.955043e-01 1.134851e-02 -2.224310e+00 9.934283e-01 -9.307906e-02 6.660704e-02 1.577180e+02 -6.525128e-02 1.753729e-02 9.977147e-01 -1.013804e+01
-8.697997e-02 -9.961641e-01 9.572762e-03 -2.272076e+00 9.941597e-01 -8.618076e-02 6.495613e-02 1.583148e+02 -6.388197e-02 1.516674e-02 9.978422e-01 -1.015193e+01
-7.845241e-02 -9.968751e-01 9.229004e-03 -2.312811e+00 9.950213e-01 -7.772904e-02 6.237596e-02 1.589057e+02 -6.146368e-02 1.407660e-02 9.980101e-01 -1.017089e+01
-6.786740e-02 -9.976548e-01 8.881098e-03 -2.347277e+00 9.959936e-01 -6.722949e-02 5.896536e-02 1.595496e+02 -5.823000e-02 1.284734e-02 9.982205e-01 -1.019506e+01
-5.749065e-02 -9.983053e-01 9.023368e-03 -2.373591e+00 9.967990e-01 -5.689626e-02 5.616498e-02 1.601284e+02 -5.555640e-02 1.222345e-02 9.983807e-01 -1.021883e+01
-4.691172e-02 -9.988562e-01 9.252402e-03 -2.400295e+00 9.974406e-01 -4.634086e-02 5.444987e-02 1.607093e+02 -5.395882e-02 1.178306e-02 9.984736e-01 -1.023674e+01
-3.462141e-02 -9.993641e-01 8.527678e-03 -2.428509e+00 9.979078e-01 -3.410225e-02 5.492845e-02 1.613429e+02 -5.460271e-02 1.041154e-02 9.984539e-01 -1.026060e+01
-2.226455e-02 -9.997120e-01 8.955231e-03 -2.440703e+00 9.982116e-01 -2.173228e-02 5.568946e-02 1.619157e+02 -5.547880e-02 1.017912e-02 9.984080e-01 -1.028148e+01
-9.103825e-03 -9.999247e-01 8.227649e-03 -2.447382e+00 9.983550e-01 -8.623136e-03 5.668234e-02 1.624833e+02 -5.660712e-02 8.730141e-03 9.983584e-01 -1.030582e+01
6.663844e-03 -9.999533e-01 6.997344e-03 -2.445931e+00 9.983843e-01 7.047943e-03 5.638373e-02 1.631029e+02 -5.643042e-02 6.610306e-03 9.983847e-01 -1.033380e+01
2.214413e-02 -9.997388e-01 5.645571e-03 -2.448047e+00 9.981704e-01 2.242647e-02 5.614996e-02 1.636653e+02 -5.626190e-02 4.391850e-03 9.984064e-01 -1.035093e+01
4.002348e-02 -9.991914e-01 3.820596e-03 -2.455675e+00 9.975879e-01 4.017569e-02 5.660712e-02 1.642849e+02 -5.671485e-02 1.545767e-03 9.983892e-01 -1.035988e+01
5.778365e-02 -9.983239e-01 3.236854e-03 -2.447198e+00 9.966700e-01 5.787416e-02 5.744100e-02 1.648421e+02 -5.753205e-02 -9.307508e-05 9.983437e-01 -1.037087e+01
7.728068e-02 -9.970044e-01 3.156319e-03 -2.426905e+00 9.952922e-01 7.733292e-02 5.842166e-02 1.653955e+02 -5.849074e-02 -1.373406e-03 9.982870e-01 -1.038132e+01
9.975454e-02 -9.950102e-01 1.930094e-03 -2.395643e+00 9.931728e-01 9.968785e-02 6.058233e-02 1.659992e+02 -6.047245e-02 -4.126446e-03 9.981613e-01 -1.038235e+01
1.208613e-01 -9.926690e-01 -8.743980e-04 -2.347371e+00 9.907396e-01 1.205714e-01 6.243042e-02 1.665472e+02 -6.186731e-02 -8.411723e-03 9.980489e-01 -1.039581e+01
1.429267e-01 -9.897279e-01 -3.252326e-03 -2.283917e+00 9.878691e-01 1.424551e-01 6.181609e-02 1.670885e+02 -6.071780e-02 -1.204804e-02 9.980823e-01 -1.040593e+01
1.673923e-01 -9.858714e-01 -6.108234e-03 -2.194502e+00 9.841459e-01 1.667245e-01 6.049560e-02 1.676763e+02 -5.862249e-02 -1.613789e-02 9.981498e-01 -1.042816e+01
1.900032e-01 -9.817524e-01 -7.817416e-03 -2.098283e+00 9.801557e-01 1.892238e-01 5.906940e-02 1.682063e+02 -5.651228e-02 -1.888566e-02 9.982233e-01 -1.044514e+01
2.129999e-01 -9.770125e-01 -8.808972e-03 -1.992618e+00 9.755013e-01 2.121454e-01 5.823621e-02 1.687303e+02 -5.502872e-02 -2.099747e-02 9.982640e-01 -1.046655e+01
2.386218e-01 -9.710726e-01 -8.816046e-03 -1.856780e+00 9.696453e-01 2.377525e-01 5.711225e-02 1.693068e+02 -5.336410e-02 -2.217666e-02 9.983288e-01 -1.049305e+01
2.626424e-01 -9.648378e-01 -1.034176e-02 -1.724393e+00 9.634743e-01 2.616601e-01 5.702051e-02 1.698230e+02 -5.230952e-02 -2.494002e-02 9.983194e-01 -1.051565e+01
2.902836e-01 -9.568663e-01 -1.193377e-02 -1.565423e+00 9.555478e-01 2.891659e-01 5.754524e-02 1.703846e+02 -5.161226e-02 -2.810772e-02 9.982716e-01 -1.053809e+01
3.167232e-01 -9.484335e-01 -1.266417e-02 -1.409507e+00 9.471248e-01 3.155064e-01 5.839754e-02 1.708872e+02 -5.139055e-02 -3.049041e-02 9.982131e-01 -1.055862e+01
3.437778e-01 -9.389674e-01 -1.253071e-02 -1.238662e+00 9.376812e-01 3.425253e-01 5.857006e-02 1.713835e+02 -5.070330e-02 -3.188490e-02 9.982047e-01 -1.058393e+01
3.736332e-01 -9.275074e-01 -1.132715e-02 -1.029550e+00 9.262153e-01 3.723957e-01 5.870839e-02 1.719220e+02 -5.023428e-02 -3.242678e-02 9.982109e-01 -1.062012e+01
4.010070e-01 -9.160179e-01 -1.022819e-02 -8.291105e-01 9.146848e-01 3.997586e-01 5.953785e-02 1.724020e+02 -5.044893e-02 -3.323066e-02 9.981736e-01 -1.064834e+01
4.287787e-01 -9.033624e-01 -9.234652e-03 -6.150135e-01 9.019635e-01 4.274919e-01 6.093044e-02 1.728746e+02 -5.109452e-02 -3.445499e-02 9.980993e-01 -1.067541e+01
4.594307e-01 -8.881754e-01 -8.238924e-03 -3.674649e-01 8.867055e-01 4.580905e-01 6.250201e-02 1.733829e+02 -5.173857e-02 -3.602084e-02 9.980108e-01 -1.070219e+01
4.876107e-01 -8.730221e-01 -8.254315e-03 -1.280055e-01 8.715886e-01 4.862177e-01 6.265595e-02 1.738428e+02 -5.068664e-02 -3.774608e-02 9.980011e-01 -1.073594e+01
5.194406e-01 -8.544611e-01 -8.807511e-03 1.490451e-01 8.531125e-01 5.179772e-01 6.243935e-02 1.743404e+02 -4.878991e-02 -3.994734e-02 9.980099e-01 -1.076948e+01
5.485212e-01 -8.360808e-01 -9.661434e-03 4.181032e-01 8.347995e-01 5.469542e-01 6.285658e-02 1.747877e+02 -4.726882e-02 -4.254353e-02 9.979758e-01 -1.080105e+01
5.767587e-01 -8.168392e-01 -1.109888e-02 7.036327e-01 8.156218e-01 5.750287e-01 6.405483e-02 1.752252e+02 -4.594033e-02 -4.599667e-02 9.978847e-01 -1.082891e+01
6.072048e-01 -7.944586e-01 -1.174375e-02 1.035951e+00 7.933028e-01 6.053626e-01 6.485980e-02 1.756980e+02 -4.441920e-02 -4.869953e-02 9.978253e-01 -1.085901e+01
6.345549e-01 -7.727765e-01 -1.250945e-02 1.356515e+00 7.717243e-01 6.326409e-01 6.486296e-02 1.761198e+02 -4.221059e-02 -5.081296e-02 9.978158e-01 -1.088782e+01
6.635079e-01 -7.480418e-01 -1.381044e-02 1.728305e+00 7.471163e-01 6.614822e-01 6.525732e-02 1.765748e+02 -3.967985e-02 -5.361675e-02 9.977729e-01 -1.092101e+01
6.887422e-01 -7.248750e-01 -1.380041e-02 2.081991e+00 7.240233e-01 6.866929e-01 6.513980e-02 1.769750e+02 -3.774157e-02 -5.485635e-02 9.977807e-01 -1.094689e+01
7.134941e-01 -7.005309e-01 -1.351634e-02 2.456760e+00 6.997569e-01 7.114607e-01 6.452842e-02 1.773655e+02 -3.558781e-02 -5.549880e-02 9.978243e-01 -1.097544e+01
7.375597e-01 -6.751355e-01 -1.405818e-02 2.839743e+00 6.744317e-01 7.354271e-01 6.548931e-02 1.777461e+02 -3.387540e-02 -5.778356e-02 9.977542e-01 -1.099720e+01
7.627226e-01 -6.465718e-01 -1.411506e-02 3.271810e+00 6.459207e-01 7.605028e-01 6.649807e-02 1.781508e+02 -3.226123e-02 -5.983678e-02 9.976867e-01 -1.102140e+01
7.846773e-01 -6.197493e-01 -1.386528e-02 3.677257e+00 6.191481e-01 7.824194e-01 6.689927e-02 1.785080e+02 -3.061231e-02 -6.107900e-02 9.976634e-01 -1.104712e+01
8.056381e-01 -5.922615e-01 -1.317125e-02 4.096926e+00 5.916976e-01 8.033845e-01 6.683788e-02 1.788487e+02 -2.900393e-02 -6.164054e-02 9.976769e-01 -1.106729e+01
8.270627e-01 -5.619597e-01 -1.298337e-02 4.560485e+00 5.614378e-01 8.247249e-01 6.794464e-02 1.792109e+02 -2.747445e-02 -6.348383e-02 9.976046e-01 -1.108077e+01
8.453389e-01 -5.340592e-01 -1.352478e-02 4.997273e+00 5.336159e-01 8.428821e-01 6.930935e-02 1.795233e+02 -2.561550e-02 -6.580693e-02 9.975035e-01 -1.109325e+01
8.640652e-01 -5.032036e-01 -1.331976e-02 5.494954e+00 5.028582e-01 8.616630e-01 6.834189e-02 1.798548e+02 -2.291275e-02 -6.574980e-02 9.975730e-01 -1.111183e+01
8.792075e-01 -4.762540e-01 -1.327921e-02 5.957500e+00 4.759976e-01 8.768520e-01 6.750434e-02 1.801354e+02 -2.050532e-02 -6.567119e-02 9.976306e-01 -1.111805e+01
8.928106e-01 -4.502588e-01 -1.249896e-02 6.430733e+00 4.500359e-01 8.905174e-01 6.668179e-02 1.804030e+02 -1.889353e-02 -6.515919e-02 9.976960e-01 -1.112351e+01
9.064575e-01 -4.221153e-01 -1.238642e-02 6.961636e+00 4.219625e-01 9.041827e-01 6.634140e-02 1.806828e+02 -1.680413e-02 -6.536227e-02 9.977201e-01 -1.112868e+01
9.177096e-01 -3.970250e-01 -1.342319e-02 7.455918e+00 3.969966e-01 9.153851e-01 6.681160e-02 1.809214e+02 -1.423848e-02 -6.664261e-02 9.976753e-01 -1.114214e+01
9.280687e-01 -3.721595e-01 -1.363177e-02 7.963629e+00 3.721943e-01 9.256692e-01 6.788179e-02 1.811522e+02 -1.264434e-02 -6.807263e-02 9.976002e-01 -1.116011e+01
9.387760e-01 -3.442803e-01 -1.306652e-02 8.533499e+00 3.443418e-01 9.363464e-01 6.844069e-02 1.813893e+02 -1.132799e-02 -6.874983e-02 9.975696e-01 -1.117287e+01
9.478691e-01 -3.183992e-01 -1.288752e-02 9.065958e+00 3.185293e-01 9.455476e-01 6.692427e-02 1.815902e+02 -9.122874e-03 -6.754050e-02 9.976748e-01 -1.118435e+01
9.560803e-01 -2.928883e-01 -1.126204e-02 9.617215e+00 2.929829e-01 9.538697e-01 6.552588e-02 1.817740e+02 -8.449246e-03 -6.594759e-02 9.977873e-01 -1.118788e+01
9.642504e-01 -2.648362e-01 -9.112343e-03 1.023620e+01 2.648489e-01 9.620226e-01 6.608770e-02 1.819659e+02 -8.736136e-03 -6.613848e-02 9.977722e-01 -1.118935e+01
9.708492e-01 -2.395598e-01 -7.930943e-03 1.080617e+01 2.395422e-01 9.685494e-01 6.731772e-02 1.821314e+02 -8.445108e-03 -6.725515e-02 9.977001e-01 -1.118906e+01
9.765418e-01 -2.152084e-01 -7.178083e-03 1.138533e+01 2.151884e-01 9.741657e-01 6.852142e-02 1.822818e+02 -7.753741e-03 -6.845867e-02 9.976238e-01 -1.118873e+01
9.820590e-01 -1.884812e-01 -5.916724e-03 1.203545e+01 1.884403e-01 9.796978e-01 6.842878e-02 1.824347e+02 -7.100937e-03 -6.831605e-02 9.976385e-01 -1.119106e+01
9.864743e-01 -1.638139e-01 -5.776354e-03 1.263928e+01 1.638207e-01 9.840902e-01 6.877003e-02 1.825543e+02 -5.581034e-03 -6.878615e-02 9.976158e-01 -1.119268e+01
9.905574e-01 -1.368978e-01 -7.412630e-03 1.332365e+01 1.370807e-01 9.881147e-01 6.955801e-02 1.826769e+02 -2.197808e-03 -6.991733e-02 9.975504e-01 -1.119664e+01
9.935275e-01 -1.133161e-01 -7.913628e-03 1.395565e+01 1.135917e-01 9.909273e-01 7.183334e-02 1.827772e+02 -2.980435e-04 -7.226732e-02 9.973853e-01 -1.119964e+01
9.958462e-01 -9.079104e-02 -6.880867e-03 1.459983e+01 9.105089e-02 9.932488e-01 7.187911e-02 1.828624e+02 3.084334e-04 -7.220705e-02 9.973896e-01 -1.119909e+01
9.976575e-01 -6.814226e-02 -6.006086e-03 1.531323e+01 6.839653e-02 9.951551e-01 7.062819e-02 1.829347e+02 1.164222e-03 -7.087354e-02 9.974846e-01 -1.119709e+01
9.987791e-01 -4.923134e-02 -4.068640e-03 1.597472e+01 4.939535e-02 9.963338e-01 6.985023e-02 1.829880e+02 6.149035e-04 -6.996592e-02 9.975492e-01 -1.119281e+01
9.994951e-01 -3.148144e-02 -4.292968e-03 1.663561e+01 3.170638e-02 9.969914e-01 7.073149e-02 1.830353e+02 2.053323e-03 -7.083190e-02 9.974862e-01 -1.118966e+01
9.998824e-01 -1.472559e-02 -4.283683e-03 1.737100e+01 1.498792e-02 9.974669e-01 6.953548e-02 1.830724e+02 3.248881e-03 -6.959151e-02 9.975703e-01 -1.118455e+01
9.999912e-01 -2.331315e-03 -3.496574e-03 1.804617e+01 2.557369e-03 9.978094e-01 6.610426e-02 1.830900e+02 3.334805e-03 -6.611262e-02 9.978066e-01 -1.117835e+01
9.999692e-01 7.297369e-03 -2.880487e-03 1.872663e+01 -7.101367e-03 9.979870e-01 6.302073e-02 1.830986e+02 3.334574e-03 -6.299834e-02 9.980081e-01 -1.117197e+01
9.998938e-01 1.448915e-02 -1.582095e-03 1.948148e+01 -1.436847e-02 9.981027e-01 5.987040e-02 1.831010e+02 2.446564e-03 -5.984131e-02 9.982049e-01 -1.116466e+01
9.998310e-01 1.837994e-02 4.355323e-04 2.017177e+01 -1.837470e-02 9.981883e-01 5.729217e-02 1.830991e+02 6.182835e-04 -5.729049e-02 9.983574e-01 -1.115591e+01
9.997762e-01 2.092172e-02 3.143359e-03 2.092116e+01 -2.106442e-02 9.982246e-01 5.571281e-02 1.831164e+02 -1.972171e-03 -5.576655e-02 9.984419e-01 -1.114680e+01
9.997366e-01 2.235829e-02 5.187684e-03 2.160923e+01 -2.260609e-02 9.982844e-01 5.401144e-02 1.831236e+02 -3.971180e-03 -5.411448e-02 9.985268e-01 -1.113965e+01
9.997096e-01 2.326962e-02 6.263632e-03 2.229798e+01 -2.356667e-02 9.983436e-01 5.248441e-02 1.831325e+02 -5.031965e-03 -5.261678e-02 9.986021e-01 -1.113350e+01
9.997126e-01 2.343347e-02 5.050880e-03 2.299004e+01 -2.366379e-02 9.983782e-01 5.177741e-02 1.831338e+02 -3.829364e-03 -5.188206e-02 9.986459e-01 -1.113202e+01
9.997322e-01 2.282629e-02 3.812409e-03 2.374929e+01 -2.299169e-02 9.984233e-01 5.120857e-02 1.831360e+02 -2.637497e-03 -5.128251e-02 9.986807e-01 -1.112710e+01
9.997629e-01 2.162077e-02 2.587803e-03 2.444109e+01 -2.172242e-02 9.985374e-01 4.951037e-02 1.831338e+02 -1.513565e-03 -4.955484e-02 9.987703e-01 -1.112319e+01
9.998002e-01 1.990835e-02 1.781993e-03 2.520084e+01 -1.997185e-02 9.985944e-01 4.909604e-02 1.831322e+02 -8.020666e-04 -4.912182e-02 9.987925e-01 -1.111606e+01
9.998246e-01 1.859747e-02 2.196232e-03 2.589228e+01 -1.868247e-02 9.986356e-01 4.876378e-02 1.831287e+02 -1.286352e-03 -4.879626e-02 9.988079e-01 -1.110579e+01
9.998544e-01 1.688164e-02 2.487398e-03 2.658210e+01 -1.698554e-02 9.985861e-01 5.037056e-02 1.831276e+02 -1.633544e-03 -5.040547e-02 9.987275e-01 -1.109666e+01
9.998855e-01 1.487824e-02 2.744540e-03 2.733729e+01 -1.499918e-02 9.985787e-01 5.114224e-02 1.831298e+02 -1.979732e-03 -5.117755e-02 9.986876e-01 -1.108565e+01
9.999073e-01 1.300934e-02 4.028039e-03 2.802295e+01 -1.320082e-02 9.985671e-01 5.186067e-02 1.831313e+02 -3.347594e-03 -5.190904e-02 9.986462e-01 -1.107692e+01
9.999199e-01 1.131027e-02 5.682856e-03 2.870412e+01 -1.159532e-02 9.985315e-01 5.291938e-02 1.831275e+02 -5.075978e-03 -5.298104e-02 9.985826e-01 -1.106457e+01
9.999293e-01 9.587038e-03 7.034683e-03 2.944994e+01 -9.948737e-03 9.985278e-01 5.332283e-02 1.831098e+02 -6.513119e-03 -5.338905e-02 9.985525e-01 -1.104846e+01
9.999427e-01 8.123190e-03 6.976447e-03 3.012342e+01 -8.477490e-03 9.985926e-01 5.235425e-02 1.830902e+02 -6.541345e-03 -5.241039e-02 9.986042e-01 -1.103156e+01
9.999565e-01 6.597569e-03 6.591676e-03 3.079793e+01 -6.933916e-03 9.986032e-01 5.237834e-02 1.830794e+02 -6.236899e-03 -5.242177e-02 9.986056e-01 -1.102297e+01
9.999652e-01 5.526938e-03 6.248170e-03 3.152608e+01 -5.845809e-03 9.986183e-01 5.222402e-02 1.830810e+02 -5.950898e-03 -5.225873e-02 9.986158e-01 -1.101627e+01
9.999695e-01 5.051954e-03 5.963891e-03 3.218252e+01 -5.352021e-03 9.986628e-01 5.141928e-02 1.830915e+02 -5.696148e-03 -5.144962e-02 9.986593e-01 -1.101225e+01
9.999699e-01 4.276927e-03 6.472143e-03 3.290036e+01 -4.593859e-03 9.987500e-01 4.977336e-02 1.831019e+02 -6.251176e-03 -4.980159e-02 9.987396e-01 -1.100556e+01
9.999683e-01 4.351286e-03 6.667461e-03 3.357211e+01 -4.671120e-03 9.988011e-01 4.872962e-02 1.830951e+02 -6.447431e-03 -4.875922e-02 9.987898e-01 -1.101516e+01
9.999741e-01 4.917279e-03 5.262327e-03 3.424751e+01 -5.168554e-03 9.987926e-01 4.885244e-02 1.830827e+02 -5.015753e-03 -4.887837e-02 9.987921e-01 -1.103226e+01
9.999718e-01 6.218828e-03 4.217712e-03 3.499549e+01 -6.421415e-03 9.987359e-01 4.985337e-02 1.830808e+02 -3.902351e-03 -4.987905e-02 9.987476e-01 -1.105408e+01
9.999539e-01 8.853807e-03 3.708747e-03 3.567220e+01 -9.029255e-03 9.986925e-01 5.031566e-02 1.830888e+02 -3.258413e-03 -5.034683e-02 9.987265e-01 -1.106892e+01
9.999173e-01 1.245981e-02 3.176279e-03 3.634261e+01 -1.260607e-02 9.986103e-01 5.117088e-02 1.831013e+02 -2.534286e-03 -5.120669e-02 9.986849e-01 -1.107868e+01
9.998249e-01 1.823213e-02 4.219997e-03 3.706013e+01 -1.842887e-02 9.984475e-01 5.256453e-02 1.831097e+02 -3.255082e-03 -5.263309e-02 9.986086e-01 -1.107820e+01
9.996356e-01 2.651433e-02 5.059676e-03 3.770987e+01 -2.675101e-02 9.981541e-01 5.452359e-02 1.831102e+02 -3.604679e-03 -5.463908e-02 9.984997e-01 -1.106394e+01
9.992685e-01 3.783212e-02 5.580881e-03 3.834483e+01 -3.808958e-02 9.976391e-01 5.714415e-02 1.831046e+02 -3.405821e-03 -5.731492e-02 9.983503e-01 -1.104959e+01
9.985153e-01 5.406581e-02 6.643390e-03 3.903581e+01 -5.436402e-02 9.967797e-01 5.894747e-02 1.830902e+02 -3.434954e-03 -5.922111e-02 9.982390e-01 -1.103060e+01
9.973442e-01 7.248990e-02 7.057197e-03 3.966510e+01 -7.278348e-02 9.955401e-01 6.002018e-02 1.830550e+02 -2.674866e-03 -6.037442e-02 9.981722e-01 -1.101399e+01
9.953588e-01 9.604359e-02 6.046170e-03 4.036090e+01 -9.623369e-02 9.934315e-01 6.191044e-02 1.829976e+02 -6.035554e-05 -6.220494e-02 9.980634e-01 -1.100372e+01
9.926957e-01 1.205532e-01 4.716163e-03 4.098737e+01 -1.206068e-01 9.906315e-01 6.405564e-02 1.829338e+02 3.050132e-03 -6.415656e-02 9.979352e-01 -1.099707e+01
9.885169e-01 1.510853e-01 2.759367e-03 4.167089e+01 -1.509428e-01 9.863946e-01 6.513110e-02 1.828453e+02 7.118530e-03 -6.479970e-02 9.978729e-01 -1.098536e+01
9.835134e-01 1.808335e-01 7.472813e-04 4.229037e+01 -1.804903e-01 9.813750e-01 6.577557e-02 1.827476e+02 1.116106e-02 -6.482603e-02 9.978342e-01 -1.096782e+01
9.772950e-01 2.118812e-01 -9.175066e-04 4.289285e+01 -2.113664e-01 9.752046e-01 6.557658e-02 1.826404e+02 1.478920e-02 -6.389373e-02 9.978471e-01 -1.094343e+01
9.697255e-01 2.441949e-01 -1.139232e-03 4.348532e+01 -2.435790e-01 9.675905e-01 6.661815e-02 1.825211e+02 1.737012e-02 -6.432383e-02 9.977779e-01 -1.089820e+01
9.598900e-01 2.803715e-01 -1.716712e-03 4.413797e+01 -2.796618e-01 9.578614e-01 6.550422e-02 1.823655e+02 2.000989e-02 -6.239675e-02 9.978508e-01 -1.086427e+01
9.497513e-01 3.130011e-01 -1.654172e-03 4.473463e+01 -3.122783e-01 9.478915e-01 6.311833e-02 1.822027e+02 2.132408e-02 -5.943016e-02 9.980047e-01 -1.083633e+01
9.369947e-01 3.493418e-01 -1.137737e-03 4.537217e+01 -3.486619e-01 9.353646e-01 5.939724e-02 1.820007e+02 2.181414e-02 -5.525821e-02 9.982338e-01 -1.081054e+01
9.240334e-01 3.823022e-01 2.703478e-03 4.593632e+01 -3.818051e-01 9.224219e-01 5.798896e-02 1.818001e+02 1.967556e-02 -5.461594e-02 9.983136e-01 -1.077220e+01
9.085000e-01 4.178371e-01 6.312743e-03 4.653999e+01 -4.175377e-01 9.070264e-01 5.445573e-02 1.815535e+02 1.702780e-02 -5.210884e-02 9.984962e-01 -1.072652e+01
8.932884e-01 4.494360e-01 6.572399e-03 4.707984e+01 -4.491965e-01 8.920985e-01 4.881327e-02 1.813062e+02 1.607521e-02 -4.655662e-02 9.987863e-01 -1.067428e+01
8.769222e-01 4.805849e-01 6.755038e-03 4.761190e+01 -4.803551e-01 8.758524e-01 4.627584e-02 1.810376e+02 1.632305e-02 -4.382513e-02 9.989059e-01 -1.063524e+01
8.590136e-01 5.118982e-01 7.477162e-03 4.813931e+01 -5.116337e-01 8.578710e-01 4.783661e-02 1.807495e+02 1.807304e-02 -4.491787e-02 9.988272e-01 -1.060730e+01
8.378756e-01 5.458183e-01 6.845033e-03 4.869768e+01 -5.454346e-01 8.366592e-01 5.002528e-02 1.803996e+02 2.157775e-02 -4.564848e-02 9.987245e-01 -1.057335e+01
8.180182e-01 5.751589e-01 6.197053e-03 4.919581e+01 -5.747246e-01 8.168713e-01 4.912156e-02 1.800590e+02 2.319051e-02 -4.374393e-02 9.987736e-01 -1.053370e+01
7.945140e-01 6.072109e-01 6.510783e-03 4.974087e+01 -6.068234e-01 7.935159e-01 4.580163e-02 1.796621e+02 2.264484e-02 -4.034093e-02 9.989293e-01 -1.047889e+01
7.716812e-01 6.359477e-01 8.872041e-03 5.023522e+01 -6.356321e-01 7.706677e-01 4.520061e-02 1.792872e+02 2.190783e-02 -4.051981e-02 9.989385e-01 -1.043567e+01
7.480388e-01 6.635793e-01 1.002343e-02 5.071087e+01 -6.632839e-01 7.470303e-01 4.472418e-02 1.788896e+02 2.219023e-02 -4.010380e-02 9.989491e-01 -1.038107e+01
7.208488e-01 6.930152e-01 1.033585e-02 5.120687e+01 -6.926972e-01 7.198543e-01 4.450123e-02 1.784248e+02 2.339972e-02 -3.923827e-02 9.989559e-01 -1.032319e+01
6.949418e-01 7.190244e-01 7.731863e-03 5.163239e+01 -7.185860e-01 6.940449e-01 4.399866e-02 1.779741e+02 2.626985e-02 -3.613251e-02 9.990017e-01 -1.026349e+01
6.679973e-01 7.441449e-01 5.295452e-03 5.204386e+01 -7.435771e-01 6.671713e-01 4.444817e-02 1.775049e+02 2.954291e-02 -3.362883e-02 9.989977e-01 -1.021677e+01
6.378619e-01 7.701459e-01 2.755735e-03 5.248365e+01 -7.694923e-01 6.371645e-01 4.362369e-02 1.769708e+02 3.184075e-02 -2.994641e-02 9.990442e-01 -1.017113e+01
6.100407e-01 7.923687e-01 1.470868e-03 5.287528e+01 -7.916547e-01 6.094100e-01 4.361498e-02 1.764732e+02 3.366279e-02 -2.777134e-02 9.990473e-01 -1.013512e+01
5.820303e-01 8.131671e-01 1.011614e-04 5.323860e+01 -8.124372e-01 5.815025e-01 4.243394e-02 1.759609e+02 3.444706e-02 -2.478003e-02 9.990993e-01 -1.008657e+01
5.509760e-01 8.345204e-01 -1.047362e-03 5.362471e+01 -8.338214e-01 5.505651e-01 4.024825e-02 1.753754e+02 3.416463e-02 -2.130251e-02 9.991892e-01 -1.003452e+01
5.229599e-01 8.523517e-01 -3.072286e-03 5.396677e+01 -8.516452e-01 5.226669e-01 3.898442e-02 1.748312e+02 3.483422e-02 -1.777079e-02 9.992351e-01 -9.993970e+00
4.928118e-01 8.701260e-01 -4.165772e-03 5.432363e+01 -8.694207e-01 4.925952e-01 3.817871e-02 1.742147e+02 3.527233e-02 -1.519311e-02 9.992622e-01 -9.948773e+00
4.660067e-01 8.847662e-01 -5.147092e-03 5.464178e+01 -8.840621e-01 4.658545e-01 3.759913e-02 1.736482e+02 3.566424e-02 -1.297110e-02 9.992796e-01 -9.911330e+00
4.403910e-01 8.977792e-01 -6.943990e-03 5.494220e+01 -8.970362e-01 4.403205e-01 3.799827e-02 1.730692e+02 3.717164e-02 -1.050509e-02 9.992537e-01 -9.863822e+00
4.134377e-01 9.104910e-01 -8.683284e-03 5.525776e+01 -9.097132e-01 4.134514e-01 3.846767e-02 1.724186e+02 3.861458e-02 -8.004689e-03 9.992221e-01 -9.817474e+00
3.897632e-01 9.208578e-01 -1.027440e-02 5.552938e+01 -9.200658e-01 3.898586e-01 3.859069e-02 1.718140e+02 3.954210e-02 -5.588105e-03 9.992023e-01 -9.770867e+00
3.673216e-01 9.300250e-01 -1.133095e-02 5.579576e+01 -9.291703e-01 3.674724e-01 4.008315e-02 1.712037e+02 4.144215e-02 -4.195023e-03 9.991321e-01 -9.735157e+00
3.461439e-01 9.381041e-01 -1.204449e-02 5.604962e+01 -9.371470e-01 3.463364e-01 4.250433e-02 1.705818e+02 4.404494e-02 -3.425154e-03 9.990237e-01 -9.699315e+00
3.237647e-01 9.460594e-01 -1.216896e-02 5.631543e+01 -9.449623e-01 3.239767e-01 4.566624e-02 1.698822e+02 4.714543e-02 -3.285910e-03 9.988826e-01 -9.649180e+00
3.043331e-01 9.524997e-01 -1.121086e-02 5.654581e+01 -9.512572e-01 3.045107e-01 4.881620e-02 1.692340e+02 4.991124e-02 -4.191982e-03 9.987449e-01 -9.607842e+00
2.842697e-01 9.586643e-01 -1.238496e-02 5.678592e+01 -9.573681e-01 2.845299e-01 4.988989e-02 1.685045e+02 5.135155e-02 -2.325221e-03 9.986779e-01 -9.554601e+00
2.691336e-01 9.630156e-01 -1.296262e-02 5.699394e+01 -9.617886e-01 2.694449e-01 4.860233e-02 1.678247e+02 5.029752e-02 -6.132151e-04 9.987341e-01 -9.499364e+00
2.567688e-01 9.663812e-01 -1.330834e-02 5.718168e+01 -9.652464e-01 2.571121e-01 4.682719e-02 1.671337e+02 4.867465e-02 8.220694e-04 9.988143e-01 -9.440546e+00
2.454754e-01 9.693072e-01 -1.361353e-02 5.738120e+01 -9.682456e-01 2.458441e-01 4.540048e-02 1.663694e+02 4.735382e-02 2.036543e-03 9.988761e-01 -9.382423e+00
2.367242e-01 9.715026e-01 -1.201606e-02 5.755301e+01 -9.704398e-01 2.370273e-01 4.543795e-02 1.656646e+02 4.699123e-02 9.046016e-04 9.988949e-01 -9.326534e+00
2.283843e-01 9.735275e-01 -9.215231e-03 5.771999e+01 -9.724434e-01 2.285650e-01 4.595531e-02 1.649487e+02 4.684503e-02 -1.534179e-03 9.989010e-01 -9.273612e+00
2.188231e-01 9.757452e-01 -6.150644e-03 5.790081e+01 -9.746993e-01 2.188744e-01 4.533492e-02 1.641494e+02 4.558155e-02 -3.925300e-03 9.989529e-01 -9.215236e+00
2.097289e-01 9.777569e-01 -2.272546e-03 5.806185e+01 -9.767843e-01 2.096229e-01 4.416585e-02 1.634114e+02 4.365985e-02 -7.043066e-03 9.990216e-01 -9.166162e+00
1.988162e-01 9.800334e-01 2.584410e-03 5.823157e+01 -9.791429e-01 1.985215e-01 4.322499e-02 1.625896e+02 4.184887e-02 -1.112433e-02 9.990620e-01 -9.115794e+00
1.874436e-01 9.822402e-01 8.308635e-03 5.838774e+01 -9.814440e-01 1.869303e-01 4.271777e-02 1.618294e+02 4.040598e-02 -1.616163e-02 9.990526e-01 -9.075915e+00
1.744572e-01 9.845936e-01 1.183879e-02 5.853548e+01 -9.838632e-01 1.738176e-01 4.243412e-02 1.610586e+02 3.972257e-02 -1.905069e-02 9.990291e-01 -9.036701e+00
1.606893e-01 9.869156e-01 1.328895e-02 5.866492e+01 -9.861945e-01 1.599972e-01 4.267686e-02 1.602799e+02 3.999226e-02 -1.996320e-02 9.990005e-01 -8.991963e+00
1.460879e-01 9.891852e-01 1.307299e-02 5.880409e+01 -9.883970e-01 1.453904e-01 4.396511e-02 1.594184e+02 4.158895e-02 -1.934407e-02 9.989475e-01 -8.949380e+00
1.329817e-01 9.910557e-01 1.115993e-02 5.890862e+01 -9.901083e-01 1.323295e-01 4.663066e-02 1.586342e+02 4.473679e-02 -1.725057e-02 9.988499e-01 -8.908029e+00
1.191484e-01 9.928404e-01 8.466063e-03 5.901608e+01 -9.916852e-01 1.185836e-01 4.998351e-02 1.577668e+02 4.862171e-02 -1.435113e-02 9.987142e-01 -8.862452e+00
1.066869e-01 9.942767e-01 5.631723e-03 5.908703e+01 -9.930713e-01 1.062735e-01 5.015315e-02 1.569803e+02 4.926760e-02 -1.094338e-02 9.987257e-01 -8.809393e+00
9.527739e-02 9.954447e-01 3.479004e-03 5.915393e+01 -9.943792e-01 9.501212e-02 4.671985e-02 1.561887e+02 4.617648e-02 -7.910794e-03 9.989020e-01 -8.754341e+00
8.457192e-02 9.964166e-01 1.262327e-03 5.921913e+01 -9.955510e-01 8.444550e-02 4.179950e-02 1.553183e+02 4.154311e-02 -4.791775e-03 9.991252e-01 -8.693867e+00
7.665349e-02 9.970565e-01 -1.602816e-03 5.927540e+01 -9.962988e-01 7.665775e-02 3.888718e-02 1.545246e+02 3.889559e-02 -1.383954e-03 9.992423e-01 -8.643867e+00
7.026894e-02 9.975171e-01 -4.680339e-03 5.931541e+01 -9.967589e-01 7.039820e-02 3.893203e-02 1.537301e+02 3.916486e-02 1.929457e-03 9.992309e-01 -8.595995e+00
6.494431e-02 9.978495e-01 -8.871778e-03 5.933826e+01 -9.971012e-01 6.524366e-02 3.914593e-02 1.528540e+02 3.964057e-02 6.303755e-03 9.991941e-01 -8.539253e+00
6.268673e-02 9.979890e-01 -9.398452e-03 5.936495e+01 -9.971626e-01 6.302254e-02 4.117003e-02 1.520530e+02 4.167955e-02 6.790970e-03 9.991080e-01 -8.489785e+00
6.154977e-02 9.980465e-01 -1.071099e-02 5.939424e+01 -9.971097e-01 6.196381e-02 4.396382e-02 1.512515e+02 4.454164e-02 7.974065e-03 9.989757e-01 -8.445587e+00
6.231580e-02 9.979703e-01 -1.311433e-02 5.943105e+01 -9.968027e-01 6.289056e-02 4.928596e-02 1.503632e+02 5.001069e-02 1.000111e-02 9.986986e-01 -8.402080e+00
6.336679e-02 9.978711e-01 -1.542432e-02 5.945540e+01 -9.966036e-01 6.408564e-02 5.171277e-02 1.495526e+02 5.259115e-02 1.209506e-02 9.985429e-01 -8.360299e+00
6.591638e-02 9.977101e-01 -1.515241e-02 5.949709e+01 -9.965393e-01 6.659451e-02 4.974468e-02 1.486538e+02 5.063984e-02 1.182099e-02 9.986470e-01 -8.306878e+00
6.907089e-02 9.974932e-01 -1.537753e-02 5.953191e+01 -9.965398e-01 6.970285e-02 4.527601e-02 1.478343e+02 4.623437e-02 1.219707e-02 9.988562e-01 -8.254320e+00
7.274580e-02 9.971573e-01 -1.962925e-02 5.958261e+01 -9.963535e-01 7.353883e-02 4.326457e-02 1.470131e+02 4.458510e-02 1.641035e-02 9.988708e-01 -8.203630e+00
7.714282e-02 9.967815e-01 -2.181065e-02 5.963320e+01 -9.960642e-01 7.800812e-02 4.208252e-02 1.461897e+02 4.364848e-02 1.847845e-02 9.988760e-01 -8.158366e+00
8.176717e-02 9.963741e-01 -2.351081e-02 5.968986e+01 -9.956617e-01 8.271427e-02 4.261534e-02 1.452835e+02 4.440550e-02 1.992428e-02 9.988149e-01 -8.112504e+00
8.601862e-02 9.960085e-01 -2.382860e-02 5.974700e+01 -9.952618e-01 8.699314e-02 4.342969e-02 1.444553e+02 4.532927e-02 1.997994e-02 9.987723e-01 -8.066259e+00
9.045408e-02 9.956234e-01 -2.349584e-02 5.981831e+01 -9.948681e-01 9.140917e-02 4.337901e-02 1.436261e+02 4.533689e-02 1.945146e-02 9.987824e-01 -8.022792e+00
9.521506e-02 9.951924e-01 -2.293891e-02 5.990714e+01 -9.944576e-01 9.612643e-02 4.258949e-02 1.427089e+02 4.458977e-02 1.875661e-02 9.988293e-01 -7.975573e+00
9.957053e-02 9.947740e-01 -2.259290e-02 5.998859e+01 -9.941073e-01 1.004304e-01 4.079670e-02 1.418737e+02 4.285251e-02 1.839762e-02 9.989120e-01 -7.929557e+00
1.041708e-01 9.943518e-01 -2.032304e-02 6.007433e+01 -9.936632e-01 1.049225e-01 4.030757e-02 1.409511e+02 4.221224e-02 1.599538e-02 9.989806e-01 -7.875174e+00
1.076192e-01 9.939882e-01 -2.014065e-02 6.015528e+01 -9.932566e-01 1.083746e-01 4.118671e-02 1.401115e+02 4.312183e-02 1.557235e-02 9.989485e-01 -7.829026e+00
1.103057e-01 9.936775e-01 -2.091954e-02 6.024133e+01 -9.928745e-01 1.111225e-01 4.303420e-02 1.392682e+02 4.508675e-02 1.602357e-02 9.988546e-01 -7.785826e+00
1.121348e-01 9.935065e-01 -1.924881e-02 6.034016e+01 -9.925857e-01 1.129031e-01 4.501706e-02 1.383387e+02 4.689799e-02 1.405811e-02 9.988008e-01 -7.740776e+00
1.128661e-01 9.934809e-01 -1.603081e-02 6.043417e+01 -9.925181e-01 1.134836e-01 4.504858e-02 1.374914e+02 4.657413e-02 1.082641e-02 9.988562e-01 -7.696175e+00
1.130328e-01 9.935083e-01 -1.283942e-02 6.053690e+01 -9.925903e-01 1.134894e-01 4.341246e-02 1.365581e+02 4.458778e-02 7.837254e-03 9.989747e-01 -7.644851e+00
1.126401e-01 9.935825e-01 -1.029890e-02 6.063105e+01 -9.927291e-01 1.129740e-01 4.154337e-02 1.357070e+02 4.244027e-02 5.544564e-03 9.990836e-01 -7.596862e+00
1.115227e-01 9.937385e-01 -6.819769e-03 6.073099e+01 -9.929064e-01 1.117088e-01 4.071914e-02 1.348544e+02 4.122600e-02 2.230285e-03 9.991474e-01 -7.555030e+00
1.096468e-01 9.939597e-01 -4.664025e-03 6.083233e+01 -9.931077e-01 1.097459e-01 4.114516e-02 1.340003e+02 4.140849e-02 1.204421e-04 9.991423e-01 -7.518421e+00
1.070660e-01 9.942496e-01 -2.147974e-03 6.093879e+01 -9.933484e-01 1.070605e-01 4.239002e-02 1.330592e+02 4.237623e-02 -2.404842e-03 9.990988e-01 -7.475994e+00
1.047224e-01 9.945011e-01 -8.749034e-04 6.101611e+01 -9.935542e-01 1.046610e-01 4.354341e-02 1.322010e+02 4.339554e-02 -3.690708e-03 9.990512e-01 -7.425441e+00
1.026475e-01 9.947178e-01 7.414357e-05 6.110351e+01 -9.938235e-01 1.025520e-01 4.240130e-02 1.312553e+02 4.216972e-02 -4.426073e-03 9.991007e-01 -7.370065e+00
1.007891e-01 9.949078e-01 2.991515e-05 6.116959e+01 -9.940948e-01 1.007055e-01 4.042201e-02 1.303985e+02 4.021316e-02 -4.103838e-03 9.991827e-01 -7.324098e+00
9.908689e-02 9.950784e-01 8.651666e-04 6.124132e+01 -9.943040e-01 9.897540e-02 3.954048e-02 1.295409e+02 3.926025e-02 -4.778182e-03 9.992176e-01 -7.278498e+00
9.748261e-02 9.952348e-01 2.193662e-03 6.132200e+01 -9.944708e-01 9.732082e-02 3.945155e-02 1.285979e+02 3.905007e-02 -6.027373e-03 9.992191e-01 -7.231272e+00
9.636594e-02 9.953420e-01 2.803643e-03 6.140479e+01 -9.945887e-01 9.618239e-02 3.927163e-02 1.277411e+02 3.881904e-02 -6.572919e-03 9.992246e-01 -7.187919e+00
9.543612e-02 9.954323e-01 2.548681e-03 6.148720e+01 -9.946958e-01 9.526619e-02 3.878898e-02 1.268842e+02 3.836900e-02 -6.237031e-03 9.992442e-01 -7.147668e+00
9.438209e-02 9.955313e-01 3.070860e-03 6.158380e+01 -9.948468e-01 9.420152e-02 3.749673e-02 1.259415e+02 3.703989e-02 -6.594056e-03 9.992920e-01 -7.107770e+00
9.339733e-02 9.956224e-01 3.609041e-03 6.166861e+01 -9.950266e-01 9.321415e-02 3.511578e-02 1.250837e+02 3.462564e-02 -6.870812e-03 9.993767e-01 -7.070710e+00
9.228031e-02 9.957301e-01 2.435918e-03 6.175972e+01 -9.952271e-01 9.215517e-02 3.210027e-02 1.241418e+02 3.173873e-02 -5.386515e-03 9.994817e-01 -7.029155e+00
9.139648e-02 9.958137e-01 1.319986e-03 6.183778e+01 -9.952891e-01 9.130512e-02 3.260209e-02 1.232871e+02 3.234508e-02 -4.293483e-03 9.994675e-01 -6.993024e+00
9.061602e-02 9.958851e-01 1.289633e-03 6.191919e+01 -9.952247e-01 9.050861e-02 3.655012e-02 1.224352e+02 3.628300e-02 -4.595501e-03 9.993310e-01 -6.965011e+00
9.001942e-02 9.959360e-01 2.834645e-03 6.201018e+01 -9.950907e-01 8.982477e-02 4.154600e-02 1.214986e+02 4.112253e-02 -6.560675e-03 9.991326e-01 -6.935513e+00
8.960292e-02 9.959764e-01 1.530381e-03 6.209363e+01 -9.950699e-01 8.945557e-02 4.282146e-02 1.206490e+02 4.251227e-02 -5.359764e-03 9.990816e-01 -6.894629e+00
8.966692e-02 9.959688e-01 2.447134e-03 6.217855e+01 -9.950411e-01 8.947666e-02 4.344120e-02 1.198005e+02 4.304712e-02 -6.330237e-03 9.990530e-01 -6.850528e+00
8.977501e-02 9.959499e-01 4.930932e-03 6.227476e+01 -9.950144e-01 8.947257e-02 4.405592e-02 1.188701e+02 4.343631e-02 -8.861470e-03 9.990169e-01 -6.801330e+00
9.021218e-02 9.958959e-01 7.292797e-03 6.236022e+01 -9.949403e-01 8.979565e-02 4.506056e-02 1.180266e+02 4.422077e-02 -1.132091e-02 9.989576e-01 -6.759411e+00
9.056737e-02 9.958463e-01 9.365602e-03 6.244855e+01 -9.949163e-01 9.005896e-02 4.506636e-02 1.171842e+02 4.403571e-02 -1.339953e-02 9.989401e-01 -6.720413e+00
9.030264e-02 9.958777e-01 8.541884e-03 6.254780e+01 -9.949461e-01 8.983341e-02 4.485778e-02 1.162622e+02 4.390552e-02 -1.254949e-02 9.989569e-01 -6.673213e+00
9.021942e-02 9.958874e-01 8.290304e-03 6.263280e+01 -9.949262e-01 8.975396e-02 4.545454e-02 1.154306e+02 4.452352e-02 -1.234912e-02 9.989320e-01 -6.625135e+00
9.015447e-02 9.959202e-01 3.896985e-03 6.271655e+01 -9.948811e-01 8.987968e-02 4.618778e-02 1.146030e+02 4.564908e-02 -8.041072e-03 9.989252e-01 -6.577171e+00
9.101971e-02 9.958393e-01 4.424406e-03 6.281109e+01 -9.947762e-01 9.071457e-02 4.681094e-02 1.136952e+02 4.621481e-02 -8.662011e-03 9.988940e-01 -6.524188e+00
9.093173e-02 9.958411e-01 5.647265e-03 6.291131e+01 -9.947058e-01 9.055253e-02 4.858703e-02 1.128738e+02 4.787359e-02 -1.003547e-02 9.988030e-01 -6.477147e+00
9.115382e-02 9.958224e-01 5.352830e-03 6.300632e+01 -9.945013e-01 9.075197e-02 5.226136e-02 1.119721e+02 5.155726e-02 -1.008722e-02 9.986191e-01 -6.425379e+00
9.092439e-02 9.958242e-01 8.178242e-03 6.310203e+01 -9.946264e-01 9.040063e-02 5.045869e-02 1.111540e+02 4.950867e-02 -1.272222e-02 9.986927e-01 -6.377626e+00
9.023049e-02 9.958818e-01 8.820991e-03 6.319207e+01 -9.947378e-01 8.968816e-02 4.952545e-02 1.103359e+02 4.853036e-02 -1.324328e-02 9.987339e-01 -6.333025e+00
9.077170e-02 9.957965e-01 1.224377e-02 6.329901e+01 -9.948389e-01 9.011093e-02 4.664283e-02 1.094386e+02 4.534347e-02 -1.641443e-02 9.988366e-01 -6.288204e+00
9.088367e-02 9.958147e-01 9.658325e-03 6.337860e+01 -9.949394e-01 9.037799e-02 4.390202e-02 1.086211e+02 4.284537e-02 -1.359943e-02 9.989892e-01 -6.242623e+00
9.143582e-02 9.957726e-01 8.737338e-03 6.346105e+01 -9.948521e-01 9.095930e-02 4.467394e-02 1.078064e+02 4.369034e-02 -1.277716e-02 9.989634e-01 -6.207595e+00
9.087141e-02 9.958457e-01 5.809541e-03 6.355659e+01 -9.949293e-01 9.053218e-02 4.381405e-02 1.069094e+02 4.310608e-02 -9.761527e-03 9.990228e-01 -6.160201e+00
9.068412e-02 9.958639e-01 5.604053e-03 6.363680e+01 -9.949460e-01 9.035405e-02 4.380166e-02 1.060930e+02 4.311414e-02 -9.547844e-03 9.990245e-01 -6.114262e+00
8.965695e-02 9.959639e-01 4.189316e-03 6.371303e+01 -9.950028e-01 8.938327e-02 4.449730e-02 1.052790e+02 4.394324e-02 -8.157873e-03 9.990007e-01 -6.062959e+00
8.774844e-02 9.961339e-01 4.172245e-03 6.378970e+01 -9.951129e-01 8.746656e-02 4.582536e-02 1.043812e+02 4.528326e-02 -8.172958e-03 9.989408e-01 -6.008494e+00
8.560596e-02 9.963216e-01 3.866405e-03 6.385879e+01 -9.951747e-01 8.531939e-02 4.845446e-02 1.035642e+02 4.794635e-02 -7.995739e-03 9.988179e-01 -5.959005e+00
8.316852e-02 9.965353e-01 6.879020e-04 6.394261e+01 -9.952339e-01 8.302460e-02 5.115023e-02 1.026636e+02 5.091589e-02 -4.938712e-03 9.986907e-01 -5.893477e+00
8.200658e-02 9.966297e-01 -2.044736e-03 6.401906e+01 -9.952665e-01 8.200142e-02 5.215614e-02 1.018426e+02 5.214803e-02 -2.242089e-03 9.986368e-01 -5.829203e+00
8.083345e-02 9.967208e-01 -3.700405e-03 6.409734e+01 -9.954213e-01 8.091697e-02 5.088152e-02 1.010177e+02 5.101409e-02 -4.294670e-04 9.986978e-01 -5.775367e+00
8.019473e-02 9.967622e-01 -5.817996e-03 6.418082e+01 -9.956512e-01 8.038022e-02 4.709164e-02 1.001055e+02 4.740682e-02 2.016194e-03 9.988736e-01 -5.707203e+00
7.974969e-02 9.967864e-01 -7.535431e-03 6.424561e+01 -9.958393e-01 8.000373e-02 4.362805e-02 9.926939e+01 4.409071e-02 4.024756e-03 9.990194e-01 -5.639253e+00
7.885731e-02 9.968589e-01 -7.342317e-03 6.431606e+01 -9.959864e-01 7.909683e-02 4.189015e-02 9.834589e+01 4.233932e-02 4.009503e-03 9.990952e-01 -5.568607e+00
7.816567e-02 9.969058e-01 -8.306934e-03 6.437499e+01 -9.960655e-01 7.844337e-02 4.123289e-02 9.750407e+01 4.175693e-02 5.051254e-03 9.991150e-01 -5.512316e+00
7.794963e-02 9.969084e-01 -9.876038e-03 6.443725e+01 -9.960649e-01 7.829509e-02 4.152850e-02 9.665863e+01 4.217336e-02 6.600044e-03 9.990885e-01 -5.463635e+00
7.779188e-02 9.969097e-01 -1.092809e-02 6.451711e+01 -9.960235e-01 7.819082e-02 4.270185e-02 9.581377e+01 4.342436e-02 7.562778e-03 9.990281e-01 -5.420024e+00
7.763296e-02 9.969284e-01 -1.033439e-02 6.459520e+01 -9.960818e-01 7.799909e-02 4.167936e-02 9.488091e+01 4.235741e-02 7.058208e-03 9.990776e-01 -5.369384e+00
7.789557e-02 9.969148e-01 -9.652065e-03 6.467319e+01 -9.960633e-01 7.823262e-02 4.168443e-02 9.402897e+01 4.231094e-02 6.367035e-03 9.990842e-01 -5.322872e+00
7.817750e-02 9.968982e-01 -9.066827e-03 6.476081e+01 -9.959924e-01 7.849633e-02 4.286677e-02 9.308911e+01 4.344552e-02 5.679273e-03 9.990397e-01 -5.275107e+00
7.894238e-02 9.968479e-01 -7.895472e-03 6.485975e+01 -9.957648e-01 7.922604e-02 4.664366e-02 9.223242e+01 4.712217e-02 4.179871e-03 9.988804e-01 -5.247612e+00
7.977167e-02 9.967881e-01 -7.069960e-03 6.494809e+01 -9.956728e-01 8.001757e-02 4.725224e-02 9.137604e+01 4.766619e-02 3.269977e-03 9.988580e-01 -5.213764e+00
8.116308e-02 9.966833e-01 -5.917433e-03 6.504529e+01 -9.956661e-01 8.134785e-02 4.507235e-02 9.043265e+01 4.540423e-02 2.233576e-03 9.989662e-01 -5.176128e+00
8.222855e-02 9.966029e-01 -4.585817e-03 6.512756e+01 -9.957155e-01 8.234888e-02 4.206217e-02 8.957466e+01 4.229692e-02 1.107458e-03 9.991045e-01 -5.134921e+00
8.322131e-02 9.965276e-01 -2.627481e-03 6.521157e+01 -9.957281e-01 8.325979e-02 3.991799e-02 8.871523e+01 3.999815e-02 -7.057710e-04 9.991995e-01 -5.096350e+00
8.421395e-02 9.964451e-01 -2.268065e-03 6.531566e+01 -9.956409e-01 8.423712e-02 4.004066e-02 8.776317e+01 4.008938e-02 -1.113804e-03 9.991955e-01 -5.063905e+00
8.476922e-02 9.964004e-01 -5.823537e-04 6.540884e+01 -9.955296e-01 8.471954e-02 4.175503e-02 8.689653e+01 4.165406e-02 -2.959791e-03 9.991277e-01 -5.033137e+00
8.500733e-02 9.963803e-01 2.401242e-04 6.551049e+01 -9.954274e-01 8.491550e-02 4.374438e-02 8.602712e+01 4.356565e-02 -3.957619e-03 9.990427e-01 -5.004832e+00
8.495331e-02 9.963840e-01 1.374246e-03 6.560564e+01 -9.953967e-01 8.480755e-02 4.464459e-02 8.507340e+01 4.436661e-02 -5.160625e-03 9.990020e-01 -4.963242e+00
8.482048e-02 9.963935e-01 2.324219e-03 6.570671e+01 -9.954114e-01 8.463272e-02 4.464871e-02 8.420305e+01 4.429098e-02 -6.100679e-03 9.990000e-01 -4.931440e+00
8.401937e-02 9.964605e-01 2.669536e-03 6.580166e+01 -9.955618e-01 8.382900e-02 4.277163e-02 8.333158e+01 4.239645e-02 -6.251333e-03 9.990813e-01 -4.901527e+00
8.325736e-02 9.965217e-01 3.557932e-03 6.589515e+01 -9.957397e-01 8.304896e-02 4.006747e-02 8.237387e+01 3.963262e-02 -6.878685e-03 9.991906e-01 -4.864055e+00
8.223440e-02 9.966035e-01 4.355892e-03 6.597474e+01 -9.959033e-01 8.201014e-02 3.809015e-02 8.150240e+01 3.760355e-02 -7.470369e-03 9.992648e-01 -4.826223e+00
8.143578e-02 9.966699e-01 4.162536e-03 6.604880e+01 -9.959761e-01 8.122089e-02 3.787856e-02 8.053930e+01 3.741434e-02 -7.230457e-03 9.992737e-01 -4.781539e+00
8.069241e-02 9.967322e-01 3.700553e-03 6.612865e+01 -9.960015e-01 8.048934e-02 3.876215e-02 7.966067e+01 3.833763e-02 -6.813568e-03 9.992416e-01 -4.749147e+00
8.000440e-02 9.967899e-01 3.039766e-03 6.620559e+01 -9.960286e-01 7.982304e-02 3.943655e-02 7.878027e+01 3.906731e-02 -6.182791e-03 9.992175e-01 -4.715691e+00
7.915468e-02 9.968586e-01 2.723225e-03 6.629017e+01 -9.961213e-01 7.899022e-02 3.876793e-02 7.780973e+01 3.843104e-02 -5.781326e-03 9.992445e-01 -4.677226e+00
7.825603e-02 9.969311e-01 2.086792e-03 6.636188e+01 -9.962430e-01 7.812378e-02 3.737163e-02 7.692758e+01 3.709392e-02 -5.003507e-03 9.992993e-01 -4.637327e+00
7.729618e-02 9.970060e-01 2.061583e-03 6.643438e+01 -9.963573e-01 7.717085e-02 3.628791e-02 7.604549e+01 3.602017e-02 -4.858990e-03 9.993393e-01 -4.598478e+00
7.642786e-02 9.970707e-01 2.962477e-03 6.651666e+01 -9.963592e-01 7.626008e-02 3.811365e-02 7.507801e+01 3.777608e-02 -5.864636e-03 9.992690e-01 -4.559591e+00
7.550731e-02 9.971409e-01 2.959956e-03 6.659493e+01 -9.963383e-01 7.532647e-02 4.044570e-02 7.419888e+01 4.010710e-02 -6.003063e-03 9.991774e-01 -4.526882e+00
7.487951e-02 9.971807e-01 4.861103e-03 6.666579e+01 -9.962755e-01 7.460073e-02 4.324283e-02 7.332341e+01 4.275828e-02 -8.081000e-03 9.990528e-01 -4.490417e+00
7.372241e-02 9.972664e-01 4.978580e-03 6.675153e+01 -9.962976e-01 7.342756e-02 4.471599e-02 7.236699e+01 4.422819e-02 -8.256718e-03 9.989873e-01 -4.449008e+00
7.285296e-02 9.973247e-01 5.996340e-03 6.682775e+01 -9.962987e-01 7.250036e-02 4.618100e-02 7.149914e+01 4.562271e-02 -9.338569e-03 9.989151e-01 -4.408822e+00
7.180453e-02 9.973863e-01 8.038943e-03 6.691572e+01 -9.962986e-01 7.133971e-02 4.795462e-02 7.054612e+01 4.725579e-02 -1.145255e-02 9.988172e-01 -4.366376e+00
7.105937e-02 9.974446e-01 7.400404e-03 6.698628e+01 -9.963568e-01 7.062722e-02 4.780125e-02 6.968242e+01 4.715644e-02 -1.077017e-02 9.988295e-01 -4.321922e+00
7.063844e-02 9.974851e-01 5.807920e-03 6.704755e+01 -9.964319e-01 7.029185e-02 4.671666e-02 6.882089e+01 4.619092e-02 -9.087189e-03 9.988913e-01 -4.270429e+00
6.995307e-02 9.975355e-01 5.433189e-03 6.710562e+01 -9.965294e-01 6.963410e-02 4.560960e-02 6.787708e+01 4.511886e-02 -8.604865e-03 9.989446e-01 -4.206473e+00
6.937741e-02 9.975835e-01 3.724097e-03 6.715292e+01 -9.965888e-01 6.914002e-02 4.505914e-02 6.701999e+01 4.469277e-02 -6.837480e-03 9.989774e-01 -4.148723e+00
6.917177e-02 9.976031e-01 1.822074e-03 6.720405e+01 -9.966364e-01 6.902406e-02 4.417588e-02 6.616288e+01 4.394423e-02 -4.871669e-03 9.990221e-01 -4.089642e+00
6.879386e-02 9.976309e-01 -8.406814e-05 6.726649e+01 -9.966731e-01 6.873150e-02 4.380414e-02 6.522416e+01 4.370614e-02 -2.929667e-03 9.990401e-01 -4.027382e+00
6.844785e-02 9.976530e-01 -1.843073e-03 6.733378e+01 -9.966639e-01 6.846207e-02 4.443042e-02 6.437209e+01 4.445232e-02 -1.204243e-03 9.990108e-01 -3.966352e+00
6.838364e-02 9.976538e-01 -3.243325e-03 6.739860e+01 -9.966519e-01 6.846029e-02 4.470041e-02 6.352058e+01 4.481757e-02 1.756893e-04 9.989952e-01 -3.907170e+00
6.820044e-02 9.976651e-01 -3.605429e-03 6.747882e+01 -9.966857e-01 6.829322e-02 4.419988e-02 6.258400e+01 4.434290e-02 5.790288e-04 9.990162e-01 -3.845720e+00
6.801648e-02 9.976738e-01 -4.555124e-03 6.754966e+01 -9.967729e-01 6.814874e-02 4.242058e-02 6.173525e+01 4.263233e-02 1.655126e-03 9.990895e-01 -3.792918e+00
6.777534e-02 9.976772e-01 -6.835128e-03 6.762598e+01 -9.968513e-01 6.799868e-02 4.078804e-02 6.080256e+01 4.115808e-02 4.049183e-03 9.991444e-01 -3.735138e+00
6.754847e-02 9.976834e-01 -8.059510e-03 6.768860e+01 -9.968510e-01 6.782401e-02 4.108492e-02 5.995842e+01 4.153637e-02 5.258907e-03 9.991232e-01 -3.685169e+00
6.740335e-02 9.976885e-01 -8.622885e-03 6.774923e+01 -9.968025e-01 6.771019e-02 4.242850e-02 5.911703e+01 4.291429e-02 5.735490e-03 9.990623e-01 -3.636669e+00
6.752325e-02 9.976732e-01 -9.423056e-03 6.784423e+01 -9.967426e-01 6.787170e-02 4.356175e-02 5.819417e+01 4.409995e-02 6.450931e-03 9.990063e-01 -3.600984e+00
6.761704e-02 9.976586e-01 -1.026355e-02 6.792461e+01 -9.967315e-01 6.800287e-02 4.361160e-02 5.735757e+01 4.420743e-02 7.281114e-03 9.989958e-01 -3.565842e+00
6.730012e-02 9.976772e-01 -1.053258e-02 6.800778e+01 -9.967882e-01 6.769190e-02 4.279164e-02 5.652675e+01 4.340521e-02 7.618873e-03 9.990285e-01 -3.527039e+00
6.710611e-02 9.976954e-01 -1.003493e-02 6.808188e+01 -9.967991e-01 6.747708e-02 4.287665e-02 5.561573e+01 4.345496e-02 7.125526e-03 9.990300e-01 -3.478505e+00
6.682491e-02 9.977135e-01 -1.011387e-02 6.815446e+01 -9.968092e-01 6.720099e-02 4.307486e-02 5.479100e+01 4.365603e-02 7.203128e-03 9.990207e-01 -3.436399e+00
6.668935e-02 9.977036e-01 -1.183547e-02 6.823040e+01 -9.968142e-01 6.714064e-02 4.305433e-02 5.396234e+01 4.375010e-02 8.926497e-03 9.990026e-01 -3.400750e+00
6.672502e-02 9.976614e-01 -1.481810e-02 6.831386e+01 -9.968534e-01 6.729320e-02 4.189200e-02 5.305270e+01 4.279118e-02 1.197623e-02 9.990123e-01 -3.360799e+00
6.668501e-02 9.976504e-01 -1.570799e-02 6.838082e+01 -9.969070e-01 6.727497e-02 4.062566e-02 5.222867e+01 4.158696e-02 1.295028e-02 9.990510e-01 -3.320390e+00
6.721296e-02 9.975756e-01 -1.803918e-02 6.845458e+01 -9.969318e-01 6.787459e-02 3.898654e-02 5.131991e+01 4.011642e-02 1.536344e-02 9.990769e-01 -3.281908e+00
6.770738e-02 9.975154e-01 -1.946077e-02 6.851606e+01 -9.968369e-01 6.844920e-02 4.038455e-02 5.050051e+01 4.161628e-02 1.666488e-02 9.989947e-01 -3.244802e+00
6.841494e-02 9.975357e-01 -1.555262e-02 6.859507e+01 -9.966418e-01 6.904009e-02 4.402834e-02 4.968316e+01 4.499360e-02 1.248820e-02 9.989092e-01 -3.219543e+00
6.852670e-02 9.974742e-01 -1.869039e-02 6.868211e+01 -9.966147e-01 6.929662e-02 4.424042e-02 4.878777e+01 4.542386e-02 1.559547e-02 9.988461e-01 -3.185867e+00
6.989571e-02 9.973107e-01 -2.204559e-02 6.875700e+01 -9.968198e-01 7.067508e-02 3.681417e-02 4.797521e+01 3.827324e-02 1.940232e-02 9.990789e-01 -3.143753e+00
6.991940e-02 9.972697e-01 -2.375686e-02 6.884562e+01 -9.970327e-01 7.063198e-02 3.061054e-02 4.716475e+01 3.220496e-02 2.154609e-02 9.992490e-01 -3.102898e+00
7.007650e-02 9.972387e-01 -2.458211e-02 6.892672e+01 -9.969803e-01 7.084236e-02 3.180564e-02 4.627928e+01 3.345927e-02 2.227905e-02 9.991917e-01 -3.063415e+00
7.192838e-02 9.969968e-01 -2.870109e-02 6.901455e+01 -9.965529e-01 7.302936e-02 3.935731e-02 4.547142e+01 4.133513e-02 2.577125e-02 9.988129e-01 -3.051964e+00
7.330262e-02 9.968880e-01 -2.900153e-02 6.909250e+01 -9.963771e-01 7.446045e-02 4.109015e-02 4.466814e+01 4.312174e-02 2.588444e-02 9.987345e-01 -3.028692e+00
7.467825e-02 9.967455e-01 -3.035840e-02 6.916799e+01 -9.964529e-01 7.577135e-02 3.660913e-02 4.378574e+01 3.879028e-02 2.751681e-02 9.988684e-01 -2.980935e+00
7.583792e-02 9.966103e-01 -3.188364e-02 6.922850e+01 -9.962883e-01 7.704174e-02 3.839430e-02 4.298875e+01 4.072053e-02 2.885355e-02 9.987539e-01 -2.935453e+00
7.613015e-02 9.965977e-01 -3.157804e-02 6.931100e+01 -9.959597e-01 7.751789e-02 4.533507e-02 4.211511e+01 4.762869e-02 2.799909e-02 9.984726e-01 -2.903684e+00
7.702610e-02 9.965068e-01 -3.226605e-02 6.938050e+01 -9.955978e-01 7.860868e-02 5.104656e-02 4.132299e+01 5.340464e-02 2.819209e-02 9.981749e-01 -2.872700e+00
7.824022e-02 9.963202e-01 -3.499202e-02 6.944588e+01 -9.956047e-01 7.990005e-02 4.886002e-02 4.053206e+01 5.147609e-02 3.101540e-02 9.981925e-01 -2.826660e+00
7.926019e-02 9.960822e-01 -3.921729e-02 6.951667e+01 -9.959024e-01 8.084176e-02 4.053390e-02 3.966183e+01 4.354550e-02 3.584387e-02 9.984082e-01 -2.773354e+00
7.964263e-02 9.959553e-01 -4.159498e-02 6.958041e+01 -9.960803e-01 8.112489e-02 3.525192e-02 3.887176e+01 3.848372e-02 3.862438e-02 9.985125e-01 -2.721935e+00
7.929397e-02 9.959115e-01 -4.327480e-02 6.965949e+01 -9.961882e-01 8.074965e-02 3.299368e-02 3.808297e+01 3.635321e-02 4.049365e-02 9.985183e-01 -2.685094e+00
7.868803e-02 9.959608e-01 -4.324628e-02 6.973452e+01 -9.962150e-01 8.016709e-02 3.360024e-02 3.722780e+01 3.693145e-02 4.043865e-02 9.984993e-01 -2.634532e+00
7.762238e-02 9.960262e-01 -4.366480e-02 6.980367e+01 -9.961778e-01 7.924497e-02 3.674302e-02 3.645776e+01 4.005723e-02 4.064582e-02 9.983703e-01 -2.582969e+00
7.626066e-02 9.960743e-01 -4.494744e-02 6.986469e+01 -9.961379e-01 7.807791e-02 4.016384e-02 3.568739e+01 4.351557e-02 4.171093e-02 9.981816e-01 -2.535068e+00
7.452602e-02 9.961909e-01 -4.527136e-02 6.992744e+01 -9.961079e-01 7.650870e-02 4.376508e-02 3.484045e+01 4.706203e-02 4.183352e-02 9.980156e-01 -2.468503e+00
7.340661e-02 9.963186e-01 -4.428073e-02 6.998230e+01 -9.961325e-01 7.539794e-02 4.511354e-02 3.407437e+01 4.828614e-02 4.079784e-02 9.980000e-01 -2.406170e+00
7.236818e-02 9.964482e-01 -4.305557e-02 7.004121e+01 -9.962330e-01 7.428559e-02 4.473706e-02 3.323615e+01 4.777657e-02 3.965585e-02 9.980705e-01 -2.333807e+00
7.201880e-02 9.964760e-01 -4.299794e-02 7.010555e+01 -9.963624e-01 7.384573e-02 4.252949e-02 3.247800e+01 4.555483e-02 3.977861e-02 9.981695e-01 -2.271457e+00
7.192859e-02 9.965341e-01 -4.178637e-02 7.016730e+01 -9.964833e-01 7.360399e-02 4.004287e-02 3.172532e+01 4.297973e-02 3.875920e-02 9.983238e-01 -2.210447e+00
7.168807e-02 9.965633e-01 -4.150195e-02 7.023463e+01 -9.966165e-01 7.324497e-02 3.729296e-02 3.090743e+01 4.020460e-02 3.868807e-02 9.984422e-01 -2.144033e+00
7.188111e-02 9.964766e-01 -4.321386e-02 7.029274e+01 -9.966501e-01 7.345310e-02 3.596016e-02 3.017161e+01 3.900765e-02 4.048424e-02 9.984185e-01 -2.085532e+00
7.202495e-02 9.964185e-01 -4.430030e-02 7.033725e+01 -9.966497e-01 7.362529e-02 3.561964e-02 2.945692e+01 3.875369e-02 4.158637e-02 9.983831e-01 -2.034326e+00
7.207040e-02 9.963553e-01 -4.562798e-02 7.038971e+01 -9.966489e-01 7.371524e-02 3.545375e-02 2.868815e+01 3.868801e-02 4.291991e-02 9.983292e-01 -1.999234e+00
7.239624e-02 9.962517e-01 -4.734365e-02 7.043663e+01 -9.966724e-01 7.404621e-02 3.407691e-02 2.800943e+01 3.745480e-02 4.471907e-02 9.982972e-01 -1.969195e+00
7.254670e-02 9.962256e-01 -4.766085e-02 7.047899e+01 -9.967167e-01 7.413950e-02 3.254594e-02 2.734979e+01 3.595665e-02 4.514327e-02 9.983332e-01 -1.934797e+00
7.231571e-02 9.962346e-01 -4.782327e-02 7.053934e+01 -9.968175e-01 7.380436e-02 3.012954e-02 2.665162e+01 3.354566e-02 4.549223e-02 9.984013e-01 -1.907490e+00
7.171990e-02 9.962788e-01 -4.779933e-02 7.058581e+01 -9.968866e-01 7.317292e-02 2.937320e-02 2.604596e+01 3.276152e-02 4.554387e-02 9.984250e-01 -1.880181e+00
7.063659e-02 9.963537e-01 -4.785094e-02 7.062742e+01 -9.969391e-01 7.212696e-02 3.016829e-02 2.546664e+01 3.350963e-02 4.557349e-02 9.983988e-01 -1.854118e+00
6.925849e-02 9.964857e-01 -4.711242e-02 7.067184e+01 -9.970047e-01 7.076957e-02 3.119829e-02 2.486268e+01 3.442278e-02 4.481056e-02 9.984023e-01 -1.828085e+00
6.769865e-02 9.966567e-01 -4.574238e-02 7.071318e+01 -9.970468e-01 6.924896e-02 3.320150e-02 2.434127e+01 3.625811e-02 4.335960e-02 9.984014e-01 -1.802802e+00
6.620035e-02 9.968423e-01 -4.385081e-02 7.077440e+01 -9.970926e-01 6.775098e-02 3.487201e-02 2.379824e+01 3.773284e-02 4.141478e-02 9.984293e-01 -1.775347e+00
6.491087e-02 9.968650e-01 -4.524189e-02 7.082441e+01 -9.971628e-01 6.652856e-02 3.521699e-02 2.333272e+01 3.811646e-02 4.282757e-02 9.983551e-01 -1.746129e+00
6.397156e-02 9.969174e-01 -4.542464e-02 7.087696e+01 -9.971693e-01 6.565728e-02 3.664098e-02 2.288778e+01 3.951049e-02 4.295208e-02 9.982956e-01 -1.718161e+00
6.259010e-02 9.969985e-01 -4.556917e-02 7.091897e+01 -9.971135e-01 6.443304e-02 4.016320e-02 2.241127e+01 4.297881e-02 4.292381e-02 9.981535e-01 -1.685371e+00
6.210626e-02 9.970729e-01 -4.459140e-02 7.096748e+01 -9.970292e-01 6.401895e-02 4.282892e-02 2.198329e+01 4.555825e-02 4.179898e-02 9.980868e-01 -1.652020e+00
6.216660e-02 9.971535e-01 -4.266380e-02 7.100764e+01 -9.970030e-01 6.401577e-02 4.343864e-02 2.155721e+01 4.604615e-02 3.983551e-02 9.981447e-01 -1.620087e+00
6.269713e-02 9.971915e-01 -4.096649e-02 7.105246e+01 -9.970217e-01 6.442785e-02 4.238837e-02 2.109081e+01 4.490871e-02 3.818685e-02 9.982610e-01 -1.585006e+00
6.320921e-02 9.972061e-01 -3.980673e-02 7.108564e+01 -9.970572e-01 6.483287e-02 4.091095e-02 2.066860e+01 4.337743e-02 3.710364e-02 9.983695e-01 -1.553945e+00
6.327461e-02 9.972810e-01 -3.777552e-02 7.111779e+01 -9.971304e-01 6.475073e-02 3.922208e-02 2.024803e+01 4.156142e-02 3.518536e-02 9.985162e-01 -1.522513e+00
6.365780e-02 9.973625e-01 -3.486709e-02 7.115628e+01 -9.971334e-01 6.499730e-02 3.873431e-02 1.979036e+01 4.089842e-02 3.230140e-02 9.986410e-01 -1.489766e+00
6.397597e-02 9.974394e-01 -3.196325e-02 7.118722e+01 -9.970801e-01 6.522543e-02 3.970966e-02 1.937833e+01 4.169280e-02 2.932946e-02 9.986999e-01 -1.461799e+00
6.316335e-02 9.975436e-01 -3.028574e-02 7.122204e+01 -9.971490e-01 6.433552e-02 3.943135e-02 1.892720e+01 4.128294e-02 2.770878e-02 9.987632e-01 -1.431032e+00
6.180678e-02 9.976971e-01 -2.793600e-02 7.124087e+01 -9.972780e-01 6.285989e-02 3.853774e-02 1.852229e+01 4.020504e-02 2.547807e-02 9.988666e-01 -1.397861e+00
5.929996e-02 9.979043e-01 -2.589393e-02 7.125379e+01 -9.974322e-01 6.027551e-02 3.867694e-02 1.812237e+01 4.015665e-02 2.353390e-02 9.989162e-01 -1.362959e+00
5.482961e-02 9.982378e-01 -2.269514e-02 7.127140e+01 -9.976115e-01 5.572325e-02 4.081933e-02 1.768502e+01 4.201205e-02 2.040282e-02 9.989088e-01 -1.332524e+00
4.912598e-02 9.985713e-01 -2.102366e-02 7.127086e+01 -9.978878e-01 4.996635e-02 4.151253e-02 1.729126e+01 4.250370e-02 1.893991e-02 9.989168e-01 -1.291839e+00
4.306165e-02 9.988985e-01 -1.864158e-02 7.126832e+01 -9.982180e-01 4.378884e-02 4.053775e-02 1.690015e+01 4.130939e-02 1.686274e-02 9.990041e-01 -1.250891e+00
3.689150e-02 9.991827e-01 -1.652359e-02 7.125625e+01 -9.985164e-01 3.751949e-02 3.946263e-02 1.647762e+01 4.005033e-02 1.504324e-02 9.990844e-01 -1.202292e+00
3.128697e-02 9.993949e-01 -1.519551e-02 7.123684e+01 -9.986553e-01 3.188534e-02 4.087709e-02 1.610454e+01 4.133687e-02 1.389616e-02 9.990486e-01 -1.162650e+00
2.428289e-02 9.995957e-01 -1.479420e-02 7.121856e+01 -9.988327e-01 2.487716e-02 4.140538e-02 1.574354e+01 4.175667e-02 1.377149e-02 9.990329e-01 -1.130784e+00
1.621855e-02 9.997739e-01 -1.374851e-02 7.119277e+01 -9.989867e-01 1.678005e-02 4.176046e-02 1.536207e+01 4.198172e-02 1.305728e-02 9.990331e-01 -1.094810e+00
9.183295e-03 9.998692e-01 -1.331041e-02 7.117038e+01 -9.990983e-01 9.726372e-03 4.132748e-02 1.502825e+01 4.145154e-02 1.291888e-02 9.990570e-01 -1.063540e+00
2.139949e-03 9.999104e-01 -1.321237e-02 7.113970e+01 -9.991056e-01 2.695822e-03 4.219879e-02 1.467005e+01 4.223063e-02 1.311025e-02 9.990219e-01 -1.031718e+00
-4.799524e-03 9.999036e-01 -1.302687e-02 7.111484e+01 -9.990054e-01 -4.216892e-03 4.439016e-02 1.434699e+01 4.433095e-02 1.322696e-02 9.989293e-01 -1.007464e+00
-1.254005e-02 9.998535e-01 -1.164863e-02 7.108993e+01 -9.988801e-01 -1.199462e-02 4.576854e-02 1.402711e+01 4.562212e-02 1.220953e-02 9.988842e-01 -9.847957e-01
-2.258841e-02 9.997027e-01 -9.182134e-03 7.106202e+01 -9.987192e-01 -2.214835e-02 4.549170e-02 1.367779e+01 4.527481e-02 1.019796e-02 9.989225e-01 -9.564562e-01
-3.426816e-02 9.993873e-01 -7.120226e-03 7.103232e+01 -9.984536e-01 -3.392236e-02 4.404218e-02 1.336300e+01 4.377366e-02 8.618460e-03 9.990043e-01 -9.289273e-01
-4.780848e-02 9.988358e-01 -6.439069e-03 7.099913e+01 -9.979511e-01 -4.748974e-02 4.287523e-02 1.304980e+01 4.251952e-02 8.475676e-03 9.990597e-01 -9.013999e-01
-6.381761e-02 9.979311e-01 -7.802805e-03 7.097937e+01 -9.971254e-01 -6.344218e-02 4.142484e-02 1.270419e+01 4.084411e-02 1.042401e-02 9.991112e-01 -8.776666e-01
-7.871886e-02 9.968504e-01 -9.622475e-03 7.095657e+01 -9.960718e-01 -7.825743e-02 4.143302e-02 1.239343e+01 4.054949e-02 1.284624e-02 9.990949e-01 -8.573999e-01
-9.457642e-02 9.954558e-01 -1.108854e-02 7.092001e+01 -9.947030e-01 -9.404267e-02 4.149561e-02 1.205560e+01 4.026425e-02 1.495431e-02 9.990772e-01 -8.410108e-01
-1.086956e-01 9.940029e-01 -1.198163e-02 7.086377e+01 -9.932994e-01 -1.081268e-01 4.080436e-02 1.175611e+01 3.926412e-02 1.633660e-02 9.990953e-01 -8.231523e-01
-1.227527e-01 9.923599e-01 -1.239635e-02 7.080060e+01 -9.917033e-01 -1.221720e-01 3.998143e-02 1.145950e+01 3.816148e-02 1.720133e-02 9.991235e-01 -8.026908e-01
-1.381012e-01 9.903455e-01 -1.199326e-02 7.073908e+01 -9.897282e-01 -1.375430e-01 3.898652e-02 1.113892e+01 3.696053e-02 1.725416e-02 9.991678e-01 -7.852399e-01
-1.513190e-01 9.884122e-01 -1.199279e-02 7.068796e+01 -9.878495e-01 -1.507756e-01 3.768273e-02 1.085489e+01 3.543785e-02 1.754918e-02 9.992178e-01 -7.695630e-01
-1.639840e-01 9.863680e-01 -1.369278e-02 7.063396e+01 -9.858776e-01 -1.633928e-01 3.671663e-02 1.058079e+01 3.397881e-02 1.952035e-02 9.992319e-01 -7.551936e-01
-1.768886e-01 9.840949e-01 -1.635837e-02 7.056580e+01 -9.836661e-01 -1.761997e-01 3.680478e-02 1.029200e+01 3.333706e-02 2.260152e-02 9.991886e-01 -7.364558e-01
-1.874827e-01 9.820884e-01 -1.877795e-02 7.050406e+01 -9.817018e-01 -1.866915e-01 3.752112e-02 1.004100e+01 3.334338e-02 2.546891e-02 9.991194e-01 -7.224141e-01
-1.965454e-01 9.802752e-01 -2.074659e-02 7.044546e+01 -9.799324e-01 -1.956722e-01 3.801076e-02 9.802548e+00 3.320148e-02 2.780110e-02 9.990619e-01 -7.074891e-01
-2.047128e-01 9.785733e-01 -2.206613e-02 7.038619e+01 -9.782626e-01 -2.037817e-01 3.840912e-02 9.556165e+00 3.308947e-02 2.944931e-02 9.990184e-01 -6.925862e-01
-2.101260e-01 9.774106e-01 -2.270680e-02 7.032945e+01 -9.771212e-01 -2.091693e-01 3.850176e-02 9.347506e+00 3.288247e-02 3.027751e-02 9.990005e-01 -6.780443e-01
-2.137222e-01 9.766242e-01 -2.297971e-02 7.027306e+01 -9.763395e-01 -2.127489e-01 3.871907e-02 9.153659e+00 3.292508e-02 3.071112e-02 9.989859e-01 -6.644134e-01
-2.158136e-01 9.761506e-01 -2.354891e-02 7.022244e+01 -9.758787e-01 -2.148143e-01 3.893001e-02 8.958464e+00 3.294291e-02 3.138250e-02 9.989644e-01 -6.595343e-01
-2.160066e-01 9.760939e-01 -2.412101e-02 7.018254e+01 -9.758192e-01 -2.149680e-01 3.956876e-02 8.797195e+00 3.343758e-02 3.208486e-02 9.989257e-01 -6.530965e-01
-2.148083e-01 9.763794e-01 -2.325275e-02 7.015857e+01 -9.760077e-01 -2.137373e-01 4.153789e-02 8.644650e+00 3.558676e-02 3.161755e-02 9.988663e-01 -6.483860e-01
-2.114300e-01 9.771500e-01 -2.179998e-02 7.012029e+01 -9.766171e-01 -2.103210e-01 4.454342e-02 8.478936e+00 3.894061e-02 3.070805e-02 9.987696e-01 -6.396083e-01
-2.065067e-01 9.782040e-01 -2.172208e-02 7.009065e+01 -9.775824e-01 -2.053417e-01 4.655653e-02 8.329079e+00 4.108134e-02 3.084936e-02 9.986794e-01 -6.317384e-01
-1.992875e-01 9.796833e-01 -2.247516e-02 7.006932e+01 -9.790559e-01 -1.980805e-01 4.704936e-02 8.157692e+00 4.164158e-02 3.138079e-02 9.986397e-01 -6.266499e-01
-1.908158e-01 9.813533e-01 -2.312955e-02 7.003478e+01 -9.807406e-01 -1.895903e-01 4.693961e-02 7.999096e+00 4.167921e-02 3.164091e-02 9.986299e-01 -6.189238e-01
-1.808958e-01 9.832175e-01 -2.366474e-02 6.999499e+01 -9.826212e-01 -1.796632e-01 4.665458e-02 7.845048e+00 4.161992e-02 3.169309e-02 9.986307e-01 -6.078940e-01
-1.678254e-01 9.855110e-01 -2.454836e-02 6.994747e+01 -9.849501e-01 -1.665819e-01 4.608415e-02 7.677445e+00 4.132712e-02 3.191300e-02 9.986359e-01 -5.942184e-01
-1.535743e-01 9.877990e-01 -2.584705e-02 6.989089e+01 -9.872852e-01 -1.523035e-01 4.551401e-02 7.530528e+00 4.102210e-02 3.250820e-02 9.986293e-01 -5.779005e-01
-1.378221e-01 9.901093e-01 -2.624156e-02 6.983722e+01 -9.895875e-01 -1.365429e-01 4.552536e-02 7.384971e+00 4.149198e-02 3.224273e-02 9.986185e-01 -5.628168e-01
-1.190566e-01 9.925587e-01 -2.554795e-02 6.980061e+01 -9.919610e-01 -1.177948e-01 4.623653e-02 7.218992e+00 4.288305e-02 3.084733e-02 9.986038e-01 -5.490279e-01
-9.925698e-02 9.947434e-01 -2.517069e-02 6.977152e+01 -9.940240e-01 -9.796673e-02 4.815367e-02 7.064032e+00 4.543466e-02 2.979986e-02 9.985227e-01 -5.367925e-01
-7.699574e-02 9.967287e-01 -2.456653e-02 6.973839e+01 -9.958100e-01 -7.565881e-02 5.136338e-02 6.902607e+00 4.933668e-02 2.841836e-02 9.983778e-01 -5.211358e-01
-4.971289e-02 9.984399e-01 -2.542382e-02 6.969729e+01 -9.973792e-01 -4.828812e-02 5.387899e-02 6.713083e+00 5.256727e-02 2.803567e-02 9.982238e-01 -5.018738e-01
-2.046909e-02 9.994240e-01 -2.706808e-02 6.967573e+01 -9.983416e-01 -1.897488e-02 5.435154e-02 6.523852e+00 5.380662e-02 2.813571e-02 9.981549e-01 -4.870365e-01
1.247830e-02 9.995263e-01 -2.813143e-02 6.965656e+01 -9.984656e-01 1.397317e-02 5.358420e-02 6.321634e+00 5.395191e-02 2.741963e-02 9.981670e-01 -4.709209e-01
5.221083e-02 9.982298e-01 -2.848359e-02 6.964515e+01 -9.972259e-01 5.363113e-02 5.161560e-02 6.084516e+00 5.305184e-02 2.570968e-02 9.982607e-01 -4.508314e-01
9.125647e-02 9.954684e-01 -2.673753e-02 6.966101e+01 -9.945350e-01 9.247266e-02 4.846597e-02 5.858103e+00 5.071883e-02 2.216857e-02 9.984669e-01 -4.454115e-01
1.325915e-01 9.908358e-01 -2.576677e-02 6.968258e+01 -9.900736e-01 1.336228e-01 4.358014e-02 5.621271e+00 4.662379e-02 1.973264e-02 9.987176e-01 -4.366294e-01
1.795422e-01 9.834123e-01 -2.578609e-02 6.973421e+01 -9.827591e-01 1.804760e-01 4.016196e-02 5.350295e+00 4.414954e-02 1.813075e-02 9.988604e-01 -4.335974e-01
2.236182e-01 9.742889e-01 -2.749657e-02 6.978370e+01 -9.737022e-01 2.245669e-01 3.838985e-02 5.098494e+00 4.357762e-02 1.818881e-02 9.988845e-01 -4.255925e-01
2.678110e-01 9.630304e-01 -2.914972e-02 6.984927e+01 -9.625927e-01 2.687361e-01 3.458489e-02 4.842323e+00 4.113988e-02 1.879710e-02 9.989766e-01 -4.178309e-01
3.164764e-01 9.481503e-01 -2.921825e-02 6.990976e+01 -9.478680e-01 3.172921e-01 2.952960e-02 4.557987e+00 3.726922e-02 1.834962e-02 9.991368e-01 -3.886463e-01
3.605445e-01 9.323446e-01 -2.722655e-02 6.997464e+01 -9.321461e-01 3.612039e-01 2.520634e-02 4.296883e+00 3.333533e-02 1.629111e-02 9.993114e-01 -3.523060e-01
4.041538e-01 9.144622e-01 -2.045832e-02 7.006416e+01 -9.142415e-01 4.045552e-01 2.230560e-02 4.038964e+00 2.867415e-02 9.688952e-03 9.995419e-01 -3.258465e-01
4.515682e-01 8.920698e-01 -1.725035e-02 7.018362e+01 -8.918952e-01 4.518458e-01 1.892793e-02 3.755590e+00 2.467953e-02 6.838252e-03 9.996720e-01 -3.019761e-01
4.950323e-01 8.686316e-01 -2.054687e-02 7.029592e+01 -8.685556e-01 4.953528e-01 1.538308e-02 3.498082e+00 2.354018e-02 1.023098e-02 9.996705e-01 -2.837665e-01
5.385392e-01 8.422976e-01 -2.258880e-02 7.041888e+01 -8.422594e-01 5.388904e-01 1.400530e-02 3.241401e+00 2.396951e-02 1.148323e-02 9.996467e-01 -2.668028e-01
5.852283e-01 8.104964e-01 -2.456639e-02 7.059681e+01 -8.104913e-01 5.856115e-01 1.276365e-02 2.971100e+00 2.473126e-02 1.244120e-02 9.996167e-01 -2.508362e-01
6.268724e-01 7.787810e-01 -2.304867e-02 7.078605e+01 -7.787125e-01 6.272277e-01 1.386851e-02 2.730093e+00 2.525730e-02 9.254504e-03 9.996381e-01 -2.396887e-01
6.663026e-01 7.453892e-01 -2.087441e-02 7.099874e+01 -7.453020e-01 6.665955e-01 1.324559e-02 2.494744e+00 2.378791e-02 6.732167e-03 9.996944e-01 -2.269646e-01
7.073542e-01 7.065014e-01 -2.249129e-02 7.123032e+01 -7.064802e-01 7.076588e-01 1.023543e-02 2.236514e+00 2.314750e-02 8.649572e-03 9.996946e-01 -2.123413e-01
7.424235e-01 6.694562e-01 -2.521478e-02 7.146450e+01 -6.694930e-01 7.427731e-01 8.196898e-03 2.004713e+00 2.421633e-02 1.079555e-02 9.996485e-01 -2.051547e-01
7.748214e-01 6.314858e-01 -2.962179e-02 7.170547e+01 -6.316281e-01 7.752523e-01 5.464749e-03 1.778248e+00 2.641527e-02 1.447575e-02 9.995462e-01 -1.977666e-01
8.069135e-01 5.898581e-01 -3.095143e-02 7.204550e+01 -5.900015e-01 8.073851e-01 5.246868e-03 1.539850e+00 2.808463e-02 1.402763e-02 9.995071e-01 -2.250713e-01
8.329599e-01 5.527454e-01 -2.550266e-02 7.235773e+01 -5.527062e-01 8.333254e-01 9.202222e-03 1.336250e+00 2.633850e-02 6.430394e-03 9.996324e-01 -2.335122e-01
8.566606e-01 5.155341e-01 -1.890060e-02 7.267776e+01 -5.153685e-01 8.568677e-01 1.315518e-02 1.141644e+00 2.297726e-02 -1.528751e-03 9.997348e-01 -2.350404e-01
8.799789e-01 4.747398e-01 -1.610202e-02 7.304119e+01 -4.745754e-01 8.801177e-01 1.307541e-02 9.319129e-01 2.037909e-02 -3.864460e-03 9.997849e-01 -2.389829e-01
8.988184e-01 4.380603e-01 -1.511823e-02 7.337738e+01 -4.379402e-01 8.989406e-01 1.068210e-02 7.472337e-01 1.826980e-02 -2.980387e-03 9.998287e-01 -2.360871e-01
9.176528e-01 3.971335e-01 -1.408062e-02 7.378877e+01 -3.970803e-01 9.177608e-01 6.513742e-03 5.527419e-01 1.550946e-02 -3.862187e-04 9.998796e-01 -2.352439e-01
9.333262e-01 3.588394e-01 -1.168433e-02 7.417555e+01 -3.588305e-01 9.333982e-01 2.916955e-03 3.887028e-01 1.195285e-02 1.470224e-03 9.999275e-01 -2.383302e-01
9.471992e-01 3.205341e-01 -8.464265e-03 7.459097e+01 -3.205332e-01 9.472361e-01 1.500040e-03 2.401841e-01 8.498471e-03 1.292241e-03 9.999631e-01 -2.538093e-01
9.596943e-01 2.809736e-01 -6.387602e-03 7.504098e+01 -2.809537e-01 9.597136e-01 3.842558e-03 9.482222e-02 7.209926e-03 -1.893061e-03 9.999722e-01 -2.622326e-01
9.686144e-01 2.485143e-01 -5.182597e-03 7.548964e+01 -2.484747e-01 9.686112e-01 7.256139e-03 -2.993749e-02 6.823176e-03 -5.740656e-03 9.999602e-01 -2.807927e-01
9.754103e-01 2.203560e-01 -4.232201e-03 7.594568e+01 -2.203034e-01 9.753765e-01 1.034810e-02 -1.498840e-01 6.408256e-03 -9.161277e-03 9.999375e-01 -2.990496e-01
9.807455e-01 1.952756e-01 -2.393786e-03 7.646757e+01 -1.952272e-01 9.806667e-01 1.338559e-02 -2.743160e-01 4.961385e-03 -1.266053e-02 9.999075e-01 -3.229661e-01
9.841038e-01 1.775936e-01 -4.927437e-04 7.694057e+01 -1.775622e-01 9.839752e-01 1.626045e-02 -3.741593e-01 3.372600e-03 -1.591448e-02 9.998677e-01 -3.338283e-01
9.867272e-01 1.623858e-01 5.763050e-04 7.747420e+01 -1.623682e-01 9.865537e-01 1.866716e-02 -4.774619e-01 2.462727e-03 -1.851297e-02 9.998256e-01 -3.470083e-01
9.884123e-01 1.517851e-01 1.562700e-03 7.797163e+01 -1.517848e-01 9.881973e-01 2.067549e-02 -5.669592e-01 1.593976e-03 -2.067310e-02 9.997850e-01 -3.597062e-01
9.895692e-01 1.440371e-01 2.489716e-03 7.847635e+01 -1.440572e-01 9.893328e-01 2.163544e-02 -6.532473e-01 6.531487e-04 -2.176843e-02 9.997628e-01 -3.730347e-01
9.903937e-01 1.382328e-01 3.467788e-03 7.905399e+01 -1.382760e-01 9.901249e-01 2.307467e-02 -7.437818e-01 -2.438682e-04 -2.333252e-02 9.997277e-01 -3.901023e-01
9.908465e-01 1.349396e-01 3.812356e-03 7.957789e+01 -1.349927e-01 9.905433e-01 2.451633e-02 -8.187407e-01 -4.680788e-04 -2.480656e-02 9.996922e-01 -3.989585e-01
9.911166e-01 1.329373e-01 3.943655e-03 8.009950e+01 -1.329949e-01 9.907841e-01 2.567516e-02 -8.873761e-01 -4.941236e-04 -2.597156e-02 9.996626e-01 -3.880646e-01
9.913638e-01 1.310922e-01 3.560149e-03 8.066494e+01 -1.311405e-01 9.910269e-01 2.584230e-02 -9.657285e-01 -1.404795e-04 -2.608600e-02 9.996597e-01 -3.802052e-01
9.916339e-01 1.290462e-01 3.031591e-03 8.119686e+01 -1.290818e-01 9.913643e-01 2.312282e-02 -1.040860e+00 -2.149958e-05 -2.332069e-02 9.997280e-01 -3.785612e-01
9.919475e-01 1.266368e-01 1.827106e-03 8.177032e+01 -1.266475e-01 9.917352e-01 2.053350e-02 -1.117298e+00 7.882903e-04 -2.059955e-02 9.997875e-01 -3.513559e-01
9.921997e-01 1.246534e-01 1.154619e-03 8.230180e+01 -1.246524e-01 9.920128e-01 1.929546e-02 -1.183943e+00 1.259847e-03 -1.928887e-02 9.998132e-01 -3.226452e-01
9.924338e-01 1.227536e-01 2.601069e-03 8.282575e+01 -1.227789e-01 9.923220e-01 1.491183e-02 -1.253514e+00 -7.506171e-04 -1.511836e-02 9.998854e-01 -3.014881e-01
9.926750e-01 1.207702e-01 3.306092e-03 8.341819e+01 -1.208036e-01 9.925890e-01 1.317111e-02 -1.333606e+00 -1.690914e-03 -1.347402e-02 9.999078e-01 -2.875843e-01
9.929127e-01 1.188435e-01 8.334064e-04 8.394134e+01 -1.188427e-01 9.928028e-01 1.479584e-02 -1.398743e+00 9.309802e-04 -1.479002e-02 9.998902e-01 -2.784156e-01
9.929558e-01 1.184797e-01 -1.173904e-03 8.445946e+01 -1.184388e-01 9.927936e-01 1.824884e-02 -1.461202e+00 3.327562e-03 -1.798125e-02 9.998328e-01 -2.670894e-01
9.929352e-01 1.186492e-01 -1.420463e-03 8.502973e+01 -1.185985e-01 9.927466e-01 1.971391e-02 -1.531828e+00 3.749200e-03 -1.940617e-02 9.998047e-01 -2.531668e-01
9.930461e-01 1.176987e-01 -2.558431e-03 8.554213e+01 -1.176424e-01 9.929234e-01 1.623030e-02 -1.601760e+00 4.450612e-03 -1.581646e-02 9.998650e-01 -2.453585e-01
9.930889e-01 1.172686e-01 -4.740194e-03 8.606854e+01 -1.172149e-01 9.930527e-01 1.034000e-02 -1.677274e+00 5.919820e-03 -9.712922e-03 9.999353e-01 -2.483781e-01
9.928799e-01 1.191003e-01 -2.162590e-03 8.662662e+01 -1.190627e-01 9.928022e-01 1.295247e-02 -1.745549e+00 3.689666e-03 -1.260276e-02 9.999138e-01 -2.384091e-01
9.928245e-01 1.195763e-01 1.011045e-03 8.713805e+01 -1.195755e-01 9.926683e-01 1.764557e-02 -1.806909e+00 1.106359e-03 -1.763985e-02 9.998438e-01 -2.307118e-01
9.928057e-01 1.197166e-01 2.201751e-03 8.763483e+01 -1.197368e-01 9.926240e-01 1.899283e-02 -1.870615e+00 8.824620e-05 -1.911982e-02 9.998172e-01 -2.206359e-01
9.927687e-01 1.200150e-01 2.608122e-03 8.818191e+01 -1.200424e-01 9.926128e-01 1.759679e-02 -1.943993e+00 -4.769765e-04 -1.778263e-02 9.998418e-01 -2.143900e-01
9.927294e-01 1.203237e-01 3.247393e-03 8.867805e+01 -1.203614e-01 9.925895e-01 1.670990e-02 -2.012562e+00 -1.212732e-03 -1.697927e-02 9.998551e-01 -2.124641e-01
9.926915e-01 1.206413e-01 3.033035e-03 8.922162e+01 -1.206751e-01 9.925558e-01 1.644431e-02 -2.086656e+00 -1.026594e-03 -1.669014e-02 9.998602e-01 -2.110053e-01
9.926043e-01 1.213623e-01 2.805441e-03 8.970508e+01 -1.213928e-01 9.924521e-01 1.739833e-02 -2.148406e+00 -6.727646e-04 -1.761022e-02 9.998447e-01 -2.152411e-01
9.924739e-01 1.224231e-01 2.862214e-03 9.018658e+01 -1.224548e-01 9.923153e-01 1.775223e-02 -2.206018e+00 -6.669359e-04 -1.796911e-02 9.998383e-01 -2.333864e-01
9.922633e-01 1.241225e-01 2.690126e-03 9.072048e+01 -1.241501e-01 9.921257e-01 1.653184e-02 -2.273053e+00 -6.169700e-04 -1.673792e-02 9.998597e-01 -2.573176e-01
9.920824e-01 1.255737e-01 1.940720e-03 9.119843e+01 -1.255887e-01 9.919718e-01 1.480990e-02 -2.337581e+00 -6.540531e-05 -1.493637e-02 9.998884e-01 -2.713947e-01
9.918687e-01 1.272540e-01 1.693670e-03 9.167803e+01 -1.272653e-01 9.917734e-01 1.374729e-02 -2.401272e+00 6.966210e-05 -1.385106e-02 9.999041e-01 -2.877301e-01
9.915559e-01 1.296586e-01 2.341125e-03 9.219019e+01 -1.296788e-01 9.914551e-01 1.414674e-02 -2.470275e+00 -4.868741e-04 -1.433088e-02 9.998972e-01 -2.916617e-01
9.912958e-01 1.316225e-01 2.871510e-03 9.265847e+01 -1.316504e-01 9.911920e-01 1.437073e-02 -2.533911e+00 -9.547061e-04 -1.462368e-02 9.998926e-01 -2.997059e-01
9.910735e-01 1.332929e-01 2.507316e-03 9.311091e+01 -1.333145e-01 9.909869e-01 1.312487e-02 -2.591525e+00 -7.352653e-04 -1.334197e-02 9.999107e-01 -2.934943e-01
9.908282e-01 1.351125e-01 2.029411e-03 9.360172e+01 -1.351266e-01 9.907708e-01 1.067441e-02 -2.651018e+00 -5.684339e-04 -1.085074e-02 9.999410e-01 -2.822361e-01
9.905971e-01 1.368023e-01 1.566026e-03 9.404616e+01 -1.368110e-01 9.905559e-01 9.044098e-03 -2.709275e+00 -3.139822e-04 -9.173307e-03 9.999579e-01 -2.717905e-01
9.903901e-01 1.383021e-01 -5.804020e-05 9.453823e+01 -1.382966e-01 9.903541e-01 8.536032e-03 -2.773510e+00 1.238032e-03 -8.445975e-03 9.999636e-01 -2.621761e-01
9.902122e-01 1.395308e-01 -3.297009e-03 9.499212e+01 -1.394981e-01 9.901844e-01 8.665994e-03 -2.835639e+00 4.473821e-03 -8.121247e-03 9.999570e-01 -2.551123e-01
9.900817e-01 1.403816e-01 -5.589948e-03 9.546062e+01 -1.403370e-01 9.900739e-01 7.689434e-03 -2.901832e+00 6.613916e-03 -6.828691e-03 9.999548e-01 -2.496821e-01
9.901062e-01 1.401750e-01 -6.374795e-03 9.598862e+01 -1.401304e-01 9.901085e-01 6.974177e-03 -2.978142e+00 7.289344e-03 -6.011873e-03 9.999554e-01 -2.438511e-01
9.901585e-01 1.398083e-01 -6.305818e-03 9.647279e+01 -1.397761e-01 9.901690e-01 5.294647e-03 -3.049489e+00 6.984061e-03 -4.361137e-03 9.999661e-01 -2.355714e-01
9.901968e-01 1.395590e-01 -5.800188e-03 9.696896e+01 -1.395399e-01 9.902100e-01 3.574005e-03 -3.121570e+00 6.242189e-03 -2.729611e-03 9.999768e-01 -2.272592e-01
9.903357e-01 1.385790e-01 -5.581170e-03 9.751438e+01 -1.385713e-01 9.903509e-01 1.741583e-03 -3.198579e+00 5.768664e-03 -9.513612e-04 9.999829e-01 -2.118178e-01
9.906377e-01 1.363856e-01 -5.989922e-03 9.801554e+01 -1.363871e-01 9.906556e-01 1.656881e-04 -3.257840e+00 5.956547e-03 6.528112e-04 9.999820e-01 -1.910738e-01
9.910114e-01 1.336571e-01 -5.665437e-03 9.852390e+01 -1.336584e-01 9.910274e-01 1.466634e-04 -3.322650e+00 5.634206e-03 6.118882e-04 9.999839e-01 -1.735166e-01
9.914612e-01 1.303335e-01 -4.234247e-03 9.909334e+01 -1.303347e-01 9.914701e-01 1.011149e-06 -3.391213e+00 4.198261e-03 5.508669e-04 9.999910e-01 -1.536048e-01
9.919839e-01 1.263250e-01 -3.151000e-03 9.961672e+01 -1.263264e-01 9.919887e-01 -2.674977e-04 -3.457214e+00 3.091965e-03 6.634080e-04 9.999950e-01 -1.372991e-01
9.926153e-01 1.212907e-01 -1.875594e-03 1.002057e+02 -1.212923e-01 9.926166e-01 -7.461595e-04 -3.529470e+00 1.771243e-03 9.681444e-04 9.999980e-01 -1.237592e-01
9.931903e-01 1.165008e-01 -7.003805e-04 1.007472e+02 -1.165012e-01 9.931904e-01 -4.959256e-04 -3.595116e+00 6.378355e-04 5.741437e-04 9.999996e-01 -1.145388e-01
9.937640e-01 1.115029e-01 -4.373163e-04 1.012853e+02 -1.115030e-01 9.937641e-01 -2.848241e-04 -3.658088e+00 4.028305e-04 3.318100e-04 9.999999e-01 -1.054747e-01
9.943737e-01 1.059009e-01 -2.443074e-03 1.018783e+02 -1.058997e-01 9.943766e-01 6.370881e-04 -3.723852e+00 2.496804e-03 -3.747830e-04 9.999968e-01 -9.954515e-02
9.949087e-01 1.006836e-01 -4.416743e-03 1.024136e+02 -1.006773e-01 9.949178e-01 1.634296e-03 -3.781981e+00 4.558843e-03 -1.181310e-03 9.999889e-01 -9.328843e-02
9.953843e-01 9.580977e-02 -5.527998e-03 1.029633e+02 -9.578612e-02 9.953922e-01 4.394840e-03 -3.837026e+00 5.923594e-03 -3.845049e-03 9.999751e-01 -9.207922e-02
9.958469e-01 9.081980e-02 -6.387261e-03 1.035662e+02 -9.077719e-02 9.958489e-01 6.671964e-03 -3.894904e+00 6.966693e-03 -6.064437e-03 9.999573e-01 -8.899229e-02
9.962648e-01 8.613125e-02 -6.149115e-03 1.041198e+02 -8.607939e-02 9.962541e-01 8.252763e-03 -3.946863e+00 6.836902e-03 -7.692625e-03 9.999470e-01 -8.701156e-02
9.965885e-01 8.237036e-02 -5.142518e-03 1.046503e+02 -8.232899e-02 9.965747e-01 7.795916e-03 -3.995636e+00 5.767056e-03 -7.345942e-03 9.999564e-01 -7.341072e-02
9.968531e-01 7.918001e-02 -3.786761e-03 1.052019e+02 -7.915190e-02 9.968375e-01 7.073815e-03 -4.043242e+00 4.334890e-03 -6.751825e-03 9.999678e-01 -4.476809e-02
9.970145e-01 7.720422e-02 -1.296929e-03 1.057217e+02 -7.719229e-02 9.969875e-01 7.570877e-03 -4.084162e+00 1.877525e-03 -7.448161e-03 9.999705e-01 -2.884482e-02
9.971222e-01 7.581061e-02 3.643606e-04 1.063265e+02 -7.581035e-02 9.970694e-01 1.026580e-02 -4.119834e+00 4.149640e-04 -1.026388e-02 9.999472e-01 -1.796795e-02
9.971532e-01 7.539606e-02 9.935934e-04 1.068840e+02 -7.540258e-02 9.970778e-01 1.225761e-02 -4.148479e+00 -6.651420e-05 -1.229764e-02 9.999244e-01 -8.054216e-03
9.970912e-01 7.620083e-02 1.614141e-03 1.074350e+02 -7.621580e-02 9.969978e-01 1.365749e-02 -4.178954e+00 -5.685827e-04 -1.374079e-02 9.999054e-01 1.517652e-03
9.969261e-01 7.832158e-02 2.031457e-03 1.080404e+02 -7.834313e-02 9.968167e-01 1.479506e-02 -4.212902e+00 -8.662185e-04 -1.490873e-02 9.998885e-01 1.069813e-02
9.967300e-01 8.078220e-02 1.895021e-03 1.085857e+02 -8.080159e-02 9.966172e-01 1.500653e-02 -4.249268e+00 -6.763498e-04 -1.511058e-02 9.998856e-01 1.306445e-02
9.965023e-01 8.350353e-02 3.199642e-03 1.091375e+02 -8.354305e-02 9.963861e-01 1.534255e-02 -4.283684e+00 -1.906922e-03 -1.555619e-02 9.998772e-01 1.284790e-02
9.961878e-01 8.709380e-02 4.945230e-03 1.097160e+02 -8.716639e-02 9.960469e-01 1.710513e-02 -4.324810e+00 -3.435930e-03 -1.747098e-02 9.998415e-01 1.984031e-02
9.958464e-01 9.083941e-02 6.172256e-03 1.102434e+02 -9.094139e-02 9.956756e-01 1.896690e-02 -4.361788e+00 -4.422623e-03 -1.944943e-02 9.998011e-01 2.294299e-02
9.954445e-01 9.506861e-02 7.222975e-03 1.107536e+02 -9.519597e-02 9.952573e-01 2.001574e-02 -4.402897e+00 -5.285849e-03 -2.061216e-02 9.997736e-01 2.862074e-02
9.949024e-01 1.005647e-01 7.479690e-03 1.113214e+02 -1.007020e-01 9.946932e-01 2.108583e-02 -4.452186e+00 -5.319507e-03 -2.173156e-02 9.997497e-01 2.565723e-02
9.943316e-01 1.060702e-01 7.335708e-03 1.118224e+02 -1.062085e-01 9.940976e-01 2.213131e-02 -4.499781e+00 -4.944936e-03 -2.278498e-02 9.997282e-01 2.441690e-02
9.936449e-01 1.123049e-01 7.570729e-03 1.123118e+02 -1.124443e-01 9.934238e-01 2.157217e-02 -4.548772e+00 -5.098282e-03 -2.228636e-02 9.997386e-01 2.470316e-02
9.928178e-01 1.193770e-01 7.870125e-03 1.128414e+02 -1.195058e-01 9.926576e-01 1.868709e-02 -4.605521e+00 -5.581532e-03 -1.949340e-02 9.997944e-01 2.530913e-02
9.919831e-01 1.260986e-01 8.291095e-03 1.133063e+02 -1.262224e-01 9.918622e-01 1.665219e-02 -4.659732e+00 -6.123806e-03 -1.756521e-02 9.998270e-01 2.903471e-02
9.910374e-01 1.335243e-01 4.023223e-03 1.138231e+02 -1.335746e-01 9.908855e-01 1.742970e-02 -4.721949e+00 -1.659265e-03 -1.781089e-02 9.998400e-01 2.120463e-02
9.900489e-01 1.407096e-01 -2.016719e-03 1.142763e+02 -1.406592e-01 9.899263e-01 1.615239e-02 -4.781420e+00 4.269198e-03 -1.570798e-02 9.998675e-01 2.014030e-02
9.890084e-01 1.477115e-01 -6.612133e-03 1.147275e+02 -1.475817e-01 9.889026e-01 1.706586e-02 -4.843667e+00 9.059580e-03 -1.590245e-02 9.998325e-01 1.696152e-02
9.878070e-01 1.549060e-01 -1.553807e-02 1.152063e+02 -1.546327e-01 9.878174e-01 1.747710e-02 -4.914383e+00 1.805608e-02 -1.486131e-02 9.997265e-01 1.819607e-02
9.866919e-01 1.605513e-01 -2.573646e-02 1.156396e+02 -1.601020e-01 9.869238e-01 1.867462e-02 -4.979218e+00 2.839816e-02 -1.430564e-02 9.994943e-01 1.711753e-02
9.854707e-01 1.659206e-01 -3.630339e-02 1.160626e+02 -1.652968e-01 9.860495e-01 1.957761e-02 -5.042113e+00 3.904526e-02 -1.329233e-02 9.991490e-01 1.983269e-02
9.843406e-01 1.717075e-01 -3.987744e-02 1.165221e+02 -1.710204e-01 9.850630e-01 2.007272e-02 -5.112009e+00 4.272843e-02 -1.293853e-02 9.990029e-01 3.659144e-02
9.836364e-01 1.759333e-01 -3.881971e-02 1.169239e+02 -1.754042e-01 9.843554e-01 1.666467e-02 -5.185439e+00 4.114426e-02 -9.582835e-03 9.991073e-01 6.939892e-02
9.828954e-01 1.799068e-01 -3.937324e-02 1.173025e+02 -1.794969e-01 9.836626e-01 1.373757e-02 -5.264757e+00 4.120147e-02 -6.435221e-03 9.991301e-01 1.162608e-01
9.821550e-01 1.851020e-01 -3.329764e-02 1.177106e+02 -1.847600e-01 9.826964e-01 1.309832e-02 -5.349767e+00 3.514600e-02 -6.712510e-03 9.993596e-01 1.760585e-01
9.816251e-01 1.893543e-01 -2.360496e-02 1.180802e+02 -1.890510e-01 9.818602e-01 1.449889e-02 -5.425842e+00 2.592220e-02 -9.769931e-03 9.996162e-01 2.306247e-01
9.809474e-01 1.936500e-01 -1.555191e-02 1.184436e+02 -1.934368e-01 9.810097e-01 1.421926e-02 -5.504551e+00 1.801014e-02 -1.094003e-02 9.997780e-01 2.874986e-01
9.801658e-01 1.979452e-01 -9.631522e-03 1.188624e+02 -1.977961e-01 9.801353e-01 1.454242e-02 -5.584074e+00 1.231880e-02 -1.234890e-02 9.998479e-01 3.404149e-01
9.793603e-01 2.020122e-01 -6.668445e-03 1.192923e+02 -2.019153e-01 9.793175e-01 1.293895e-02 -5.631396e+00 9.144352e-03 -1.132543e-02 9.998941e-01 4.092471e-01
9.782772e-01 2.072006e-01 -6.445782e-03 1.197426e+02 -2.071221e-01 9.782521e-01 1.110329e-02 -5.694351e+00 8.606207e-03 -9.527028e-03 9.999176e-01 4.619225e-01
9.769485e-01 2.133002e-01 -8.640443e-03 1.201598e+02 -2.132081e-01 9.769507e-01 1.046634e-02 -5.742457e+00 1.067376e-02 -8.382867e-03 9.999079e-01 5.133971e-01
9.755501e-01 2.195929e-01 -9.000808e-03 1.205600e+02 -2.194762e-01 9.755392e-01 1.238558e-02 -5.801570e+00 1.150043e-02 -1.010729e-02 9.998828e-01 5.489835e-01
9.739388e-01 2.266686e-01 -8.039476e-03 1.210005e+02 -2.265678e-01 9.739239e-01 1.179898e-02 -5.868436e+00 1.050430e-02 -9.670000e-03 9.998981e-01 5.924604e-01
9.725723e-01 2.325090e-01 -6.524962e-03 1.213912e+02 -2.324251e-01 9.725456e-01 1.156122e-02 -5.938794e+00 9.033912e-03 -9.727562e-03 9.999119e-01 6.268347e-01
9.710594e-01 2.388092e-01 -3.727161e-03 1.217728e+02 -2.387437e-01 9.709957e-01 1.299336e-02 -6.005931e+00 6.721990e-03 -1.172749e-02 9.999086e-01 6.624881e-01
9.694607e-01 2.452424e-01 1.482906e-03 1.221934e+02 -2.452354e-01 9.693394e-01 1.551231e-02 -6.079469e+00 2.366836e-03 -1.540223e-02 9.998786e-01 7.040479e-01
9.681593e-01 2.502335e-01 7.123191e-03 1.225679e+02 -2.503020e-01 9.681013e-01 1.134865e-02 -6.157715e+00 -4.056158e-03 -1.277025e-02 9.999102e-01 7.398048e-01
9.669249e-01 2.546391e-01 1.466688e-02 1.229424e+02 -2.547394e-01 9.669947e-01 5.395605e-03 -6.239042e+00 -1.280886e-02 -8.953376e-03 9.998779e-01 7.754850e-01
9.655258e-01 2.594074e-01 2.162543e-02 1.233456e+02 -2.594870e-01 9.657462e-01 9.092009e-04 -6.331126e+00 -2.064882e-02 -6.489374e-03 9.997657e-01 8.002901e-01
9.645378e-01 2.624050e-01 2.846699e-02 1.237013e+02 -2.624518e-01 9.649427e-01 -2.147412e-03 -6.410772e+00 -2.803251e-02 -5.399954e-03 9.995924e-01 8.282738e-01
9.634154e-01 2.657089e-01 3.506381e-02 1.240850e+02 -2.656928e-01 9.640437e-01 -5.202245e-03 -6.502748e+00 -3.518533e-02 -4.304280e-03 9.993715e-01 8.557795e-01
9.623732e-01 2.692801e-01 3.641404e-02 1.244449e+02 -2.693551e-01 9.630365e-01 -2.922254e-03 -6.569989e+00 -3.585496e-02 -6.996009e-03 9.993325e-01 8.924731e-01
9.616637e-01 2.722481e-01 3.292416e-02 1.247562e+02 -2.724902e-01 9.621538e-01 3.019469e-03 -6.649715e+00 -3.085606e-02 -1.187523e-02 9.994533e-01 8.954589e-01
9.610389e-01 2.749394e-01 2.850616e-02 1.250828e+02 -2.752231e-01 9.613585e-01 6.480416e-03 -6.745326e+00 -2.562292e-02 -1.407349e-02 9.995726e-01 8.831843e-01
9.605049e-01 2.773396e-01 2.265154e-02 1.253813e+02 -2.775221e-01 9.607047e-01 5.294380e-03 -6.829776e+00 -2.029309e-02 -1.137158e-02 9.997294e-01 8.868184e-01
9.602777e-01 2.786298e-01 1.524046e-02 1.256504e+02 -2.786878e-01 9.603801e-01 1.781025e-03 -6.921958e+00 -1.414038e-02 -5.957608e-03 9.998823e-01 8.805601e-01
9.611422e-01 2.759706e-01 6.772464e-03 1.259334e+02 -2.759727e-01 9.611653e-01 -6.392160e-04 -7.014074e+00 -6.685862e-03 -1.254638e-03 9.999769e-01 8.555932e-01
9.630152e-01 2.694368e-01 -2.355432e-03 1.261845e+02 -2.694431e-01 9.630118e-01 -2.958830e-03 -7.094883e+00 1.471092e-03 3.484053e-03 9.999928e-01 8.451701e-01
9.656696e-01 2.595642e-01 -1.042332e-02 1.264185e+02 -2.596182e-01 9.657022e-01 -4.193217e-03 -7.175389e+00 8.977419e-03 6.755347e-03 9.999369e-01 8.364362e-01
9.693890e-01 2.450659e-01 -1.508676e-02 1.266832e+02 -2.451762e-01 9.694604e-01 -5.925173e-03 -7.252641e+00 1.317396e-02 9.442711e-03 9.998686e-01 8.411565e-01
9.737893e-01 2.271889e-01 -1.093598e-02 1.269119e+02 -2.272504e-01 9.738248e-01 -4.739269e-03 -7.315859e+00 9.573018e-03 7.100255e-03 9.999290e-01 8.508336e-01
9.789651e-01 2.038975e-01 -7.294439e-03 1.271437e+02 -2.039315e-01 9.789759e-01 -4.250969e-03 -7.376519e+00 6.274319e-03 5.649116e-03 9.999644e-01 8.546320e-01
9.846193e-01 1.744607e-01 -9.392935e-03 1.273891e+02 -1.744952e-01 9.846535e-01 -2.987763e-03 -7.436311e+00 8.727539e-03 4.580832e-03 9.999514e-01 8.343130e-01
9.894585e-01 1.443753e-01 -1.130045e-02 1.276177e+02 -1.444077e-01 9.895161e-01 -2.099864e-03 -7.478468e+00 1.087880e-02 3.709599e-03 9.999339e-01 8.181574e-01
9.936920e-01 1.115240e-01 -1.177491e-02 1.278487e+02 -1.115460e-01 9.937585e-01 -1.219997e-03 -7.508239e+00 1.156535e-02 2.525744e-03 9.999299e-01 8.083713e-01
9.972343e-01 7.350211e-02 -1.100693e-02 1.281022e+02 -7.351135e-02 9.972943e-01 -4.359945e-04 -7.529922e+00 1.094510e-02 1.243923e-03 9.999393e-01 7.892536e-01
9.993071e-01 3.577256e-02 -1.027445e-02 1.283386e+02 -3.577584e-02 9.993598e-01 -1.357169e-04 -7.542380e+00 1.026302e-02 5.032000e-04 9.999472e-01 7.710965e-01
9.999508e-01 -4.015623e-03 -9.067230e-03 1.285767e+02 4.011795e-03 9.999919e-01 -4.402625e-04 -7.548199e+00 9.068924e-03 4.038650e-04 9.999588e-01 7.403166e-01
9.987059e-01 -5.033737e-02 -7.255404e-03 1.288510e+02 5.033517e-02 9.987323e-01 -4.860915e-04 -7.542605e+00 7.270674e-03 1.202605e-04 9.999736e-01 7.284123e-01
9.955782e-01 -9.381725e-02 -4.727922e-03 1.291002e+02 9.381565e-02 9.955894e-01 -5.601082e-04 -7.523533e+00 4.759617e-03 1.140784e-04 9.999887e-01 7.082284e-01
9.905312e-01 -1.372775e-01 -1.686136e-03 1.293558e+02 1.372774e-01 9.905326e-01 -1.745987e-04 -7.493993e+00 1.694141e-03 -5.852282e-05 9.999986e-01 6.945398e-01
9.827764e-01 -1.847774e-01 2.808684e-03 1.296415e+02 1.847718e-01 9.827791e-01 2.137362e-03 -7.447104e+00 -3.155253e-03 -1.581584e-03 9.999938e-01 6.832901e-01
9.735205e-01 -2.285508e-01 4.734534e-03 1.299070e+02 2.285245e-01 9.735225e-01 5.521706e-03 -7.391216e+00 -5.871166e-03 -4.293537e-03 9.999735e-01 6.803152e-01
9.618175e-01 -2.736505e-01 4.750692e-03 1.301721e+02 2.735969e-01 9.617963e-01 9.625985e-03 -7.321140e+00 -7.203353e-03 -7.958665e-03 9.999424e-01 6.851877e-01
9.466184e-01 -3.223200e-01 4.831998e-03 1.304684e+02 3.222390e-01 9.465721e-01 1.277608e-02 -7.227107e+00 -8.691821e-03 -1.053702e-02 9.999067e-01 6.867120e-01
9.307832e-01 -3.655436e-01 4.520244e-03 1.307446e+02 3.654463e-01 9.307168e-01 1.466761e-02 -7.129431e+00 -9.568718e-03 -1.200046e-02 9.998822e-01 6.839094e-01
9.109050e-01 -4.125634e-01 6.598607e-03 1.310529e+02 4.124536e-01 9.108785e-01 1.350577e-02 -7.003972e+00 -1.158252e-02 -9.580855e-03 9.998870e-01 6.815876e-01
8.907733e-01 -4.543440e-01 9.717068e-03 1.313369e+02 4.542115e-01 8.907960e-01 1.320818e-02 -6.875043e+00 -1.465698e-02 -7.351891e-03 9.998656e-01 6.811950e-01
8.688159e-01 -4.949939e-01 1.183206e-02 1.316136e+02 4.948580e-01 8.688810e-01 1.270368e-02 -6.722705e+00 -1.656890e-02 -5.181965e-03 9.998493e-01 6.821137e-01
8.441245e-01 -5.360143e-01 1.193596e-02 1.318926e+02 5.358075e-01 8.441730e-01 1.680342e-02 -6.550642e+00 -1.908289e-02 -7.788805e-03 9.997876e-01 6.817629e-01
8.144867e-01 -5.800936e-01 1.014677e-02 1.322086e+02 5.797717e-01 8.144436e-01 2.337310e-02 -6.340711e+00 -2.182255e-02 -1.315427e-02 9.996753e-01 6.790101e-01
7.854354e-01 -6.188174e-01 1.249621e-02 1.325047e+02 6.184333e-01 7.854476e-01 2.474585e-02 -6.131674e+00 -2.512828e-02 -1.170819e-02 9.996157e-01 6.759261e-01
7.514913e-01 -6.595397e-01 1.637345e-02 1.328319e+02 6.591052e-01 7.516246e-01 2.531287e-02 -5.878609e+00 -2.900154e-02 -8.230579e-03 9.995455e-01 6.705601e-01
7.183843e-01 -6.954673e-01 1.579090e-02 1.331195e+02 6.949984e-01 7.185097e-01 2.685234e-02 -5.619315e+00 -3.002084e-02 -8.315647e-03 9.995147e-01 6.686658e-01
6.828339e-01 -7.304467e-01 1.362012e-02 1.334007e+02 7.299371e-01 6.828984e-01 2.901021e-02 -5.339753e+00 -3.049157e-02 -9.867322e-03 9.994863e-01 6.645405e-01
6.418687e-01 -7.666989e-01 1.332042e-02 1.337054e+02 7.661853e-01 6.419488e-01 2.935817e-02 -5.006063e+00 -3.105990e-02 -8.638181e-03 9.994802e-01 6.570219e-01
6.033637e-01 -7.973642e-01 1.275400e-02 1.339809e+02 7.968472e-01 6.034483e-01 2.974543e-02 -4.681186e+00 -3.141432e-02 -7.784323e-03 9.994761e-01 6.521296e-01
5.630668e-01 -8.263506e-01 1.002439e-02 1.342413e+02 8.258906e-01 5.631011e-01 2.866594e-02 -4.331903e+00 -2.933286e-02 -7.861785e-03 9.995388e-01 6.435855e-01
5.175037e-01 -8.556572e-01 6.377081e-03 1.345184e+02 8.552763e-01 5.174738e-01 2.689414e-02 -3.919727e+00 -2.631213e-02 -8.463650e-03 9.996179e-01 6.372841e-01
4.755369e-01 -8.796731e-01 6.320752e-03 1.347620e+02 8.793351e-01 4.755354e-01 2.521521e-02 -3.522392e+00 -2.518688e-02 -6.432702e-03 9.996621e-01 6.296024e-01
4.343131e-01 -9.007187e-01 8.828085e-03 1.349977e+02 9.003616e-01 4.343914e-01 2.555611e-02 -3.103591e+00 -2.685371e-02 -3.150887e-03 9.996344e-01 6.205762e-01
3.909832e-01 -9.203437e-01 9.984429e-03 1.352347e+02 9.199246e-01 3.911070e-01 2.782043e-02 -2.614046e+00 -2.950934e-02 -1.692398e-03 9.995631e-01 6.109896e-01
3.548102e-01 -9.349108e-01 7.173637e-03 1.354308e+02 9.343594e-01 3.548500e-01 3.246398e-02 -2.143380e+00 -3.289649e-02 -4.815795e-03 9.994472e-01 6.087940e-01
3.183293e-01 -9.479693e-01 4.546920e-03 1.356310e+02 9.473115e-01 3.182812e-01 3.602824e-02 -1.603610e+00 -3.560087e-02 -7.161497e-03 9.993404e-01 6.166874e-01
2.877141e-01 -9.577090e-01 3.753312e-03 1.358041e+02 9.570333e-01 2.876547e-01 3.663355e-02 -1.096025e+00 -3.616394e-02 -6.947943e-03 9.993217e-01 6.127784e-01
2.602393e-01 -9.655347e-01 4.274924e-03 1.359651e+02 9.648179e-01 2.602127e-01 3.762746e-02 -5.709497e-01 -3.744300e-02 -5.667621e-03 9.992827e-01 6.050699e-01
2.323426e-01 -9.726084e-01 7.052693e-03 1.361262e+02 9.718405e-01 2.324398e-01 3.870219e-02 2.786500e-02 -3.928140e-02 -2.138076e-03 9.992259e-01 5.929527e-01
2.092408e-01 -9.778168e-01 9.625222e-03 1.362656e+02 9.769785e-01 2.094600e-01 4.049032e-02 5.894329e-01 -4.160821e-02 9.314083e-04 9.991336e-01 5.913063e-01
1.889271e-01 -9.819361e-01 1.039805e-02 1.363889e+02 9.809579e-01 1.892033e-01 4.385935e-02 1.168618e+00 -4.503442e-02 1.913836e-03 9.989836e-01 5.949832e-01
1.689161e-01 -9.855811e-01 9.859369e-03 1.365124e+02 9.844444e-01 1.691949e-01 4.735261e-02 1.821801e+00 -4.833799e-02 1.707386e-03 9.988296e-01 5.858117e-01
1.526715e-01 -9.882289e-01 9.747433e-03 1.366115e+02 9.870285e-01 1.529668e-01 4.874420e-02 2.429539e+00 -4.966146e-02 2.179145e-03 9.987637e-01 5.695787e-01
1.377912e-01 -9.904073e-01 1.034476e-02 1.367203e+02 9.891694e-01 1.381372e-01 4.961812e-02 3.111183e+00 -5.057114e-02 3.395780e-03 9.987147e-01 5.432693e-01
1.264688e-01 -9.919231e-01 9.703364e-03 1.368126e+02 9.906397e-01 1.267997e-01 5.054623e-02 3.745570e+00 -5.136836e-02 3.220014e-03 9.986746e-01 5.315696e-01
1.179229e-01 -9.929745e-01 9.792931e-03 1.369009e+02 9.916419e-01 1.182731e-01 5.155458e-02 4.392430e+00 -5.235062e-02 3.631615e-03 9.986222e-01 5.166614e-01
1.109636e-01 -9.937743e-01 9.984794e-03 1.369868e+02 9.923348e-01 1.113415e-01 5.361700e-02 5.119343e+00 -5.439491e-02 3.958726e-03 9.985117e-01 4.983355e-01
1.068562e-01 -9.942198e-01 1.042527e-02 1.370642e+02 9.927173e-01 1.072696e-01 5.482288e-02 5.790392e+00 -5.562431e-02 4.491179e-03 9.984417e-01 4.735243e-01
1.055215e-01 -9.943647e-01 1.020525e-02 1.371446e+02 9.927419e-01 1.059337e-01 5.693414e-02 6.470317e+00 -5.769438e-02 4.123397e-03 9.983258e-01 4.480366e-01
1.059498e-01 -9.943171e-01 1.039990e-02 1.372364e+02 9.925721e-01 1.063812e-01 5.902233e-02 7.230094e+00 -5.979327e-02 4.069243e-03 9.982025e-01 4.362588e-01
1.072169e-01 -9.941589e-01 1.235701e-02 1.373224e+02 9.923643e-01 1.077690e-01 5.999149e-02 7.927084e+00 -6.097278e-02 5.830550e-03 9.981224e-01 4.186025e-01
1.084676e-01 -9.939727e-01 1.590451e-02 1.374103e+02 9.921924e-01 1.092363e-01 6.017988e-02 8.629472e+00 -6.155451e-02 9.252762e-03 9.980608e-01 3.995920e-01
1.091739e-01 -9.937765e-01 2.212017e-02 1.375093e+02 9.920155e-01 1.103399e-01 6.107694e-02 9.409302e+00 -6.313757e-02 1.527554e-02 9.978879e-01 3.676291e-01
1.095790e-01 -9.936770e-01 2.446308e-02 1.376015e+02 9.920630e-01 1.108618e-01 5.933532e-02 1.012361e+01 -6.167217e-02 1.776701e-02 9.979383e-01 3.478499e-01
1.106540e-01 -9.935378e-01 2.526657e-02 1.377041e+02 9.921213e-01 1.119275e-01 5.628050e-02 1.091944e+01 -5.874482e-02 1.883984e-02 9.980952e-01 3.276814e-01
1.113299e-01 -9.934956e-01 2.391941e-02 1.377975e+02 9.922900e-01 1.124495e-01 5.211237e-02 1.165038e+01 -5.446313e-02 1.793332e-02 9.983547e-01 3.092802e-01
1.121617e-01 -9.933442e-01 2.621191e-02 1.378935e+02 9.924073e-01 1.133178e-01 4.782161e-02 1.238758e+01 -5.047360e-02 2.064914e-02 9.985119e-01 2.817179e-01
1.143539e-01 -9.930773e-01 2.684328e-02 1.379989e+02 9.921242e-01 1.155510e-01 4.834747e-02 1.320802e+01 -5.111454e-02 2.110314e-02 9.984698e-01 2.584950e-01
1.167049e-01 -9.927714e-01 2.801521e-02 1.380985e+02 9.918423e-01 1.179591e-01 4.831694e-02 1.396080e+01 -5.127233e-02 2.214785e-02 9.984391e-01 2.426271e-01
1.186424e-01 -9.925666e-01 2.712081e-02 1.382065e+02 9.915696e-01 1.198678e-01 4.920840e-02 1.471897e+01 -5.209353e-02 2.105397e-02 9.984202e-01 2.376076e-01
1.206522e-01 -9.923614e-01 2.572852e-02 1.383261e+02 9.912590e-01 1.218307e-01 5.062388e-02 1.555859e+01 -5.337170e-02 1.939575e-02 9.983863e-01 2.288146e-01
1.222341e-01 -9.921738e-01 2.549383e-02 1.384361e+02 9.910335e-01 1.234095e-01 5.121309e-02 1.632649e+01 -5.395847e-02 1.900525e-02 9.983623e-01 2.094279e-01
1.237714e-01 -9.919308e-01 2.745751e-02 1.385521e+02 9.908020e-01 1.250611e-01 5.168275e-02 1.709824e+01 -5.469958e-02 2.080811e-02 9.982860e-01 1.899828e-01
1.255093e-01 -9.917115e-01 2.748875e-02 1.386766e+02 9.905810e-01 1.267988e-01 5.168415e-02 1.795323e+01 -5.474131e-02 2.074299e-02 9.982851e-01 1.662127e-01
1.272483e-01 -9.915125e-01 2.665999e-02 1.387905e+02 9.904070e-01 1.284743e-01 5.087488e-02 1.873468e+01 -5.386820e-02 1.993050e-02 9.983491e-01 1.494296e-01
1.287075e-01 -9.913250e-01 2.662814e-02 1.389160e+02 9.902694e-01 1.299107e-01 4.989717e-02 1.959944e+01 -5.292360e-02 1.994689e-02 9.983993e-01 1.261865e-01
1.298067e-01 -9.911495e-01 2.780111e-02 1.390343e+02 9.901291e-01 1.310660e-01 4.966031e-02 2.038913e+01 -5.286457e-02 2.108044e-02 9.983792e-01 1.107443e-01
1.308744e-01 -9.909821e-01 2.874766e-02 1.391548e+02 9.899612e-01 1.321908e-01 5.002415e-02 2.118304e+01 -5.337321e-02 2.191219e-02 9.983342e-01 9.107901e-02
1.314960e-01 -9.908619e-01 3.002603e-02 1.392871e+02 9.898560e-01 1.328857e-01 5.026360e-02 2.206102e+01 -5.379431e-02 2.311198e-02 9.982845e-01 7.743671e-02
1.312697e-01 -9.908781e-01 3.047638e-02 1.394017e+02 9.898821e-01 1.326842e-01 5.028189e-02 2.286594e+01 -5.386696e-02 2.356754e-02 9.982700e-01 6.131359e-02
1.307790e-01 -9.909200e-01 3.121508e-02 1.395093e+02 9.899697e-01 1.322215e-01 4.977332e-02 2.367668e+01 -5.344869e-02 2.439268e-02 9.982726e-01 4.027421e-02
1.300221e-01 -9.909885e-01 3.218676e-02 1.396266e+02 9.900827e-01 1.315082e-01 4.941402e-02 2.457421e+01 -5.320155e-02 2.544264e-02 9.982596e-01 1.851825e-02
1.292693e-01 -9.910816e-01 3.235216e-02 1.397362e+02 9.901765e-01 1.307671e-01 4.950172e-02 2.539558e+01 -5.329084e-02 2.563530e-02 9.982499e-01 -6.820485e-03
1.286132e-01 -9.911403e-01 3.316094e-02 1.398148e+02 9.901949e-01 1.301852e-01 5.065358e-02 2.624041e+01 -5.452187e-02 2.632108e-02 9.981656e-01 3.673171e-03
