1.000001 0.000000 0.000001 0.000000 0.000000 0.999999 0.000000 0.000000 0.000001 0.000000 1.000001 0.000000
0.999992 -0.002428 -0.003314 -0.002799 0.002422 0.999995 -0.002066 -0.007312 0.003320 0.002058 0.999993 0.688936
0.999973 -0.001037 -0.007284 -0.014365 0.001009 0.999992 -0.003931 -0.007797 0.007288 0.003923 0.999966 1.396700
0.999941 -0.001187 -0.010899 -0.033261 0.001132 0.999986 -0.005102 -0.014179 0.010906 0.005090 0.999928 2.117717
0.999882 -0.000139 -0.015364 -0.058370 0.000052 0.999984 -0.005665 -0.018466 0.015365 0.005663 0.999866 2.862601
0.999811 -0.000816 -0.019436 -0.079890 0.000689 0.999978 -0.006532 -0.020959 0.019442 0.006518 0.999790 3.616191
0.999722 0.000618 -0.023582 -0.110303 -0.000793 0.999971 -0.007450 -0.032722 0.023577 0.007466 0.999694 4.398812
0.999620 0.003518 -0.027352 -0.155759 -0.003735 0.999962 -0.007911 -0.043521 0.027324 0.008011 0.999595 5.183146
0.999497 0.003655 -0.031504 -0.187958 -0.003844 0.999975 -0.005917 -0.055061 0.031482 0.006036 0.999487 5.984943
0.999341 0.002630 -0.036212 -0.214490 -0.002742 0.999992 -0.003050 -0.065895 0.036205 0.003148 0.999340 6.803281
0.999218 0.002315 -0.039468 -0.251071 -0.002344 0.999996 -0.000692 -0.070917 0.039467 0.000783 0.999221 7.626465
0.999138 0.004054 -0.041335 -0.304971 -0.004128 0.999989 -0.001684 -0.073892 0.041328 0.001853 0.999145 8.462585
0.999097 0.003469 -0.042367 -0.365842 -0.003569 0.999991 -0.002270 -0.074768 0.042360 0.002419 0.999100 9.306546
0.999044 0.000275 -0.043728 -0.405641 -0.000403 0.999995 -0.002916 -0.080570 0.043728 0.002930 0.999039 10.148802
0.998967 0.000084 -0.045431 -0.448871 -0.000176 0.999998 -0.002023 -0.089614 0.045431 0.002028 0.998966 11.008657
0.998915 -0.001507 -0.046553 -0.491512 0.001403 0.999996 -0.002263 -0.099915 0.046558 0.002195 0.998914 11.875600
0.998841 0.000672 -0.048131 -0.540839 -0.000895 0.999988 -0.004616 -0.108743 0.048128 0.004653 0.998831 12.750565
0.998767 0.000724 -0.049642 -0.587429 -0.001072 0.999975 -0.006995 -0.122383 0.049635 0.007039 0.998743 13.624460
0.998686 0.004606 -0.051041 -0.644639 -0.005066 0.999948 -0.008876 -0.131535 0.050999 0.009123 0.998658 14.506096
0.998645 0.005487 -0.051765 -0.698576 -0.005969 0.999940 -0.009137 -0.137657 0.051713 0.009434 0.998618 15.400262
0.998542 0.004426 -0.053809 -0.734846 -0.004879 0.999953 -0.008289 -0.142378 0.053772 0.008540 0.998518 16.324928
0.998483 0.005383 -0.054809 -0.793613 -0.005756 0.999961 -0.006674 -0.157976 0.054772 0.006979 0.998475 17.253855
0.998478 0.004589 -0.054981 -0.853386 -0.004970 0.999964 -0.006796 -0.172080 0.054948 0.007059 0.998465 18.183825
0.998407 0.004700 -0.056225 -0.909268 -0.005141 0.999957 -0.007736 -0.184631 0.056187 0.008012 0.998389 19.107405
0.998345 0.002876 -0.057453 -0.956772 -0.003374 0.999957 -0.008594 -0.197224 0.057427 0.008775 0.998312 20.034401
0.998347 0.002380 -0.057445 -1.015235 -0.002747 0.999976 -0.006323 -0.218155 0.057430 0.006470 0.998329 20.955042
0.998327 0.002807 -0.057750 -1.065976 -0.002971 0.999992 -0.002768 -0.233240 0.057743 0.002935 0.998327 21.881773
0.998379 0.003710 -0.056806 -1.126961 -0.003648 0.999992 0.001184 -0.246694 0.056810 -0.000974 0.998385 22.826021
0.998487 0.002698 -0.054925 -1.190170 -0.002480 0.999988 0.004031 -0.257664 0.054935 -0.003888 0.998483 23.778637
0.998597 0.003153 -0.052881 -1.253092 -0.002915 0.999985 0.004579 -0.261866 0.052895 -0.004419 0.998590 24.740219
0.998722 0.003157 -0.050447 -1.319242 -0.003084 0.999994 0.001509 -0.262125 0.050452 -0.001351 0.998726 25.705187
0.998841 0.003965 -0.047971 -1.394490 -0.004134 0.999985 -0.003451 -0.264347 0.047957 0.003645 0.998843 26.664108
0.998946 0.001787 -0.045882 -1.463133 -0.002109 0.999973 -0.006967 -0.260820 0.045868 0.007056 0.998923 27.642857
0.998995 -0.000807 -0.044830 -1.511586 0.000545 0.999983 -0.005868 -0.275346 0.044835 0.005838 0.998978 28.631891
0.999017 -0.002035 -0.044293 -1.565900 0.002009 0.999997 -0.000638 -0.296514 0.044295 0.000550 0.999019 29.611538
0.998996 -0.006022 -0.044409 -1.619757 0.006136 0.999978 0.002445 -0.302545 0.044394 -0.002716 0.999011 30.595287
0.998891 -0.012644 -0.045362 -1.659186 0.012717 0.999917 0.001326 -0.309725 0.045341 -0.001902 0.998970 31.579790
0.998831 -0.014475 -0.046124 -1.709332 0.014366 0.999893 -0.002697 -0.320632 0.046160 0.002032 0.998932 32.551735
0.998830 -0.014285 -0.046203 -1.787308 0.013963 0.999875 -0.007284 -0.323287 0.046301 0.006630 0.998906 33.547306
0.998841 -0.011699 -0.046684 -1.861928 0.011312 0.999899 -0.008538 -0.338479 0.046780 0.008000 0.998874 34.530899
0.998801 -0.011799 -0.047519 -1.903673 0.011471 0.999908 -0.007180 -0.354827 0.047600 0.006627 0.998845 35.557652
0.998800 -0.008830 -0.048191 -1.975119 0.008580 0.999948 -0.005395 -0.353375 0.048236 0.004974 0.998824 36.594936
0.998775 -0.008747 -0.048720 -2.038136 0.008510 0.999950 -0.005083 -0.354767 0.048763 0.004662 0.998800 37.628048
0.998779 -0.007531 -0.048833 -2.103688 0.007399 0.999968 -0.002896 -0.363555 0.048854 0.002531 0.998803 38.657104
0.998843 -0.008055 -0.047412 -2.176353 0.008048 0.999967 -0.000341 -0.369977 0.047414 -0.000041 0.998875 39.684063
0.998910 -0.002435 -0.046602 -2.255915 0.002542 0.999994 0.002228 -0.385748 0.046596 -0.002344 0.998911 40.713650
0.998929 -0.002602 -0.046193 -2.316332 0.002674 0.999994 0.001501 -0.397177 0.046189 -0.001623 0.998932 41.744953
0.998995 -0.002581 -0.044749 -2.383721 0.002586 0.999996 0.000048 -0.409873 0.044750 -0.000163 0.998999 42.741184
0.999043 -0.000358 -0.043744 -2.453172 0.000261 0.999997 -0.002214 -0.419703 0.043745 0.002201 0.999041 43.745262
0.998988 -0.001299 -0.044971 -2.492883 0.001210 0.999997 -0.002020 -0.435793 0.044974 0.001964 0.998987 44.747326
0.998897 -0.003949 -0.046791 -2.533045 0.003933 0.999992 -0.000437 -0.451073 0.046792 0.000253 0.998905 45.763367
0.998899 -0.003406 -0.046810 -2.594962 0.003435 0.999994 0.000553 -0.466358 0.046810 -0.000713 0.998904 46.764458
0.998923 -0.001047 -0.046384 -2.661728 0.000906 0.999994 -0.003068 -0.478851 0.046388 0.003022 0.998919 47.764084
0.998917 -0.000314 -0.046533 -2.722331 -0.000018 0.999974 -0.007153 -0.496594 0.046535 0.007147 0.998891 48.749393
0.998952 0.000782 -0.045777 -2.793368 -0.001172 0.999962 -0.008498 -0.514419 0.045770 0.008543 0.998916 49.737331
0.999036 -0.000696 -0.043909 -2.873247 0.000447 0.999983 -0.005692 -0.523316 0.043913 0.005667 0.999020 50.722240
0.999106 -0.001808 -0.042231 -2.940691 0.001676 0.999993 -0.003189 -0.534073 0.042237 0.003116 0.999103 51.705467
0.999141 -0.003853 -0.041281 -2.998959 0.003730 0.999988 -0.003080 -0.546954 0.041293 0.002924 0.999144 52.684250
0.999140 -0.006584 -0.040940 -3.045647 0.006423 0.999970 -0.004089 -0.567758 0.040966 0.003822 0.999154 53.666573
0.999134 -0.009144 -0.040606 -3.095591 0.008915 0.999943 -0.005851 -0.577897 0.040658 0.005484 0.999158 54.636478
0.999082 -0.010094 -0.041641 -3.130101 0.009845 0.999932 -0.006188 -0.570465 0.041702 0.005772 0.999114 55.616947
0.999027 -0.013021 -0.042134 -3.176600 0.012957 0.999914 -0.001817 -0.590383 0.042154 0.001269 0.999110 56.580193
0.999018 -0.014313 -0.041938 -3.227242 0.014463 0.999889 0.003262 -0.603056 0.041888 -0.003865 0.999115 57.549175
0.999059 -0.012898 -0.041424 -3.285781 0.013151 0.999896 0.005861 -0.617464 0.041344 -0.006401 0.999125 58.508213
0.999047 -0.011697 -0.042055 -3.339716 0.011796 0.999928 0.002093 -0.629886 0.042029 -0.002588 0.999114 59.459457
0.999034 -0.010116 -0.042773 -3.391179 0.009886 0.999935 -0.005579 -0.641318 0.042827 0.005150 0.999069 60.394543
0.999044 -0.008071 -0.042972 -3.450840 0.007614 0.999912 -0.010809 -0.652899 0.043055 0.010471 0.999018 61.326809
0.999038 -0.002961 -0.043775 -3.504392 0.002514 0.999943 -0.010282 -0.666050 0.043804 0.010162 0.998989 62.247570
0.998998 0.000171 -0.044760 -3.553595 -0.000524 0.999968 -0.007864 -0.693285 0.044758 0.007880 0.998968 63.165241
0.998950 0.002929 -0.045720 -3.604612 -0.003213 0.999975 -0.006157 -0.718840 0.045701 0.006298 0.998936 64.051163
0.998922 0.003922 -0.046271 -3.663813 -0.004235 0.999968 -0.006671 -0.732728 0.046244 0.006859 0.998908 64.942703
0.998848 0.005282 -0.047689 -3.715531 -0.005560 0.999967 -0.005701 -0.750388 0.047658 0.005960 0.998846 65.810295
0.998804 0.006064 -0.048521 -3.769345 -0.006310 0.999968 -0.004901 -0.772567 0.048490 0.005202 0.998811 66.670776
0.998763 0.005872 -0.049392 -3.823467 -0.006097 0.999971 -0.004422 -0.791560 0.049366 0.004717 0.998770 67.517540
0.998711 0.006026 -0.050417 -3.876293 -0.006201 0.999975 -0.003334 -0.807309 0.050397 0.003642 0.998723 68.344658
0.998640 0.009189 -0.051316 -3.935455 -0.009225 0.999957 -0.000484 -0.828515 0.051310 0.000958 0.998683 69.173630
0.998559 0.010361 -0.052664 -3.980856 -0.010191 0.999942 0.003478 -0.839426 0.052698 -0.002937 0.998607 69.988312
0.998424 0.013366 -0.054516 -4.030077 -0.013131 0.999902 0.004649 -0.844713 0.054574 -0.003926 0.998503 70.777222
0.998369 0.016573 -0.054639 -4.102361 -0.016578 0.999862 0.000363 -0.851574 0.054638 0.000544 0.998506 71.557854
0.998316 0.016991 -0.055464 -4.159104 -0.017414 0.999822 -0.007164 -0.863135 0.055333 0.008118 0.998435 72.309097
0.998262 0.016382 -0.056624 -4.206891 -0.017138 0.999769 -0.012908 -0.877577 0.056400 0.013856 0.998312 73.029190
0.998208 0.017685 -0.057161 -4.248967 -0.018513 0.999730 -0.014003 -0.892621 0.056899 0.015036 0.998267 73.741402
0.998128 0.020167 -0.057749 -4.295710 -0.020777 0.999734 -0.009979 -0.919015 0.057533 0.011160 0.998282 74.430489
0.998041 0.022648 -0.058326 -4.342831 -0.023034 0.999716 -0.005960 -0.942578 0.058176 0.007292 0.998280 75.118607
0.998061 0.019829 -0.058999 -4.391845 -0.020424 0.999746 -0.009510 -0.955130 0.058796 0.010697 0.998213 75.770142
0.998235 0.012006 -0.058174 -4.438478 -0.012911 0.999801 -0.015203 -0.965610 0.057981 0.015927 0.998191 76.404549
0.998347 0.007973 -0.056919 -4.478720 -0.009154 0.999747 -0.020520 -0.975083 0.056743 0.021007 0.998168 77.028473
0.998524 0.010169 -0.053356 -4.524837 -0.011322 0.999708 -0.021340 -0.981869 0.053124 0.021913 0.998347 77.635826
0.998683 0.014830 -0.049124 -4.559768 -0.015773 0.999697 -0.018871 -0.990951 0.048830 0.019621 0.998615 78.224525
0.998935 0.013124 -0.044247 -4.584843 -0.013896 0.999755 -0.017178 -0.989293 0.044011 0.017774 0.998873 78.798141
0.999213 0.009160 -0.038612 -4.590785 -0.009678 0.999865 -0.013241 -1.003994 0.038487 0.013605 0.999167 79.364128
0.999543 0.004381 -0.029922 -4.602501 -0.004693 0.999934 -0.010408 -1.017008 0.029876 0.010543 0.999498 79.913322
0.999780 0.007840 -0.019456 -4.602527 -0.008054 0.999907 -0.010980 -1.025551 0.019369 0.011134 0.999751 80.451881
0.999907 0.013007 -0.004041 -4.608569 -0.013051 0.999852 -0.011197 -1.044159 0.003895 0.011249 0.999929 80.973366
0.999735 0.017955 0.014389 -4.602997 -0.017806 0.999787 -0.010370 -1.061390 -0.014571 0.010111 0.999843 81.482903
0.999186 0.016454 0.036845 -4.574192 -0.016105 0.999822 -0.009741 -1.074338 -0.036999 0.009139 0.999274 81.975838
0.997885 0.012933 0.063710 -4.531860 -0.012387 0.999883 -0.008952 -1.087326 -0.063818 0.008144 0.997929 82.457603
0.995549 0.011697 0.093524 -4.473382 -0.011041 0.999910 -0.007532 -1.097654 -0.093603 0.006466 0.995589 82.923904
0.991818 0.011150 0.127174 -4.402075 -0.010439 0.999925 -0.006256 -1.106678 -0.127234 0.004877 0.991862 83.383530
0.986297 0.010839 0.164628 -4.305436 -0.009939 0.999931 -0.006290 -1.111007 -0.164683 0.004567 0.986336 83.827644
0.978541 0.010720 0.205772 -4.187201 -0.009596 0.999933 -0.006454 -1.120967 -0.205826 0.004341 0.978579 84.256821
0.968078 0.010161 0.250442 -4.048834 -0.008818 0.999940 -0.006487 -1.133055 -0.250493 0.004072 0.968111 84.673210
0.954033 0.012067 0.299462 -3.895971 -0.009891 0.999912 -0.008783 -1.141717 -0.299542 0.005417 0.954068 85.080276
0.936003 0.013510 0.351734 -3.713452 -0.009609 0.999871 -0.012832 -1.137467 -0.351862 0.008631 0.936013 85.466835
0.913314 0.013924 0.407019 -3.514987 -0.008371 0.999846 -0.015419 -1.143659 -0.407171 0.010677 0.913291 85.840721
0.885713 0.014524 0.464006 -3.301159 -0.007383 0.999825 -0.017204 -1.152467 -0.464174 0.011813 0.885666 86.196167
0.853409 0.015208 0.521021 -3.068161 -0.006163 0.999798 -0.019086 -1.160738 -0.521207 0.013077 0.853331 86.522446
0.816754 0.013857 0.576820 -2.809981 -0.002482 0.999787 -0.020503 -1.175292 -0.576980 0.015314 0.816615 86.827431
0.776410 0.012658 0.630102 -2.531711 0.001290 0.999764 -0.021673 -1.190187 -0.630227 0.017640 0.776211 87.114555
0.733765 0.011613 0.679304 -2.237114 0.002974 0.999789 -0.020305 -1.202104 -0.679396 0.016920 0.733577 87.376755
0.688060 0.011874 0.725556 -1.924364 0.002359 0.999824 -0.018600 -1.203799 -0.725649 0.014509 0.687912 87.632698
0.640386 0.010730 0.767979 -1.599226 0.004520 0.999832 -0.017739 -1.211939 -0.768040 0.014831 0.640230 87.853699
0.591236 0.009689 0.806440 -1.269502 0.008554 0.999795 -0.018283 -1.223607 -0.806453 0.017708 0.591034 88.047966
0.542378 0.006704 0.840108 -0.928547 0.015018 0.999731 -0.017673 -1.241001 -0.840000 0.022202 0.542132 88.210762
0.492522 0.008017 0.870263 -0.589718 0.013843 0.999758 -0.017045 -1.260176 -0.870191 0.020442 0.492293 88.374794
0.442650 0.011151 0.896625 -0.241574 0.010523 0.999789 -0.017630 -1.267295 -0.896633 0.017239 0.442440 88.524330
0.396237 0.013049 0.918056 0.113637 0.010136 0.999776 -0.018585 -1.281374 -0.918093 0.016670 0.396016 88.634392
0.352683 0.010746 0.935682 0.478431 0.017798 0.999676 -0.018189 -1.291013 -0.935574 0.023068 0.352378 88.725677
0.310991 0.004078 0.950405 0.848439 0.032849 0.999346 -0.015037 -1.296721 -0.949845 0.035897 0.310655 88.803535
0.275875 0.000158 0.961194 1.230726 0.037664 0.999230 -0.010974 -1.303042 -0.960456 0.039231 0.275657 88.863373
0.242385 0.004327 0.970171 1.610741 0.035223 0.999291 -0.013256 -1.310315 -0.969541 0.037385 0.242061 88.937187
0.210736 0.011060 0.977481 1.990677 0.025051 0.999546 -0.016710 -1.326478 -0.977222 0.028008 0.210364 89.017441
0.181907 0.015387 0.983196 2.384673 0.021375 0.999579 -0.019598 -1.338307 -0.983084 0.024580 0.181502 89.081985
0.155914 0.017001 0.987625 2.786695 0.023261 0.999511 -0.020877 -1.354421 -0.987497 0.026228 0.155443 89.127686
0.131905 0.019127 0.991078 3.201771 0.030427 0.999264 -0.023334 -1.362267 -0.990796 0.033233 0.131226 89.161705
0.111368 0.026085 0.993437 3.619490 0.037831 0.998819 -0.030467 -1.361359 -0.993059 0.040975 0.110250 89.184525
0.091072 0.033058 0.995296 4.053586 0.039548 0.998540 -0.036784 -1.364779 -0.995059 0.042713 0.089632 89.220657
0.073113 0.033651 0.996756 4.502551 0.036970 0.998652 -0.036426 -1.379257 -0.996639 0.039513 0.071772 89.257828
0.056988 0.029921 0.997927 4.979100 0.034176 0.998906 -0.031902 -1.391492 -0.997790 0.035923 0.055903 89.286682
0.042276 0.026776 0.998747 5.458073 0.034042 0.999021 -0.028224 -1.411578 -0.998526 0.035194 0.041324 89.301064
0.028322 0.024028 0.999310 5.957906 0.036448 0.999021 -0.025054 -1.433216 -0.998935 0.037133 0.027419 89.315269
0.016078 0.023390 0.999597 6.460201 0.040697 0.998882 -0.024028 -1.449244 -0.999043 0.041067 0.015109 89.318710
0.005760 0.024792 0.999676 6.991074 0.043802 0.998727 -0.025021 -1.458252 -0.999024 0.043933 0.004667 89.312119
-0.001773 0.025694 0.999669 7.527841 0.046123 0.998608 -0.025585 -1.472943 -0.998934 0.046063 -0.002955 89.300117
-0.007238 0.026092 0.999634 8.082895 0.048221 0.998506 -0.025713 -1.490146 -0.998811 0.048018 -0.008485 89.288033
-0.011996 0.027829 0.999541 8.653052 0.049921 0.998382 -0.027198 -1.498921 -0.998681 0.049572 -0.013366 89.265358
-0.017914 0.028629 0.999430 9.245327 0.050615 0.998333 -0.027691 -1.514692 -0.998558 0.050091 -0.019332 89.249031
-0.022197 0.028826 0.999338 9.846394 0.053309 0.998196 -0.027608 -1.534818 -0.998332 0.052661 -0.023693 89.228119
-0.024826 0.029044 0.999270 10.471941 0.055384 0.998082 -0.027632 -1.552836 -0.998157 0.054658 -0.026386 89.200966
-0.027935 0.028797 0.999195 11.113936 0.056246 0.998046 -0.027191 -1.571230 -0.998027 0.055441 -0.029499 89.179062
-0.030281 0.028400 0.999138 11.768573 0.058508 0.997932 -0.026592 -1.590766 -0.997828 0.057653 -0.031879 89.154480
-0.030861 0.028123 0.999128 12.441173 0.063279 0.997653 -0.026126 -1.616470 -0.997519 0.062418 -0.032567 89.127487
-0.030065 0.028195 0.999151 13.136353 0.067054 0.997406 -0.026127 -1.636631 -0.997297 0.066211 -0.031877 89.104622
-0.027516 0.027858 0.999233 13.846254 0.068826 0.997292 -0.025909 -1.664003 -0.997250 0.068061 -0.029357 89.082611
-0.022666 0.028990 0.999323 14.590343 0.071356 0.997076 -0.027306 -1.670501 -0.997194 0.070689 -0.024667 89.044380
-0.017824 0.029021 0.999420 15.345983 0.071677 0.997043 -0.027673 -1.686867 -0.997269 0.071142 -0.019850 89.019257
-0.013615 0.027589 0.999527 16.121891 0.073476 0.996944 -0.026517 -1.709333 -0.997204 0.073080 -0.015600 89.003029
-0.009505 0.026300 0.999609 16.907452 0.073717 0.996952 -0.025528 -1.730888 -0.997234 0.073446 -0.011414 88.996056
-0.004573 0.024260 0.999696 17.708212 0.071028 0.997189 -0.023874 -1.750587 -0.997464 0.070897 -0.006283 88.979446
-0.001406 0.023340 0.999727 18.525017 0.070685 0.997229 -0.023181 -1.771818 -0.997498 0.070633 -0.003051 88.997543
0.002598 0.024126 0.999706 19.352922 0.068013 0.997389 -0.024246 -1.800203 -0.997681 0.068057 0.000951 89.006454
0.005391 0.028473 0.999581 20.181143 0.066396 0.997378 -0.028769 -1.825386 -0.997780 0.066524 0.003487 89.023415
0.005453 0.034461 0.999392 21.019012 0.062207 0.997458 -0.034734 -1.836447 -0.998048 0.062359 0.003297 89.060959
0.005840 0.038018 0.999260 21.862473 0.059351 0.997501 -0.038297 -1.862262 -0.998220 0.059530 0.003570 89.062584
0.007080 0.038130 0.999248 22.697052 0.057369 0.997611 -0.038473 -1.889614 -0.998328 0.057599 0.004877 89.050606
0.006915 0.036460 0.999312 23.541531 0.054713 0.997823 -0.036784 -1.927987 -0.998478 0.054930 0.004906 89.066902
0.006145 0.035778 0.999341 24.377243 0.055595 0.997801 -0.036065 -1.962843 -0.998435 0.055780 0.004143 89.083038
0.006493 0.034931 0.999369 25.211704 0.053801 0.997930 -0.035230 -2.003694 -0.998531 0.053996 0.004601 89.092239
0.006138 0.035567 0.999349 26.050203 0.051741 0.998017 -0.035838 -2.038345 -0.998642 0.051928 0.004286 89.111610
0.006387 0.036021 0.999331 26.878046 0.048949 0.998141 -0.036291 -2.079893 -0.998781 0.049148 0.004612 89.119644
0.004437 0.037763 0.999277 27.714182 0.046169 0.998213 -0.037927 -2.114014 -0.998925 0.046304 0.002686 89.142220
0.001322 0.037634 0.999292 28.545485 0.043150 0.998358 -0.037655 -2.147552 -0.999069 0.043170 -0.000303 89.153778
-0.002162 0.036233 0.999341 29.367142 0.041126 0.998501 -0.036113 -2.188124 -0.999152 0.041021 -0.003648 89.151634
-0.007475 0.033858 0.999399 30.194109 0.039422 0.998659 -0.033538 -2.226560 -0.999196 0.039147 -0.008799 89.155983
-0.014069 0.031836 0.999395 31.026857 0.037233 0.998816 -0.031293 -2.263354 -0.999208 0.036771 -0.015236 89.153831
-0.021822 0.032035 0.999249 31.846592 0.036994 0.998827 -0.031213 -2.301696 -0.999078 0.036285 -0.022981 89.142418
-0.030379 0.033152 0.998989 32.674309 0.036684 0.998813 -0.032031 -2.335755 -0.998865 0.035674 -0.031558 89.118362
-0.040219 0.033649 0.998625 33.482166 0.037297 0.998786 -0.032152 -2.370780 -0.998495 0.035953 -0.041424 89.081688
-0.050026 0.032730 0.998212 34.292461 0.039492 0.998746 -0.030769 -2.402759 -0.997967 0.037881 -0.051256 89.032509
-0.061172 0.031701 0.997624 35.104939 0.038277 0.998834 -0.029392 -2.439502 -0.997394 0.036388 -0.062314 88.991928
-0.072625 0.031325 0.996867 35.910591 0.039846 0.998800 -0.028482 -2.468894 -0.996564 0.037653 -0.073786 88.939819
-0.083932 0.031365 0.995978 36.705475 0.040067 0.998802 -0.028078 -2.506639 -0.995666 0.037549 -0.085088 88.874573
-0.094117 0.032138 0.995042 37.486919 0.040526 0.998773 -0.028425 -2.537847 -0.994736 0.037650 -0.095304 88.787697
-0.104295 0.033340 0.993988 38.256393 0.040204 0.998762 -0.029281 -2.569003 -0.993734 0.036908 -0.105505 88.698235
-0.114602 0.034088 0.992827 39.040215 0.041151 0.998716 -0.029540 -2.608156 -0.992559 0.037470 -0.115857 88.609734
-0.123694 0.034674 0.991715 39.814949 0.041869 0.998681 -0.029695 -2.643737 -0.991438 0.037849 -0.124983 88.502182
-0.133451 0.035092 0.990435 40.571964 0.042594 0.998652 -0.029644 -2.678598 -0.990140 0.038231 -0.134766 88.397400
-0.143585 0.035464 0.989003 41.324242 0.043519 0.998617 -0.029490 -2.712216 -0.988681 0.038807 -0.144929 88.296425
-0.152264 0.034917 0.987723 42.062038 0.044749 0.998594 -0.028402 -2.745678 -0.987327 0.039875 -0.153611 88.180817
-0.159538 0.033721 0.986616 42.790375 0.046268 0.998573 -0.026648 -2.780482 -0.986108 0.041398 -0.160870 88.060509
-0.165161 0.032439 0.985734 43.517193 0.049159 0.998487 -0.024622 -2.808707 -0.985041 0.044391 -0.166505 87.941460
-0.169042 0.031417 0.985108 44.228127 0.052466 0.998361 -0.022836 -2.831347 -0.984212 0.047826 -0.170413 87.819740
-0.172956 0.030335 0.984463 44.932568 0.054104 0.998309 -0.021256 -2.860791 -0.983443 0.049586 -0.174304 87.708969
-0.174660 0.029432 0.984189 45.626877 0.054222 0.998323 -0.020231 -2.887301 -0.983135 0.049831 -0.175962 87.585930
-0.175469 0.029548 0.984042 46.300575 0.055949 0.998233 -0.019997 -2.920357 -0.982894 0.051548 -0.176812 87.458336
-0.174773 0.030702 0.984131 46.969688 0.056649 0.998171 -0.021079 -2.943351 -0.982979 0.052067 -0.176192 87.344139
-0.171822 0.032500 0.984592 47.618614 0.057380 0.998089 -0.022932 -2.967890 -0.983456 0.052556 -0.173357 87.233719
-0.166509 0.033355 0.985476 48.237209 0.057559 0.998052 -0.024055 -2.984993 -0.984359 0.052718 -0.168105 87.129547
-0.158116 0.034296 0.986826 48.831142 0.057072 0.998042 -0.025541 -3.007593 -0.985771 0.052281 -0.159764 87.031578
-0.146748 0.034202 0.988583 49.412334 0.055955 0.998088 -0.026225 -3.035311 -0.987591 0.051468 -0.148380 86.950592
-0.133727 0.034266 0.990426 49.980732 0.055045 0.998116 -0.027100 -3.064062 -0.989489 0.050894 -0.135360 86.887108
-0.116760 0.035629 0.992522 50.540230 0.053619 0.998125 -0.029523 -3.086551 -0.991712 0.049770 -0.118450 86.836426
-0.095727 0.038210 0.994675 51.076088 0.052294 0.998076 -0.033308 -3.108572 -0.994034 0.048828 -0.097540 86.799103
-0.071968 0.041643 0.996538 51.588017 0.050408 0.998002 -0.038064 -3.132731 -0.996133 0.047495 -0.073923 86.786842
-0.043897 0.042557 0.998130 52.156223 0.046740 0.998086 -0.040499 -3.172665 -0.997942 0.044875 -0.045801 86.786156
-0.012074 0.045058 0.998912 52.674915 0.044355 0.998025 -0.044482 -3.161803 -0.998943 0.043770 -0.014048 86.814529
0.026295 0.042472 0.998752 53.191010 0.042338 0.998152 -0.043561 -3.194873 -0.998758 0.043431 0.024449 86.845322
0.068065 0.038346 0.996944 53.698967 0.039166 0.998387 -0.041076 -3.231323 -0.996912 0.041842 0.066455 86.909004
0.113857 0.034115 0.992912 54.198849 0.035921 0.998615 -0.038430 -3.261288 -0.992848 0.040042 0.112475 86.987579
0.163465 0.031264 0.986054 54.695072 0.030423 0.998863 -0.036714 -3.283121 -0.986081 0.036000 0.162328 87.093742
0.215866 0.030391 0.975950 55.172001 0.026347 0.998970 -0.036935 -3.302157 -0.976068 0.033686 0.214843 87.227997
0.270869 0.030810 0.962123 55.639732 0.024800 0.998932 -0.038971 -3.323098 -0.962297 0.034416 0.269817 87.397568
0.330043 0.031905 0.943427 56.092037 0.024888 0.998787 -0.042483 -3.349536 -0.943638 0.037501 0.328849 87.587471
0.391516 0.035025 0.919505 56.520905 0.024129 0.998541 -0.048309 -3.383413 -0.919855 0.041102 0.390100 87.808670
0.454053 0.038425 0.890147 56.926903 0.023950 0.998181 -0.055305 -3.411447 -0.890653 0.046430 0.452308 88.038857
0.515841 0.042113 0.855649 57.311714 0.017653 0.998056 -0.059764 -3.443489 -0.856503 0.045934 0.514097 88.299545
0.574346 0.044729 0.817390 57.667198 0.011945 0.997941 -0.063003 -3.475938 -0.818526 0.045950 0.572630 88.599167
0.629912 0.045118 0.775356 57.999432 0.008854 0.997829 -0.065257 -3.508567 -0.776616 0.047971 0.628146 88.920395
0.681737 0.043976 0.730275 58.309196 0.006160 0.997810 -0.065838 -3.532859 -0.731572 0.049382 0.679975 89.265251
0.729580 0.040773 0.682679 58.595451 0.001507 0.998123 -0.061222 -3.563967 -0.683894 0.045696 0.728150 89.637985
0.774307 0.035316 0.631824 58.867470 -0.000955 0.998505 -0.054642 -3.592291 -0.632810 0.041706 0.773184 90.023605
0.814047 0.032793 0.579874 59.104961 -0.005400 0.998789 -0.048901 -3.617207 -0.580774 0.036677 0.813238 90.429459
0.849256 0.031108 0.527064 59.345898 -0.009293 0.998988 -0.043987 -3.621971 -0.527899 0.032458 0.848687 90.850433
0.878189 0.031855 0.477253 59.547649 -0.015003 0.999123 -0.039081 -3.641928 -0.478080 0.027161 0.877896 91.277245
0.900884 0.033696 0.432750 59.714699 -0.020295 0.999161 -0.035550 -3.667573 -0.433584 0.023244 0.900813 91.714111
0.918441 0.040281 0.393502 59.868282 -0.029372 0.999000 -0.033709 -3.679336 -0.394466 0.019402 0.918706 92.167870
0.932137 0.045190 0.359276 60.007565 -0.034971 0.998779 -0.034896 -3.694043 -0.360413 0.019964 0.932580 92.636398
0.943245 0.047179 0.328732 60.149117 -0.037857 0.998680 -0.034704 -3.709517 -0.329935 0.020289 0.943786 93.094902
0.950829 0.041635 0.306906 60.296429 -0.032490 0.998864 -0.034846 -3.728491 -0.308007 0.023161 0.951102 93.557877
0.955774 0.038821 0.291527 60.434925 -0.030326 0.998974 -0.033605 -3.761141 -0.292533 0.023279 0.955973 94.015320
0.959317 0.042912 0.279055 60.559727 -0.034912 0.998826 -0.033575 -3.785607 -0.280168 0.022467 0.959689 94.509285
0.961814 0.048344 0.269401 60.683964 -0.040936 0.998615 -0.033053 -3.804194 -0.270625 0.020762 0.962462 95.013840
0.963186 0.055468 0.263053 60.811657 -0.048033 0.998245 -0.034619 -3.818508 -0.264511 0.020709 0.964161 95.514778
0.963495 0.062496 0.260328 60.930256 -0.054656 0.997810 -0.037254 -3.857399 -0.262085 0.021666 0.964802 96.042374
0.963504 0.064290 0.259863 61.066532 -0.055835 0.997647 -0.039792 -3.887792 -0.261810 0.023831 0.964826 96.582817
0.962944 0.063176 0.262198 61.214729 -0.053507 0.997604 -0.043861 -3.911971 -0.264340 0.028207 0.964017 97.141014
0.962118 0.062065 0.265477 61.376534 -0.050575 0.997472 -0.049909 -3.943579 -0.267902 0.034593 0.962825 97.688797
0.960844 0.062924 0.269854 61.531406 -0.049946 0.997252 -0.054696 -3.973148 -0.272554 0.039076 0.961347 98.246338
0.959195 0.067672 0.274530 61.683723 -0.054755 0.997014 -0.054452 -4.004308 -0.277395 0.037198 0.960036 98.824371
0.957080 0.070816 0.281041 61.830925 -0.058812 0.996969 -0.050931 -4.031824 -0.283795 0.032217 0.958344 99.439194
0.955944 0.067075 0.285784 62.013351 -0.056069 0.997342 -0.046532 -4.067014 -0.288144 0.028459 0.957164 100.034088
0.954890 0.062260 0.290360 62.191883 -0.052467 0.997764 -0.041402 -4.095854 -0.292288 0.024300 0.956022 100.649452
0.953843 0.059746 0.294302 62.380871 -0.051159 0.998012 -0.036794 -4.131719 -0.295915 0.020040 0.955005 101.277084
0.953153 0.055361 0.297382 62.577553 -0.046824 0.998262 -0.035760 -4.167705 -0.298844 0.020161 0.954090 101.911331
0.953316 0.052183 0.297432 62.782700 -0.042446 0.998332 -0.039105 -4.197301 -0.298977 0.024655 0.953943 102.549896
0.953472 0.051958 0.296970 62.983200 -0.040120 0.998143 -0.045823 -4.233029 -0.298799 0.031777 0.953787 103.197372
0.953667 0.054668 0.295857 63.184635 -0.040892 0.997780 -0.052556 -4.267203 -0.298072 0.038023 0.953786 103.851395
0.954014 0.059006 0.293900 63.373768 -0.044238 0.997413 -0.056645 -4.297857 -0.296482 0.041038 0.954157 104.522476
0.954739 0.057593 0.291817 63.580193 -0.044073 0.997636 -0.052698 -4.331686 -0.294162 0.037452 0.955022 105.211525
0.955327 0.053418 0.290682 63.801373 -0.041872 0.998072 -0.045801 -4.365099 -0.292569 0.031584 0.955723 105.914421
0.956165 0.053289 0.287940 64.027336 -0.043431 0.998234 -0.040522 -4.398380 -0.289591 0.026240 0.956791 106.626595
0.956573 0.056294 0.286008 64.240501 -0.046270 0.998058 -0.041691 -4.432389 -0.287800 0.026647 0.957321 107.351395
0.956863 0.061620 0.283929 64.438889 -0.050533 0.997652 -0.046219 -4.468875 -0.286110 0.029878 0.957731 108.072578
0.958003 0.062832 0.279790 64.648224 -0.050468 0.997413 -0.051182 -4.508899 -0.282281 0.034912 0.958696 108.811798
0.959373 0.061340 0.275394 64.868645 -0.048280 0.997374 -0.053962 -4.550230 -0.277980 0.038474 0.959816 109.565742
0.960546 0.058805 0.271834 65.083855 -0.046322 0.997566 -0.052114 -4.595477 -0.274237 0.037466 0.960932 110.333801
0.961707 0.054699 0.268567 65.304932 -0.042726 0.997823 -0.050231 -4.640567 -0.270729 0.036832 0.961951 111.118416
0.962282 0.053521 0.266736 65.522675 -0.042423 0.997984 -0.047199 -4.689912 -0.268724 0.034103 0.962614 111.918732
0.962638 0.050672 0.266011 65.734344 -0.040093 0.998179 -0.045051 -4.733677 -0.267809 0.032703 0.962918 112.719368
0.962898 0.045691 0.265968 65.954391 -0.035286 0.998418 -0.043773 -4.779609 -0.267547 0.032764 0.962987 113.511620
0.962996 0.046293 0.265509 66.171112 -0.036344 0.998445 -0.042267 -4.820064 -0.267053 0.031054 0.963182 114.333237
0.962478 0.051612 0.266409 66.377190 -0.041269 0.998166 -0.044280 -4.862259 -0.268205 0.031625 0.962843 115.150070
0.961860 0.057298 0.267474 66.582047 -0.046082 0.997782 -0.048029 -4.900105 -0.269633 0.033872 0.962367 115.967827
0.960965 0.066166 0.268643 66.789444 -0.054764 0.997260 -0.049725 -4.942379 -0.271198 0.033072 0.961956 116.794296
0.959491 0.072146 0.272346 66.995422 -0.060917 0.996915 -0.049473 -4.987126 -0.275075 0.030879 0.960927 117.647316
0.958474 0.073781 0.275472 67.220093 -0.062982 0.996866 -0.047857 -5.031249 -0.278139 0.028520 0.960117 118.483131
0.957572 0.074143 0.278492 67.445694 -0.062939 0.996815 -0.048972 -5.078966 -0.281237 0.029366 0.959189 119.321045
0.957045 0.073038 0.280590 67.677414 -0.060751 0.996784 -0.052252 -5.122166 -0.283504 0.032961 0.958404 120.148254
0.957060 0.066137 0.282248 67.918411 -0.053805 0.997236 -0.051230 -5.166899 -0.284857 0.033844 0.957973 120.981644
0.957273 0.059410 0.283020 68.163719 -0.046249 0.997524 -0.052962 -5.220485 -0.285465 0.037610 0.957651 121.823639
0.956880 0.058903 0.284451 68.404526 -0.045583 0.997541 -0.053231 -5.274516 -0.286887 0.037970 0.957212 122.659714
0.956158 0.061296 0.286364 68.638115 -0.048726 0.997517 -0.050825 -5.317770 -0.288769 0.034643 0.956773 123.494843
0.955620 0.063173 0.287751 68.878876 -0.052343 0.997607 -0.045181 -5.370431 -0.289917 0.028115 0.956639 124.338493
0.954858 0.066028 0.289633 69.110687 -0.056654 0.997566 -0.040639 -5.426286 -0.291612 0.022397 0.956275 125.167343
0.954476 0.065576 0.290993 69.349327 -0.054084 0.997412 -0.047369 -5.476007 -0.293346 0.029474 0.955552 125.991722
0.954820 0.062277 0.290586 69.598465 -0.046270 0.997024 -0.061643 -5.532545 -0.293561 0.045413 0.954862 126.793556
0.955287 0.060808 0.289361 69.853516 -0.042007 0.996609 -0.070751 -5.585395 -0.292681 0.055432 0.954603 127.589905
0.955947 0.056971 0.287958 70.115707 -0.040819 0.997254 -0.061790 -5.641663 -0.290688 0.047315 0.955648 128.415878
0.956513 0.048797 0.287579 70.367584 -0.038710 0.998423 -0.040657 -5.701472 -0.289109 0.027756 0.956894 129.255661
0.957021 0.043901 0.286678 70.619392 -0.038109 0.998941 -0.025754 -5.753762 -0.287505 0.013722 0.957681 130.083130
0.957524 0.039008 0.285702 70.871086 -0.037481 0.999238 -0.010812 -5.793235 -0.285905 -0.000356 0.958258 130.913437
0.958023 0.034142 0.284655 71.121376 -0.036829 0.999312 0.004093 -5.819671 -0.284319 -0.014405 0.958621 131.742355
0.958515 0.029288 0.283533 71.371056 -0.036153 0.999165 0.019008 -5.833207 -0.282740 -0.028470 0.958775 132.572571
0.959339 0.025328 0.281118 71.619766 -0.031790 0.999324 0.018452 -5.833807 -0.280460 -0.026639 0.959496 133.402954
0.959881 0.024952 0.279298 71.833328 -0.031684 0.999305 0.019612 -5.841395 -0.278613 -0.027674 0.960005 134.225235
0.960862 0.024724 0.275923 72.053322 -0.031048 0.999345 0.018574 -5.836120 -0.275282 -0.026415 0.961001 135.031647
0.962240 0.026130 0.270945 72.272507 -0.031876 0.999350 0.016829 -5.828716 -0.270329 -0.024830 0.962449 135.831528
0.962907 0.030946 0.268054 72.481422 -0.036817 0.999178 0.016903 -5.826307 -0.267311 -0.026146 0.963256 136.632690
0.963304 0.037318 0.265808 72.688942 -0.043337 0.998919 0.016811 -5.822038 -0.264893 -0.027714 0.963880 137.440186
0.963917 0.038358 0.263426 72.910172 -0.044910 0.998812 0.018895 -5.813137 -0.262388 -0.030044 0.964495 138.235840
0.964371 0.035148 0.262212 73.131599 -0.042803 0.998805 0.023540 -5.802406 -0.261071 -0.033924 0.964724 139.042969
0.964818 0.034209 0.260688 73.343170 -0.041811 0.998844 0.023669 -5.800601 -0.259576 -0.033735 0.965134 139.848633
0.965504 0.033075 0.258284 73.548264 -0.039785 0.998991 0.020793 -5.796281 -0.257335 -0.030351 0.965846 140.630234
0.967121 0.027864 0.252788 73.774879 -0.033428 0.999284 0.017744 -5.806189 -0.252112 -0.025611 0.967360 141.417648
0.968879 0.025116 0.246260 73.982368 -0.030118 0.999408 0.016565 -5.794900 -0.245697 -0.023466 0.969063 142.200653
0.970543 0.023338 0.239795 74.180847 -0.029440 0.999326 0.021895 -5.788296 -0.239123 -0.028310 0.970577 142.999878
0.972112 0.020234 0.233644 74.373100 -0.027929 0.999168 0.029673 -5.765380 -0.232848 -0.035370 0.971870 143.809540
0.973424 0.016939 0.228385 74.588463 -0.026404 0.998911 0.038454 -5.737258 -0.227484 -0.043462 0.972812 144.604721
0.974281 0.023398 0.224120 74.762428 -0.033351 0.998613 0.040732 -5.711624 -0.222856 -0.047160 0.973711 145.420334
0.975264 0.026165 0.219494 74.926941 -0.034985 0.998724 0.036390 -5.697259 -0.218262 -0.043169 0.974935 146.220123
0.976909 0.027265 0.211912 75.103416 -0.033561 0.999094 0.026169 -5.679572 -0.211005 -0.032676 0.976939 146.999573
0.978284 0.024678 0.205800 75.265938 -0.029516 0.999355 0.020471 -5.657862 -0.205161 -0.026100 0.978381 147.794418
0.979582 0.023781 0.199638 75.418968 -0.028643 0.999358 0.021504 -5.644283 -0.198998 -0.026782 0.979634 148.603470
0.980697 0.030081 0.193207 75.544670 -0.035657 0.999039 0.025448 -5.642688 -0.192255 -0.031845 0.980829 149.432495
0.982021 0.035649 0.185377 75.677162 -0.040696 0.998895 0.023493 -5.626743 -0.184334 -0.030614 0.982387 150.247925
0.983563 0.038811 0.176347 75.801926 -0.042550 0.998941 0.017471 -5.612654 -0.175482 -0.024687 0.984174 151.056290
0.985037 0.037378 0.168242 75.935791 -0.040455 0.999069 0.014893 -5.599905 -0.167528 -0.021476 0.985634 151.873291
0.986389 0.037133 0.160185 76.063019 -0.040457 0.999027 0.017542 -5.589121 -0.159378 -0.023782 0.986932 152.692612
0.987561 0.039166 0.152284 76.181137 -0.043443 0.998746 0.024859 -5.581594 -0.151120 -0.031165 0.988025 153.517975
0.988619 0.042347 0.144358 76.287155 -0.047205 0.998422 0.030400 -5.566149 -0.142841 -0.036869 0.989059 154.348251
0.989757 0.041007 0.136747 76.397583 -0.045966 0.998387 0.033307 -5.546743 -0.135160 -0.039252 0.990047 155.173401
0.990596 0.040994 0.130538 76.504272 -0.045926 0.998331 0.034991 -5.524194 -0.128885 -0.040657 0.990827 155.986679
0.991195 0.039974 0.126234 76.601723 -0.044460 0.998468 0.032931 -5.503397 -0.124724 -0.038254 0.991454 156.817062
0.991557 0.044994 0.121618 76.689812 -0.048664 0.998440 0.027375 -5.486558 -0.120196 -0.033062 0.992200 157.639450
0.991672 0.051287 0.118139 76.766655 -0.054085 0.998323 0.020595 -5.470863 -0.116884 -0.026814 0.992783 158.464813
0.991971 0.052007 0.115284 76.851135 -0.054490 0.998343 0.018492 -5.457004 -0.114130 -0.024625 0.993161 159.295288
0.992220 0.053541 0.112399 76.933784 -0.056595 0.998104 0.024168 -5.440026 -0.110892 -0.030341 0.993369 160.126694
0.992333 0.055113 0.110629 77.011238 -0.059252 0.997646 0.034489 -5.423593 -0.108466 -0.040780 0.993264 160.957550
0.992644 0.055933 0.107384 77.092079 -0.060725 0.997275 0.041892 -5.408779 -0.104747 -0.048104 0.993335 161.793274
0.993296 0.052904 0.102787 77.171951 -0.057142 0.997614 0.038730 -5.393641 -0.100492 -0.044344 0.993950 162.618835
0.994449 0.041321 0.096768 77.266701 -0.044316 0.998596 0.029006 -5.377379 -0.095433 -0.033134 0.994885 163.427048
0.995217 0.039477 0.089367 77.339828 -0.041797 0.998832 0.024244 -5.353336 -0.088305 -0.027863 0.995704 164.246689
0.995670 0.042375 0.082738 77.396835 -0.044609 0.998683 0.025338 -5.331569 -0.081555 -0.028919 0.996250 165.071442
0.996405 0.039536 0.074937 77.462784 -0.041987 0.998623 0.031425 -5.312560 -0.073590 -0.034458 0.996693 165.903503
0.997135 0.034061 0.067545 77.521355 -0.036497 0.998715 0.035164 -5.297659 -0.066259 -0.037529 0.997097 166.740723
0.997719 0.024989 0.062710 77.565399 -0.027471 0.998860 0.039025 -5.268308 -0.061663 -0.040659 0.997269 167.595825
0.998199 0.015930 0.057839 77.605309 -0.018424 0.998912 0.042843 -5.235773 -0.057093 -0.043831 0.997406 168.451096
0.998560 0.012896 0.052090 77.638763 -0.014772 0.999250 0.035803 -5.213888 -0.051588 -0.036521 0.998001 169.295090
0.999001 0.004494 0.044469 77.690483 -0.005625 0.999662 0.025369 -5.192154 -0.044339 -0.025593 0.998689 170.117401
0.999255 -0.005664 0.038191 77.732925 0.004853 0.999761 0.021314 -5.173069 -0.038302 -0.021112 0.999044 170.954239
0.999510 -0.002572 0.031222 77.759140 0.001681 0.999590 0.028559 -5.155646 -0.031282 -0.028492 0.999104 171.808670
0.999643 0.007287 0.025693 77.768349 -0.008343 0.999113 0.041252 -5.129648 -0.025368 -0.041451 0.998819 172.672043
0.999717 0.011680 0.020754 77.775497 -0.012686 0.998716 0.049022 -5.111421 -0.020153 -0.049272 0.998583 173.530228
0.999787 0.011524 0.017142 77.778328 -0.012299 0.998873 0.045823 -5.086447 -0.016594 -0.046024 0.998803 174.388519
0.999845 0.011356 0.013530 77.782982 -0.011923 0.999020 0.042620 -5.075432 -0.013032 -0.042775 0.998999 175.238968
0.999688 0.022436 0.011017 77.771072 -0.022790 0.999189 0.033179 -5.043557 -0.010263 -0.033420 0.999389 176.074005
0.999750 0.020719 0.008334 77.782181 -0.020960 0.999335 0.029813 -5.022021 -0.007710 -0.029980 0.999521 176.909500
0.999870 0.015187 0.005601 77.796715 -0.015372 0.999284 0.034570 -5.001327 -0.005071 -0.034651 0.999387 177.769699
0.999875 0.014825 0.005551 77.797409 -0.015050 0.998955 0.043130 -4.973380 -0.004905 -0.043208 0.999055 178.646164
0.999852 0.016257 0.005692 77.794762 -0.016513 0.998698 0.048266 -4.942328 -0.004899 -0.048352 0.998819 179.514114
0.999827 0.017689 0.005841 77.792229 -0.017975 0.998411 0.053400 -4.906802 -0.004886 -0.053496 0.998556 180.381973
0.999884 0.014902 0.003057 77.800163 -0.015021 0.998921 0.043928 -4.872453 -0.002398 -0.043968 0.999030 181.238892
0.999988 0.005061 0.000531 77.816154 -0.005076 0.999460 0.032456 -4.849307 -0.000365 -0.032458 0.999473 182.087189
0.999983 -0.005620 -0.002037 77.835197 0.005677 0.999575 0.028572 -4.826232 0.001876 -0.028583 0.999590 182.947876
0.999990 -0.003291 -0.003119 77.829224 0.003393 0.999447 0.033067 -4.801540 0.003009 -0.033077 0.999449 183.822449
0.999990 0.001790 -0.004321 77.811501 -0.001598 0.999030 0.044000 -4.780344 0.004396 -0.043993 0.999023 184.695587
0.999978 0.002106 -0.006350 77.807793 -0.001803 0.998873 0.047434 -4.755524 0.006443 -0.047421 0.998855 185.556183
0.999972 0.000972 -0.007541 77.805817 -0.000642 0.999050 0.043564 -4.727973 0.007576 -0.043558 0.999022 186.406891
0.999973 0.001630 -0.007196 77.792931 -0.001359 0.999292 0.037607 -4.703342 0.007252 -0.037595 0.999267 187.254990
0.999939 0.008195 -0.007507 77.777321 -0.007907 0.999264 0.037502 -4.680702 0.007810 -0.037440 0.999268 188.098907
0.999911 0.011055 -0.007438 77.759949 -0.010742 0.999102 0.040955 -4.661317 0.007885 -0.040871 0.999134 188.942398
0.999863 0.014558 -0.007914 77.737885 -0.014194 0.998918 0.044263 -4.639595 0.008551 -0.044144 0.998989 189.783905
0.999817 0.017191 -0.008386 77.729034 -0.016773 0.998729 0.047516 -4.615423 0.009192 -0.047367 0.998836 190.622971
0.999748 0.020743 -0.008599 77.706757 -0.020321 0.998713 0.046466 -4.579803 0.009553 -0.046279 0.998883 191.444290
0.999783 0.018918 -0.008779 77.693214 -0.018526 0.998917 0.042674 -4.556470 0.009577 -0.042501 0.999051 192.270111
0.999726 0.021251 -0.009913 77.680542 -0.020869 0.999092 0.037150 -4.531699 0.010695 -0.036932 0.999261 193.079437
0.999687 0.022565 -0.010791 77.659439 -0.022144 0.999046 0.037605 -4.506961 0.011630 -0.037354 0.999235 193.887985
0.999647 0.023878 -0.011667 77.637634 -0.023418 0.999000 0.038060 -4.481868 0.012565 -0.037773 0.999207 194.695618
0.999605 0.025193 -0.012545 77.615089 -0.024693 0.998952 0.038518 -4.456349 0.013503 -0.038192 0.999179 195.504471
0.999736 0.018906 -0.013034 77.609055 -0.018367 0.999022 0.040202 -4.444958 0.013782 -0.039952 0.999107 196.284561
0.999760 0.017387 -0.013376 77.586334 -0.016932 0.999297 0.033423 -4.428506 0.013949 -0.033189 0.999353 197.056686
0.999753 0.018465 -0.012455 77.564117 -0.018103 0.999426 0.028618 -4.410429 0.012977 -0.028385 0.999513 197.806000
0.999772 0.017962 -0.011597 77.551750 -0.017692 0.999579 0.022992 -4.405632 0.012006 -0.022781 0.999669 198.532150
0.999823 0.015376 -0.010909 77.540825 -0.015157 0.999686 0.019915 -4.407381 0.011213 -0.019747 0.999743 199.239044
0.999917 0.010839 -0.007144 77.530403 -0.010732 0.999832 0.014865 -4.411323 0.007305 -0.014787 0.999864 199.947708
0.999958 0.008917 -0.002499 77.529900 -0.008882 0.999869 0.013469 -4.405390 0.002620 -0.013446 0.999906 200.633347
0.999936 0.011113 0.002472 77.532082 -0.011157 0.999772 0.018220 -4.403661 -0.002268 -0.018246 0.999831 201.306992
0.999838 0.015999 0.008267 77.538620 -0.016222 0.999486 0.027658 -4.408350 -0.007819 -0.027788 0.999584 201.986649
0.999658 0.022145 0.013927 77.541809 -0.022584 0.999224 0.032241 -4.404212 -0.013201 -0.032544 0.999383 202.664993
0.999547 0.023231 0.019192 77.566696 -0.023813 0.999244 0.030700 -4.400913 -0.018464 -0.031142 0.999345 203.320679
0.999413 0.022083 0.026221 77.587547 -0.022682 0.999481 0.022831 -4.399477 -0.025702 -0.023412 0.999395 203.967255
0.999167 0.023386 0.033439 77.608551 -0.023864 0.999617 0.013995 -4.394686 -0.033098 -0.014782 0.999343 204.617523
0.998812 0.026611 0.040845 77.624344 -0.026991 0.999597 0.008790 -4.388662 -0.040594 -0.009882 0.999127 205.271011
0.998497 0.026272 0.048098 77.664169 -0.026781 0.999591 0.009989 -4.387996 -0.047815 -0.011263 0.998794 205.909027
0.998302 0.021067 0.054316 77.699486 -0.021932 0.999640 0.015396 -4.382235 -0.053971 -0.016560 0.998406 206.572067
0.998084 0.013227 0.060463 77.748734 -0.014526 0.999671 0.021103 -4.381972 -0.060164 -0.021941 0.997947 207.234375
0.997778 0.007458 0.066214 77.800293 -0.008971 0.999704 0.022578 -4.383049 -0.066025 -0.023123 0.997550 207.882187
0.997506 0.008765 0.070036 77.839500 -0.010439 0.999667 0.023560 -4.377223 -0.069806 -0.024232 0.997267 208.532578
0.997388 0.011868 0.071261 77.874840 -0.013692 0.999589 0.025161 -4.366555 -0.070933 -0.026072 0.997141 209.182098
0.997372 0.012414 0.071383 77.911880 -0.014342 0.999544 0.026551 -4.348783 -0.071020 -0.027504 0.997096 209.839645
0.997444 0.012087 0.070426 77.957092 -0.014185 0.999468 0.029375 -4.341020 -0.070032 -0.030299 0.997085 210.497055
0.997406 0.013486 0.070709 77.998528 -0.015701 0.999400 0.030854 -4.327196 -0.070250 -0.031884 0.997020 211.155380
0.997222 0.022063 0.071145 78.021172 -0.023971 0.999372 0.026093 -4.319069 -0.070524 -0.027725 0.997125 211.817398
0.997218 0.027196 0.069405 78.064705 -0.028491 0.999436 0.017729 -4.316000 -0.068882 -0.019656 0.997432 212.472000
0.997377 0.025680 0.067681 78.103630 -0.026359 0.999610 0.009158 -4.311823 -0.067419 -0.010918 0.997665 213.127136
0.997764 0.019854 0.063828 78.156311 -0.020179 0.999786 0.004453 -4.302020 -0.063725 -0.005732 0.997952 213.786423
0.998008 0.021683 0.059246 78.204048 -0.022301 0.999703 0.009780 -4.288111 -0.059016 -0.011081 0.998196 214.465195
0.998116 0.027678 0.054775 78.236099 -0.028933 0.999333 0.022241 -4.282205 -0.054123 -0.023783 0.998252 215.160461
0.998489 0.021973 0.050389 78.276810 -0.023867 0.999019 0.037282 -4.280553 -0.049520 -0.038428 0.998034 215.853516
0.998820 0.014991 0.046206 78.316582 -0.017135 0.998778 0.046362 -4.262999 -0.045454 -0.047099 0.997856 216.543198
0.998970 0.012768 0.043552 78.344681 -0.014744 0.998862 0.045352 -4.251445 -0.042923 -0.045947 0.998022 217.228592
0.998983 0.017399 0.041615 78.356033 -0.019045 0.999038 0.039485 -4.236372 -0.040888 -0.040238 0.998354 217.921844
0.999145 0.016122 0.038073 78.374931 -0.017291 0.999382 0.030569 -4.213431 -0.037556 -0.031200 0.998808 218.598480
0.999320 0.007935 0.036028 78.407578 -0.008852 0.999638 0.025377 -4.185727 -0.035814 -0.025678 0.999029 219.284805
0.999361 -0.000073 0.035761 78.433586 -0.001024 0.999529 0.030654 -4.172133 -0.035746 -0.030671 0.998890 219.987030
0.999375 -0.006809 0.034694 78.459305 0.005613 0.999391 0.034442 -4.161333 -0.034907 -0.034226 0.998805 220.693222
0.999391 -0.010122 0.033408 78.485321 0.008877 0.999268 0.037199 -4.150666 -0.033759 -0.036879 0.998750 221.405518
0.999413 -0.012377 0.031951 78.510811 0.011289 0.999357 0.034028 -4.134701 -0.032350 -0.033646 0.998910 222.126404
0.999343 -0.018070 0.031443 78.537834 0.017146 0.999420 0.029398 -4.120751 -0.031956 -0.028840 0.999074 222.824707
0.999181 -0.026628 0.030454 78.572525 0.025787 0.999283 0.027694 -4.100695 -0.031168 -0.026887 0.999153 223.529938
0.999168 -0.028296 0.029385 78.597519 0.027390 0.999150 0.030789 -4.088284 -0.030231 -0.029958 0.999094 224.236038
0.999137 -0.030170 0.028530 78.619499 0.029167 0.998962 0.034963 -4.070750 -0.029555 -0.034101 0.998982 224.952133
0.999124 -0.031385 0.027679 78.638695 0.030336 0.998834 0.037553 -4.055036 -0.028824 -0.036681 0.998912 225.657654
0.999070 -0.033193 0.027555 78.656265 0.032206 0.998848 0.035568 -4.047168 -0.028703 -0.034648 0.998988 226.354401
0.998990 -0.034987 0.028218 78.673409 0.034190 0.999015 0.028267 -4.037646 -0.029178 -0.027274 0.999202 227.040588
0.998965 -0.035275 0.028736 78.687836 0.034749 0.999222 0.018616 -4.026155 -0.029369 -0.017599 0.999415 227.717514
0.999024 -0.033680 0.028576 78.707764 0.033314 0.999358 0.013179 -4.019148 -0.029001 -0.012214 0.999505 228.393097
0.999109 -0.030890 0.028788 78.721886 0.030482 0.999430 0.014510 -4.013655 -0.029219 -0.013619 0.999480 229.063446
0.999041 -0.033184 0.028582 78.742912 0.032585 0.999244 0.021198 -4.013402 -0.029262 -0.020246 0.999368 229.730530
0.998977 -0.035691 0.027801 78.765770 0.034881 0.998967 0.029106 -4.010509 -0.028810 -0.028107 0.999191 230.375305
0.998946 -0.036638 0.027659 78.787300 0.035697 0.998791 0.033772 -4.000115 -0.028862 -0.032748 0.999047 231.006226
0.998989 -0.035864 0.027115 78.800270 0.034864 0.998725 0.036509 -3.980873 -0.028389 -0.035526 0.998966 231.640533
0.998970 -0.038252 0.024446 78.818413 0.037278 0.998538 0.039124 -3.968066 -0.025906 -0.038173 0.998936 232.252060
0.998782 -0.045113 0.020010 78.831909 0.044313 0.998262 0.038828 -3.959857 -0.021726 -0.037895 0.999046 232.836578
0.998701 -0.049475 0.012239 78.837662 0.048998 0.998129 0.036577 -3.948043 -0.014026 -0.035930 0.999256 233.405121
0.998642 -0.052068 0.001640 78.836876 0.051988 0.998125 0.032284 -3.939565 -0.003317 -0.032154 0.999478 233.941284
0.998548 -0.052368 -0.012694 78.825943 0.052709 0.998208 0.028283 -3.935231 0.011191 -0.028911 0.999519 234.476273
0.998087 -0.053235 -0.031431 78.797600 0.054035 0.998222 0.025149 -3.925627 0.030037 -0.026800 0.999190 234.988861
0.996950 -0.056836 -0.053496 78.762054 0.058243 0.997986 0.025097 -3.913116 0.051963 -0.028137 0.998253 235.509033
0.995437 -0.054457 -0.078356 78.705711 0.056718 0.998027 0.026928 -3.908453 0.076736 -0.031249 0.996562 236.020142
0.992870 -0.053954 -0.106296 78.636108 0.057353 0.997927 0.029180 -3.910460 0.104502 -0.035069 0.993906 236.505432
0.988819 -0.055734 -0.138314 78.557373 0.060170 0.997792 0.028098 -3.915160 0.136443 -0.036105 0.989991 236.978531
0.983288 -0.052914 -0.174202 78.452271 0.057976 0.998027 0.024093 -3.923256 0.172584 -0.033790 0.984415 237.437881
0.975737 -0.048941 -0.213405 78.320679 0.054182 0.998354 0.018776 -3.919744 0.212137 -0.029883 0.976784 237.860016
0.965569 -0.045171 -0.256196 78.156914 0.050268 0.998646 0.013377 -3.906240 0.255246 -0.025794 0.966532 238.302155
0.952811 -0.040001 -0.300917 77.978386 0.045352 0.998912 0.010815 -3.903119 0.300158 -0.023953 0.953589 238.712433
0.936919 -0.029630 -0.348289 77.782707 0.034620 0.999367 0.008111 -3.904125 0.347830 -0.019657 0.937352 239.110535
0.917440 -0.016294 -0.397541 77.571419 0.020628 0.999764 0.006630 -3.909718 0.397340 -0.014283 0.917561 239.488251
0.894146 -0.003790 -0.447761 77.332359 0.007844 0.999942 0.007200 -3.913512 0.447708 -0.009949 0.894124 239.856339
0.866786 0.005049 -0.498656 77.080864 -0.000977 0.999963 0.008426 -3.909387 0.498681 -0.006816 0.866759 240.205627
0.835696 0.011833 -0.549066 76.812546 -0.007097 0.999917 0.010748 -3.902593 0.549149 -0.005085 0.835710 240.538177
0.801835 0.020038 -0.597210 76.527435 -0.011015 0.999763 0.018755 -3.909011 0.597445 -0.008459 0.801866 240.852966
0.766157 0.031353 -0.641888 76.225357 -0.014665 0.999402 0.031313 -3.904920 0.642487 -0.014578 0.766159 241.142853
0.728099 0.043194 -0.684111 75.901611 -0.019115 0.998904 0.042726 -3.895870 0.685206 -0.018031 0.728126 241.426773
0.687697 0.051735 -0.724152 75.567818 -0.022154 0.998488 0.050293 -3.883141 0.725660 -0.018544 0.687804 241.690002
0.645828 0.055588 -0.761457 75.220436 -0.021770 0.998281 0.054413 -3.869210 0.763174 -0.018564 0.645928 241.931091
0.601542 0.058435 -0.796702 74.864731 -0.020704 0.998126 0.057575 -3.854486 0.798574 -0.018139 0.601625 242.146271
0.555408 0.055746 -0.829707 74.503342 -0.014455 0.998246 0.057393 -3.834054 0.831452 -0.019883 0.555240 242.340973
0.506477 0.049341 -0.860841 74.134270 -0.006485 0.998551 0.053418 -3.808072 0.862230 -0.021472 0.506063 242.521500
0.454921 0.041409 -0.889570 73.751106 0.001244 0.998887 0.047135 -3.775183 0.890532 -0.022549 0.454363 242.693130
0.402864 0.035952 -0.914554 73.347061 0.004374 0.999141 0.041203 -3.746499 0.915251 -0.020599 0.402360 242.834503
0.352808 0.034055 -0.935077 72.921165 0.004971 0.999254 0.038268 -3.726385 0.935684 -0.018148 0.352375 242.954941
0.303976 0.034762 -0.952046 72.474770 0.003919 0.999280 0.037737 -3.707563 0.952672 -0.015202 0.303620 243.068726
0.259009 0.035315 -0.965229 72.015167 0.005040 0.999268 0.037913 -3.686231 0.965862 -0.014685 0.258641 243.144638
0.216458 0.034830 -0.975671 71.543098 0.007317 0.999277 0.037295 -3.682764 0.976265 -0.015211 0.216045 243.217834
0.176574 0.034013 -0.983700 71.065979 0.008019 0.999320 0.035992 -3.672626 0.984255 -0.014243 0.176180 243.273254
0.140934 0.032433 -0.989488 70.563736 0.008105 0.999392 0.033911 -3.654956 0.989987 -0.012799 0.140585 243.337494
0.112115 0.029890 -0.993246 70.058022 0.007046 0.999498 0.030873 -3.640483 0.993671 -0.010459 0.111846 243.364120
0.086620 0.027484 -0.995863 69.527924 0.006829 0.999579 0.028180 -3.619752 0.996218 -0.009241 0.086396 243.392181
0.063768 0.026834 -0.997604 69.006485 0.004974 0.999617 0.027205 -3.617822 0.997952 -0.006697 0.063611 243.416443
0.046296 0.025116 -0.998612 68.456261 0.002928 0.999676 0.025278 -3.605280 0.998923 -0.004094 0.046206 243.402023
0.031213 0.024486 -0.999214 67.881256 -0.000466 0.999700 0.024483 -3.592787 0.999513 -0.000298 0.031214 243.414444
0.020761 0.021786 -0.999547 67.308502 -0.001382 0.999762 0.021762 -3.563835 0.999784 0.000930 0.020786 243.421829
0.013856 0.020125 -0.999702 66.713562 -0.001677 0.999796 0.020103 -3.556504 0.999903 0.001398 0.013886 243.433197
0.010083 0.020014 -0.999749 66.099365 -0.002018 0.999798 0.019994 -3.550282 0.999947 0.001815 0.010121 243.436798
0.008873 0.020005 -0.999761 65.486397 -0.001292 0.999798 0.019994 -3.544135 0.999960 0.001114 0.008896 243.438095
0.008188 0.020667 -0.999753 64.840622 -0.001137 0.999785 0.020658 -3.540117 0.999967 0.000968 0.008209 243.435928
0.007412 0.021081 -0.999751 64.173569 -0.000678 0.999777 0.021076 -3.529517 0.999973 0.000522 0.007425 243.453995
0.007766 0.021237 -0.999744 63.485954 0.000423 0.999774 0.021240 -3.518523 0.999970 -0.000587 0.007755 243.462830
0.007891 0.019051 -0.999788 62.773563 0.002256 0.999816 0.019070 -3.506690 0.999967 -0.002406 0.007845 243.472855
0.008883 0.016227 -0.999830 62.046856 0.004552 0.999857 0.016268 -3.494530 0.999950 -0.004696 0.008808 243.477875
0.009850 0.015006 -0.999839 61.295731 0.005793 0.999869 0.015063 -3.481519 0.999936 -0.005940 0.009761 243.487717
0.010542 0.014458 -0.999840 60.523548 0.005033 0.999881 0.014512 -3.472122 0.999932 -0.005184 0.010467 243.493881
0.011356 0.014730 -0.999828 59.735195 0.004498 0.999880 0.014781 -3.466020 0.999926 -0.004664 0.011288 243.501099
0.011204 0.015285 -0.999821 58.931725 0.006336 0.999861 0.015357 -3.454513 0.999918 -0.006507 0.011106 243.528992
0.011931 0.015349 -0.999812 58.081810 0.008650 0.999843 0.015452 -3.438658 0.999892 -0.008833 0.011795 243.561493
0.013364 0.015048 -0.999797 57.224972 0.011579 0.999817 0.015203 -3.425134 0.999844 -0.011780 0.013187 243.585007
0.014192 0.015845 -0.999774 56.350307 0.012578 0.999792 0.016024 -3.416459 0.999821 -0.012802 0.013989 243.605774
0.014776 0.017567 -0.999737 55.467575 0.013056 0.999757 0.017760 -3.393774 0.999806 -0.013316 0.014542 243.627090
0.015385 0.022098 -0.999637 54.569344 0.014817 0.999640 0.022325 -3.381369 0.999772 -0.015155 0.015052 243.645203
0.015957 0.026264 -0.999528 53.672234 0.016085 0.999519 0.026521 -3.366511 0.999743 -0.016500 0.015526 243.661743
0.015339 0.027080 -0.999516 52.772381 0.016972 0.999481 0.027339 -3.352054 0.999738 -0.017384 0.014871 243.690643
0.014541 0.023958 -0.999608 51.879715 0.016184 0.999576 0.024193 -3.339741 0.999764 -0.016530 0.014146 243.698166
0.013048 0.019021 -0.999734 50.981464 0.017252 0.999665 0.019244 -3.320406 0.999767 -0.017499 0.012715 243.711761
0.011358 0.017920 -0.999776 50.086094 0.019435 0.999646 0.018138 -3.311182 0.999747 -0.019636 0.011005 243.716049
0.009502 0.022915 -0.999693 49.191898 0.021721 0.999496 0.023117 -3.303492 0.999719 -0.021934 0.008999 243.714935
0.006192 0.028834 -0.999565 48.298862 0.023503 0.999303 0.028972 -3.293045 0.999705 -0.023672 0.005510 243.719116
0.002796 0.032966 -0.999452 47.403774 0.025431 0.999130 0.033027 -3.281092 0.999673 -0.025509 0.001955 243.723907
0.000415 0.032394 -0.999476 46.514713 0.027523 0.999096 0.032393 -3.260564 0.999622 -0.027522 -0.000478 243.710251
-0.002755 0.030753 -0.999524 45.625420 0.029761 0.999086 0.030657 -3.240628 0.999554 -0.029661 -0.003668 243.694427
-0.005360 0.027931 -0.999596 44.735897 0.027761 0.999228 0.027771 -3.227662 0.999601 -0.027601 -0.006132 243.680389
-0.008685 0.025841 -0.999629 43.846287 0.026683 0.999316 0.025602 -3.208605 0.999607 -0.026450 -0.009370 243.683228
-0.010477 0.025218 -0.999628 42.970188 0.027105 0.999321 0.024926 -3.196806 0.999578 -0.026833 -0.011154 243.670746
-0.012333 0.023358 -0.999651 42.101433 0.022118 0.999488 0.023081 -3.176237 0.999680 -0.021825 -0.012844 243.660263
-0.012595 0.019844 -0.999724 41.226933 0.017849 0.999647 0.019618 -3.167489 0.999762 -0.017597 -0.012946 243.623428
-0.012583 0.016348 -0.999787 40.346039 0.016170 0.999739 0.016144 -3.155240 0.999790 -0.015964 -0.012844 243.596420
-0.011241 0.015427 -0.999818 39.465145 0.014151 0.999783 0.015268 -3.147331 0.999837 -0.013977 -0.011457 243.569016
-0.009182 0.015726 -0.999835 38.612194 0.013956 0.999781 0.015598 -3.145424 0.999861 -0.013810 -0.009400 243.547577
-0.007068 0.015311 -0.999859 37.758965 0.015079 0.999771 0.015202 -3.144497 0.999862 -0.014969 -0.007299 243.534622
-0.005045 0.016542 -0.999851 36.898762 0.016095 0.999734 0.016459 -3.140324 0.999859 -0.016010 -0.005310 243.527023
-0.002986 0.017594 -0.999841 36.046593 0.017897 0.999686 0.017538 -3.139425 0.999836 -0.017841 -0.003301 243.518936
-0.000719 0.019414 -0.999812 35.195999 0.023622 0.999532 0.019391 -3.138160 0.999721 -0.023604 -0.001178 243.513931
0.001728 0.019539 -0.999808 34.356121 0.029314 0.999378 0.019581 -3.137762 0.999570 -0.029342 0.001153 243.511902
0.002705 0.017594 -0.999842 33.478523 0.028491 0.999437 0.017664 -3.123758 0.999591 -0.028534 0.002201 243.531494
0.004176 0.016661 -0.999853 32.623112 0.028509 0.999452 0.016774 -3.115199 0.999585 -0.028574 0.003698 243.536575
0.003118 0.016604 -0.999858 31.767563 0.032481 0.999333 0.016697 -3.098108 0.999468 -0.032528 0.002577 243.578140
0.002114 0.019552 -0.999807 30.912066 0.035011 0.999194 0.019614 -3.081484 0.999385 -0.035045 0.001426 243.602325
0.000686 0.022652 -0.999744 30.058794 0.032724 0.999207 0.022661 -3.059226 0.999464 -0.032731 -0.000057 243.609879
-0.001227 0.025858 -0.999665 29.221544 0.031342 0.999175 0.025807 -3.066233 0.999508 -0.031300 -0.002037 243.615723
-0.003957 0.024222 -0.999699 28.391273 0.030360 0.999248 0.024091 -3.058966 0.999532 -0.030255 -0.004691 243.612381
-0.006962 0.021216 -0.999751 27.563450 0.029802 0.999335 0.020999 -3.051080 0.999532 -0.029649 -0.007590 243.607010
-0.010531 0.018336 -0.999777 26.747076 0.028492 0.999431 0.018030 -3.048261 0.999539 -0.028296 -0.011049 243.593063
-0.015996 0.016429 -0.999737 25.933722 0.027471 0.999494 0.015985 -3.037939 0.999495 -0.027208 -0.016440 243.587234
-0.020515 0.016006 -0.999662 25.130404 0.025883 0.999545 0.015473 -3.040002 0.999455 -0.025556 -0.020921 243.557571
-0.025041 0.016779 -0.999546 24.322506 0.023717 0.999588 0.016185 -3.038983 0.999406 -0.023302 -0.025429 243.527161
-0.030709 0.017955 -0.999368 23.512993 0.021456 0.999619 0.017301 -3.031277 0.999299 -0.020911 -0.031083 243.514557
-0.036694 0.020427 -0.999118 22.707441 0.018298 0.999637 0.019766 -3.018458 0.999160 -0.017556 -0.037055 243.503922
-0.040642 0.021636 -0.998940 21.908840 0.013333 0.999688 0.021110 -3.016831 0.999086 -0.012460 -0.040919 243.455902
-0.043973 0.021486 -0.998802 21.113016 0.008879 0.999737 0.021116 -3.010262 0.998993 -0.007939 -0.044153 243.418243
-0.045921 0.020402 -0.998737 20.325523 0.004637 0.999785 0.020210 -3.007619 0.998935 -0.003702 -0.046006 243.368057
-0.046379 0.019372 -0.998737 19.541275 -0.001143 0.999810 0.019446 -2.998989 0.998924 0.002044 -0.046348 243.304962
-0.047372 0.019464 -0.998689 18.768463 -0.004910 0.999793 0.019717 -2.989686 0.998866 0.005837 -0.047266 243.258102
-0.047700 0.019909 -0.998664 18.005198 -0.007604 0.999765 0.020294 -2.982585 0.998834 0.008563 -0.047539 243.209381
-0.047859 0.019513 -0.998664 17.276169 -0.010888 0.999739 0.020055 -2.977424 0.998795 0.011833 -0.047635 243.165619
-0.047543 0.019406 -0.998681 16.559822 -0.013495 0.999707 0.020068 -2.974642 0.998778 0.014431 -0.047267 243.123627
-0.047057 0.019152 -0.998709 15.850007 -0.015888 0.999675 0.019919 -2.964068 0.998766 0.016804 -0.046737 243.088928
-0.045526 0.020061 -0.998762 15.164818 -0.016890 0.999639 0.020848 -2.963102 0.998821 0.017818 -0.045170 243.047165
-0.043306 0.021214 -0.998837 14.482605 -0.017444 0.999606 0.021987 -2.960485 0.998910 0.018376 -0.042920 243.023285
-0.040280 0.021583 -0.998956 13.814335 -0.018930 0.999570 0.022360 -2.957150 0.999009 0.019811 -0.039854 242.994141
-0.038043 0.020318 -0.999070 13.157574 -0.020703 0.999562 0.021115 -2.952352 0.999062 0.021487 -0.037606 242.979065
-0.035323 0.019207 -0.999192 12.523938 -0.020598 0.999588 0.019941 -2.946950 0.999164 0.021287 -0.034914 242.961349
-0.032619 0.018445 -0.999298 11.914514 -0.018619 0.999644 0.019058 -2.946255 0.999295 0.019228 -0.032265 242.945007
-0.029944 0.017847 -0.999392 11.306933 -0.016319 0.999698 0.018341 -2.942888 0.999419 0.016859 -0.029643 242.938309
-0.025534 0.019183 -0.999491 10.701288 -0.016796 0.999666 0.019616 -2.953587 0.999533 0.017289 -0.025204 242.885574
-0.022047 0.020239 -0.999553 10.133170 -0.017008 0.999642 0.020616 -2.952155 0.999613 0.017455 -0.021695 242.876038
-0.017741 0.019156 -0.999659 9.564161 -0.018273 0.999643 0.019480 -2.928060 0.999676 0.018613 -0.017386 242.856384
-0.013264 0.019026 -0.999731 9.012916 -0.017459 0.999661 0.019256 -2.930703 0.999760 0.017711 -0.012929 242.850967
-0.009208 0.019701 -0.999764 8.482503 -0.015984 0.999675 0.019847 -2.929205 0.999830 0.016163 -0.008890 242.859619
-0.005224 0.020614 -0.999774 7.962576 -0.015415 0.999666 0.020691 -2.930638 0.999868 0.015519 -0.004905 242.862335
-0.001367 0.021416 -0.999770 7.465770 -0.013058 0.999684 0.021432 -2.932415 0.999914 0.013084 -0.001088 242.875931
0.002687 0.022423 -0.999745 6.996799 -0.013245 0.999661 0.022385 -2.929349 0.999909 0.013182 0.002982 242.881775
0.008087 0.023882 -0.999683 6.537735 -0.013344 0.999628 0.023773 -2.924165 0.999879 0.013148 0.008401 242.881638
0.013572 0.025788 -0.999576 6.112311 -0.013059 0.999586 0.025611 -2.933171 0.999823 0.012706 0.013902 242.883850
0.018965 0.026214 -0.999477 5.682480 -0.011993 0.999590 0.025989 -2.929437 0.999748 0.011493 0.019271 242.894196
0.025021 0.026665 -0.999331 5.275995 -0.011097 0.999589 0.026395 -2.923266 0.999625 0.010429 0.025306 242.906830
0.031100 0.025576 -0.999189 4.886920 -0.008993 0.999638 0.025306 -2.912364 0.999477 0.008199 0.031319 242.924393
0.037371 0.024431 -0.999003 4.522774 -0.006877 0.999683 0.024189 -2.911751 0.999279 0.005966 0.037527 242.941666
0.043263 0.023603 -0.998785 4.171834 -0.005772 0.999710 0.023375 -2.907813 0.999048 0.004754 0.043385 242.962479
0.048768 0.022270 -0.998562 3.842860 -0.004979 0.999744 0.022053 -2.899709 0.998798 0.003896 0.048866 242.979904
0.054075 0.021950 -0.998296 3.535503 -0.005101 0.999751 0.021706 -2.893599 0.998524 0.003919 0.054172 242.993729
0.058549 0.022507 -0.998032 3.245582 -0.004603 0.999741 0.022275 -2.892488 0.998274 0.003290 0.058637 243.013260
0.062641 0.022185 -0.997790 2.988809 -0.004503 0.999749 0.021945 -2.888716 0.998026 0.003118 0.062725 243.031586
0.066373 0.019940 -0.997596 2.765303 -0.002622 0.999800 0.019809 -2.885981 0.997792 0.001302 0.066412 243.051620
0.069389 0.014923 -0.997479 2.567148 -0.000814 0.999889 0.014903 -2.887925 0.997590 -0.000222 0.069393 243.072830
0.072354 0.011351 -0.997315 2.390576 0.000920 0.999934 0.011448 -2.891600 0.997379 -0.001745 0.072338 243.086288
0.074364 0.011617 -0.997164 2.239833 0.001123 0.999930 0.011733 -2.890953 0.997231 -0.001991 0.074345 243.103333
0.076162 0.013270 -0.997008 2.120359 0.001011 0.999909 0.013385 -2.892266 0.997095 -0.002028 0.076141 243.107391
0.077116 0.012781 -0.996940 2.024429 0.001062 0.999916 0.012901 -2.898738 0.997022 -0.002053 0.077095 243.116653
0.077768 0.010525 -0.996917 1.947800 0.001318 0.999942 0.010660 -2.899755 0.996971 -0.002143 0.077749 243.128082
0.078589 0.008638 -0.996870 1.885314 0.002086 0.999959 0.008829 -2.897407 0.996905 -0.002774 0.078567 243.130692
0.078549 0.008260 -0.996877 1.833906 0.002073 0.999962 0.008448 -2.900914 0.996909 -0.002730 0.078528 243.138748
0.079753 0.007150 -0.996790 1.799442 0.001708 0.999971 0.007309 -2.883846 0.996814 -0.002286 0.079739 243.128922
0.080162 0.006092 -0.996764 1.772850 0.001527 0.999979 0.006235 -2.867242 0.996781 -0.002021 0.080151 243.123550
0.080347 0.005225 -0.996754 1.754929 0.001505 0.999984 0.005363 -2.854360 0.996767 -0.001930 0.080337 243.120285
0.080319 0.005213 -0.996756 1.749728 0.001523 0.999984 0.005353 -2.854260 0.996769 -0.001948 0.080308 243.121536
0.080304 0.005175 -0.996758 1.753351 0.001480 0.999984 0.005311 -2.856141 0.996770 -0.001902 0.080294 243.121399
0.080324 0.004002 -0.996761 1.754066 0.001154 0.999991 0.004107 -2.857498 0.996768 -0.001480 0.080319 243.120712
0.080494 0.002908 -0.996752 1.754185 0.000860 0.999995 0.002986 -2.870198 0.996755 -0.001097 0.080491 243.117920
0.080690 0.002620 -0.996736 1.752342 0.000651 0.999996 0.002682 -2.870557 0.996739 -0.000865 0.080688 243.114487
0.080424 0.002862 -0.996758 1.750887 0.001099 0.999995 0.002959 -2.866569 0.996761 -0.001333 0.080419 243.120895
0.080596 0.002716 -0.996743 1.750204 0.001239 0.999995 0.002825 -2.868146 0.996747 -0.001463 0.080591 243.117630
0.080567 0.002417 -0.996746 1.749345 0.001054 0.999996 0.002510 -2.867980 0.996749 -0.001252 0.080563 243.117599
0.080579 0.002280 -0.996746 1.744162 0.000972 0.999996 0.002366 -2.868720 0.996748 -0.001160 0.080576 243.117249
0.080666 0.001926 -0.996740 1.739599 0.001077 0.999996 0.002019 -2.868997 0.996741 -0.001236 0.080663 243.121033
0.080627 0.001846 -0.996743 1.728043 0.001065 0.999997 0.001938 -2.869189 0.996744 -0.001217 0.080624 243.122955
0.080525 0.001447 -0.996752 1.710395 0.001314 0.999997 0.001557 -2.862437 0.996753 -0.001435 0.080522 243.125107
0.080999 0.000542 -0.996714 1.690689 0.001394 0.999998 0.000657 -2.846514 0.996714 -0.001443 0.080998 243.117050
0.081262 0.000088 -0.996693 1.669890 0.001638 0.999998 0.000222 -2.838726 0.996692 -0.001650 0.081261 243.114670
0.081490 -0.000376 -0.996675 1.640499 0.001640 0.999998 -0.000243 -2.844407 0.996673 -0.001614 0.081490 243.115967
0.082449 -0.001937 -0.996594 1.594625 0.001347 0.999997 -0.001832 -2.852121 0.996594 -0.001192 0.082450 243.111954
0.082918 -0.005467 -0.996542 1.541618 0.001843 0.999984 -0.005333 -2.839364 0.996556 -0.001394 0.082927 243.125748
0.084489 -0.008284 -0.996390 1.461507 0.002116 0.999964 -0.008135 -2.828081 0.996422 -0.001420 0.084504 243.127365
0.086685 -0.008434 -0.996200 1.361036 0.002081 0.999963 -0.008286 -2.840645 0.996234 -0.001355 0.086699 243.141068
0.090400 -0.009665 -0.995859 1.239389 0.002593 0.999951 -0.009469 -2.840645 0.995902 -0.001726 0.090420 243.156067
0.095996 -0.011356 -0.995318 1.098256 0.003145 0.999933 -0.011106 -2.845810 0.995377 -0.002064 0.096025 243.172974
0.103826 -0.013007 -0.994511 0.932936 0.003535 0.999913 -0.012709 -2.844184 0.994590 -0.002196 0.103863 243.192291
0.113775 -0.013535 -0.993415 0.748298 0.003202 0.999906 -0.013257 -2.842936 0.993502 -0.001673 0.113808 243.216751
0.125852 -0.013473 -0.991958 0.547545 0.002236 0.999908 -0.013297 -2.846579 0.992047 -0.000545 0.125870 243.244003
0.140079 -0.014757 -0.990030 0.335611 0.001393 0.999890 -0.014707 -2.839511 0.990140 0.000681 0.140085 243.282471
0.157087 -0.013804 -0.987489 0.102720 0.001015 0.999903 -0.013817 -2.838703 0.987585 0.001169 0.157086 243.320648
0.176626 -0.008890 -0.984238 -0.138898 0.002305 0.999960 -0.008618 -2.846760 0.984276 -0.000746 0.176640 243.378220
0.199347 -0.004937 -0.979916 -0.394432 0.002433 0.999986 -0.004544 -2.845362 0.979926 -0.001478 0.199356 243.439209
0.223506 -0.004470 -0.974692 -0.652862 0.001717 0.999990 -0.004192 -2.844447 0.974701 -0.000737 0.223511 243.510529
0.249638 -0.005847 -0.968323 -0.911036 0.004891 0.999976 -0.004777 -2.845448 0.968328 -0.003543 0.249660 243.604507
0.279926 -0.006635 -0.959999 -1.185980 0.007650 0.999959 -0.004680 -2.841622 0.959992 -0.006034 0.279966 243.704163
0.312632 -0.007074 -0.949848 -1.455827 0.012093 0.999920 -0.003467 -2.842518 0.949798 -0.010403 0.312692 243.825958
0.348209 -0.007666 -0.937386 -1.735700 0.017348 0.999847 -0.001733 -2.834074 0.937257 -0.015658 0.348288 243.963028
0.387379 -0.004216 -0.921911 -2.015363 0.019668 0.999799 0.003691 -2.837060 0.921712 -0.019562 0.387384 244.114960
0.428721 0.000744 -0.903438 -2.301463 0.018444 0.999783 0.009576 -2.833581 0.903250 -0.020769 0.428613 244.281693
0.471901 0.004470 -0.881641 -2.580420 0.014158 0.999820 0.012647 -2.818330 0.881539 -0.018451 0.471752 244.471390
0.517313 0.007820 -0.855760 -2.867741 0.010053 0.999833 0.015213 -2.817475 0.855738 -0.016473 0.517149 244.673798
0.563085 0.008576 -0.826355 -3.149601 0.011122 0.999776 0.017954 -2.811357 0.826325 -0.019301 0.562863 244.906158
0.608899 0.007462 -0.793213 -3.421734 0.014119 0.999695 0.020243 -2.806513 0.793123 -0.023526 0.608608 245.164703
0.655556 0.004683 -0.755132 -3.680151 0.017143 0.999630 0.021082 -2.815476 0.754952 -0.026765 0.655234 245.427643
0.700523 0.000922 -0.713630 -3.935607 0.017417 0.999678 0.018388 -2.807602 0.713419 -0.025310 0.700281 245.726013
0.744655 -0.003983 -0.667439 -4.177367 0.017357 0.999760 0.013398 -2.795382 0.667226 -0.021561 0.744544 246.046600
0.786675 -0.004944 -0.617347 -4.406947 0.014341 0.999844 0.010267 -2.782681 0.617201 -0.016930 0.786624 246.395767
0.826327 -0.005231 -0.563167 -4.634445 0.012790 0.999873 0.009479 -2.767404 0.563046 -0.015035 0.826289 246.777313
0.861902 -0.005879 -0.507041 -4.842320 0.013855 0.999832 0.011957 -2.751057 0.506886 -0.017331 0.861839 247.185303
0.892029 -0.009689 -0.451875 -5.024657 0.017777 0.999749 0.013654 -2.736206 0.451630 -0.020213 0.891977 247.630386
0.917691 -0.014466 -0.397033 -5.169233 0.022826 0.999605 0.016338 -2.731323 0.396641 -0.024056 0.917659 248.085632
0.939460 -0.017262 -0.342225 -5.319658 0.024663 0.999546 0.017284 -2.721567 0.341772 -0.024678 0.939459 248.569931
0.957956 -0.020091 -0.286210 -5.441299 0.026440 0.999482 0.018338 -2.711230 0.285693 -0.025135 0.957992 249.062256
0.971264 -0.020628 -0.237111 -5.536489 0.025114 0.999557 0.015913 -2.702797 0.236678 -0.021411 0.971352 249.574127
0.981494 -0.021812 -0.190249 -5.641173 0.025031 0.999581 0.014533 -2.677677 0.189852 -0.019026 0.981629 250.144684
0.988847 -0.023608 -0.147053 -5.720381 0.026211 0.999531 0.015788 -2.653246 0.146613 -0.019467 0.989003 250.714966
0.993596 -0.024260 -0.110359 -5.755929 0.026409 0.999487 0.018052 -2.642084 0.109865 -0.020850 0.993728 251.312469
0.996615 -0.025004 -0.078319 -5.786819 0.026638 0.999447 0.019870 -2.626590 0.077779 -0.021889 0.996731 251.920319
0.998236 -0.029687 -0.051427 -5.813727 0.030782 0.999313 0.020625 -2.597227 0.050779 -0.022172 0.998464 252.553162
0.999034 -0.032873 -0.029175 -5.844550 0.033491 0.999220 0.020923 -2.576013 0.028466 -0.021880 0.999356 253.203796
0.999327 -0.034451 -0.012667 -5.845237 0.034721 0.999161 0.021675 -2.559802 0.011911 -0.022100 0.999685 253.857452
0.999399 -0.034672 0.000272 -5.843750 0.034658 0.999154 0.022139 -2.550788 -0.001038 -0.022116 0.999755 254.516571
0.999339 -0.034961 0.009945 -5.835478 0.034738 0.999158 0.021822 -2.540331 -0.010699 -0.021463 0.999713 255.194336
0.999247 -0.034169 0.018385 -5.826769 0.033787 0.999214 0.020742 -2.526878 -0.019078 -0.020105 0.999617 255.884094
0.999071 -0.034445 0.025880 -5.819245 0.033959 0.999242 0.018992 -2.506150 -0.026514 -0.018095 0.999485 256.589874
0.998923 -0.035002 0.030483 -5.796396 0.034450 0.999236 0.018457 -2.499747 -0.031105 -0.017387 0.999365 257.302032
0.998803 -0.035313 0.033857 -5.784457 0.034684 0.999217 0.018974 -2.490678 -0.034500 -0.017778 0.999247 258.042328
0.998715 -0.035920 0.035754 -5.752418 0.035208 0.999172 0.020362 -2.481555 -0.036455 -0.019077 0.999153 258.787659
0.998660 -0.036204 0.036979 -5.721640 0.035360 0.999103 0.023237 -2.478236 -0.037786 -0.021898 0.999046 259.556824
0.998601 -0.036594 0.038183 -5.701054 0.035612 0.999025 0.026093 -2.470121 -0.039100 -0.024696 0.998930 260.350800
0.998591 -0.037309 0.037763 -5.669761 0.036313 0.998983 0.026722 -2.456814 -0.038721 -0.025314 0.998930 261.155273
0.998591 -0.038043 0.036989 -5.649177 0.037119 0.998988 0.025360 -2.442900 -0.037916 -0.023952 0.998994 261.961823
0.998614 -0.038722 0.035641 -5.627826 0.037965 0.999044 0.021658 -2.428371 -0.036445 -0.020275 0.999130 262.795502
0.998723 -0.036370 0.035069 -5.618457 0.035859 0.999242 0.015106 -2.402710 -0.035590 -0.013829 0.999272 263.645264
0.998864 -0.033807 0.033616 -5.572763 0.033436 0.999374 0.011531 -2.399071 -0.033984 -0.010394 0.999369 264.516876
0.998916 -0.031975 0.033865 -5.562159 0.031613 0.999437 0.011198 -2.374834 -0.034203 -0.010114 0.999364 265.403412
0.998879 -0.032341 0.034586 -5.550321 0.031719 0.999328 0.018373 -2.372158 -0.035156 -0.017256 0.999233 266.302826
0.998736 -0.033332 0.037627 -5.574597 0.032312 0.999101 0.027418 -2.352999 -0.038507 -0.026167 0.998916 267.199829
0.998580 -0.035776 0.039473 -5.577002 0.034498 0.998872 0.032612 -2.339283 -0.040595 -0.031204 0.998689 268.100586
0.998440 -0.039493 0.039472 -5.546035 0.038332 0.998822 0.029763 -2.313574 -0.040601 -0.028204 0.998778 269.021545
0.998347 -0.041942 0.039311 -5.522997 0.041094 0.998910 0.022143 -2.286573 -0.040196 -0.020491 0.998982 269.951141
0.998279 -0.043300 0.039570 -5.502703 0.042763 0.998982 0.014338 -2.262826 -0.040150 -0.012621 0.999114 270.891632
0.998308 -0.043497 0.038576 -5.467928 0.043133 0.999017 0.010227 -2.258439 -0.038981 -0.008545 0.999204 271.843536
0.998305 -0.042644 0.039627 -5.458320 0.042333 0.999065 0.008674 -2.248830 -0.039959 -0.006982 0.999178 272.810760
0.998393 -0.040679 0.039474 -5.430232 0.040261 0.999125 0.011324 -2.255557 -0.039899 -0.009716 0.999157 273.794037
0.998409 -0.039774 0.039988 -5.414904 0.039091 0.999078 0.017729 -2.240998 -0.040655 -0.016138 0.999044 274.829071
0.998519 -0.038589 0.038361 -5.330488 0.037655 0.998983 0.024781 -2.237095 -0.039278 -0.023300 0.998957 275.874756
0.998422 -0.039787 0.039639 -5.304072 0.038669 0.998842 0.028579 -2.221604 -0.040730 -0.027001 0.998805 276.895142
0.998341 -0.041336 0.040085 -5.265338 0.040289 0.998834 0.026573 -2.201590 -0.041136 -0.024913 0.998843 277.917572
0.998278 -0.042659 0.040283 -5.225992 0.041767 0.998868 0.022738 -2.184230 -0.041207 -0.021016 0.998930 278.942078
0.998239 -0.044070 0.039701 -5.181059 0.043327 0.998872 0.019399 -2.170276 -0.040510 -0.017644 0.999024 279.980438
0.998181 -0.045174 0.039930 -5.148710 0.044483 0.998847 0.018038 -2.156119 -0.040698 -0.016229 0.999040 281.016357
0.998220 -0.045201 0.038922 -5.104226 0.044540 0.998851 0.017700 -2.134571 -0.039676 -0.015935 0.999086 282.083771
0.998200 -0.046867 0.037443 -5.058961 0.046148 0.998736 0.019857 -2.107018 -0.038324 -0.018093 0.999102 283.163177
0.998149 -0.047519 0.037989 -5.077959 0.046671 0.998648 0.022901 -2.087264 -0.039026 -0.021085 0.999016 284.251984
0.998043 -0.049420 0.038330 -5.080087 0.048664 0.998606 0.020410 -2.064978 -0.039285 -0.018505 0.999058 285.331177
0.997971 -0.051620 0.037288 -5.040685 0.051101 0.998584 0.014737 -2.060271 -0.037995 -0.012801 0.999196 286.389954
0.998081 -0.050581 0.035745 -4.995980 0.050253 0.998686 0.010010 -2.048400 -0.036204 -0.008195 0.999312 287.480621
0.998158 -0.050282 0.033952 -4.952834 0.050007 0.998709 0.008936 -2.047983 -0.034358 -0.007222 0.999384 288.560242
0.998279 -0.048401 0.033111 -4.939452 0.048081 0.998789 0.010373 -2.049041 -0.033572 -0.008764 0.999398 289.641602
0.998363 -0.047360 0.032091 -4.918260 0.046921 0.998796 0.014300 -2.052467 -0.032729 -0.012771 0.999384 290.716248
0.998467 -0.045750 0.031177 -4.902561 0.045172 0.998798 0.018996 -2.045864 -0.032008 -0.017558 0.999334 291.797577
0.998592 -0.043215 0.030797 -4.899529 0.042528 0.998838 0.022622 -2.041996 -0.031738 -0.021280 0.999270 292.880798
0.998690 -0.041023 0.030590 -4.886258 0.040327 0.998921 0.023028 -2.029923 -0.031500 -0.021764 0.999267 293.944702
0.998690 -0.040739 0.030977 -4.862208 0.040070 0.998955 0.021926 -2.021288 -0.031837 -0.020656 0.999280 295.014343
0.998603 -0.041830 0.032300 -4.844604 0.041209 0.998956 0.019676 -2.008537 -0.033089 -0.018317 0.999285 296.065338
0.998636 -0.040687 0.032748 -4.824234 0.040168 0.999059 0.016354 -2.005799 -0.033383 -0.015017 0.999330 297.125214
0.998581 -0.041876 0.032927 -4.794231 0.041482 0.999059 0.012581 -1.999649 -0.033423 -0.011197 0.999379 298.187103
0.998608 -0.041358 0.032747 -4.760614 0.041012 0.999096 0.011167 -1.999097 -0.033179 -0.009808 0.999402 299.239075
0.998582 -0.040753 0.034257 -4.744718 0.040325 0.999101 0.013092 -2.002348 -0.034760 -0.011692 0.999328 300.288940
0.998632 -0.038739 0.035132 -4.722548 0.038182 0.999136 0.016396 -2.004679 -0.035736 -0.015032 0.999248 301.330170
0.998639 -0.036887 0.036902 -4.711794 0.036252 0.999186 0.017715 -2.001184 -0.037524 -0.016352 0.999162 302.370148
0.998653 -0.035205 0.038124 -4.690729 0.034519 0.999232 0.018523 -1.994536 -0.038745 -0.017182 0.999101 303.403473
0.998676 -0.033648 0.038914 -4.658484 0.032797 0.999212 0.022309 -1.985514 -0.039632 -0.021004 0.998994 304.452423
0.998719 -0.032050 0.039150 -4.614851 0.031010 0.999156 0.026903 -1.970467 -0.039978 -0.025654 0.998872 305.491516
0.998797 -0.029502 0.039173 -4.573792 0.028444 0.999223 0.027285 -1.966587 -0.039947 -0.026139 0.998860 306.533630
0.998876 -0.026302 0.039458 -4.534424 0.025424 0.999421 0.022597 -1.960907 -0.040029 -0.021569 0.998966 307.555756
0.998918 -0.023665 0.040058 -4.497552 0.022962 0.999575 0.017927 -1.946370 -0.040464 -0.016988 0.999037 308.579346
0.998925 -0.021712 0.040947 -4.480200 0.021128 0.999669 0.014637 -1.915002 -0.041251 -0.013756 0.999055 309.658356
0.998933 -0.018386 0.042369 -4.460105 0.017826 0.999748 0.013556 -1.911733 -0.042606 -0.012786 0.999010 310.699738
0.998950 -0.016266 0.042842 -4.421293 0.015736 0.999795 0.012694 -1.913078 -0.043039 -0.012007 0.999002 311.738129
0.998912 -0.015119 0.044113 -4.403392 0.014578 0.999814 0.012589 -1.898426 -0.044293 -0.011933 0.998947 312.779327
0.998924 -0.015288 0.043790 -4.345562 0.014642 0.999779 0.015053 -1.894095 -0.044010 -0.014396 0.998928 313.825867
0.998888 -0.016146 0.044306 -4.315944 0.015427 0.999744 0.016541 -1.886636 -0.044561 -0.015839 0.998882 314.887482
0.998864 -0.016538 0.044697 -4.276778 0.015757 0.999717 0.017778 -1.890948 -0.044978 -0.017054 0.998843 315.938843
0.998724 -0.015309 0.048141 -4.292581 0.014494 0.999746 0.017240 -1.883585 -0.048392 -0.016520 0.998693 316.978912
0.998545 -0.015721 0.051583 -4.290818 0.014778 0.999717 0.018637 -1.890996 -0.051861 -0.017847 0.998495 318.041626
0.998403 -0.016025 0.054193 -4.262093 0.015019 0.999708 0.018905 -1.885757 -0.054480 -0.018060 0.998352 319.088593
0.998315 -0.016553 0.055619 -4.214920 0.015555 0.999711 0.018335 -1.875149 -0.055906 -0.017439 0.998285 320.145111
0.998286 -0.015727 0.056379 -4.152615 0.014734 0.999729 0.017991 -1.862364 -0.056646 -0.017129 0.998248 321.219757
0.998256 -0.014902 0.057137 -4.089522 0.013914 0.999747 0.017646 -1.849956 -0.057385 -0.016820 0.998210 322.294037
0.998136 -0.016748 0.058683 -4.043755 0.015794 0.999736 0.016688 -1.847476 -0.058947 -0.015730 0.998138 323.366730
0.998172 -0.014798 0.058613 -3.980303 0.014120 0.999829 0.011946 -1.841831 -0.058779 -0.011096 0.998210 324.448212
0.998209 -0.016761 0.057437 -3.895153 0.016264 0.999826 0.009128 -1.838480 -0.057579 -0.008178 0.998307 325.522278
0.998165 -0.019095 0.057465 -3.841606 0.018450 0.999761 0.011727 -1.829541 -0.057674 -0.010646 0.998279 326.614471
0.998150 -0.018549 0.057914 -3.788812 0.017626 0.999710 0.016406 -1.825049 -0.058201 -0.015355 0.998187 327.732239
0.998145 -0.018331 0.058059 -3.727182 0.017223 0.999661 0.019531 -1.822028 -0.058397 -0.018495 0.998123 328.831879
0.998113 -0.019662 0.058186 -3.665807 0.018431 0.999595 0.021631 -1.811518 -0.058587 -0.020518 0.998072 329.922699
0.998104 -0.018974 0.058554 -3.612075 0.017625 0.999569 0.023468 -1.799106 -0.058974 -0.022391 0.998009 331.013580
0.998017 -0.021321 0.059220 -3.568812 0.019969 0.999528 0.023344 -1.781596 -0.059690 -0.022116 0.997973 332.130646
0.997831 -0.025119 0.060849 -3.546997 0.023891 0.999497 0.020835 -1.746876 -0.061342 -0.019335 0.997930 333.261688
0.997755 -0.026590 0.061474 -3.505142 0.025548 0.999516 0.017682 -1.729188 -0.061914 -0.016072 0.997953 334.356598
0.997700 -0.029286 0.061140 -3.437815 0.028350 0.999467 0.016129 -1.722086 -0.061579 -0.014358 0.998000 335.418396
0.997704 -0.030201 0.060641 -3.366343 0.029161 0.999413 0.017955 -1.733305 -0.061147 -0.016146 0.997998 336.488403
0.997606 -0.033133 0.060712 -3.306533 0.031954 0.999283 0.020284 -1.721008 -0.061340 -0.018296 0.997950 337.569580
0.997513 -0.035257 0.061044 -3.257745 0.033872 0.999148 0.023570 -1.711242 -0.061822 -0.021442 0.997858 338.654144
0.997393 -0.038505 0.061037 -3.197090 0.037035 0.999000 0.025040 -1.711926 -0.061939 -0.022714 0.997822 339.705505
0.997317 -0.040470 0.061006 -3.136011 0.039192 0.998988 0.022025 -1.705405 -0.061835 -0.019575 0.997895 340.782867
0.997193 -0.043465 0.060970 -3.061516 0.042435 0.998935 0.018096 -1.704216 -0.061691 -0.015457 0.997976 341.845001
0.997158 -0.045113 0.060343 -2.984421 0.044194 0.998887 0.016464 -1.692956 -0.061017 -0.013751 0.998043 342.917084
0.997111 -0.046171 0.060326 -2.933757 0.045181 0.998822 0.017687 -1.693339 -0.061072 -0.014910 0.998022 343.981262
0.997016 -0.048298 0.060228 -2.893838 0.047193 0.998692 0.019638 -1.686046 -0.061097 -0.016737 0.997992 345.053711
0.996896 -0.050592 0.060329 -2.853070 0.049242 0.998506 0.023674 -1.702132 -0.061436 -0.020629 0.997898 346.104401
0.996690 -0.052622 0.061979 -2.836562 0.051149 0.998375 0.025119 -1.671128 -0.063199 -0.021866 0.997762 347.147552
0.996532 -0.054841 0.062589 -2.796551 0.053263 0.998225 0.026623 -1.665351 -0.063937 -0.023198 0.997685 348.164490
0.996334 -0.058214 0.062689 -2.753240 0.056717 0.998066 0.025416 -1.645782 -0.064047 -0.021768 0.997710 349.179535
0.996125 -0.061583 0.062792 -2.709845 0.060166 0.997894 0.024211 -1.627528 -0.064151 -0.020340 0.997733 350.193604
0.996155 -0.061682 0.062218 -2.651976 0.060389 0.997921 0.022464 -1.615322 -0.063474 -0.018620 0.997810 351.169250
0.996289 -0.060318 0.061401 -2.598582 0.059087 0.998017 0.021677 -1.606800 -0.062587 -0.017969 0.997879 352.145721
0.996300 -0.060481 0.061064 -2.544770 0.059265 0.998009 0.021529 -1.597594 -0.062245 -0.017831 0.997902 353.100494
0.996306 -0.060116 0.061328 -2.500550 0.058852 0.998018 0.022236 -1.591759 -0.062543 -0.018544 0.997871 354.049957
0.996404 -0.058291 0.061488 -2.458666 0.056943 0.998101 0.023462 -1.586122 -0.062739 -0.019877 0.997833 354.984894
0.996550 -0.055734 0.061501 -2.415020 0.054468 0.998271 0.022084 -1.582013 -0.062624 -0.018657 0.997863 355.912384
0.996582 -0.054721 0.061895 -2.365518 0.053578 0.998364 0.019979 -1.579292 -0.062887 -0.016595 0.997883 356.815216
0.996457 -0.055180 0.063488 -2.318291 0.054089 0.998358 0.018793 -1.577642 -0.064420 -0.015293 0.997806 357.706360
0.996409 -0.054644 0.064682 -2.264509 0.053490 0.998378 0.019461 -1.570101 -0.065641 -0.015931 0.997716 358.582947
0.996298 -0.054690 0.066342 -2.203765 0.053461 0.998365 0.020164 -1.569011 -0.067336 -0.016542 0.997594 359.440186
0.996047 -0.056965 0.068166 -2.144157 0.055617 0.998220 0.021517 -1.559170 -0.069270 -0.017640 0.997442 360.303619
0.995809 -0.058616 0.070211 -2.091352 0.057211 0.998122 0.021870 -1.554508 -0.071361 -0.017761 0.997293 361.125031
0.995620 -0.059100 0.072454 -2.040140 0.057552 0.998071 0.023261 -1.553599 -0.073688 -0.018989 0.997101 361.934296
0.995248 -0.061801 0.075245 -1.992896 0.060059 0.997876 0.025206 -1.550353 -0.076643 -0.020567 0.996847 362.713470
0.995125 -0.062859 0.075997 -1.922466 0.060953 0.997771 0.027141 -1.549187 -0.077533 -0.022377 0.996739 363.469452
0.995019 -0.060981 0.078866 -1.886557 0.058875 0.997851 0.028763 -1.542972 -0.080450 -0.023976 0.996471 364.214966
0.994784 -0.060886 0.081851 -1.853868 0.058707 0.997860 0.028777 -1.535932 -0.083427 -0.023822 0.996230 364.924377
0.994586 -0.060683 0.084365 -1.811942 0.058737 0.997950 0.025358 -1.530891 -0.085730 -0.020265 0.996113 365.627563
0.994403 -0.060524 0.086596 -1.760189 0.058961 0.998049 0.020503 -1.534153 -0.087667 -0.015282 0.996033 366.288757
0.994268 -0.060045 0.088465 -1.708747 0.058652 0.998111 0.018265 -1.530973 -0.089393 -0.012972 0.995913 366.936829
0.994129 -0.059865 0.090138 -1.665838 0.058390 0.998114 0.018913 -1.522047 -0.091100 -0.013539 0.995751 367.569763
0.994018 -0.060483 0.090944 -1.619328 0.058713 0.998031 0.022016 -1.518869 -0.092097 -0.016544 0.995613 368.162140
0.993920 -0.061228 0.091511 -1.588675 0.059174 0.997934 0.024999 -1.514404 -0.092852 -0.019433 0.995491 368.746704
0.994066 -0.061321 0.089858 -1.546809 0.059187 0.997902 0.026216 -1.516712 -0.091276 -0.020742 0.995610 369.303650
0.994443 -0.059247 0.087027 -1.518938 0.057415 0.998076 0.023410 -1.514970 -0.088246 -0.018284 0.995931 369.826263
0.994939 -0.058000 0.082052 -1.495830 0.056621 0.998213 0.019045 -1.503392 -0.083010 -0.014303 0.996447 370.351013
0.995658 -0.057019 0.073595 -1.468056 0.055988 0.998303 0.016001 -1.497143 -0.074382 -0.011811 0.997161 370.838257
0.996467 -0.056655 0.062014 -1.454393 0.055854 0.998332 0.014572 -1.497922 -0.062736 -0.011056 0.997969 371.305969
0.997353 -0.056184 0.046171 -1.441390 0.055642 0.998366 0.012948 -1.496974 -0.046822 -0.010344 0.998850 371.765289
0.998160 -0.054196 0.027200 -1.444297 0.053922 0.998487 0.010710 -1.491571 -0.027738 -0.009223 0.999573 372.227722
0.998674 -0.051239 0.004953 -1.453688 0.051185 0.998632 0.010592 -1.497482 -0.005488 -0.010324 0.999932 372.682281
0.998600 -0.048602 -0.020871 -1.486109 0.048857 0.998735 0.011857 -1.501787 0.020269 -0.012860 0.999712 373.133881
0.997440 -0.049201 -0.051899 -1.516093 0.049978 0.998654 0.013779 -1.495859 0.051153 -0.016337 0.998557 373.582977
0.994874 -0.050464 -0.087628 -1.562661 0.051835 0.998565 0.013444 -1.493718 0.086824 -0.017917 0.996063 374.021912
0.990556 -0.050171 -0.127601 -1.644147 0.052118 0.998569 0.011959 -1.500383 0.126819 -0.018497 0.991754 374.444000
0.984107 -0.046810 -0.171297 -1.741213 0.049499 0.998708 0.011461 -1.501117 0.170540 -0.019758 0.985153 374.861542
0.975371 -0.042643 -0.216414 -1.862483 0.046552 0.998831 0.012998 -1.507307 0.215608 -0.022753 0.976216 375.264862
0.964050 -0.039512 -0.262765 -2.006680 0.044995 0.998876 0.014883 -1.502971 0.261883 -0.026170 0.964745 375.662415
0.949895 -0.039465 -0.310068 -2.172727 0.047082 0.998744 0.017116 -1.507373 0.309004 -0.030857 0.950561 376.047485
0.932920 -0.036077 -0.358272 -2.357465 0.045799 0.998776 0.018683 -1.504730 0.357160 -0.033837 0.933430 376.411896
0.912224 -0.028780 -0.408679 -2.565658 0.040144 0.999008 0.019253 -1.509180 0.407721 -0.033969 0.912475 376.764069
0.887543 -0.021234 -0.460236 -2.794392 0.034728 0.999178 0.020870 -1.509211 0.459415 -0.034507 0.887551 377.117126
0.859289 -0.017154 -0.511204 -3.049139 0.033939 0.999147 0.023520 -1.502305 0.510365 -0.037560 0.859138 377.463806
0.827020 -0.016919 -0.561918 -3.323510 0.038094 0.998936 0.025988 -1.501525 0.560881 -0.042897 0.826785 377.807434
0.790791 -0.019633 -0.611771 -3.628550 0.044626 0.998675 0.025635 -1.497587 0.610457 -0.047574 0.790619 378.147308
0.750474 -0.020558 -0.660580 -3.947769 0.050944 0.998342 0.026806 -1.495262 0.658935 -0.053770 0.750277 378.476013
0.706594 -0.020840 -0.707313 -4.310791 0.055761 0.998097 0.026296 -1.490413 0.705420 -0.058021 0.706411 378.794708
0.657445 -0.025329 -0.753078 -4.689381 0.063014 0.997782 0.021453 -1.477214 0.750864 -0.061559 0.657582 379.102356
0.604059 -0.030358 -0.796362 -5.081240 0.069841 0.997445 0.014954 -1.469509 0.793875 -0.064652 0.604635 379.381775
0.548245 -0.032325 -0.835693 -5.527464 0.068905 0.997601 0.006617 -1.462155 0.833475 -0.061211 0.549156 379.632324
0.488657 -0.033594 -0.871830 -5.995145 0.066865 0.997761 -0.000969 -1.461561 0.869910 -0.057822 0.489810 379.856537
0.427177 -0.037623 -0.903385 -6.477657 0.068569 0.997604 -0.009123 -1.468855 0.901565 -0.058048 0.428733 380.041931
0.364493 -0.042928 -0.930216 -6.999275 0.077457 0.996872 -0.015653 -1.464432 0.927979 -0.066346 0.366678 380.224152
0.302395 -0.038497 -0.952405 -7.531819 0.076067 0.996971 -0.016147 -1.462306 0.950143 -0.067564 0.304408 380.367401
0.243965 -0.028115 -0.969377 -8.089041 0.066211 0.997729 -0.012274 -1.468768 0.967522 -0.061188 0.245271 380.471313
0.191132 -0.018729 -0.981386 -8.657284 0.053554 0.998527 -0.008627 -1.481189 0.980103 -0.050908 0.191854 380.539551
0.144719 -0.013269 -0.989384 -9.237051 0.041189 0.999124 -0.007376 -1.495502 0.988616 -0.039684 0.145138 380.578979
0.103876 -0.011579 -0.994523 -9.814510 0.034612 0.999369 -0.008021 -1.492370 0.993988 -0.033589 0.104210 380.625427
0.073541 -0.005290 -0.997278 -10.411529 0.029985 0.999545 -0.003091 -1.492023 0.996842 -0.029676 0.073666 380.651917
0.051184 0.000443 -0.998689 -11.035146 0.027537 0.999618 0.001856 -1.490623 0.998310 -0.027596 0.051152 380.682831
0.034453 0.002659 -0.999403 -11.658199 0.024160 0.999701 0.003493 -1.496655 0.999115 -0.024266 0.034377 380.698608
0.024592 -0.002058 -0.999696 -12.284745 0.017839 0.999839 -0.001620 -1.499225 0.999539 -0.017794 0.024624 380.708374
0.019805 -0.013371 -0.999715 -12.906277 0.013755 0.999819 -0.013100 -1.505745 0.999709 -0.013492 0.019984 380.698761
0.016877 -0.025189 -0.999541 -13.541778 0.013172 0.999601 -0.024968 -1.511513 0.999771 -0.012744 0.017201 380.711884
0.016827 -0.030411 -0.999396 -14.196525 0.016030 0.999417 -0.030141 -1.520282 0.999731 -0.015514 0.017304 380.728363
0.018205 -0.027291 -0.999462 -14.868615 0.019380 0.999449 -0.026939 -1.540405 0.999647 -0.018879 0.018723 380.745453
0.019578 -0.022283 -0.999561 -15.557022 0.021994 0.999519 -0.021851 -1.565860 0.999567 -0.021557 0.020059 380.755127
0.020585 -0.020674 -0.999574 -16.250061 0.020321 0.999588 -0.020256 -1.583024 0.999582 -0.019895 0.020996 380.767761
0.020807 -0.021008 -0.999563 -16.955048 0.017299 0.999636 -0.020649 -1.603879 0.999634 -0.016861 0.021163 380.789215
0.023487 -0.021163 -0.999500 -17.673649 0.013612 0.999690 -0.020848 -1.625455 0.999632 -0.013115 0.023767 380.787018
0.026023 -0.022832 -0.999401 -18.409157 0.008844 0.999704 -0.022608 -1.643754 0.999622 -0.008250 0.026216 380.810181
0.030922 -0.023486 -0.999246 -19.160095 0.005625 0.999712 -0.023324 -1.669443 0.999507 -0.004900 0.031044 380.829346
0.035268 -0.022722 -0.999120 -19.932243 0.002987 0.999739 -0.022631 -1.690932 0.999374 -0.002186 0.035326 380.853607
0.039395 -0.019040 -0.999043 -20.716116 0.001301 0.999818 -0.019004 -1.718120 0.999224 -0.000551 0.039412 380.888550
0.043098 -0.015542 -0.998951 -21.515650 -0.001398 0.999876 -0.015617 -1.733076 0.999070 0.002070 0.043071 380.933716
0.046621 -0.014046 -0.998814 -22.332363 -0.002196 0.999897 -0.014164 -1.749221 0.998911 0.002854 0.046585 380.968353
0.049249 -0.015671 -0.998664 -23.159716 -0.002373 0.999871 -0.015807 -1.767727 0.998784 0.003148 0.049206 381.011414
0.051868 -0.018216 -0.998488 -24.007071 -0.000393 0.999833 -0.018261 -1.789479 0.998654 0.001339 0.051851 381.067596
0.054776 -0.017678 -0.998343 -24.863770 0.002129 0.999843 -0.017588 -1.800865 0.998497 -0.001162 0.054804 381.124878
0.058039 -0.012963 -0.998230 -25.734858 0.002094 0.999915 -0.012863 -1.822455 0.998313 -0.001344 0.058060 381.171722
0.064404 -0.007966 -0.997893 -26.621202 0.002821 0.999965 -0.007801 -1.836465 0.997921 -0.002312 0.064423 381.178528
0.067280 -0.003842 -0.997727 -27.520685 0.004222 0.999984 -0.003567 -1.842627 0.997725 -0.003972 0.067295 381.238434
0.070140 -0.002463 -0.997534 -28.420418 0.005730 0.999981 -0.002067 -1.853235 0.997521 -0.005570 0.070152 381.304199
0.071713 -0.003485 -0.997420 -29.323984 0.003701 0.999987 -0.003228 -1.865527 0.997419 -0.003460 0.071725 381.379639
0.072059 -0.006612 -0.997379 -30.229303 0.001974 0.999976 -0.006487 -1.885933 0.997399 -0.001501 0.072069 381.456940
0.073270 -0.009447 -0.997268 -31.149418 0.002983 0.999953 -0.009254 -1.907412 0.997308 -0.002297 0.073295 381.519135
0.072263 -0.009553 -0.997341 -32.061310 0.002983 0.999951 -0.009362 -1.925239 0.997382 -0.002299 0.072288 381.595703
0.071694 -0.008828 -0.997388 -32.983646 0.004040 0.999955 -0.008561 -1.944777 0.997419 -0.003416 0.071726 381.665985
0.070632 -0.007278 -0.997476 -33.912598 0.005362 0.999961 -0.006916 -1.969563 0.997489 -0.004860 0.070669 381.729523
0.069053 -0.006551 -0.997592 -34.842030 0.005520 0.999965 -0.006185 -1.982621 0.997598 -0.005080 0.069087 381.797363
0.067649 -0.005602 -0.997694 -35.779659 0.004567 0.999975 -0.005305 -2.002912 0.997699 -0.004197 0.067672 381.861816
0.066131 -0.004836 -0.997799 -36.713688 0.002770 0.999985 -0.004662 -2.015567 0.997807 -0.002455 0.066143 381.922882
0.065893 -0.006051 -0.997809 -37.678493 -0.000728 0.999981 -0.006112 -1.999342 0.997827 0.001129 0.065886 381.965332
0.064856 -0.006172 -0.997876 -38.596039 -0.000533 0.999980 -0.006219 -2.008530 0.997895 0.000935 0.064851 382.026917
0.063628 -0.007161 -0.997948 -39.510181 -0.002336 0.999970 -0.007324 -2.024393 0.997971 0.002797 0.063609 382.081177
0.062344 -0.009353 -0.998011 -40.430889 -0.001998 0.999952 -0.009496 -2.039556 0.998053 0.002586 0.062322 382.134094
0.059310 -0.011124 -0.998178 -41.349354 -0.000893 0.999937 -0.011197 -2.055520 0.998240 0.001556 0.059296 382.191101
0.055296 -0.008252 -0.998437 -42.274185 -0.001447 0.999964 -0.008345 -2.077003 0.998469 0.001906 0.055281 382.247437
0.052726 -0.002914 -0.998605 -43.163624 -0.001387 0.999994 -0.002992 -2.117300 0.998609 0.001543 0.052720 382.254578
0.049220 -0.000699 -0.998788 -44.071430 -0.003115 0.999994 -0.000853 -2.134300 0.998783 0.003153 0.049217 382.287598
0.046222 -0.002319 -0.998929 -44.979202 -0.008484 0.999960 -0.002714 -2.145621 0.998896 0.008600 0.046200 382.316986
0.042959 -0.004141 -0.999069 -45.901146 -0.011114 0.999928 -0.004622 -2.150091 0.999016 0.011302 0.042908 382.364563
0.038928 -0.009111 -0.999201 -46.825333 -0.011108 0.999892 -0.009551 -2.163628 0.999181 0.011471 0.038822 382.424835
0.036856 -0.011358 -0.999256 -47.727192 -0.008073 0.999899 -0.011663 -2.189875 0.999288 0.008497 0.036760 382.469971
0.035393 -0.008767 -0.999336 -48.629711 -0.008166 0.999925 -0.009062 -2.215735 0.999341 0.008481 0.035318 382.503906
0.035202 -0.006413 -0.999361 -49.543194 -0.008962 0.999937 -0.006732 -2.238979 0.999341 0.009194 0.035142 382.530060
0.034627 -0.003950 -0.999393 -50.450642 -0.008207 0.999957 -0.004236 -2.273983 0.999368 0.008349 0.034592 382.583160
0.037848 -0.007663 -0.999255 -51.356377 -0.008725 0.999930 -0.007999 -2.287587 0.999246 0.009022 0.037777 382.577850
0.041716 -0.009443 -0.999085 -52.274254 -0.008582 0.999914 -0.009810 -2.290548 0.999094 0.008984 0.041630 382.584900
0.044487 -0.009028 -0.998970 -53.168777 -0.011414 0.999889 -0.009544 -2.307667 0.998945 0.011826 0.044378 382.628418
0.048260 -0.007001 -0.998811 -54.073002 -0.011195 0.999908 -0.007550 -2.324256 0.998773 0.011546 0.048176 382.680481
0.052091 -0.005074 -0.998630 -54.974499 -0.011782 0.999914 -0.005695 -2.345980 0.998574 0.012063 0.052026 382.734680
0.056478 -0.003997 -0.998396 -55.866493 -0.011900 0.999918 -0.004677 -2.361548 0.998333 0.012145 0.056426 382.792511
0.061467 -0.003384 -0.998104 -56.767677 -0.010981 0.999931 -0.004066 -2.373468 0.998049 0.011210 0.061424 382.847656
0.066526 -0.003810 -0.997778 -57.663288 -0.009535 0.999945 -0.004454 -2.380461 0.997740 0.009811 0.066485 382.904724
0.071536 -0.005143 -0.997425 -58.556793 -0.007975 0.999951 -0.005727 -2.398401 0.997406 0.008365 0.071491 382.971802
0.076342 -0.007481 -0.997055 -59.446575 -0.007786 0.999936 -0.008098 -2.413431 0.997051 0.008381 0.076277 383.042267
0.081393 -0.009293 -0.996639 -60.335823 -0.007877 0.999919 -0.009966 -2.432126 0.996652 0.008661 0.081313 383.110657
0.085986 -0.010472 -0.996242 -61.208694 -0.007670 0.999908 -0.011172 -2.451385 0.996267 0.008602 0.085897 383.183929
0.091237 -0.009597 -0.995784 -62.087040 -0.007704 0.999917 -0.010343 -2.474041 0.995800 0.008615 0.091155 383.255096
0.095661 -0.008419 -0.995379 -62.976860 -0.007738 0.999927 -0.009201 -2.491425 0.995385 0.008583 0.095588 383.348389
0.099371 -0.007274 -0.995025 -63.854618 -0.008771 0.999928 -0.008186 -2.496592 0.995013 0.009542 0.099299 383.448303
0.102991 -0.004954 -0.994671 -64.731621 -0.008335 0.999947 -0.005844 -2.512472 0.994647 0.008893 0.102944 383.546478
0.106020 -0.004051 -0.994356 -65.596817 -0.006740 0.999965 -0.004793 -2.526075 0.994341 0.007210 0.105989 383.646515
0.108456 -0.004339 -0.994092 -66.450165 -0.004250 0.999979 -0.004829 -2.542185 0.994093 0.004749 0.108435 383.747925
0.110403 -0.006252 -0.993868 -67.282173 -0.001311 0.999978 -0.006436 -2.561004 0.993886 0.002015 0.110392 383.846863
0.111418 -0.008754 -0.993736 -68.097290 0.000951 0.999961 -0.008702 -2.577240 0.993774 0.000025 0.111421 383.946045
0.112173 -0.009583 -0.993643 -68.892174 0.004022 0.999949 -0.009190 -2.592205 0.993681 -0.002965 0.112206 384.040985
0.111784 -0.010311 -0.993679 -69.666298 0.005958 0.999934 -0.009706 -2.611679 0.993715 -0.004835 0.111838 384.140594
0.111393 -0.011039 -0.993715 -70.441032 0.007895 0.999916 -0.010224 -2.631548 0.993745 -0.006707 0.111470 384.239929
0.110158 -0.012017 -0.993842 -71.173492 0.009725 0.999891 -0.011013 -2.653994 0.993867 -0.008452 0.110262 384.325500
0.107364 -0.012761 -0.994139 -71.886078 0.013026 0.999849 -0.011428 -2.671556 0.994135 -0.011722 0.107513 384.416321
0.103271 -0.011327 -0.994589 -72.576958 0.014490 0.999845 -0.009883 -2.682908 0.994548 -0.013391 0.103419 384.502228
0.098610 -0.009123 -0.995085 -73.241882 0.016824 0.999829 -0.007499 -2.706800 0.994984 -0.016002 0.098747 384.574005
0.093149 -0.008065 -0.995620 -73.877975 0.018117 0.999815 -0.006404 -2.728113 0.995488 -0.017441 0.093277 384.633850
0.086487 -0.008551 -0.996216 -74.497658 0.020050 0.999775 -0.006841 -2.742099 0.996052 -0.019383 0.086638 384.700195
0.079493 -0.010612 -0.996780 -75.110329 0.020509 0.999749 -0.009008 -2.756905 0.996625 -0.019726 0.079691 384.755371
0.072171 -0.012779 -0.997311 -75.710014 0.021496 0.999705 -0.011255 -2.775266 0.997161 -0.020626 0.072423 384.798309
0.063607 -0.012789 -0.997894 -76.311111 0.020937 0.999714 -0.011478 -2.787177 0.997756 -0.020162 0.063857 384.843292
0.056268 -0.012150 -0.998342 -76.908546 0.021841 0.999701 -0.010935 -2.798018 0.998177 -0.021189 0.056515 384.878326
0.048799 -0.011895 -0.998738 -77.512077 0.021169 0.999716 -0.010873 -2.812849 0.998585 -0.020612 0.049037 384.907684
0.042324 -0.014179 -0.999004 -78.105721 0.020497 0.999701 -0.013320 -2.833139 0.998895 -0.019913 0.042601 384.915924
0.035034 -0.017821 -0.999228 -78.701965 0.018642 0.999678 -0.017176 -2.848605 0.999213 -0.018025 0.035354 384.937836
0.028910 -0.020969 -0.999363 -79.291908 0.018976 0.999611 -0.020426 -2.865726 0.999403 -0.018373 0.029295 384.944031
0.022617 -0.023890 -0.999459 -79.877632 0.018834 0.999547 -0.023466 -2.880114 0.999567 -0.018293 0.023056 384.951141
0.017248 -0.026028 -0.999513 -80.470818 0.018578 0.999496 -0.025707 -2.903492 0.999679 -0.018125 0.017722 384.950897
0.012278 -0.027375 -0.999550 -81.064621 0.016807 0.999489 -0.027167 -2.928227 0.999783 -0.016466 0.012732 384.947510
0.007579 -0.027601 -0.999590 -81.676147 0.014701 0.999514 -0.027487 -2.953698 0.999864 -0.014487 0.007981 384.944153
0.002774 -0.028308 -0.999595 -82.287453 0.015024 0.999487 -0.028264 -2.977160 0.999883 -0.014939 0.003197 384.943176
-0.002209 -0.028683 -0.999587 -82.905426 0.015853 0.999462 -0.028714 -2.997277 0.999872 -0.015910 -0.001753 384.948303
-0.005888 -0.029692 -0.999542 -83.527908 0.014421 0.999452 -0.029776 -3.018525 0.999879 -0.014589 -0.005457 384.936188
-0.009032 -0.030950 -0.999480 -84.156845 0.009217 0.999475 -0.031033 -3.048080 0.999917 -0.009492 -0.008742 384.918152
-0.011487 -0.031688 -0.999432 -84.792801 0.006249 0.999476 -0.031762 -3.074625 0.999915 -0.006610 -0.011283 384.903870
-0.013272 -0.032221 -0.999393 -85.439819 0.005734 0.999461 -0.032300 -3.100390 0.999896 -0.006160 -0.013081 384.895782
-0.014159 -0.032906 -0.999359 -86.092087 0.007366 0.999428 -0.033012 -3.122656 0.999873 -0.007829 -0.013908 384.889313
-0.015688 -0.031721 -0.999374 -86.745911 0.006007 0.999475 -0.031819 -3.145439 0.999859 -0.006503 -0.015490 384.882294
-0.015061 -0.027131 -0.999519 -87.429688 0.006480 0.999608 -0.027231 -3.173745 0.999866 -0.006887 -0.014880 384.859589
-0.015516 -0.021321 -0.999653 -88.123558 0.003157 0.999767 -0.021371 -3.197121 0.999875 -0.003487 -0.015446 384.850342
-0.015336 -0.008704 -0.999845 -88.838692 0.001522 0.999961 -0.008728 -3.214732 0.999881 -0.001656 -0.015323 384.844421
-0.014406 0.001725 -0.999895 -89.557976 -0.001774 0.999996 0.001751 -3.223133 0.999895 0.001799 -0.014403 384.842010
-0.012116 0.004562 -0.999917 -90.288185 -0.003260 0.999984 0.004602 -3.234277 0.999921 0.003315 -0.012102 384.831329
-0.009834 0.007398 -0.999924 -91.017387 -0.004750 0.999960 0.007445 -3.243325 0.999941 0.004822 -0.009798 384.822357
-0.007555 0.010237 -0.999919 -91.746361 -0.006246 0.999927 0.010284 -3.250294 0.999952 0.006323 -0.007492 384.815002
-0.004529 0.005809 -0.999973 -92.507065 -0.008237 0.999949 0.005846 -3.221090 0.999956 0.008263 -0.004481 384.813202
-0.000871 0.015764 -0.999876 -93.298889 -0.006727 0.999853 0.015769 -3.202212 0.999978 0.006740 -0.000765 384.814850
0.003301 0.034510 -0.999399 -94.128860 -0.007024 0.999380 0.034485 -3.191639 0.999970 0.006906 0.003541 384.812256
0.007359 0.038214 -0.999243 -94.959442 -0.004892 0.999259 0.038179 -3.171401 0.999962 0.004608 0.007540 384.814850
0.010362 0.028608 -0.999538 -95.785728 -0.004441 0.999581 0.028564 -3.157660 0.999936 0.004143 0.010483 384.821472
0.014243 0.011014 -0.999838 -96.617653 -0.005280 0.999926 0.010939 -3.143831 0.999885 0.005124 0.014300 384.829559
0.018768 0.001095 -0.999824 -97.482590 -0.007954 0.999967 0.000946 -3.123569 0.999793 0.007935 0.018776 384.821960
0.023238 0.005458 -0.999715 -98.368111 -0.013729 0.999892 0.005139 -3.122116 0.999636 0.013606 0.023311 384.820435
0.026710 0.016560 -0.999506 -99.239944 -0.019422 0.999682 0.016043 -3.122480 0.999455 0.018984 0.027022 384.873383
0.032910 0.020131 -0.999256 -100.152618 -0.022879 0.999550 0.019384 -3.118281 0.999197 0.022224 0.033355 384.892059
0.039283 0.010412 -0.999175 -101.062057 -0.025078 0.999641 0.009431 -3.101662 0.998914 0.024686 0.039529 384.932129
0.046088 -0.004242 -0.998929 -101.973320 -0.022737 0.999727 -0.005295 -3.093254 0.998680 0.022956 0.045978 384.984009
0.052031 -0.012206 -0.998571 -102.921043 -0.015192 0.999799 -0.013013 -3.108765 0.998530 0.015848 0.051835 385.060181
0.057432 -0.007523 -0.998322 -103.898811 -0.010918 0.999906 -0.008164 -3.120183 0.998290 0.011369 0.057343 385.152100
0.064748 0.004485 -0.997892 -104.880112 -0.007807 0.999961 0.003988 -3.126508 0.997871 0.007533 0.064781 385.215363
0.070450 0.014551 -0.997410 -105.870911 -0.005089 0.999885 0.014227 -3.135115 0.997502 0.004074 0.070516 385.294678
0.074682 0.015848 -0.997081 -106.864304 -0.003577 0.999871 0.015624 -3.135890 0.997201 0.002399 0.074729 385.384247
0.078086 0.012012 -0.996875 -107.863892 -0.002517 0.999926 0.011851 -3.129754 0.996944 0.001584 0.078110 385.464661
0.078672 0.008302 -0.996866 -108.867783 -0.000900 0.999965 0.008257 -3.122206 0.996900 0.000248 0.078676 385.560211
0.078749 0.008068 -0.996863 -109.860893 0.001262 0.999965 0.008193 -3.113993 0.996894 -0.001903 0.078736 385.644928
0.078751 0.008746 -0.996856 -110.853271 0.003098 0.999954 0.009017 -3.111554 0.996890 -0.003798 0.078719 385.723022
0.076810 0.009654 -0.996999 -111.859467 0.002629 0.999947 0.009885 -3.107419 0.997043 -0.003380 0.076780 385.816589
0.073018 0.012297 -0.997255 -112.873459 0.001784 0.999921 0.012460 -3.100400 0.997330 -0.002689 0.072990 385.915955
0.069233 0.015876 -0.997474 -113.904655 0.001623 0.999870 0.016027 -3.084210 0.997600 -0.002728 0.069197 385.999237
0.065704 0.015461 -0.997720 -114.906456 0.001998 0.999875 0.015626 -3.081206 0.997838 -0.003021 0.065665 386.063202
0.062854 0.007735 -0.997993 -115.904282 0.005211 0.999953 0.008078 -3.078315 0.998010 -0.005709 0.062809 386.122894
0.059018 -0.001071 -0.998257 -116.901230 0.009783 0.999952 -0.000493 -3.076803 0.998210 -0.009736 0.059025 386.187866
0.055565 -0.003206 -0.998451 -117.888245 0.014546 0.999890 -0.002401 -3.081707 0.998350 -0.014390 0.055605 386.244720
0.052346 0.002477 -0.998626 -118.874817 0.017058 0.999848 0.003374 -3.094148 0.998484 -0.017211 0.052295 386.286682
0.049663 0.008809 -0.998728 -119.875267 0.017680 0.999796 0.009698 -3.109647 0.998610 -0.018139 0.049497 386.331299
0.047645 0.010291 -0.998811 -120.871696 0.015346 0.999821 0.011033 -3.115599 0.998747 -0.015854 0.047478 386.364655
0.045190 0.007548 -0.998950 -121.862564 0.011542 0.999900 0.008077 -3.118167 0.998912 -0.011895 0.045098 386.405548
0.042619 0.004272 -0.999082 -122.839027 0.007235 0.999962 0.004584 -3.126391 0.999066 -0.007425 0.042585 386.438293
0.040897 0.001663 -0.999162 -123.816147 0.006020 0.999979 0.001911 -3.134063 0.999146 -0.006092 0.040886 386.466278
0.040832 0.001683 -0.999165 -124.791229 0.007310 0.999971 0.001983 -3.154173 0.999140 -0.007384 0.040818 386.476807
0.038807 0.004637 -0.999236 -125.785286 0.008283 0.999952 0.004962 -3.164881 0.999213 -0.008469 0.038765 386.515747
0.035754 0.009459 -0.999317 -126.747063 0.013940 0.999853 0.009963 -3.178592 0.999264 -0.014286 0.035616 386.558289
0.032492 0.016225 -0.999341 -127.738808 0.013692 0.999767 0.016677 -3.166691 0.999379 -0.014224 0.032262 386.593933
0.029555 0.020350 -0.999356 -128.712296 0.015981 0.999654 0.020829 -3.173346 0.999436 -0.016586 0.029218 386.613464
0.026439 0.019266 -0.999465 -129.671997 0.016381 0.999671 0.019703 -3.183215 0.999517 -0.016893 0.026114 386.627625
0.023135 0.012024 -0.999660 -130.655838 0.013729 0.999829 0.012343 -3.178248 0.999638 -0.014010 0.022965 386.649109
0.020683 0.006458 -0.999766 -131.615036 0.012624 0.999897 0.006720 -3.178371 0.999707 -0.012760 0.020598 386.661865
0.017927 0.006871 -0.999816 -132.577759 0.015671 0.999851 0.007153 -3.176794 0.999717 -0.015796 0.017816 386.691040
0.016054 0.012176 -0.999797 -133.545471 0.017605 0.999767 0.012457 -3.185035 0.999716 -0.017801 0.015836 386.707825
0.014533 0.016826 -0.999753 -134.495056 0.019436 0.999664 0.017106 -3.186929 0.999706 -0.019680 0.014201 386.722565
0.012669 0.018787 -0.999744 -135.458099 0.021788 0.999580 0.019059 -3.179814 0.999683 -0.022023 0.012253 386.749268
0.012408 0.020728 -0.999708 -136.393890 0.023291 0.999507 0.021013 -3.182752 0.999652 -0.023545 0.011919 386.747772
0.012409 0.022108 -0.999679 -137.345001 0.022453 0.999497 0.022383 -3.180155 0.999671 -0.022723 0.011905 386.755463
0.012748 0.021898 -0.999679 -138.307343 0.018641 0.999581 0.022133 -3.169414 0.999746 -0.018916 0.012333 386.763245
0.013293 0.020195 -0.999708 -139.247238 0.014519 0.999686 0.020388 -3.162382 0.999807 -0.014786 0.012995 386.765564
0.014711 0.018537 -0.999721 -140.187668 0.011117 0.999763 0.018702 -3.165480 0.999830 -0.011389 0.014500 386.761536
0.016502 0.015861 -0.999739 -141.137360 0.011654 0.999803 0.016054 -3.166210 0.999797 -0.011915 0.016313 386.770691
0.017536 0.013232 -0.999759 -142.080276 0.013760 0.999814 0.013474 -3.172935 0.999752 -0.013993 0.017349 386.793213
0.018409 0.013067 -0.999746 -143.010452 0.013816 0.999815 0.013322 -3.167682 0.999735 -0.014057 0.018224 386.820465
0.018870 0.016876 -0.999680 -143.953064 0.015305 0.999735 0.017165 -3.153304 0.999706 -0.015623 0.018606 386.848419
0.019104 0.023199 -0.999549 -144.880112 0.018290 0.999555 0.023548 -3.155362 0.999651 -0.018732 0.018670 386.874298
0.019358 0.026366 -0.999465 -145.792145 0.019337 0.999455 0.026740 -3.147495 0.999626 -0.019844 0.018837 386.900604
0.020037 0.025810 -0.999466 -146.697052 0.018022 0.999494 0.026171 -3.132502 0.999637 -0.018536 0.019561 386.925812
0.021435 0.024168 -0.999479 -147.585510 0.019009 0.999516 0.024577 -3.127828 0.999590 -0.019525 0.020965 386.943115
0.021438 0.021296 -0.999543 -148.454422 0.018660 0.999590 0.021697 -3.116604 0.999597 -0.019116 0.021031 386.971497
0.021509 0.021662 -0.999535 -149.315063 0.017067 0.999611 0.022031 -3.102598 0.999624 -0.017533 0.021130 386.996765
0.022160 0.025849 -0.999421 -150.158615 0.015697 0.999533 0.026199 -3.100257 0.999631 -0.016268 0.021743 387.007385
0.022953 0.028180 -0.999340 -150.982132 0.017134 0.999444 0.028576 -3.098961 0.999590 -0.017777 0.022457 387.021423
0.023029 0.023697 -0.999455 -151.786148 0.022098 0.999462 0.024206 -3.098068 0.999491 -0.022644 0.022492 387.043671
0.023514 0.016566 -0.999586 -152.575760 0.024746 0.999546 0.017147 -3.094991 0.999417 -0.025138 0.023092 387.061462
0.023666 0.013049 -0.999636 -153.342041 0.025998 0.999568 0.013663 -3.091177 0.999383 -0.026312 0.023316 387.071472
0.023705 0.017943 -0.999558 -154.096817 0.029189 0.999400 0.018633 -3.082620 0.999293 -0.029618 0.023167 387.080872
0.022632 0.025532 -0.999418 -154.825653 0.035563 0.999020 0.026328 -3.090049 0.999111 -0.036138 0.021701 387.103516
0.021250 0.028560 -0.999366 -155.544296 0.034500 0.998975 0.029282 -3.085899 0.999179 -0.035101 0.020243 387.115601
0.020316 0.024723 -0.999488 -156.226089 0.034023 0.999098 0.025405 -3.088937 0.999215 -0.034522 0.019455 387.112549
0.017875 0.016215 -0.999709 -156.885788 0.030587 0.999391 0.016756 -3.086575 0.999373 -0.030877 0.017367 387.108002
0.016331 0.010056 -0.999817 -157.517166 0.029943 0.999495 0.010542 -3.088467 0.999419 -0.030109 0.016022 387.104980
0.014051 0.009322 -0.999858 -158.152481 0.025458 0.999628 0.009678 -3.087990 0.999577 -0.025591 0.013807 387.094574
0.010628 0.011877 -0.999874 -158.760757 0.022717 0.999668 0.012116 -3.084200 0.999686 -0.022843 0.010354 387.082642
0.005691 0.016621 -0.999846 -159.373596 0.021820 0.999622 0.016742 -3.092687 0.999746 -0.021912 0.005326 387.077942
-0.000375 0.018685 -0.999826 -159.970200 0.022328 0.999576 0.018672 -3.095423 0.999751 -0.022317 -0.000793 387.072876
-0.009449 0.019623 -0.999763 -160.559891 0.022861 0.999550 0.019403 -3.092262 0.999694 -0.022672 -0.009894 387.069000
-0.021581 0.018912 -0.999589 -161.127670 0.024886 0.999521 0.018374 -3.092455 0.999458 -0.024479 -0.022042 387.047516
-0.038550 0.017607 -0.999102 -161.685150 0.027495 0.999485 0.016553 -3.090931 0.998879 -0.026832 -0.039015 387.028381
-0.060499 0.016022 -0.998040 -162.242294 0.028975 0.999477 0.014288 -3.090132 0.997748 -0.028053 -0.060933 386.998566
-0.086950 0.015159 -0.996098 -162.784042 0.030229 0.999463 0.012572 -3.090339 0.995754 -0.029018 -0.087362 386.942719
-0.118993 0.014398 -0.992792 -163.331100 0.030173 0.999485 0.010877 -3.088783 0.992437 -0.028661 -0.119368 386.877686
-0.155019 0.015172 -0.987795 -163.844437 0.029643 0.999503 0.010699 -3.093212 0.987467 -0.027623 -0.155393 386.786285
-0.195394 0.016247 -0.980591 -164.357788 0.030723 0.999473 0.010438 -3.103501 0.980244 -0.028087 -0.195790 386.660187
-0.240783 0.016792 -0.970434 -164.862808 0.032218 0.999438 0.009300 -3.106603 0.970044 -0.029025 -0.241190 386.514008
-0.290237 0.017458 -0.956796 -165.354065 0.034165 0.999385 0.007872 -3.114815 0.956345 -0.030405 -0.290656 386.347992
-0.340948 0.019723 -0.939876 -165.816101 0.035710 0.999330 0.008016 -3.128495 0.939404 -0.030829 -0.341424 386.143250
-0.392347 0.020357 -0.919592 -166.247940 0.035331 0.999350 0.007049 -3.134442 0.919138 -0.029724 -0.392812 385.909912
-0.444717 0.021353 -0.895417 -166.679474 0.034854 0.999371 0.006521 -3.138818 0.894992 -0.028308 -0.445182 385.656067
-0.497571 0.021839 -0.867149 -167.090942 0.032240 0.999457 0.006671 -3.144201 0.866824 -0.024637 -0.498006 385.374512
-0.551746 0.022519 -0.833708 -167.487854 0.029499 0.999536 0.007476 -3.150974 0.833490 -0.020469 -0.552156 385.063141
-0.605778 0.023758 -0.795280 -167.878250 0.027905 0.999573 0.008605 -3.159017 0.795144 -0.016979 -0.606183 384.722870
-0.658394 0.022098 -0.752350 -168.242279 0.026372 0.999632 0.006282 -3.148180 0.752211 -0.015704 -0.658735 384.355652
-0.708996 0.021562 -0.704883 -168.591171 0.025445 0.999663 0.004984 -3.142474 0.704753 -0.014402 -0.709307 383.962646
-0.756086 0.021104 -0.654133 -168.905319 0.023303 0.999714 0.005318 -3.138572 0.654058 -0.011221 -0.756362 383.532410
-0.799676 0.018197 -0.600156 -169.187988 0.018626 0.999811 0.005497 -3.135645 0.600142 -0.006783 -0.799865 383.081329
-0.839269 0.016935 -0.543453 -169.447586 0.015701 0.999852 0.006908 -3.138661 0.543489 -0.002736 -0.839412 382.602692
-0.875077 0.016384 -0.483706 -169.695419 0.014441 0.999865 0.007743 -3.134159 0.483767 -0.000210 -0.875197 382.088867
-0.906036 0.021945 -0.422632 -169.911957 0.019579 0.999758 0.009938 -3.138841 0.422747 0.000729 -0.906247 381.567566
-0.931393 0.024745 -0.363173 -170.096222 0.022161 0.999690 0.011278 -3.134180 0.363339 0.002457 -0.931654 381.024292
-0.951174 0.025132 -0.307631 -170.243652 0.022932 0.999679 0.010760 -3.129042 0.307802 0.003179 -0.951445 380.457947
-0.966377 0.021991 -0.256189 -170.368759 0.020323 0.999751 0.009156 -3.124762 0.256326 0.003642 -0.966584 379.882904
-0.977050 0.017067 -0.212329 -170.454163 0.015656 0.999842 0.008326 -3.124498 0.212437 0.004811 -0.977164 379.293213
-0.984344 0.010747 -0.175936 -170.529556 0.009783 0.999932 0.006342 -3.116559 0.175992 0.004522 -0.984382 378.681000
-0.989100 0.006701 -0.147099 -170.595245 0.005530 0.999949 0.008367 -3.110345 0.147147 0.007462 -0.989087 378.061310
-0.992055 0.007379 -0.125592 -170.659012 0.006161 0.999929 0.010089 -3.107691 0.125656 0.009234 -0.992031 377.436157
-0.994065 0.007773 -0.108514 -170.714310 0.006790 0.999933 0.009417 -3.114397 0.108580 0.008625 -0.994051 376.800537
-0.995685 0.009164 -0.092353 -170.776093 0.008739 0.999949 0.004996 -3.133765 0.092393 0.004167 -0.995714 376.157135
-0.996872 0.013244 -0.077921 -170.823868 0.013469 0.999906 -0.002368 -3.139123 0.077881 -0.003411 -0.996957 375.500305
-0.997889 0.015777 -0.062997 -170.868073 0.016506 0.999802 -0.011068 -3.135476 0.062809 -0.012085 -0.997953 374.830170
-0.998672 0.018432 -0.048125 -170.902176 0.019402 0.999615 -0.019787 -3.137677 0.047741 -0.020694 -0.998646 374.161530
-0.999283 0.016286 -0.034213 -170.919510 0.016947 0.999673 -0.019125 -3.164756 0.033889 -0.019691 -0.999232 373.453064
-0.999627 0.015622 -0.022421 -170.933670 0.016025 0.999711 -0.017910 -3.184459 0.022134 -0.018263 -0.999588 372.731110
-0.999773 0.016841 -0.013078 -170.944473 0.017090 0.999669 -0.019219 -3.196766 0.012750 -0.019438 -0.999730 371.987885
-0.999862 0.014759 -0.007741 -170.940536 0.014910 0.999695 -0.019695 -3.211627 0.007447 -0.019807 -0.999777 371.249207
-0.999939 0.010467 -0.003731 -170.925888 0.010537 0.999763 -0.019047 -3.234488 0.003531 -0.019085 -0.999812 370.497345
-0.999955 0.009276 0.002147 -170.943771 0.009232 0.999767 -0.019512 -3.257238 -0.002328 -0.019491 -0.999808 369.752808
-0.999928 0.009648 0.007099 -170.942673 0.009518 0.999789 -0.018149 -3.279277 -0.007273 -0.018080 -0.999810 368.967529
-0.999847 0.010585 0.013978 -170.948578 0.010363 0.999820 -0.015840 -3.306108 -0.014144 -0.015693 -0.999777 368.171173
-0.999793 0.009085 0.018196 -170.916351 0.008863 0.999884 -0.012301 -3.322523 -0.018307 -0.012136 -0.999759 367.362305
-0.999702 0.005311 0.023849 -170.887634 0.005039 0.999921 -0.011438 -3.337036 -0.023907 -0.011315 -0.999650 366.548920
-0.999560 0.004690 0.029298 -170.860977 0.004382 0.999934 -0.010567 -3.346771 -0.029346 -0.010434 -0.999515 365.714386
-0.999452 0.002944 0.032972 -170.821533 0.002544 0.999923 -0.012178 -3.360031 -0.033006 -0.012088 -0.999383 364.863770
-0.999374 0.000028 0.035393 -170.778412 -0.000507 0.999886 -0.015069 -3.385378 -0.035390 -0.015078 -0.999260 364.000549
-0.999399 -0.002830 0.034551 -170.721634 -0.003505 0.999802 -0.019521 -3.397329 -0.034489 -0.019630 -0.999213 363.122864
-0.999395 -0.003712 0.034614 -170.688766 -0.004494 0.999735 -0.022550 -3.415087 -0.034522 -0.022692 -0.999147 362.245819
-0.999473 -0.003357 0.032293 -170.645462 -0.004057 0.999758 -0.021634 -3.434651 -0.032213 -0.021753 -0.999244 361.345001
-0.999532 -0.004556 0.030293 -170.613495 -0.005123 0.999812 -0.018666 -3.462338 -0.030203 -0.018812 -0.999368 360.441010
-0.999576 -0.007604 0.028129 -170.580002 -0.008088 0.999820 -0.017110 -3.487491 -0.027995 -0.017330 -0.999459 359.535278
-0.999637 -0.008976 0.025435 -170.535217 -0.009433 0.999795 -0.017900 -3.497487 -0.025270 -0.018134 -0.999517 358.553986
-0.999676 -0.010205 0.023299 -170.511124 -0.010597 0.999803 -0.016781 -3.518080 -0.023123 -0.017022 -0.999588 357.615540
-0.999716 -0.012086 0.020558 -170.485703 -0.012402 0.999806 -0.015278 -3.543778 -0.020370 -0.015528 -0.999673 356.673584
-0.999745 -0.012479 0.018811 -170.477692 -0.012717 0.999839 -0.012613 -3.557220 -0.018651 -0.012849 -0.999744 355.711548
-0.999782 -0.013021 0.016301 -170.455658 -0.013154 0.999880 -0.008094 -3.571722 -0.016194 -0.008307 -0.999835 354.757538
-0.999806 -0.013688 0.014148 -170.447723 -0.013712 0.999904 -0.001562 -3.579685 -0.014126 -0.001755 -0.999899 353.805450
-0.999825 -0.014336 0.012070 -170.430603 -0.014321 0.999896 0.001335 -3.588426 -0.012089 0.001161 -0.999927 352.856415
-0.999802 -0.016681 0.010928 -170.426559 -0.016688 0.999860 -0.000521 -3.597174 -0.010919 -0.000703 -0.999941 351.912445
-0.999778 -0.019099 0.008961 -170.412811 -0.019141 0.999806 -0.004550 -3.607837 -0.008873 -0.004720 -0.999950 350.976166
-0.999811 -0.018153 0.007052 -170.405106 -0.018198 0.999814 -0.006299 -3.620453 -0.006937 -0.006426 -0.999956 350.037262
-0.999796 -0.019443 0.005582 -170.400543 -0.019470 0.999798 -0.004937 -3.638865 -0.005485 -0.005045 -0.999973 349.093933
-0.999845 -0.017346 0.003230 -170.391891 -0.017363 0.999834 -0.005363 -3.654916 -0.003136 -0.005418 -0.999981 348.143616
-0.999866 -0.016153 0.002767 -170.399734 -0.016173 0.999844 -0.007048 -3.670912 -0.002653 -0.007092 -0.999971 347.201141
-0.999865 -0.016337 0.001677 -170.403748 -0.016351 0.999826 -0.008958 -3.681520 -0.001531 -0.008983 -0.999959 346.255127
-0.999787 -0.020665 0.000392 -170.396744 -0.020668 0.999741 -0.009497 -3.699719 -0.000196 -0.009503 -0.999955 345.314392
-0.999691 -0.024795 -0.001584 -170.377686 -0.024775 0.999620 -0.012003 -3.712554 0.001880 -0.011960 -0.999927 344.360992
-0.999582 -0.028589 -0.004330 -170.362747 -0.028534 0.999512 -0.012660 -3.725837 0.004689 -0.012531 -0.999911 343.399872
-0.999479 -0.031484 -0.007069 -170.351410 -0.031398 0.999435 -0.011938 -3.731335 0.007440 -0.011710 -0.999904 342.445526
-0.999318 -0.035882 -0.008841 -170.354752 -0.035795 0.999310 -0.009892 -3.747738 0.009190 -0.009569 -0.999913 341.480530
-0.999304 -0.035956 -0.009979 -170.367020 -0.035877 0.999323 -0.008002 -3.763646 0.010259 -0.007638 -0.999919 340.518921
-0.999506 -0.029113 -0.011831 -170.383438 -0.029013 0.999543 -0.008459 -3.780754 0.012071 -0.008112 -0.999895 339.555084
-0.999664 -0.022239 -0.013335 -170.401840 -0.022094 0.999695 -0.010994 -3.814135 0.013574 -0.010696 -0.999851 338.582092
-0.999631 -0.023225 -0.014122 -170.418518 -0.023039 0.999647 -0.013185 -3.839151 0.014422 -0.012854 -0.999814 337.619476
-0.999610 -0.023659 -0.014849 -170.430756 -0.023537 0.999688 -0.008378 -3.858703 0.015042 -0.008025 -0.999855 336.650757
-0.999684 -0.020706 -0.014285 -170.463577 -0.020706 0.999785 -0.000166 -3.870733 0.014284 0.000130 -0.999898 335.680084
-0.999705 -0.019807 -0.014086 -170.478043 -0.019831 0.999801 0.001582 -3.888206 0.014051 0.001861 -0.999900 334.707550
-0.999556 -0.026696 -0.013284 -170.479736 -0.026653 0.999638 -0.003419 -3.895982 0.013370 -0.003062 -0.999907 333.740906
-0.999448 -0.031116 -0.011694 -170.478653 -0.030989 0.999459 -0.010953 -3.912934 0.012028 -0.010584 -0.999872 332.777740
-0.999561 -0.028155 -0.009346 -170.495193 -0.028009 0.999489 -0.015360 -3.933081 0.009772 -0.015091 -0.999839 331.817780
-0.999578 -0.028047 -0.007613 -170.502060 -0.027917 0.999470 -0.016692 -3.956414 0.008077 -0.016472 -0.999832 330.859528
-0.999593 -0.027502 -0.007643 -170.499786 -0.027385 0.999510 -0.015103 -3.982242 0.008054 -0.014888 -0.999857 329.924469
-0.999643 -0.025882 -0.006753 -170.508621 -0.025787 0.999571 -0.013916 -4.006305 0.007110 -0.013736 -0.999880 328.968811
-0.999617 -0.026347 -0.008517 -170.503174 -0.026233 0.999568 -0.013255 -4.038243 0.008862 -0.013026 -0.999876 328.021576
-0.999561 -0.027389 -0.011341 -170.499603 -0.027223 0.999523 -0.014607 -4.059086 0.011735 -0.014291 -0.999829 327.066833
-0.999520 -0.027520 -0.014264 -170.503998 -0.027301 0.999508 -0.015378 -4.082956 0.014679 -0.014981 -0.999781 326.118500
-0.999504 -0.026392 -0.017177 -170.514252 -0.026165 0.999569 -0.013311 -4.093008 0.017521 -0.012855 -0.999764 325.150055
-0.999480 -0.025253 -0.020097 -170.527344 -0.025031 0.999623 -0.011235 -4.101087 0.020372 -0.010726 -0.999736 324.178833
-0.999394 -0.026674 -0.022372 -170.548630 -0.026338 0.999538 -0.015167 -4.126728 0.022766 -0.014569 -0.999635 323.233093
-0.999423 -0.023757 -0.024290 -170.561279 -0.023309 0.999555 -0.018573 -4.145983 0.024720 -0.017996 -0.999532 322.285370
-0.999422 -0.023660 -0.024443 -170.589371 -0.023277 0.999603 -0.015805 -4.160822 0.024807 -0.015226 -0.999577 321.331177
-0.999430 -0.023025 -0.024710 -170.613678 -0.022761 0.999681 -0.010936 -4.184681 0.024953 -0.010368 -0.999635 320.376465
-0.999456 -0.021344 -0.025160 -170.618454 -0.021085 0.999722 -0.010497 -4.208717 0.025377 -0.009961 -0.999629 319.423920
-0.999487 -0.020992 -0.024237 -170.646317 -0.020669 0.999694 -0.013535 -4.237499 0.024513 -0.013027 -0.999615 318.480133
-0.999565 -0.018938 -0.022649 -170.663330 -0.018548 0.999678 -0.017328 -4.260303 0.022968 -0.016900 -0.999594 317.552246
-0.999722 -0.014280 -0.018782 -170.692947 -0.013947 0.999744 -0.017747 -4.279683 0.019030 -0.017480 -0.999666 316.615692
-0.999848 -0.009634 -0.014604 -170.710297 -0.009407 0.999834 -0.015591 -4.309692 0.014751 -0.015451 -0.999772 315.666687
-0.999930 -0.006309 -0.010104 -170.719696 -0.006149 0.999855 -0.015845 -4.333601 0.010201 -0.015781 -0.999824 314.729614
-0.999924 -0.011329 -0.004921 -170.719742 -0.011235 0.999760 -0.018741 -4.351786 0.005132 -0.018684 -0.999813 313.782074
-0.999866 -0.016324 -0.001287 -170.710159 -0.016293 0.999639 -0.021342 -4.377629 0.001635 -0.021319 -0.999771 312.836914
-0.999872 -0.015954 0.001240 -170.710800 -0.015972 0.999727 -0.017032 -4.403309 -0.000969 -0.017049 -0.999855 311.878967
-0.999861 -0.016617 0.001558 -170.700409 -0.016635 0.999785 -0.012333 -4.421510 -0.001354 -0.012358 -0.999923 310.903564
-0.999845 -0.017487 0.002243 -170.699219 -0.017505 0.999813 -0.008105 -4.445310 -0.002102 -0.008143 -0.999965 309.941803
-0.999865 -0.016060 0.003675 -170.688431 -0.016119 0.999736 -0.016333 -4.448917 -0.003413 -0.016390 -0.999860 308.947968
-0.999935 -0.010268 0.005038 -170.694656 -0.010386 0.999658 -0.023981 -4.474071 -0.004791 -0.024032 -0.999700 307.979736
-0.999956 -0.007627 0.005436 -170.695389 -0.007775 0.999581 -0.027841 -4.500744 -0.005222 -0.027883 -0.999598 307.004730
-0.999940 -0.009655 0.005342 -170.685425 -0.009770 0.999712 -0.021910 -4.535342 -0.005129 -0.021961 -0.999746 306.020752
-0.999921 -0.011046 0.006218 -170.691071 -0.011137 0.999829 -0.014723 -4.567904 -0.006055 -0.014791 -0.999872 305.043793
-0.999905 -0.012067 0.006721 -170.694183 -0.012146 0.999855 -0.011928 -4.574223 -0.006576 -0.012009 -0.999907 304.063965
-0.999934 -0.009976 0.005874 -170.701248 -0.010045 0.999879 -0.011834 -4.596224 -0.005757 -0.011893 -0.999913 303.088257
-0.999955 -0.008687 0.003859 -170.705597 -0.008749 0.999824 -0.016576 -4.614275 -0.003716 -0.016609 -0.999856 302.115356
-0.999973 -0.007243 0.001201 -170.708710 -0.007263 0.999821 -0.017454 -4.641339 -0.001075 -0.017462 -0.999848 301.136322
-0.999981 -0.006254 0.000198 -170.729767 -0.006258 0.999847 -0.016328 -4.663032 -0.000097 -0.016330 -0.999867 300.152191
-0.999986 -0.005274 -0.000796 -170.751602 -0.005262 0.999870 -0.015212 -4.683435 0.000876 -0.015206 -0.999884 299.175659
-0.999981 -0.005363 -0.002967 -170.761093 -0.005326 0.999910 -0.012204 -4.716922 0.003032 -0.012188 -0.999921 298.180206
-0.999973 -0.006145 -0.004038 -170.764359 -0.006096 0.999906 -0.012211 -4.744218 0.004112 -0.012185 -0.999918 297.205444
-0.999958 -0.008903 -0.002478 -170.770203 -0.008867 0.999857 -0.014378 -4.763882 0.002604 -0.014355 -0.999894 296.221008
-0.999984 -0.005448 -0.001691 -170.767105 -0.005423 0.999867 -0.015283 -4.785369 0.001773 -0.015273 -0.999882 295.226501
-0.999996 -0.002815 0.001688 -170.778687 -0.002841 0.999878 -0.015282 -4.813470 -0.001645 -0.015286 -0.999882 294.245483
-0.999974 -0.004373 0.005811 -170.773575 -0.004463 0.999867 -0.015619 -4.837805 -0.005742 -0.015645 -0.999861 293.271118
-0.999931 -0.006325 0.009952 -170.758743 -0.006440 0.999912 -0.011584 -4.862757 -0.009879 -0.011647 -0.999884 292.286407
-0.999896 -0.005221 0.013494 -170.748047 -0.005337 0.999949 -0.008527 -4.891963 -0.013450 -0.008597 -0.999873 291.289551
-0.999885 -0.005108 0.014283 -170.718979 -0.005279 0.999914 -0.011920 -4.904229 -0.014221 -0.011994 -0.999827 290.259430
-0.999883 -0.003949 0.014830 -170.700821 -0.004229 0.999811 -0.018940 -4.917351 -0.014753 -0.019001 -0.999711 289.292755
-0.999862 -0.004648 0.016006 -170.672302 -0.005036 0.999693 -0.024223 -4.942450 -0.015889 -0.024300 -0.999579 288.304413
-0.999817 -0.007022 0.017822 -170.636230 -0.007454 0.999677 -0.024307 -4.967047 -0.017647 -0.024436 -0.999546 287.275391
-0.999800 -0.006727 0.018822 -170.603912 -0.007091 0.999787 -0.019366 -5.001910 -0.018688 -0.019496 -0.999635 286.260773
-0.999712 -0.012917 0.020245 -170.564087 -0.013184 0.999826 -0.013100 -5.026105 -0.020073 -0.013364 -0.999710 285.250946
-0.999644 -0.014911 0.022174 -170.531540 -0.015252 0.999766 -0.015285 -5.048943 -0.021942 -0.015618 -0.999638 284.248627
-0.999602 -0.014039 0.024495 -170.505280 -0.014566 0.999663 -0.021461 -5.070466 -0.024186 -0.021809 -0.999470 283.241272
-0.999557 -0.011335 0.027531 -170.486740 -0.012333 0.999263 -0.036354 -5.100476 -0.027098 -0.036677 -0.998960 282.233032
-0.999491 -0.007989 0.030897 -170.463943 -0.009414 0.998885 -0.046246 -5.146005 -0.030494 -0.046514 -0.998452 281.226593
-0.999446 -0.004709 0.032943 -170.428787 -0.006198 0.998956 -0.045244 -5.199976 -0.032696 -0.045422 -0.998433 280.213074
-0.999424 -0.004933 0.033591 -170.382919 -0.006105 0.999373 -0.034860 -5.243152 -0.033398 -0.035045 -0.998828 279.195648
-0.999384 -0.006637 0.034498 -170.344681 -0.007439 0.999703 -0.023184 -5.283598 -0.034335 -0.023427 -0.999136 278.128784
-0.999384 -0.006599 0.034465 -170.308029 -0.007171 0.999837 -0.016502 -5.314564 -0.034352 -0.016738 -0.999271 277.097168
-0.999389 -0.008630 0.033884 -170.267471 -0.009182 0.999826 -0.016170 -5.351439 -0.033740 -0.016472 -0.999296 276.073578
-0.999442 -0.007452 0.032560 -170.232788 -0.008185 0.999714 -0.022457 -5.376628 -0.032383 -0.022712 -0.999218 275.050720
-0.999522 -0.003547 0.030722 -170.200546 -0.004380 0.999624 -0.027076 -5.405993 -0.030615 -0.027197 -0.999162 274.046478
-0.999576 -0.001249 0.029095 -170.173630 -0.002147 0.999521 -0.030850 -5.441945 -0.029043 -0.030899 -0.999101 273.047913
-0.999610 0.000692 0.027949 -170.151871 -0.000242 0.999441 -0.033398 -5.489820 -0.027958 -0.033391 -0.999052 272.063629
-0.999642 0.004037 0.026449 -170.126831 0.003134 0.999414 -0.034069 -5.532173 -0.026572 -0.033974 -0.999070 271.057373
-0.999692 0.004585 0.024444 -170.086746 0.003828 0.999515 -0.030892 -5.577395 -0.024575 -0.030788 -0.999225 270.042297
-0.999730 0.005628 0.022559 -170.052399 0.005005 0.999607 -0.027577 -5.617106 -0.022706 -0.027456 -0.999366 269.041870
-0.999778 0.005339 0.020373 -170.015778 0.004794 0.999632 -0.026655 -5.656132 -0.020509 -0.026551 -0.999438 268.040588
-0.999819 0.004176 0.018595 -169.988037 0.003640 0.999580 -0.028732 -5.695820 -0.018708 -0.028659 -0.999415 267.065704
-0.999853 0.001779 0.017059 -169.960510 0.001283 0.999576 -0.029059 -5.740774 -0.017104 -0.029033 -0.999433 266.083557
-0.999860 0.003592 0.016366 -169.949860 0.003124 0.999590 -0.028458 -5.775864 -0.016463 -0.028403 -0.999461 265.098419
-0.999862 0.003990 0.016146 -169.941101 0.003575 0.999666 -0.025591 -5.821095 -0.016243 -0.025530 -0.999543 264.135010
-0.999877 0.004671 0.015014 -169.921082 0.004321 0.999720 -0.023209 -5.860741 -0.015119 -0.023141 -0.999618 263.178436
-0.999817 0.011812 0.015072 -169.918625 0.011523 0.999751 -0.019079 -5.898650 -0.015294 -0.018901 -0.999705 262.220764
-0.999756 0.015009 0.016256 -169.919144 0.014728 0.999742 -0.017268 -5.927161 -0.016512 -0.017024 -0.999719 261.282806
-0.999770 0.013006 0.017064 -169.910614 0.012688 0.999746 -0.018611 -5.966648 -0.017302 -0.018390 -0.999681 260.367310
-0.999780 0.011002 0.017875 -169.901291 0.010645 0.999744 -0.019953 -6.007417 -0.018091 -0.019758 -0.999642 259.450989
-0.999707 0.015632 0.018513 -169.894852 0.015243 0.999662 -0.021018 -6.034810 -0.018836 -0.020730 -0.999608 258.562347
-0.999840 0.003183 0.017665 -169.861862 0.002750 0.999697 -0.024454 -6.063221 -0.017738 -0.024402 -0.999545 257.680969
-0.999862 -0.006829 0.015109 -169.815964 -0.007295 0.999491 -0.031047 -6.074580 -0.014890 -0.031153 -0.999404 256.799896
-0.999904 -0.006040 0.012484 -169.803085 -0.006491 0.999316 -0.036382 -6.106976 -0.012257 -0.036460 -0.999260 255.949219
-0.999952 -0.006343 0.007525 -169.791946 -0.006594 0.999412 -0.033649 -6.141022 -0.007308 -0.033697 -0.999406 255.104553
-0.999912 -0.012947 0.003104 -169.781174 -0.013025 0.999561 -0.026579 -6.185964 -0.002759 -0.026618 -0.999642 254.287796
-0.999880 -0.015486 -0.000913 -169.772522 -0.015459 0.999589 -0.024098 -6.220781 0.001285 -0.024080 -0.999709 253.462936
-0.999870 -0.015584 -0.004066 -169.773300 -0.015490 0.999630 -0.022326 -6.253763 0.004411 -0.022261 -0.999743 252.665176
-0.999884 -0.013392 -0.007276 -169.780518 -0.013226 0.999663 -0.022351 -6.285727 0.007571 -0.022253 -0.999724 251.884277
-0.999859 -0.012470 -0.011261 -169.781036 -0.012229 0.999697 -0.021336 -6.319177 0.011522 -0.021195 -0.999709 251.118317
-0.999812 -0.012720 -0.014651 -169.789978 -0.012408 0.999698 -0.021212 -6.345160 0.014916 -0.021026 -0.999668 250.373215
-0.999756 -0.012762 -0.018069 -169.802414 -0.012387 0.999706 -0.020796 -6.374629 0.018328 -0.020566 -0.999621 249.643478
-0.999706 -0.012421 -0.020834 -169.817383 -0.011995 0.999719 -0.020438 -6.402606 0.021081 -0.020181 -0.999575 248.933167
-0.999697 -0.009985 -0.022526 -169.833359 -0.009525 0.999746 -0.020441 -6.427713 0.022724 -0.020220 -0.999538 248.255951
-0.999699 -0.007793 -0.023279 -169.849564 -0.007322 0.999768 -0.020244 -6.455496 0.023431 -0.020068 -0.999524 247.602158
-0.999723 -0.005018 -0.023019 -169.871063 -0.004523 0.999758 -0.021518 -6.478011 0.023121 -0.021408 -0.999504 246.969925
-0.999756 -0.003246 -0.021855 -169.884964 -0.002761 0.999749 -0.022217 -6.501257 0.021921 -0.022151 -0.999515 246.348816
-0.999813 0.000059 -0.019339 -169.893082 0.000506 0.999732 -0.023147 -6.522810 0.019332 -0.023152 -0.999546 245.754822
-0.999891 0.003161 -0.014459 -169.904236 0.003508 0.999705 -0.023975 -6.546048 0.014378 -0.024023 -0.999608 245.184021
-0.999962 0.004786 -0.007377 -169.908661 0.004964 0.999689 -0.024399 -6.566053 0.007257 -0.024435 -0.999675 244.638397
-0.999991 0.004310 0.000931 -169.898422 0.004287 0.999710 -0.023684 -6.585666 -0.001033 -0.023680 -0.999720 244.113754
-0.999922 0.004333 0.011785 -169.884766 0.004056 0.999719 -0.023316 -6.603969 -0.011884 -0.023267 -0.999659 243.612015
-0.999659 0.005510 0.025558 -169.865768 0.004897 0.999700 -0.023991 -6.622279 -0.025683 -0.023857 -0.999386 243.125275
-0.999051 0.008486 0.042749 -169.834198 0.007414 0.999656 -0.025152 -6.644793 -0.042948 -0.024811 -0.998769 242.663147
-0.997881 0.009666 0.064353 -169.794159 0.007911 0.999591 -0.027456 -6.667793 -0.064593 -0.026888 -0.997549 242.212082
-0.995856 0.009228 0.090481 -169.735779 0.006670 0.999570 -0.028528 -6.689121 -0.090706 -0.027806 -0.995490 241.766861
-0.992472 0.007943 0.122221 -169.660202 0.004497 0.999584 -0.028444 -6.708962 -0.122397 -0.027679 -0.992096 241.326752
-0.987072 0.008021 0.160078 -169.567078 0.003673 0.999616 -0.027436 -6.725881 -0.160237 -0.026493 -0.986723 240.900818
-0.979346 0.006962 0.202072 -169.450394 0.001786 0.999665 -0.025785 -6.745415 -0.202185 -0.024892 -0.979031 240.482986
-0.969175 0.003785 0.246347 -169.312698 -0.002214 0.999707 -0.024072 -6.765635 -0.246367 -0.023875 -0.968883 240.080872
-0.956335 -0.001814 0.292270 -169.150772 -0.008996 0.999690 -0.023228 -6.781074 -0.292138 -0.024843 -0.956054 239.689758
-0.941082 -0.008159 0.338080 -168.965286 -0.017156 0.999573 -0.023631 -6.798010 -0.337744 -0.028038 -0.940821 239.316406
-0.923384 -0.011281 0.383712 -168.771957 -0.022027 0.999478 -0.023621 -6.811382 -0.383246 -0.030263 -0.923151 238.948334
-0.902909 -0.011128 0.429690 -168.563904 -0.023779 0.999427 -0.024083 -6.822679 -0.429175 -0.031962 -0.902656 238.586929
-0.879800 -0.010140 0.475237 -168.328384 -0.024307 0.999424 -0.023677 -6.829856 -0.474724 -0.032382 -0.879540 238.218933
-0.853764 -0.010953 0.520546 -168.064072 -0.025827 0.999439 -0.021328 -6.838446 -0.520021 -0.031653 -0.853567 237.851395
-0.824708 -0.013184 0.565407 -167.770889 -0.027573 0.999476 -0.016912 -6.845950 -0.564889 -0.029537 -0.824639 237.489853
-0.791834 -0.014229 0.610571 -167.457550 -0.026630 0.999582 -0.011242 -6.854169 -0.610156 -0.025161 -0.791882 237.132095
-0.755470 -0.013839 0.655038 -167.106659 -0.023774 0.999697 -0.006298 -6.857820 -0.654753 -0.020331 -0.755570 236.775589
-0.715978 -0.012447 0.698013 -166.729980 -0.022046 0.999745 -0.004786 -6.862305 -0.697776 -0.018815 -0.716070 236.439560
-0.673043 -0.012711 0.739496 -166.317398 -0.023735 0.999708 -0.004418 -6.872375 -0.739224 -0.020525 -0.673147 236.117081
-0.627199 -0.013331 0.778745 -165.889679 -0.025916 0.999657 -0.003760 -6.880619 -0.778428 -0.022540 -0.627329 235.824554
-0.579172 -0.013039 0.815102 -165.426041 -0.028695 0.999578 -0.004400 -6.876400 -0.814701 -0.025938 -0.579301 235.538376
-0.530339 -0.007842 0.847750 -164.941025 -0.027047 0.999604 -0.007673 -6.874356 -0.847355 -0.026998 -0.530340 235.267288
-0.482036 -0.003682 0.876144 -164.430466 -0.025961 0.999611 -0.010083 -6.875466 -0.875768 -0.027605 -0.481943 235.029083
-0.432242 -0.003845 0.901750 -163.892517 -0.026340 0.999617 -0.008363 -6.880173 -0.901374 -0.027367 -0.432178 234.808411
-0.381557 -0.007121 0.924318 -163.326599 -0.028479 0.999586 -0.004056 -6.879582 -0.923907 -0.027870 -0.381602 234.619324
-0.329711 -0.011345 0.944014 -162.737015 -0.033493 0.999438 0.000313 -6.878600 -0.943488 -0.031514 -0.329906 234.456131
-0.278504 -0.015076 0.960317 -162.128357 -0.040225 0.999182 0.004021 -6.878014 -0.959593 -0.037509 -0.278882 234.324829
-0.230217 -0.020341 0.972928 -161.501404 -0.045252 0.998923 0.010178 -6.876010 -0.972087 -0.041684 -0.230889 234.209091
-0.188351 -0.024672 0.981792 -160.856979 -0.044838 0.998857 0.016499 -6.867809 -0.981078 -0.040915 -0.189241 234.107651
-0.153222 -0.024329 0.987893 -160.194321 -0.045260 0.998820 0.017578 -6.863657 -0.987155 -0.042018 -0.154142 234.029526
-0.123416 -0.019202 0.992170 -159.519791 -0.047318 0.998789 0.013445 -6.853524 -0.991227 -0.045287 -0.124175 233.967712
-0.099173 -0.012509 0.994992 -158.827164 -0.051620 0.998639 0.007410 -6.840372 -0.993731 -0.050626 -0.099683 233.922729
-0.079732 -0.006358 0.996797 -158.136337 -0.054621 0.998505 0.002000 -6.829872 -0.995319 -0.054286 -0.079959 233.884872
-0.064396 -0.006210 0.997906 -157.415024 -0.053925 0.998541 0.002734 -6.817636 -0.996467 -0.053636 -0.064636 233.854706
-0.054235 -0.012816 0.998446 -156.685760 -0.051903 0.998602 0.009998 -6.817514 -0.997178 -0.051281 -0.054823 233.816299
-0.048182 -0.017781 0.998681 -155.931335 -0.050393 0.998611 0.015349 -6.810223 -0.997567 -0.049587 -0.049011 233.792374
-0.042972 -0.018316 0.998909 -155.186203 -0.048387 0.998696 0.016232 -6.803147 -0.997905 -0.047637 -0.043802 233.761383
-0.038921 -0.014748 0.999134 -154.428406 -0.046148 0.998850 0.012947 -6.792727 -0.998177 -0.045604 -0.039556 233.743149
-0.034940 -0.005332 0.999375 -153.673599 -0.044280 0.999011 0.003782 -6.791241 -0.998408 -0.044120 -0.035140 233.722031
-0.032012 0.002559 0.999485 -152.917877 -0.044614 0.998996 -0.003987 -6.793451 -0.998492 -0.044718 -0.031865 233.702637
-0.029592 0.004347 0.999553 -152.155670 -0.043257 0.999048 -0.005624 -6.791390 -0.998626 -0.043405 -0.029374 233.680893
-0.027671 -0.001084 0.999617 -151.364044 -0.040811 0.999166 -0.000045 -6.793512 -0.998784 -0.040797 -0.027692 233.666306
-0.025583 -0.009944 0.999624 -150.560730 -0.039211 0.999190 0.008935 -6.801130 -0.998904 -0.038968 -0.025952 233.649902
-0.023296 -0.013249 0.999641 -149.750504 -0.037296 0.999227 0.012374 -6.804029 -0.999034 -0.036995 -0.023772 233.634186
-0.020793 -0.011840 0.999714 -148.941711 -0.033910 0.999363 0.011131 -6.803831 -0.999209 -0.033668 -0.021181 233.617462
-0.017981 -0.009541 0.999794 -148.126801 -0.032098 0.999444 0.008961 -6.799810 -0.999324 -0.031929 -0.018276 233.602051
-0.015794 -0.007870 0.999845 -147.295410 -0.030466 0.999508 0.007386 -6.799037 -0.999411 -0.030344 -0.016025 233.589874
-0.014455 -0.007678 0.999866 -146.448853 -0.029916 0.999526 0.007243 -6.797594 -0.999448 -0.029806 -0.014678 233.586975
-0.012400 -0.006447 0.999903 -145.610886 -0.032132 0.999465 0.006046 -6.801769 -0.999407 -0.032054 -0.012601 233.579285
-0.010988 -0.006034 0.999922 -144.746277 -0.032367 0.999459 0.005675 -6.804989 -0.999416 -0.032302 -0.011176 233.570404
-0.008733 -0.006385 0.999941 -143.885773 -0.031160 0.999496 0.006110 -6.803786 -0.999476 -0.031104 -0.008927 233.556152
-0.007086 -0.010832 0.999917 -143.007507 -0.027382 0.999568 0.010635 -6.799202 -0.999600 -0.027304 -0.007378 233.537445
-0.005468 -0.014573 0.999879 -142.114105 -0.025862 0.999561 0.014427 -6.791276 -0.999651 -0.025781 -0.005842 233.527527
-0.003553 -0.015297 0.999877 -141.205444 -0.025409 0.999561 0.015202 -6.793137 -0.999671 -0.025352 -0.003940 233.532990
0.000852 -0.012663 0.999920 -140.304077 -0.020501 0.999709 0.012679 -6.790319 -0.999790 -0.020509 0.000593 233.512955
0.007216 -0.011130 0.999913 -139.398544 -0.016248 0.999804 0.011246 -6.779293 -0.999843 -0.016327 0.007034 233.487503
0.011664 -0.013904 0.999836 -138.477295 -0.015252 0.999784 0.014081 -6.774779 -0.999816 -0.015414 0.011449 233.500534
0.016834 -0.016958 0.999715 -137.557220 -0.015797 0.999726 0.017224 -6.774671 -0.999734 -0.016083 0.016562 233.515594
0.021278 -0.017450 0.999622 -136.626007 -0.016195 0.999710 0.017797 -6.764693 -0.999643 -0.016567 0.020989 233.555862
0.025927 -0.017629 0.999508 -135.699936 -0.014242 0.999736 0.018004 -6.754876 -0.999562 -0.014703 0.025669 233.598312
0.030497 -0.022043 0.999292 -134.789597 -0.015014 0.999633 0.022508 -6.744010 -0.999422 -0.015690 0.030156 233.642761
0.034878 -0.025344 0.999070 -133.871033 -0.014864 0.999554 0.025876 -6.736105 -0.999282 -0.015752 0.034487 233.689987
0.040319 -0.024267 0.998893 -132.970535 -0.015879 0.999562 0.024924 -6.733394 -0.999061 -0.016867 0.039916 233.731461
0.045725 -0.016169 0.998824 -132.066101 -0.020969 0.999633 0.017143 -6.721750 -0.998734 -0.021728 0.045369 233.786270
0.050954 -0.011280 0.998638 -131.171738 -0.023228 0.999651 0.012476 -6.718912 -0.998431 -0.023832 0.050675 233.837799
0.054555 -0.012350 0.998435 -130.258713 -0.021926 0.999667 0.013564 -6.711244 -0.998271 -0.022632 0.054266 233.905945
0.058635 -0.018299 0.998112 -129.341461 -0.025755 0.999471 0.019837 -6.710042 -0.997948 -0.026870 0.058133 233.966675
0.060869 -0.022844 0.997884 -128.437332 -0.032177 0.999173 0.024837 -6.713730 -0.997627 -0.033621 0.060084 234.035614
0.061939 -0.021691 0.997845 -127.542992 -0.034592 0.999116 0.023866 -6.711452 -0.997481 -0.035996 0.061134 234.100098
0.062148 -0.020576 0.997855 -126.652061 -0.036262 0.999080 0.022859 -6.704555 -0.997408 -0.037604 0.061346 234.157318
0.062007 -0.019274 0.997890 -125.748596 -0.038796 0.999011 0.021706 -6.691419 -0.997321 -0.040060 0.061198 234.217789
0.061804 -0.019803 0.997892 -124.863495 -0.042918 0.998825 0.022480 -6.683103 -0.997165 -0.044217 0.060882 234.277542
0.061642 -0.017515 0.997945 -123.990463 -0.049455 0.998564 0.020580 -6.683562 -0.996873 -0.050622 0.060688 234.336288
0.060044 -0.016767 0.998055 -123.117805 -0.052946 0.998398 0.019958 -6.681547 -0.996791 -0.054041 0.059061 234.398209
0.058312 -0.012165 0.998224 -122.255249 -0.054986 0.998368 0.015379 -6.675550 -0.996784 -0.055785 0.057548 234.458099
0.056080 -0.010087 0.998376 -121.394012 -0.059032 0.998166 0.013401 -6.675020 -0.996680 -0.059687 0.055382 234.519760
0.054951 -0.009905 0.998440 -120.550751 -0.059573 0.998136 0.013181 -6.674904 -0.996711 -0.060204 0.054260 234.567520
0.052849 -0.011840 0.998533 -119.711548 -0.058208 0.998193 0.014916 -6.675436 -0.996905 -0.058911 0.052065 234.614639
0.050106 -0.013468 0.998653 -118.877197 -0.060369 0.998039 0.016489 -6.673289 -0.996919 -0.061115 0.049196 234.667099
0.047468 -0.013683 0.998779 -118.073906 -0.062693 0.997893 0.016651 -6.674059 -0.996904 -0.063407 0.046511 234.712845
0.044809 -0.014227 0.998894 -117.282860 -0.067218 0.997589 0.017224 -6.672989 -0.996732 -0.067915 0.043745 234.756653
0.040980 -0.014786 0.999051 -116.520561 -0.069360 0.997436 0.017608 -6.677757 -0.996750 -0.070016 0.039850 234.792938
0.036306 -0.014147 0.999241 -115.758812 -0.068505 0.997512 0.016611 -6.677053 -0.996990 -0.069056 0.035247 234.818970
0.030911 -0.011074 0.999461 -114.999756 -0.069064 0.997524 0.013189 -6.670465 -0.997134 -0.069435 0.030071 234.845398
0.024075 -0.008520 0.999674 -114.273804 -0.068925 0.997570 0.010162 -6.663237 -0.997332 -0.069147 0.023430 234.869629
0.018194 -0.008510 0.999798 -113.590355 -0.067336 0.997683 0.009718 -6.670102 -0.997565 -0.067500 0.017579 234.880768
0.012315 -0.009672 0.999877 -112.920212 -0.065278 0.997811 0.010456 -6.680825 -0.997792 -0.065398 0.011657 234.893951
0.007014 -0.008775 0.999937 -112.280144 -0.061565 0.998061 0.009191 -6.688574 -0.998079 -0.061625 0.006461 234.888565
0.001380 -0.007383 0.999973 -111.652725 -0.058700 0.998247 0.007452 -6.693001 -0.998275 -0.058708 0.000946 234.880173
-0.003874 -0.005375 0.999978 -111.035484 -0.058818 0.998255 0.005138 -6.697609 -0.998262 -0.058797 -0.004182 234.874207
-0.010033 -0.001746 0.999948 -110.415596 -0.056295 0.998413 0.001180 -6.699684 -0.998364 -0.056279 -0.010115 234.866486
-0.015485 -0.000874 0.999880 -109.796227 -0.056058 0.998427 0.000005 -6.711936 -0.998308 -0.056051 -0.015509 234.858475
-0.020275 -0.000185 0.999794 -109.180519 -0.056884 0.998380 -0.000968 -6.720790 -0.998175 -0.056892 -0.020253 234.847229
-0.025556 0.000209 0.999673 -108.564919 -0.059428 0.998230 -0.001727 -6.718769 -0.997905 -0.059453 -0.025498 234.841766
-0.029887 -0.003403 0.999548 -107.941551 -0.058014 0.998314 0.001664 -6.716818 -0.997869 -0.057938 -0.030034 234.838394
-0.031327 -0.011474 0.999444 -107.319435 -0.055365 0.998419 0.009726 -6.718830 -0.997975 -0.055029 -0.031912 234.819702
-0.032147 -0.016452 0.999348 -106.721466 -0.053106 0.998479 0.014729 -6.717778 -0.998072 -0.052599 -0.032971 234.794144
-0.031547 -0.019795 0.999307 -106.124199 -0.053446 0.998406 0.018091 -6.721224 -0.998073 -0.052837 -0.032554 234.780045
-0.028918 -0.026617 0.999228 -105.520256 -0.056849 0.998071 0.024942 -6.712788 -0.997965 -0.056083 -0.030375 234.772537
-0.026314 -0.031064 0.999172 -104.912422 -0.056885 0.997943 0.029528 -6.700705 -0.998034 -0.056061 -0.028027 234.767227
-0.020725 -0.027641 0.999404 -104.304649 -0.052121 0.998287 0.026531 -6.685833 -0.998427 -0.051540 -0.022129 234.763367
-0.013188 -0.023860 0.999629 -103.720840 -0.044058 0.998758 0.023258 -6.687919 -0.998942 -0.043734 -0.014223 234.760208
-0.001462 -0.017772 0.999841 -103.134674 -0.038708 0.999093 0.017702 -6.675317 -0.999250 -0.038676 -0.002148 234.760101
0.015153 -0.008809 0.999847 -102.564163 -0.032872 0.999416 0.009303 -6.663771 -0.999345 -0.033008 0.014855 234.767670
0.033890 -0.006149 0.999407 -101.971024 -0.028682 0.999563 0.007122 -6.650193 -0.999014 -0.028907 0.033700 234.824295
0.057036 -0.008179 0.998339 -101.376770 -0.024250 0.999660 0.009575 -6.653328 -0.998078 -0.024756 0.056819 234.857864
0.080369 -0.007174 0.996740 -100.794151 -0.025002 0.999645 0.009211 -6.652900 -0.996452 -0.025661 0.080162 234.927094
0.107518 -0.003217 0.994198 -100.230362 -0.023871 0.999698 0.005817 -6.658561 -0.993917 -0.024359 0.107409 234.990387
0.137639 -0.004127 0.990475 -99.670654 -0.023180 0.999704 0.007387 -6.667383 -0.990211 -0.023975 0.137503 235.088104
0.171570 -0.006595 0.985150 -99.116455 -0.022834 0.999682 0.010670 -6.667496 -0.984907 -0.024326 0.171366 235.199341
0.207800 -0.008959 0.978131 -98.564575 -0.023522 0.999623 0.014154 -6.663751 -0.977889 -0.025948 0.207512 235.342941
0.246819 -0.013649 0.968966 -98.024696 -0.027244 0.999407 0.021017 -6.662860 -0.968679 -0.031586 0.246301 235.515976
0.289735 -0.017737 0.956943 -97.495148 -0.029235 0.999198 0.027372 -6.654758 -0.956661 -0.035907 0.288984 235.707626
0.334581 -0.017726 0.942201 -96.990051 -0.028301 0.999182 0.028848 -6.644342 -0.941942 -0.036318 0.333807 235.917648
0.380557 -0.018094 0.924581 -96.497482 -0.026943 0.999166 0.030644 -6.636249 -0.924365 -0.036573 0.379753 236.151855
0.428745 -0.018407 0.903239 -96.021637 -0.024956 0.999169 0.032208 -6.630769 -0.903081 -0.036350 0.427930 236.404526
0.476842 -0.016713 0.878830 -95.559349 -0.023592 0.999215 0.031803 -6.617110 -0.878673 -0.035898 0.476073 236.690781
0.524058 -0.012443 0.851592 -95.113037 -0.020078 0.999434 0.026959 -6.605893 -0.851446 -0.031227 0.523513 236.996552
0.570307 -0.007895 0.821394 -94.696609 -0.018073 0.999591 0.022158 -6.593344 -0.821233 -0.027481 0.569932 237.326248
0.616504 -0.004005 0.787342 -94.275856 -0.018122 0.999650 0.019275 -6.575126 -0.787144 -0.026150 0.616216 237.665756
0.659217 -0.005186 0.751936 -93.892715 -0.013425 0.999735 0.018665 -6.569262 -0.751833 -0.022400 0.658974 238.037247
0.698987 -0.012070 0.715033 -93.528374 -0.004226 0.999770 0.021008 -6.561486 -0.715122 -0.017705 0.698776 238.427170
0.735994 -0.018997 0.676722 -93.177597 0.001475 0.999649 0.026459 -6.553569 -0.676988 -0.018475 0.735763 238.841156
0.770014 -0.023112 0.637609 -92.859314 0.004598 0.999519 0.030677 -6.540288 -0.638010 -0.020691 0.769750 239.273209
0.801483 -0.022639 0.597590 -92.572418 0.004579 0.999485 0.031724 -6.532626 -0.598001 -0.022690 0.801175 239.721191
0.830577 -0.024594 0.556361 -92.306679 0.009313 0.999498 0.030279 -6.522665 -0.556826 -0.019967 0.830390 240.167984
0.856996 -0.024257 0.514753 -92.068169 0.011090 0.999528 0.028635 -6.512237 -0.515204 -0.018831 0.856861 240.636230
0.880581 -0.023389 0.473320 -91.848999 0.011085 0.999524 0.028768 -6.505614 -0.473768 -0.020085 0.880421 241.106308
0.901735 -0.019925 0.431829 -91.657051 0.007975 0.999534 0.029469 -6.495198 -0.432215 -0.023129 0.901474 241.576157
0.920257 -0.015513 0.391007 -91.490051 0.003660 0.999511 0.031040 -6.478287 -0.391296 -0.027134 0.919865 242.071793
0.935470 -0.011706 0.353214 -91.337860 0.000011 0.999451 0.033098 -6.470209 -0.353407 -0.030958 0.934957 242.567291
0.947148 -0.007064 0.320719 -91.211967 -0.004967 0.999314 0.036676 -6.462741 -0.320758 -0.036329 0.946465 243.072876
0.955769 0.000728 0.294117 -91.099228 -0.012898 0.999139 0.039442 -6.449495 -0.293835 -0.041491 0.954956 243.577087
0.961790 0.012145 0.273519 -90.998207 -0.024124 0.998889 0.040478 -6.429726 -0.272723 -0.045530 0.961015 244.102036
0.965540 0.020969 0.259411 -90.902657 -0.032816 0.998602 0.041425 -6.406960 -0.258180 -0.048510 0.964879 244.629074
0.968377 0.022105 0.248513 -90.777924 -0.033394 0.998589 0.041302 -6.391826 -0.247249 -0.048294 0.967748 245.136688
0.970381 0.022729 0.240512 -90.651558 -0.033336 0.998637 0.040129 -6.377605 -0.239271 -0.046958 0.969817 245.634155
0.971482 0.021568 0.236130 -90.527596 -0.031543 0.998758 0.038551 -6.362035 -0.235005 -0.044900 0.970957 246.134979
0.971412 0.025850 0.235990 -90.421143 -0.035849 0.998627 0.038178 -6.346809 -0.234679 -0.045546 0.971006 246.644562
0.970966 0.029003 0.237455 -90.297066 -0.038749 0.998582 0.036481 -6.324792 -0.236059 -0.044623 0.970714 247.148041
0.970021 0.025469 0.241686 -90.169167 -0.034772 0.998806 0.034307 -6.316265 -0.240522 -0.041682 0.969748 247.634293
0.967455 0.020655 0.252201 -90.036980 -0.029601 0.999058 0.031727 -6.298594 -0.251308 -0.038160 0.967155 248.125137
0.963172 0.016693 0.268366 -89.889618 -0.026224 0.999144 0.031969 -6.290589 -0.267602 -0.037828 0.962787 248.607666
0.957053 0.016026 0.289469 -89.747810 -0.026981 0.999061 0.033893 -6.279677 -0.288653 -0.040247 0.956588 249.072433
0.948303 0.017754 0.316869 -89.588127 -0.031262 0.998803 0.037599 -6.271326 -0.315821 -0.045561 0.947725 249.530670
0.936492 0.015490 0.350348 -89.413246 -0.033111 0.998466 0.044365 -6.260521 -0.349123 -0.053147 0.935569 249.970963
0.921848 0.007447 0.387483 -89.233749 -0.030382 0.998127 0.053098 -6.251074 -0.386362 -0.060721 0.920347 250.387909
0.904666 -0.011862 0.425957 -88.996666 -0.012729 0.998414 0.054837 -6.252181 -0.425931 -0.055032 0.903081 250.764160
0.883241 -0.022014 0.468403 -88.763908 -0.001523 0.998757 0.049811 -6.242089 -0.468917 -0.044708 0.882111 251.113098
0.857560 -0.020398 0.513981 -88.522377 -0.000563 0.999175 0.040592 -6.240471 -0.514386 -0.035100 0.856841 251.446365
0.827686 -0.008562 0.561126 -88.282761 -0.010683 0.999461 0.031010 -6.229580 -0.561090 -0.031661 0.827150 251.781281
0.793731 0.005444 0.608245 -88.029259 -0.026233 0.999336 0.025288 -6.212307 -0.607703 -0.036028 0.793347 252.088333
0.754835 0.009470 0.655847 -87.762077 -0.035232 0.999037 0.026124 -6.196067 -0.654968 -0.042826 0.754442 252.372757
0.713124 0.000716 0.701038 -87.456085 -0.031146 0.999044 0.030663 -6.180414 -0.700346 -0.043701 0.712465 252.639343
0.669664 -0.011754 0.742571 -87.128685 -0.021946 0.999124 0.035605 -6.175394 -0.742340 -0.040140 0.668821 252.860779
0.624003 -0.016215 0.781254 -86.796700 -0.019055 0.999171 0.035958 -6.172863 -0.781190 -0.037325 0.623178 253.060898
0.576088 -0.016183 0.817228 -86.467270 -0.017981 0.999311 0.032466 -6.166596 -0.817190 -0.033398 0.575401 253.241928
0.527280 -0.014579 0.849567 -86.127457 -0.017525 0.999453 0.028028 -6.162129 -0.849511 -0.029667 0.526737 253.401871
0.479166 -0.012833 0.877631 -85.789566 -0.017667 0.999549 0.024262 -6.157135 -0.877547 -0.027130 0.478724 253.548096
0.435722 -0.010845 0.900017 -85.440971 -0.020653 0.999544 0.022043 -6.152265 -0.899845 -0.028192 0.435299 253.667175
0.395162 -0.010453 0.918552 -85.088623 -0.024669 0.999453 0.021986 -6.141952 -0.918280 -0.031348 0.394689 253.780121
0.353463 -0.009629 0.935400 -84.720863 -0.030735 0.999288 0.021900 -6.132328 -0.934944 -0.036491 0.352916 253.902802
0.312379 -0.010939 0.949895 -84.336487 -0.031768 0.999254 0.021954 -6.124558 -0.949427 -0.037034 0.311798 253.997589
0.272393 -0.014929 0.962070 -83.929626 -0.030096 0.999258 0.024028 -6.123593 -0.961715 -0.035499 0.271743 254.090912
0.235478 -0.018624 0.971702 -83.514076 -0.027739 0.999280 0.025875 -6.123222 -0.971484 -0.033047 0.234792 254.155060
0.201244 -0.018678 0.979364 -83.082306 -0.025807 0.999369 0.024362 -6.117582 -0.979201 -0.030178 0.200635 254.218094
0.171592 -0.016047 0.985038 -82.637146 -0.024677 0.999483 0.020581 -6.109981 -0.984859 -0.027839 0.171107 254.283554
0.148853 -0.012451 0.988782 -82.173340 -0.023883 0.999584 0.016182 -6.105874 -0.988571 -0.026024 0.148494 254.338455
0.129395 -0.008072 0.991561 -81.703186 -0.025813 0.999600 0.011506 -6.102227 -0.991258 -0.027084 0.129135 254.403870
0.113567 -0.003670 0.993524 -81.213280 -0.027632 0.999594 0.006851 -6.094128 -0.993147 -0.028231 0.113420 254.456894
0.098554 0.000453 0.995132 -80.715858 -0.028855 0.999580 0.002402 -6.089462 -0.994713 -0.028952 0.098527 254.500458
0.082641 0.002994 0.996575 -80.196205 -0.029596 0.999561 -0.000548 -6.093103 -0.996140 -0.029450 0.082695 254.547623
0.067412 0.004100 0.997718 -79.670883 -0.027145 0.999629 -0.002274 -6.096089 -0.997356 -0.026930 0.067498 254.581940
0.055733 0.003683 0.998439 -79.119766 -0.023679 0.999716 -0.002366 -6.094365 -0.998165 -0.023511 0.055805 254.606232
0.048414 0.002675 0.998824 -78.553772 -0.021038 0.999777 -0.001657 -6.090652 -0.998606 -0.020933 0.048460 254.619553
0.044467 0.000493 0.999011 -77.960876 -0.018455 0.999829 0.000328 -6.090497 -0.998841 -0.018451 0.044470 254.654373
0.043699 -0.002346 0.999042 -77.357384 -0.018203 0.999829 0.003144 -6.090785 -0.998879 -0.018322 0.043650 254.683868
0.042935 -0.005872 0.999061 -76.749619 -0.019262 0.999791 0.006704 -6.104030 -0.998892 -0.019533 0.042814 254.709671
0.041146 -0.006850 0.999130 -76.114555 -0.019498 0.999780 0.007658 -6.106908 -0.998963 -0.019797 0.041004 254.731445
0.040317 -0.006912 0.999163 -75.473488 -0.020569 0.999758 0.007747 -6.110162 -0.998975 -0.020865 0.040166 254.750168
0.038782 -0.006346 0.999228 -74.814919 -0.021492 0.999742 0.007183 -6.106802 -0.999017 -0.021755 0.038637 254.778427
0.035804 -0.004109 0.999351 -74.138008 -0.022038 0.999745 0.004901 -6.102729 -0.999116 -0.022199 0.035705 254.812622
0.032371 -0.001234 0.999475 -73.449768 -0.022772 0.999739 0.001972 -6.098610 -0.999217 -0.022824 0.032334 254.848083
0.029516 0.000295 0.999565 -72.741882 -0.023514 0.999722 0.000399 -6.104104 -0.999288 -0.023516 0.029515 254.873245
0.026604 0.001510 0.999645 -72.020645 -0.024360 0.999702 -0.000862 -6.107308 -0.999350 -0.024329 0.026634 254.899780
0.024142 0.001415 0.999708 -71.280212 -0.026242 0.999655 -0.000781 -6.105565 -0.999364 -0.026215 0.024172 254.927887
0.021539 0.001172 0.999767 -70.526001 -0.027024 0.999634 -0.000589 -6.109422 -0.999403 -0.027005 0.021563 254.950958
0.019624 -0.000023 0.999807 -69.756500 -0.026720 0.999642 0.000547 -6.113472 -0.999451 -0.026725 0.019617 254.964203
0.017150 -0.000764 0.999853 -68.967674 -0.026745 0.999641 0.001223 -6.114097 -0.999496 -0.026762 0.017124 254.981873
0.013860 -0.001672 0.999903 -68.172920 -0.026393 0.999649 0.002038 -6.116617 -0.999556 -0.026418 0.013812 254.996216
0.010685 -0.002311 0.999940 -67.358223 -0.025747 0.999665 0.002585 -6.118417 -0.999611 -0.025773 0.010622 255.016388
0.008206 -0.002287 0.999964 -66.544380 -0.025271 0.999677 0.002495 -6.127248 -0.999647 -0.025290 0.008146 255.029816
0.006490 -0.002998 0.999975 -65.723358 -0.022597 0.999739 0.003144 -6.141403 -0.999724 -0.022617 0.006422 255.030884
0.004740 -0.002292 0.999987 -64.875946 -0.020781 0.999781 0.002391 -6.133924 -0.999774 -0.020792 0.004692 255.047882
0.002993 -0.001494 0.999995 -64.039642 -0.020357 0.999791 0.001555 -6.137214 -0.999789 -0.020362 0.002963 255.057648
0.001397 0.000021 0.999999 -63.202423 -0.020952 0.999780 0.000009 -6.145749 -0.999780 -0.020952 0.001398 255.061951
0.001077 0.004485 0.999990 -62.330902 -0.020528 0.999779 -0.004461 -6.130737 -0.999789 -0.020523 0.001169 255.047485
-0.000843 0.006951 0.999976 -61.469593 -0.022302 0.999726 -0.006968 -6.135324 -0.999751 -0.022307 -0.000687 255.058380
-0.003097 0.009103 0.999955 -60.616013 -0.024546 0.999657 -0.009176 -6.139808 -0.999694 -0.024574 -0.002871 255.067993
-0.005367 0.009150 0.999945 -59.743397 -0.024904 0.999646 -0.009280 -6.141225 -0.999676 -0.024952 -0.005137 255.077484
-0.005841 0.007922 0.999952 -58.851856 -0.022513 0.999714 -0.008050 -6.138469 -0.999730 -0.022559 -0.005660 255.080322
-0.004924 0.004216 0.999979 -57.963520 -0.021391 0.999761 -0.004320 -6.162146 -0.999760 -0.021412 -0.004832 255.078461
-0.002369 0.002080 0.999996 -57.076141 -0.018710 0.999822 -0.002123 -6.176805 -0.999823 -0.018715 -0.002329 255.074219
0.000434 0.000411 1.000000 -56.173508 -0.015266 0.999883 -0.000403 -6.194914 -0.999883 -0.015266 0.000441 255.077209
0.003446 0.000578 0.999994 -55.273739 -0.013721 0.999905 -0.000531 -6.201429 -0.999901 -0.013718 0.003455 255.089630
0.006862 0.001277 0.999976 -54.391811 -0.013388 0.999909 -0.001185 -6.220863 -0.999887 -0.013379 0.006879 255.095734
0.010318 0.003734 0.999940 -53.490154 -0.014420 0.999889 -0.003584 -6.229172 -0.999843 -0.014382 0.010371 255.106781
0.012779 0.006126 0.999901 -52.595802 -0.014814 0.999873 -0.005936 -6.235630 -0.999809 -0.014736 0.012868 255.124939
0.014974 0.006151 0.999869 -51.711918 -0.014206 0.999881 -0.005938 -6.251488 -0.999787 -0.014115 0.015060 255.134827
0.016007 0.007052 0.999847 -50.807369 -0.016327 0.999843 -0.006790 -6.265611 -0.999739 -0.016215 0.016121 255.164856
0.017462 0.006470 0.999827 -49.918072 -0.017187 0.999833 -0.006170 -6.285855 -0.999701 -0.017076 0.017571 255.180206
0.019578 0.002569 0.999805 -49.008953 -0.018618 0.999824 -0.002205 -6.298415 -0.999635 -0.018570 0.019623 255.188293
0.021412 -0.006185 0.999752 -48.124321 -0.020950 0.999758 0.006634 -6.310174 -0.999552 -0.021087 0.021277 255.212524
0.022559 -0.010304 0.999693 -47.233799 -0.015791 0.999818 0.010662 -6.314902 -0.999621 -0.016026 0.022393 255.238190
0.024616 -0.006597 0.999676 -46.357033 -0.015525 0.999855 0.006981 -6.321290 -0.999577 -0.015692 0.024512 255.262299
0.025411 0.004216 0.999669 -45.482407 -0.018951 0.999813 -0.003735 -6.321146 -0.999497 -0.018849 0.025488 255.296997
0.026563 0.012508 0.999569 -44.625023 -0.018973 0.999748 -0.012005 -6.335635 -0.999468 -0.018647 0.026794 255.325714
0.027075 0.012733 0.999553 -43.766586 -0.014968 0.999811 -0.012331 -6.352138 -0.999521 -0.014627 0.027261 255.348175
0.026565 0.005819 0.999631 -42.902985 -0.012739 0.999904 -0.005481 -6.368861 -0.999566 -0.012588 0.026638 255.373230
0.025473 -0.003040 0.999672 -42.033524 -0.014858 0.999884 0.003420 -6.383136 -0.999566 -0.014940 0.025426 255.406677
0.025132 -0.005171 0.999671 -41.181427 -0.015226 0.999868 0.005556 -6.391570 -0.999569 -0.015360 0.025050 255.430817
0.025217 -0.001026 0.999681 -40.343063 -0.012309 0.999923 0.001337 -6.401002 -0.999607 -0.012338 0.025203 255.451477
0.025828 0.003154 0.999662 -39.506966 -0.009738 0.999948 -0.002903 -6.411431 -0.999620 -0.009660 0.025858 255.471619
0.026942 0.003340 0.999632 -38.662663 -0.007810 0.999964 -0.003131 -6.418461 -0.999607 -0.007722 0.026968 255.489838
0.028299 -0.000740 0.999599 -37.827732 -0.009067 0.999958 0.000997 -6.447410 -0.999558 -0.009092 0.028292 255.514221
0.030170 -0.001914 0.999543 -36.988213 -0.010024 0.999946 0.002217 -6.448083 -0.999495 -0.010087 0.030150 255.529144
0.032183 -0.000164 0.999482 -36.146648 -0.010342 0.999946 0.000498 -6.449498 -0.999429 -0.010353 0.032180 255.548981
0.033632 0.002485 0.999431 -35.318226 -0.010593 0.999941 -0.002129 -6.465536 -0.999379 -0.010516 0.033658 255.580780
0.034422 0.004588 0.999398 -34.496208 -0.009985 0.999941 -0.004246 -6.479795 -0.999358 -0.009832 0.034467 255.613068
0.035370 0.004182 0.999366 -33.679031 -0.009812 0.999944 -0.003837 -6.494464 -0.999327 -0.009670 0.035411 255.648132
0.036684 0.002561 0.999325 -32.860874 -0.008830 0.999958 -0.002238 -6.508244 -0.999288 -0.008742 0.036705 255.672577
0.038299 0.000305 0.999267 -32.054760 -0.008848 0.999961 0.000034 -6.522597 -0.999227 -0.008843 0.038302 255.701447
0.039514 -0.000628 0.999219 -31.244267 -0.008846 0.999960 0.000979 -6.532047 -0.999180 -0.008878 0.039507 255.741699
0.040337 -0.000700 0.999187 -30.440287 -0.007504 0.999971 0.001004 -6.531208 -0.999158 -0.007538 0.040331 255.787781
0.041347 0.000044 0.999145 -29.658308 -0.007601 0.999971 0.000271 -6.532933 -0.999117 -0.007606 0.041346 255.825378
0.041915 -0.000101 0.999122 -28.894073 -0.009579 0.999953 0.000504 -6.544384 -0.999076 -0.009592 0.041913 255.871277
0.042540 0.000013 0.999095 -28.153767 -0.012068 0.999927 0.000501 -6.551980 -0.999022 -0.012078 0.042537 255.914948
0.043973 0.000520 0.999033 -27.425823 -0.014917 0.999888 0.000136 -6.564373 -0.998921 -0.014908 0.043977 255.952393
0.044666 0.001847 0.999000 -26.712229 -0.018386 0.999830 -0.001026 -6.575057 -0.998833 -0.018321 0.044692 255.994263
0.044931 0.003525 0.998984 -25.996832 -0.021587 0.999763 -0.002556 -6.583083 -0.998757 -0.021450 0.044997 256.039581
0.044411 0.005197 0.999000 -25.275885 -0.023210 0.999722 -0.004169 -6.583059 -0.998744 -0.023002 0.044520 256.086578
0.044856 0.005360 0.998980 -24.554914 -0.024468 0.999691 -0.004265 -6.584177 -0.998695 -0.024251 0.044973 256.133179
0.044371 0.005425 0.999001 -23.854013 -0.027666 0.999608 -0.004198 -6.591233 -0.998632 -0.027451 0.044504 256.168030
0.043013 0.003472 0.999069 -23.161388 -0.028389 0.999594 -0.002251 -6.605287 -0.998672 -0.028266 0.043095 256.205353
0.041654 0.001558 0.999131 -22.468300 -0.027155 0.999630 -0.000426 -6.609767 -0.998764 -0.027113 0.041682 256.237762
0.039987 -0.000387 0.999201 -21.789671 -0.025212 0.999681 0.001396 -6.621947 -0.998883 -0.025247 0.039965 256.266663
0.038109 -0.000047 0.999274 -21.125431 -0.024238 0.999705 0.000972 -6.634510 -0.998980 -0.024258 0.038098 256.287903
0.035693 0.001396 0.999362 -20.468534 -0.024588 0.999698 -0.000518 -6.645900 -0.999061 -0.024553 0.035718 256.318390
0.032930 0.003962 0.999451 -19.832764 -0.025024 0.999681 -0.003139 -6.657027 -0.999144 -0.024907 0.033019 256.350830
0.030023 0.006332 0.999530 -19.213589 -0.025716 0.999654 -0.005560 -6.666626 -0.999218 -0.025537 0.030176 256.375122
0.026463 0.006911 0.999626 -18.603390 -0.025678 0.999650 -0.006231 -6.677327 -0.999321 -0.025503 0.026633 256.398621
0.022765 0.006035 0.999723 -18.021095 -0.027104 0.999617 -0.005418 -6.690925 -0.999374 -0.026974 0.022920 256.411835
0.017811 0.005140 0.999829 -17.463413 -0.027539 0.999609 -0.004648 -6.706918 -0.999463 -0.027451 0.017947 256.422180
0.012553 0.002807 0.999918 -16.924438 -0.028845 0.999580 -0.002444 -6.718669 -0.999505 -0.028812 0.012630 256.431061
0.006129 0.001085 0.999981 -16.407553 -0.029956 0.999550 -0.000901 -6.730277 -0.999533 -0.029951 0.006160 256.436890
-0.001134 0.001428 0.999998 -15.911704 -0.030637 0.999529 -0.001462 -6.740554 -0.999531 -0.030638 -0.001090 256.434296
-0.008908 0.001773 0.999960 -15.430624 -0.030546 0.999531 -0.002044 -6.753621 -0.999494 -0.030563 -0.008849 256.426483
-0.017207 0.001196 0.999852 -14.967120 -0.029214 0.999571 -0.001698 -6.766064 -0.999425 -0.029240 -0.017164 256.414215
-0.026126 0.000580 0.999659 -14.508987 -0.028149 0.999602 -0.001315 -6.773430 -0.999263 -0.028173 -0.026099 256.394745
-0.035891 0.000788 0.999356 -14.070594 -0.027761 0.999612 -0.001786 -6.778285 -0.998970 -0.027808 -0.035855 256.377258
-0.045442 0.001360 0.998967 -13.653440 -0.027498 0.999618 -0.002610 -6.787024 -0.998589 -0.027588 -0.045386 256.355804
-0.055204 0.000591 0.998475 -13.256093 -0.026855 0.999637 -0.002076 -6.798590 -0.998114 -0.026929 -0.055167 256.330383
-0.065113 -0.000597 0.997878 -12.871081 -0.026726 0.999641 -0.001146 -6.805689 -0.997521 -0.026744 -0.065105 256.298004
-0.075622 -0.002092 0.997135 -12.496981 -0.027507 0.999622 0.000012 -6.808897 -0.996757 -0.027427 -0.075651 256.265198
-0.087132 -0.003855 0.996190 -12.140285 -0.026946 0.999635 0.001511 -6.817627 -0.995832 -0.026711 -0.087204 256.235748
-0.098632 -0.005609 0.995108 -11.783944 -0.026401 0.999646 0.003018 -6.825818 -0.994775 -0.025974 -0.098745 256.202148
-0.110818 -0.003265 0.993836 -11.474187 -0.020183 0.999795 0.001035 -6.833205 -0.993636 -0.019944 -0.110861 256.153748
-0.123160 -0.003179 0.992383 -11.174682 -0.014621 0.999891 0.001389 -6.839124 -0.992279 -0.014339 -0.123193 256.104614
-0.135480 -0.005172 0.990767 -10.892622 -0.013320 0.999905 0.003398 -6.840977 -0.990691 -0.012737 -0.135536 256.059662
-0.147806 -0.007147 0.988991 -10.610599 -0.012042 0.999913 0.005427 -6.842241 -0.988944 -0.011107 -0.147879 256.010986
-0.160963 -0.008487 0.986924 -10.372050 -0.015222 0.999865 0.006115 -6.848532 -0.986843 -0.014039 -0.161070 255.973022
-0.174405 -0.009631 0.984627 -10.158547 -0.017260 0.999828 0.006722 -6.852651 -0.984523 -0.015823 -0.174540 255.928986
-0.187817 -0.010133 0.982152 -9.967978 -0.017780 0.999817 0.006915 -6.857540 -0.982044 -0.016164 -0.187962 255.885681
-0.201184 -0.008162 0.979520 -9.800217 -0.016744 0.999848 0.004893 -6.860740 -0.979411 -0.015417 -0.201289 255.841736
-0.215065 -0.004280 0.976590 -9.641767 -0.015977 0.999872 0.000863 -6.865647 -0.976469 -0.015418 -0.215106 255.796509
-0.228406 -0.001097 0.973566 -9.481690 -0.014041 0.999899 -0.002167 -6.869984 -0.973465 -0.014164 -0.228398 255.751892
-0.242072 -0.000718 0.970259 -9.322509 -0.010132 0.999947 -0.001787 -6.878226 -0.970206 -0.010264 -0.242067 255.701416
-0.256683 -0.001583 0.966495 -9.160456 -0.007447 0.999972 -0.000340 -6.882782 -0.966467 -0.007286 -0.256688 255.640015
-0.271228 -0.001567 0.962514 -9.000502 -0.005932 0.999982 -0.000043 -6.887951 -0.962498 -0.005721 -0.271231 255.581848
-0.285139 -0.000897 0.958486 -8.843315 -0.006443 0.999979 -0.000981 -6.891786 -0.958465 -0.006455 -0.285138 255.523804
-0.300150 0.000010 0.953893 -8.687439 -0.007339 0.999970 -0.002319 -6.895021 -0.953865 -0.007695 -0.300141 255.465851
-0.315392 0.000880 0.948962 -8.534066 -0.008728 0.999954 -0.003828 -6.897383 -0.948922 -0.009491 -0.315369 255.402313
-0.330800 0.002247 0.943698 -8.376495 -0.010182 0.999930 -0.005949 -6.895679 -0.943647 -0.011577 -0.330752 255.335144
-0.347964 0.005086 0.937495 -8.213299 -0.012192 0.999876 -0.009949 -6.899849 -0.937429 -0.014892 -0.347858 255.264313
-0.367437 0.009407 0.930001 -8.040565 -0.012952 0.999800 -0.015230 -6.900897 -0.929959 -0.017641 -0.367240 255.182892
-0.388955 0.012674 0.921170 -7.851650 -0.012692 0.999736 -0.019113 -6.903820 -0.921170 -0.019125 -0.388691 255.086334
-0.413528 0.014033 0.910384 -7.649939 -0.012785 0.999692 -0.021218 -6.908871 -0.910402 -0.020413 -0.413220 254.972351
-0.441669 0.014950 0.897054 -7.430859 -0.011601 0.999682 -0.022371 -6.915221 -0.897104 -0.020287 -0.441354 254.836655
-0.473493 0.015620 0.880659 -7.208545 -0.010596 0.999669 -0.023427 -6.922808 -0.880734 -0.020423 -0.473171 254.687393
-0.507772 0.016189 0.861340 -6.969689 -0.010065 0.999643 -0.024722 -6.928436 -0.861433 -0.021222 -0.507427 254.520615
-0.542146 0.016223 0.840128 -6.731819 -0.009458 0.999632 -0.025406 -6.935622 -0.840232 -0.021719 -0.541794 254.336609
-0.577993 0.016834 0.815869 -6.484166 -0.009165 0.999590 -0.027118 -6.942658 -0.815991 -0.023152 -0.577601 254.126114
-0.615940 0.016238 0.787627 -6.233112 -0.011384 0.999499 -0.029509 -6.952922 -0.787712 -0.027141 -0.615447 253.904831
-0.654342 0.013850 0.756072 -5.967583 -0.014918 0.999400 -0.031218 -6.965672 -0.756052 -0.031706 -0.653743 253.651428
-0.692405 0.011210 0.721422 -5.708921 -0.017852 0.999307 -0.032662 -6.976816 -0.721288 -0.035494 -0.691725 253.375839
-0.729651 0.011039 0.683732 -5.448281 -0.016966 0.999270 -0.034238 -6.993767 -0.683611 -0.036582 -0.728929 253.065414
-0.766683 0.012304 0.641908 -5.190589 -0.014354 0.999237 -0.036297 -7.014665 -0.641867 -0.037042 -0.765922 252.724258
-0.801836 0.014408 0.597372 -4.965085 -0.010665 0.999205 -0.038415 -7.031018 -0.597451 -0.037172 -0.801044 252.351746
-0.835774 0.017624 0.548792 -4.738922 -0.006597 0.999090 -0.042130 -7.047862 -0.549035 -0.038831 -0.834897 251.952347
-0.867526 0.018275 0.497055 -4.539067 -0.004983 0.998954 -0.045425 -7.072316 -0.497367 -0.041885 -0.866529 251.539200
-0.896223 0.017856 0.443246 -4.358873 -0.003549 0.998869 -0.047415 -7.097828 -0.443592 -0.044068 -0.895146 251.105911
-0.921045 0.016071 0.389125 -4.193884 -0.002533 0.998880 -0.047251 -7.122881 -0.389450 -0.044506 -0.919973 250.638504
-0.941649 0.018303 0.336102 -4.060857 0.002541 0.998878 -0.047275 -7.147791 -0.336591 -0.043662 -0.940639 250.146515
-0.957845 0.024827 0.286214 -3.962321 0.011777 0.998814 -0.047227 -7.167430 -0.287048 -0.041865 -0.957002 249.624588
-0.970892 0.027253 0.237963 -3.864874 0.016811 0.998809 -0.045802 -7.194600 -0.238929 -0.040468 -0.970194 249.083206
-0.981041 0.025810 0.192077 -3.776720 0.018038 0.998950 -0.042097 -7.223705 -0.192962 -0.037834 -0.980477 248.515335
-0.988220 0.023769 0.151186 -3.708076 0.018115 0.999087 -0.038663 -7.250108 -0.151968 -0.035468 -0.987749 247.920944
-0.992868 0.023680 0.116844 -3.660068 0.019580 0.999155 -0.036118 -7.272721 -0.117601 -0.033572 -0.992494 247.301682
-0.995755 0.025461 0.088453 -3.620895 0.022525 0.999166 -0.034022 -7.297116 -0.089246 -0.031885 -0.995500 246.665497
-0.997501 0.027028 0.065283 -3.591675 0.024825 0.999103 -0.034312 -7.319000 -0.066152 -0.032605 -0.997277 246.010605
-0.998548 0.027748 0.046174 -3.567417 0.026182 0.999072 -0.034177 -7.345626 -0.047081 -0.032918 -0.998349 245.339462
-0.999222 0.027413 0.028372 -3.551276 0.026453 0.999083 -0.033647 -7.367123 -0.029268 -0.032871 -0.999032 244.639130
-0.999625 0.024933 0.011369 -3.536176 0.024539 0.999135 -0.033575 -7.383912 -0.012197 -0.033283 -0.999372 243.910660
-0.999667 0.025715 -0.001962 -3.551411 0.025764 0.999138 -0.032522 -7.402433 0.001122 -0.032562 -0.999470 243.159012
-0.999502 0.029081 -0.012306 -3.571570 0.029445 0.999101 -0.030493 -7.429537 0.011407 -0.030840 -0.999460 242.397507
-0.999292 0.032168 -0.019535 -3.600391 0.032737 0.999027 -0.029536 -7.451509 0.018565 -0.030155 -0.999373 241.618179
-0.999116 0.033949 -0.024816 -3.632154 0.034674 0.998965 -0.029408 -7.472230 0.023792 -0.030242 -0.999260 240.820068
-0.999016 0.034013 -0.028469 -3.659042 0.034846 0.998962 -0.029315 -7.496356 0.027441 -0.030277 -0.999166 240.009583
-0.998941 0.034803 -0.030112 -3.690920 0.035670 0.998949 -0.028768 -7.519923 0.029079 -0.029812 -0.999133 239.178223
-0.998834 0.036756 -0.031312 -3.721788 0.037655 0.998880 -0.028635 -7.545101 0.030223 -0.029780 -0.999100 238.321823
-0.998814 0.037217 -0.031404 -3.754276 0.038124 0.998858 -0.028797 -7.570062 0.030296 -0.029959 -0.999092 237.453705
-0.998786 0.038647 -0.030564 -3.788867 0.039528 0.998803 -0.028792 -7.595048 0.029414 -0.029965 -0.999118 236.555923
-0.998791 0.039521 -0.029265 -3.814322 0.040383 0.998749 -0.029458 -7.625192 0.028063 -0.030604 -0.999138 235.650452
-0.998814 0.040273 -0.027376 -3.846227 0.041101 0.998692 -0.030392 -7.654059 0.026116 -0.031482 -0.999164 234.707809
-0.998719 0.042936 -0.026758 -3.863405 0.043768 0.998550 -0.031320 -7.691720 0.025373 -0.032452 -0.999151 233.754318
-0.998751 0.043573 -0.024449 -3.903085 0.044399 0.998422 -0.034380 -7.714784 0.022912 -0.035423 -0.999110 232.764435
-0.998714 0.045370 -0.022667 -3.931865 0.046187 0.998249 -0.036926 -7.744100 0.020952 -0.037925 -0.999061 231.767258
-0.998605 0.048458 -0.020970 -3.947523 0.049216 0.998091 -0.037296 -7.781897 0.019122 -0.038276 -0.999084 230.770905
-0.998611 0.049692 -0.017552 -3.965423 0.050322 0.998030 -0.037458 -7.818650 0.015655 -0.038288 -0.999145 229.757797
-0.998755 0.047945 -0.013750 -3.976605 0.048447 0.998069 -0.038863 -7.856476 0.011860 -0.039481 -0.999151 228.725479
-0.998852 0.046911 -0.009726 -3.986623 0.047262 0.998085 -0.039894 -7.901656 0.007835 -0.040308 -0.999157 227.691452
-0.998982 0.044746 -0.005757 -3.991327 0.044934 0.998258 -0.038228 -7.945549 0.004036 -0.038447 -0.999253 226.633408
-0.999070 0.043093 -0.001793 -3.995260 0.043129 0.998360 -0.037633 -7.992563 0.000168 -0.037675 -0.999290 225.553375
-0.999098 0.042472 0.000565 -3.990911 0.042418 0.998347 -0.038770 -8.034949 -0.002212 -0.038711 -0.999249 224.474899
-0.999050 0.043462 0.003371 -3.988684 0.043296 0.998294 -0.039166 -8.076855 -0.005068 -0.038982 -0.999228 223.383408
-0.998940 0.045555 0.006668 -3.987966 0.045271 0.998255 -0.037896 -8.128439 -0.008384 -0.037553 -0.999260 222.278503
-0.998815 0.047647 0.009972 -3.983612 0.047252 0.998211 -0.036629 -8.178660 -0.011700 -0.036115 -0.999279 221.172485
-0.998732 0.048728 0.012705 -3.972774 0.048235 0.998166 -0.036556 -8.231593 -0.014464 -0.035896 -0.999251 220.052399
-0.998676 0.049016 0.015593 -3.963833 0.048404 0.998124 -0.037471 -8.280479 -0.017401 -0.036666 -0.999177 218.919861
-0.998696 0.047648 0.018356 -3.949372 0.046927 0.998181 -0.037851 -8.322959 -0.020127 -0.036940 -0.999116 217.782654
-0.998740 0.046165 0.019709 -3.923640 0.045393 0.998249 -0.037911 -8.373425 -0.021425 -0.036968 -0.999087 216.635086
-0.998752 0.045580 0.020410 -3.900098 0.044782 0.998273 -0.037988 -8.425113 -0.022107 -0.037026 -0.999070 215.489410
-0.998713 0.045592 0.022247 -3.901245 0.044734 0.998287 -0.037687 -8.477965 -0.023928 -0.036643 -0.999043 214.320374
-0.998686 0.045768 0.023078 -3.874276 0.044870 0.998268 -0.038042 -8.529943 -0.024780 -0.036956 -0.999010 213.159515
-0.998634 0.046533 0.023815 -3.843816 0.045595 0.998219 -0.038467 -8.580104 -0.025563 -0.037329 -0.998977 211.989090
-0.998586 0.047387 0.024111 -3.811487 0.046460 0.998210 -0.037627 -8.639022 -0.025852 -0.036454 -0.999001 210.822952
-0.998647 0.046404 0.023507 -3.769925 0.045527 0.998294 -0.036547 -8.701870 -0.025163 -0.035427 -0.999056 209.662323
-0.998710 0.045184 0.023169 -3.741417 0.044332 0.998367 -0.035993 -8.753665 -0.024759 -0.034919 -0.999084 208.496704
-0.998776 0.043965 0.022714 -3.712701 0.043165 0.998468 -0.034611 -8.814903 -0.024201 -0.033588 -0.999143 207.301849
-0.998862 0.042058 0.022496 -3.694211 0.041255 0.998533 -0.035074 -8.859214 -0.023938 -0.034105 -0.999132 206.109421
-0.998941 0.040948 0.020993 -3.664818 0.040165 0.998528 -0.036435 -8.910068 -0.022455 -0.035553 -0.999116 204.910355
-0.999002 0.040126 0.019630 -3.643503 0.039369 0.998517 -0.037573 -8.963006 -0.021110 -0.036762 -0.999102 203.720184
-0.999033 0.039963 0.018335 -3.618181 0.039269 0.998551 -0.036802 -9.017995 -0.019780 -0.036046 -0.999155 202.530014
-0.999025 0.040629 0.017275 -3.607462 0.040015 0.998603 -0.034493 -9.063591 -0.018654 -0.033767 -0.999256 201.319061
-0.999012 0.041194 0.016701 -3.605289 0.040652 0.998675 -0.031554 -9.101743 -0.017980 -0.030844 -0.999363 200.094009
-0.999018 0.041464 0.015649 -3.588515 0.040983 0.998714 -0.029839 -9.147175 -0.016867 -0.029168 -0.999432 198.872879
-0.999014 0.042065 0.014178 -3.570984 0.041629 0.998690 -0.029754 -9.189727 -0.015412 -0.029134 -0.999457 197.647629
-0.999050 0.041708 0.012655 -3.556268 0.041291 0.998647 -0.031586 -9.228602 -0.013956 -0.031034 -0.999421 196.391907
-0.998995 0.043431 0.011049 -3.543613 0.043046 0.998528 -0.032987 -9.278345 -0.012466 -0.032479 -0.999395 195.157227
-0.998933 0.045315 0.008952 -3.513962 0.044981 0.998391 -0.034539 -9.318913 -0.010504 -0.034098 -0.999364 193.891495
-0.998836 0.047659 0.007566 -3.504045 0.047363 0.998253 -0.035307 -9.377671 -0.009236 -0.034908 -0.999348 192.619125
-0.998717 0.050235 0.006459 -3.500046 0.049961 0.998056 -0.037241 -9.428237 -0.008318 -0.036871 -0.999286 191.360046
-0.998632 0.051934 0.006261 -3.505921 0.051650 0.997897 -0.039140 -9.482386 -0.008280 -0.038763 -0.999215 190.103256
-0.998654 0.051525 0.006001 -3.506845 0.051238 0.997847 -0.040917 -9.542116 -0.008097 -0.040555 -0.999145 188.834946
-0.998747 0.049813 0.004779 -3.495100 0.049578 0.997948 -0.040500 -9.594832 -0.006787 -0.040213 -0.999169 187.550476
-0.998850 0.047773 0.004134 -3.490146 0.047582 0.998151 -0.037805 -9.649777 -0.005934 -0.037566 -0.999277 186.267654
-0.998979 0.045095 0.003048 -3.471862 0.044958 0.998350 -0.035707 -9.713037 -0.004654 -0.035534 -0.999358 184.958054
-0.998992 0.044834 0.002215 -3.459780 0.044718 0.998282 -0.037854 -9.767741 -0.003909 -0.037717 -0.999281 183.650116
-0.998972 0.045264 0.002872 -3.469893 0.045107 0.998133 -0.041175 -9.819144 -0.004731 -0.041003 -0.999148 182.353012
-0.998923 0.046353 0.002407 -3.457794 0.046204 0.997981 -0.043548 -9.885452 -0.004422 -0.043389 -0.999049 181.048050
-0.998888 0.047088 0.002196 -3.446316 0.046946 0.997923 -0.044103 -9.954867 -0.004269 -0.043951 -0.999025 179.743210
-0.998813 0.048621 0.002900 -3.448473 0.048459 0.997962 -0.041505 -10.019058 -0.004911 -0.041316 -0.999135 178.431427
-0.998802 0.048854 0.003027 -3.435834 0.048701 0.998069 -0.038551 -10.092249 -0.004905 -0.038358 -0.999253 177.107285
-0.998725 0.050286 0.004565 -3.450491 0.050071 0.997984 -0.038993 -10.153604 -0.006518 -0.038715 -0.999230 175.783401
-0.998715 0.050455 0.004671 -3.434694 0.050223 0.997903 -0.040832 -10.203935 -0.006722 -0.040545 -0.999156 174.449783
-0.998696 0.050804 0.005091 -3.419303 0.050549 0.997856 -0.041563 -10.274019 -0.007191 -0.041250 -0.999123 173.118271
-0.998666 0.051353 0.005445 -3.405096 0.051076 0.997786 -0.042598 -10.332623 -0.007621 -0.042263 -0.999078 171.802032
-0.998663 0.051280 0.006679 -3.402092 0.050945 0.997771 -0.043077 -10.396826 -0.008874 -0.042679 -0.999050 170.477051
-0.998700 0.050436 0.007445 -3.394275 0.050079 0.997851 -0.042260 -10.466970 -0.009561 -0.041833 -0.999079 169.155701
-0.998695 0.050238 0.009274 -3.408837 0.049804 0.997864 -0.042272 -10.526896 -0.011378 -0.041755 -0.999064 167.818024
-0.998723 0.049470 0.010205 -3.390578 0.049007 0.997937 -0.041466 -10.599700 -0.012236 -0.040913 -0.999088 166.487869
-0.998719 0.049453 0.010754 -3.366814 0.048982 0.997983 -0.040357 -10.671834 -0.012728 -0.039779 -0.999128 165.166077
-0.998694 0.049587 0.012360 -3.366390 0.049050 0.997977 -0.040432 -10.723468 -0.014340 -0.039773 -0.999106 163.832794
-0.998672 0.049747 0.013447 -3.347332 0.049167 0.997970 -0.040469 -10.793304 -0.015434 -0.039754 -0.999091 162.500671
-0.998663 0.049833 0.013770 -3.318564 0.049224 0.997927 -0.041450 -10.863782 -0.015808 -0.040716 -0.999046 161.202301
-0.998614 0.050474 0.014941 -3.302511 0.049800 0.997855 -0.042465 -10.929338 -0.017053 -0.041661 -0.998987 159.895737
-0.998622 0.050153 0.015421 -3.273781 0.049460 0.997877 -0.042349 -10.999722 -0.017513 -0.041528 -0.998985 158.593613
-0.998589 0.050663 0.015887 -3.243830 0.049955 0.997861 -0.042157 -11.075545 -0.017990 -0.041304 -0.998985 157.291260
-0.998638 0.049611 0.016157 -3.210887 0.048874 0.997872 -0.043146 -11.145778 -0.018263 -0.042298 -0.998939 155.980515
-0.998684 0.048303 0.017240 -3.186718 0.047504 0.997899 -0.044062 -11.214515 -0.019333 -0.043186 -0.998881 154.680862
-0.998678 0.048040 0.018313 -3.165062 0.047236 0.997998 -0.042044 -11.279099 -0.020297 -0.041124 -0.998948 153.388931
-0.998652 0.048108 0.019552 -3.148112 0.047368 0.998202 -0.036698 -11.339185 -0.021283 -0.035723 -0.999135 152.091644
-0.998639 0.048531 0.019108 -3.090301 0.047887 0.998313 -0.032794 -11.397336 -0.020668 -0.031835 -0.999280 150.786179
-0.998588 0.048919 0.020731 -3.081408 0.048197 0.998259 -0.033990 -11.452629 -0.022358 -0.032943 -0.999208 149.478226
-0.998559 0.049659 0.020386 -3.033596 0.048897 0.998143 -0.036318 -11.508404 -0.022152 -0.035269 -0.999133 148.168488
-0.998551 0.049442 0.021270 -3.008591 0.048620 0.998111 -0.037550 -11.561953 -0.023087 -0.036461 -0.999069 146.860016
-0.998508 0.049665 0.022719 -2.983656 0.048799 0.998115 -0.037216 -11.619227 -0.024526 -0.036051 -0.999049 145.574265
-0.998410 0.051184 0.023644 -2.952864 0.050302 0.998067 -0.036460 -11.682776 -0.025466 -0.035212 -0.999056 144.306198
-0.998319 0.052379 0.024828 -2.923115 0.051483 0.998045 -0.035429 -11.741216 -0.026636 -0.034091 -0.999064 143.037659
-0.998223 0.054020 0.025172 -2.892760 0.053118 0.997967 -0.035211 -11.806728 -0.027024 -0.033812 -0.999063 141.780334
-0.998209 0.054029 0.025688 -2.862207 0.053109 0.997967 -0.035216 -11.867379 -0.027539 -0.033789 -0.999050 140.535355
-0.998196 0.054311 0.025607 -2.833207 0.053290 0.997817 -0.038981 -11.930650 -0.027670 -0.037546 -0.998913 139.313492
-0.998264 0.053255 0.025176 -2.801739 0.052172 0.997761 -0.041846 -11.992318 -0.027348 -0.040460 -0.998808 138.102081
-0.998393 0.050976 0.024762 -2.764096 0.049909 0.997873 -0.041931 -12.062562 -0.026849 -0.040628 -0.998814 136.882538
-0.998434 0.050526 0.024016 -2.729992 0.049489 0.997891 -0.041984 -12.129531 -0.026087 -0.040730 -0.998830 135.703125
-0.998434 0.050676 0.023710 -2.713005 0.049611 0.997819 -0.043516 -12.181122 -0.025864 -0.042271 -0.998771 134.516266
-0.998498 0.049949 0.022524 -2.679179 0.048934 0.997852 -0.043540 -12.255336 -0.024650 -0.042372 -0.998798 133.363297
-0.998478 0.050397 0.022433 -2.657925 0.049387 0.997831 -0.043512 -12.324912 -0.024577 -0.042338 -0.998802 132.224899
-0.998530 0.049532 0.022055 -2.640587 0.048544 0.997884 -0.043242 -12.391959 -0.024151 -0.042108 -0.998822 131.101044
-0.998585 0.048801 0.021131 -2.615886 0.047856 0.997923 -0.043117 -12.464230 -0.023192 -0.042044 -0.998847 130.010162
-0.998663 0.047643 0.020064 -2.595254 0.046712 0.997914 -0.044562 -12.520036 -0.022146 -0.043565 -0.998806 128.927383
-0.998657 0.048071 0.019313 -2.571972 0.047155 0.997858 -0.045331 -12.586728 -0.021451 -0.044360 -0.998786 127.864990
-0.998674 0.047744 0.019252 -2.554286 0.046834 0.997879 -0.045210 -12.654524 -0.021370 -0.044248 -0.998793 126.827583
-0.998677 0.048330 0.017628 -2.524517 0.047480 0.997822 -0.045781 -12.718963 -0.019803 -0.044884 -0.998796 125.810883
-0.998633 0.049724 0.016170 -2.502338 0.048945 0.997770 -0.045371 -12.785123 -0.018391 -0.044517 -0.998839 124.799805
-0.998608 0.050402 0.015558 -2.495075 0.049666 0.997773 -0.044508 -12.848636 -0.017767 -0.043674 -0.998889 123.803009
-0.998643 0.049966 0.014760 -2.482975 0.049265 0.997792 -0.044527 -12.900335 -0.016954 -0.043739 -0.998900 122.831024
-0.998682 0.049549 0.013448 -2.472430 0.048911 0.997826 -0.044162 -12.949718 -0.015607 -0.043446 -0.998934 121.875504
-0.998764 0.048030 0.012826 -2.469506 0.047421 0.997898 -0.044168 -12.994212 -0.014922 -0.043505 -0.998942 120.950142
-0.998822 0.047239 0.011171 -2.453016 0.046719 0.997984 -0.042954 -13.053516 -0.013178 -0.042381 -0.999015 120.071892
-0.998837 0.047121 0.010325 -2.443538 0.046649 0.998029 -0.041951 -13.099782 -0.012282 -0.041420 -0.999067 119.216560
-0.998854 0.047040 0.008935 -2.425233 0.046641 0.998088 -0.040559 -13.148313 -0.010826 -0.040095 -0.999137 118.379547
-0.998783 0.048658 0.008039 -2.412935 0.048302 0.998045 -0.039668 -13.192206 -0.009954 -0.039231 -0.999181 117.576439
-0.998674 0.050620 0.009485 -2.409568 0.050225 0.998016 -0.037962 -13.245350 -0.011389 -0.037434 -0.999235 116.804657
-0.998433 0.054386 0.013247 -2.402183 0.053853 0.997835 -0.037743 -13.290309 -0.015272 -0.036970 -0.999200 116.050880
-0.998100 0.057945 0.020956 -2.391097 0.057105 0.997618 -0.038677 -13.329365 -0.023148 -0.037408 -0.999032 115.316910
-0.997485 0.062123 0.034118 -2.374613 0.060782 0.997387 -0.039026 -13.367080 -0.036455 -0.036854 -0.998656 114.609802
-0.996662 0.063988 0.050719 -2.331278 0.062021 0.997294 -0.039439 -13.405086 -0.053106 -0.036162 -0.997934 113.929535
-0.995257 0.065720 0.071732 -2.282805 0.063021 0.997239 -0.039258 -13.444811 -0.074115 -0.034552 -0.996651 113.252121
-0.993010 0.066739 0.097349 -2.210895 0.063054 0.997189 -0.040454 -13.485078 -0.099777 -0.034033 -0.994428 112.606918
-0.989363 0.069060 0.128030 -2.128303 0.064129 0.997047 -0.042246 -13.523646 -0.130569 -0.033585 -0.990871 111.979202
-0.984403 0.068534 0.162031 -2.015762 0.062197 0.997099 -0.043863 -13.561887 -0.164568 -0.033101 -0.985810 111.376236
-0.977721 0.066205 0.199195 -1.875273 0.058058 0.997230 -0.046470 -13.595660 -0.201721 -0.033870 -0.978858 110.790131
-0.969199 0.061475 0.238483 -1.717552 0.051421 0.997514 -0.048160 -13.632243 -0.240852 -0.034414 -0.969952 110.234779
-0.958669 0.055697 0.279022 -1.534104 0.043767 0.997848 -0.048806 -13.672037 -0.281140 -0.034576 -0.959044 109.697411
-0.945480 0.050844 0.321690 -1.328189 0.037022 0.998114 -0.048942 -13.707421 -0.323573 -0.034364 -0.945580 109.175713
-0.929437 0.043521 0.366405 -1.094253 0.027513 0.998429 -0.048798 -13.736744 -0.367954 -0.035274 -0.929175 108.666130
-0.910690 0.033541 0.411728 -0.827269 0.015382 0.998760 -0.047340 -13.768247 -0.412805 -0.036778 -0.910077 108.181419
-0.888025 0.024442 0.459145 -0.547667 0.004307 0.998984 -0.044850 -13.794438 -0.459776 -0.037850 -0.887229 107.711868
-0.861724 0.016177 0.507121 -0.243929 -0.006128 0.999087 -0.042282 -13.816052 -0.507342 -0.039543 -0.860838 107.261650
-0.833247 0.009276 0.552824 0.090874 -0.014108 0.999177 -0.038030 -13.841962 -0.552723 -0.039488 -0.832429 106.840111
-0.801216 0.001729 0.598374 0.434817 -0.022604 0.999194 -0.033153 -13.867029 -0.597950 -0.040089 -0.800531 106.438301
-0.764531 -0.002590 0.644583 0.796187 -0.027892 0.999187 -0.029067 -13.883475 -0.643985 -0.040201 -0.763981 106.039230
-0.724749 -0.004606 0.688999 1.181785 -0.030615 0.999205 -0.025523 -13.902064 -0.688334 -0.039591 -0.724313 105.683083
-0.681382 -0.003796 0.731919 1.580855 -0.031061 0.999235 -0.023733 -13.912021 -0.731270 -0.038905 -0.680979 105.339272
-0.635439 -0.003342 0.772144 1.989888 -0.032315 0.999229 -0.022268 -13.939387 -0.771475 -0.039102 -0.635057 105.026596
-0.587639 -0.003693 0.809115 2.433514 -0.034835 0.999177 -0.020739 -13.963964 -0.808373 -0.040372 -0.587284 104.738129
-0.538062 -0.006380 0.842882 2.889388 -0.037187 0.999177 -0.016176 -13.979707 -0.842086 -0.040048 -0.537856 104.491158
-0.486609 -0.008878 0.873576 3.358508 -0.040881 0.999084 -0.012619 -13.991705 -0.872664 -0.041854 -0.486525 104.276245
-0.433930 -0.010806 0.900881 3.839680 -0.046529 0.998862 -0.010430 -14.001620 -0.899745 -0.046443 -0.433939 104.089737
-0.381623 -0.011337 0.924248 4.324622 -0.048188 0.998808 -0.007645 -14.013775 -0.923061 -0.047455 -0.381715 103.934219
-0.330669 -0.009676 0.943698 4.815882 -0.048133 0.998818 -0.006624 -14.028290 -0.942520 -0.047613 -0.330744 103.796257
-0.282438 -0.006272 0.959266 5.316200 -0.048456 0.998795 -0.007736 -14.033485 -0.958062 -0.048667 -0.282400 103.680321
-0.237642 -0.006737 0.971330 5.827529 -0.056545 0.998376 -0.006910 -14.028409 -0.969706 -0.056566 -0.237637 103.593330
-0.198023 -0.008254 0.980163 6.344590 -0.059544 0.998219 -0.003623 -14.026107 -0.978387 -0.059081 -0.198162 103.523666
-0.162560 -0.008460 0.986662 6.858390 -0.062446 0.998046 -0.001731 -14.036150 -0.984721 -0.061895 -0.162770 103.463310
-0.134518 -0.005785 0.990895 7.398438 -0.060081 0.998190 -0.002328 -14.044803 -0.989089 -0.059847 -0.134622 103.415268
-0.110497 -0.003525 0.993871 7.937068 -0.059319 0.998233 -0.003053 -14.059677 -0.992105 -0.059293 -0.110510 103.371399
-0.091019 0.001819 0.995848 8.467265 -0.060996 0.998110 -0.007398 -14.064586 -0.993979 -0.061416 -0.090736 103.334602
-0.075701 0.008946 0.997091 9.007747 -0.062104 0.997975 -0.013668 -14.056805 -0.995195 -0.062957 -0.074991 103.301224
-0.064112 0.010652 0.997887 9.552771 -0.059564 0.998119 -0.014481 -14.062849 -0.996164 -0.060367 -0.063356 103.267456
-0.055208 0.007441 0.998448 10.127855 -0.056001 0.998375 -0.010537 -14.076502 -0.996904 -0.056496 -0.054700 103.238068
-0.048414 0.003233 0.998822 10.712210 -0.055274 0.998453 -0.005911 -14.089005 -0.997298 -0.055495 -0.048160 103.219223
-0.043596 0.000602 0.999050 11.319706 -0.055305 0.998464 -0.003014 -14.097282 -0.997518 -0.055384 -0.043495 103.194542
-0.042158 0.000292 0.999112 11.921207 -0.055068 0.998479 -0.002616 -14.106874 -0.997592 -0.055130 -0.042077 103.176384
-0.041207 0.000486 0.999151 12.535245 -0.052240 0.998631 -0.002639 -14.118187 -0.997784 -0.052303 -0.041124 103.143555
-0.040372 0.001331 0.999184 13.166797 -0.048794 0.998803 -0.003301 -14.123219 -0.997993 -0.048888 -0.040259 103.115738
-0.040379 0.002694 0.999182 13.804254 -0.045040 0.998974 -0.004513 -14.128243 -0.998170 -0.045186 -0.040215 103.087830
-0.040850 0.003363 0.999160 14.459583 -0.041974 0.999105 -0.005079 -14.132890 -0.998284 -0.042146 -0.040672 103.059357
-0.041083 0.003256 0.999151 15.129622 -0.040661 0.999160 -0.004927 -14.142161 -0.998328 -0.040829 -0.040916 103.033958
-0.040455 0.002918 0.999177 15.823878 -0.038510 0.999248 -0.004477 -14.147224 -0.998439 -0.038659 -0.040312 102.993713
-0.040362 0.002530 0.999183 16.523478 -0.034907 0.999382 -0.003939 -14.161733 -0.998576 -0.035036 -0.040249 102.969193
-0.039234 0.002787 0.999227 17.246599 -0.029332 0.999561 -0.003939 -14.165769 -0.998800 -0.029464 -0.039135 102.931358
-0.036223 0.003647 0.999338 17.996696 -0.024947 0.999678 -0.004552 -14.166298 -0.999033 -0.025095 -0.036120 102.889038
-0.031793 0.003984 0.999487 18.746899 -0.021854 0.999750 -0.004680 -14.171152 -0.999256 -0.021991 -0.031697 102.861115
-0.025089 0.004342 0.999676 19.517799 -0.018368 0.999819 -0.004803 -14.174634 -0.999517 -0.018483 -0.025003 102.833061
-0.016500 0.004453 0.999854 20.307396 -0.015469 0.999869 -0.004707 -14.175409 -0.999745 -0.015544 -0.016428 102.810425
-0.006699 0.003084 0.999974 21.108648 -0.012188 0.999921 -0.003166 -14.179261 -0.999904 -0.012209 -0.006661 102.797302
0.003001 0.001696 0.999995 21.930696 -0.010582 0.999942 -0.001663 -14.185504 -0.999940 -0.010577 0.003019 102.811165
0.015398 -0.000369 0.999882 22.781454 -0.012282 0.999924 0.000558 -14.183020 -0.999807 -0.012289 0.015393 102.803848
0.026268 0.000034 0.999655 23.640461 -0.013005 0.999914 0.000308 -14.175057 -0.999570 -0.013008 0.026267 102.829903
0.037537 0.001537 0.999295 24.502506 -0.015232 0.999883 -0.000965 -14.180673 -0.999179 -0.015184 0.037556 102.864731
0.047283 0.006545 0.998861 25.379932 -0.018860 0.999806 -0.005658 -14.182348 -0.998704 -0.018570 0.047399 102.932701
0.057033 0.010757 0.998315 26.264511 -0.021746 0.999717 -0.009529 -14.187593 -0.998136 -0.021166 0.057251 102.979721
0.063806 0.012664 0.997882 27.162996 -0.028346 0.999538 -0.010873 -14.187184 -0.997560 -0.027592 0.064137 103.055626
0.066635 0.010507 0.997723 28.061571 -0.033730 0.999396 -0.008272 -14.205954 -0.997207 -0.033102 0.066950 103.134315
0.067569 0.008813 0.997676 28.957335 -0.038740 0.999230 -0.006202 -14.219485 -0.996963 -0.038231 0.067859 103.201950
0.064897 0.008263 0.997859 29.850267 -0.043067 0.999057 -0.005473 -14.228299 -0.996962 -0.042619 0.065191 103.276085
0.060967 0.007844 0.998110 30.743710 -0.047183 0.998874 -0.004967 -14.235127 -0.997025 -0.046791 0.061269 103.340332
0.054528 0.008354 0.998478 31.624660 -0.050393 0.998714 -0.005604 -14.252646 -0.997241 -0.050011 0.054879 103.400620
0.046569 0.009360 0.998871 32.480335 -0.053612 0.998538 -0.006858 -14.269630 -0.997476 -0.053232 0.047004 103.443031
0.037138 0.009683 0.999264 33.350044 -0.056231 0.998388 -0.007584 -14.288772 -0.997727 -0.055907 0.037623 103.470810
0.026233 0.008310 0.999622 34.223652 -0.057221 0.998338 -0.006797 -14.301259 -0.998017 -0.057022 0.026665 103.497200
0.014816 0.005687 0.999875 35.085167 -0.057882 0.998312 -0.004821 -14.320768 -0.998214 -0.057803 0.015121 103.509415
0.002326 0.003789 0.999990 35.956013 -0.058159 0.998300 -0.003648 -14.335578 -0.998305 -0.058150 0.002542 103.521240
-0.009637 0.005599 0.999939 36.834690 -0.055950 0.998415 -0.006128 -14.340464 -0.998387 -0.056006 -0.009308 103.520180
-0.020848 0.006993 0.999758 37.702221 -0.053917 0.998512 -0.008108 -14.357352 -0.998328 -0.054072 -0.020440 103.491806
-0.032822 0.007992 0.999430 38.560490 -0.052381 0.998580 -0.009706 -14.374784 -0.998088 -0.052670 -0.032357 103.460670
-0.044889 0.007030 0.998968 39.421322 -0.050690 0.998670 -0.009306 -14.396214 -0.997705 -0.051056 -0.044472 103.421547
-0.056200 0.005950 0.998402 40.267281 -0.049752 0.998723 -0.008753 -14.417186 -0.997179 -0.050165 -0.055832 103.372078
-0.066136 0.006095 0.997793 41.123825 -0.047669 0.998820 -0.009261 -14.438555 -0.996672 -0.048175 -0.065766 103.308411
-0.075511 0.005650 0.997129 41.976219 -0.045623 0.998917 -0.009114 -14.474681 -0.996101 -0.046180 -0.075170 103.277824
-0.081244 0.007474 0.996667 42.837128 -0.043907 0.998973 -0.011070 -14.491111 -0.995727 -0.044660 -0.080832 103.211853
-0.085164 0.010319 0.996314 43.694897 -0.043402 0.998958 -0.014057 -14.511304 -0.995422 -0.044439 -0.084627 103.141090
-0.086623 0.013132 0.996155 44.550831 -0.042253 0.998964 -0.016843 -14.528200 -0.995346 -0.043549 -0.085978 103.052017
-0.087487 0.014518 0.996060 45.425182 -0.041484 0.998973 -0.018204 -14.555903 -0.995302 -0.042914 -0.086795 102.977806
-0.087346 0.014995 0.996066 46.312283 -0.040465 0.999008 -0.018587 -14.577614 -0.995356 -0.041929 -0.086652 102.917191
-0.084835 0.013962 0.996297 47.197777 -0.040806 0.999014 -0.017475 -14.606948 -0.995559 -0.042138 -0.084181 102.843140
-0.083026 0.011551 0.996480 48.095200 -0.041132 0.999040 -0.015008 -14.632495 -0.995698 -0.042233 -0.082470 102.784088
-0.081412 0.009602 0.996634 49.008839 -0.040607 0.999091 -0.012943 -14.644649 -0.995853 -0.041524 -0.080947 102.729218
-0.079196 0.007957 0.996828 49.936485 -0.040473 0.999118 -0.011190 -14.662529 -0.996038 -0.041231 -0.078803 102.665070
-0.077983 0.006221 0.996936 50.846340 -0.042301 0.999059 -0.009543 -14.680664 -0.996057 -0.042915 -0.077645 102.606071
-0.077598 0.006263 0.996965 51.762951 -0.044932 0.998941 -0.009773 -14.695245 -0.995972 -0.045554 -0.077233 102.543259
-0.079072 0.007699 0.996839 52.693016 -0.048054 0.998778 -0.011526 -14.695230 -0.995710 -0.048813 -0.078605 102.474144
-0.082663 0.009037 0.996537 53.648369 -0.052355 0.998538 -0.013398 -14.693037 -0.995202 -0.053281 -0.082068 102.398430
-0.089149 0.009325 0.995975 54.569687 -0.057542 0.998238 -0.014496 -14.712096 -0.994356 -0.058602 -0.088454 102.331566
-0.099005 0.009428 0.995042 55.468616 -0.062651 0.997911 -0.015689 -14.739248 -0.993113 -0.063894 -0.098208 102.255264
-0.112486 0.011946 0.993582 56.352390 -0.066113 0.997621 -0.019480 -14.768250 -0.991452 -0.067880 -0.111429 102.166054
-0.128247 0.015322 0.991625 57.230556 -0.070929 0.997178 -0.024581 -14.803330 -0.989203 -0.073487 -0.126797 102.053139
-0.145020 0.015152 0.989313 58.108177 -0.071602 0.997100 -0.025767 -14.852904 -0.986835 -0.074573 -0.143514 101.909119
-0.164303 0.012383 0.986333 58.987785 -0.069331 0.997303 -0.024069 -14.887216 -0.983971 -0.072338 -0.163001 101.754799
-0.184950 0.008000 0.982715 59.893303 -0.065884 0.997616 -0.020521 -14.914230 -0.980538 -0.068540 -0.183982 101.583214
-0.205416 0.006710 0.978652 60.748112 -0.064399 0.997716 -0.020357 -14.952908 -0.976554 -0.067207 -0.204515 101.389908
-0.226127 0.007421 0.974070 61.597885 -0.059934 0.997970 -0.021517 -14.991355 -0.972253 -0.063246 -0.225222 101.178925
-0.247095 0.010731 0.968932 62.457912 -0.053767 0.998246 -0.024768 -15.015164 -0.967499 -0.058217 -0.246084 100.961182
-0.266718 0.010856 0.963714 63.321461 -0.049421 0.998466 -0.024926 -15.038368 -0.962508 -0.054276 -0.265772 100.715271
-0.286035 0.010965 0.958157 64.178047 -0.044592 0.998698 -0.024741 -15.070680 -0.957182 -0.049803 -0.285173 100.465019
-0.302152 0.013145 0.953170 65.021858 -0.039908 0.998853 -0.026426 -15.104911 -0.952425 -0.046023 -0.301280 100.190948
-0.317350 0.013933 0.948206 65.863556 -0.038940 0.998857 -0.027710 -15.145088 -0.947510 -0.045716 -0.316444 99.919022
-0.329511 0.011880 0.944078 66.707359 -0.035757 0.999046 -0.025051 -15.174397 -0.943476 -0.042012 -0.328771 99.613258
-0.338912 0.003189 0.940813 67.559456 -0.033412 0.999322 -0.015423 -15.198116 -0.940226 -0.036662 -0.338576 99.290962
-0.347226 -0.007147 0.937754 68.400040 -0.034969 0.999374 -0.005331 -15.220442 -0.937130 -0.034643 -0.347257 98.990112
-0.352270 -0.010226 0.935843 69.248772 -0.034210 0.999412 -0.001956 -15.238708 -0.935274 -0.032703 -0.352412 98.679649
-0.353163 -0.003694 0.935555 70.094208 -0.031597 0.999469 -0.007981 -15.253900 -0.935029 -0.032379 -0.353091 98.365097
-0.353170 0.007614 0.935528 70.914261 -0.029211 0.999390 -0.019160 -15.290715 -0.935103 -0.034094 -0.352732 98.053207
-0.352548 0.016407 0.935650 71.754272 -0.028224 0.999205 -0.028156 -15.319608 -0.935368 -0.036334 -0.351805 97.739738
-0.351919 0.025184 0.935692 72.592674 -0.027246 0.998938 -0.037133 -15.356500 -0.935635 -0.038561 -0.350859 97.427742
-0.352775 0.022524 0.935438 73.465813 -0.028374 0.998993 -0.034754 -15.387282 -0.935278 -0.038802 -0.351781 97.112206
-0.355286 0.018639 0.934572 74.357529 -0.027161 0.999173 -0.030253 -15.408408 -0.934364 -0.036132 -0.354485 96.792633
-0.360704 0.015488 0.932552 75.245071 -0.025224 0.999334 -0.026354 -15.431947 -0.932339 -0.033028 -0.360073 96.469894
-0.367379 0.013077 0.929980 76.123146 -0.025246 0.999392 -0.024026 -15.465388 -0.929730 -0.032305 -0.366826 96.134201
-0.376322 0.014487 0.926376 77.023178 -0.025562 0.999334 -0.026012 -15.489552 -0.926137 -0.033468 -0.375701 95.790344
-0.387529 0.017401 0.921694 77.915718 -0.026033 0.999216 -0.029810 -15.536098 -0.921490 -0.035546 -0.386771 95.429054
-0.400688 0.019969 0.915997 78.755028 -0.023486 0.999209 -0.032056 -15.566815 -0.915914 -0.034359 -0.399903 95.046265
-0.414721 0.022303 0.909675 79.632301 -0.022033 0.999160 -0.034542 -15.601018 -0.909682 -0.034368 -0.413882 94.643608
-0.428855 0.026558 0.902983 80.501045 -0.022153 0.998957 -0.039901 -15.650014 -0.903102 -0.037117 -0.427819 94.243462
-0.441363 0.036029 0.896606 81.356857 -0.018953 0.998596 -0.049456 -15.703805 -0.897129 -0.038822 -0.440060 93.834343
-0.451688 0.040326 0.891265 82.217445 -0.016307 0.998437 -0.053440 -15.754603 -0.892027 -0.038672 -0.450324 93.397614
-0.459664 0.037148 0.887316 83.099297 -0.016770 0.998583 -0.050494 -15.820409 -0.887935 -0.038090 -0.458389 92.951416
-0.464234 0.031732 0.885145 83.982414 -0.016021 0.998894 -0.044211 -15.878566 -0.885568 -0.034705 -0.463212 92.491508
-0.466780 0.030370 0.883852 84.857628 -0.015454 0.998977 -0.042487 -15.932590 -0.884239 -0.033490 -0.465833 92.034370
-0.467489 0.030179 0.883483 85.737144 -0.013001 0.999074 -0.041007 -15.989156 -0.883904 -0.030657 -0.466663 91.560539
-0.468210 0.031254 0.883064 86.621681 -0.012028 0.999056 -0.041737 -16.037792 -0.883536 -0.030162 -0.467393 91.097107
-0.469260 0.029149 0.882580 87.504211 -0.012991 0.999119 -0.039905 -16.092234 -0.882965 -0.030191 -0.468467 90.635857
-0.469990 0.028926 0.882198 88.390533 -0.014534 0.999074 -0.040500 -16.146341 -0.882553 -0.031856 -0.469133 90.170105
-0.471268 0.026720 0.881586 89.270950 -0.017267 0.999069 -0.039511 -16.198620 -0.881821 -0.033842 -0.470368 89.711502
-0.473858 0.025457 0.880233 90.152138 -0.021179 0.998963 -0.040292 -16.248697 -0.880347 -0.037736 -0.472827 89.258629
-0.478220 0.023253 0.877933 91.031044 -0.024937 0.998886 -0.040039 -16.302002 -0.877887 -0.041040 -0.477107 88.795273
-0.485440 0.021300 0.874011 91.908249 -0.029202 0.998750 -0.040558 -16.357199 -0.873783 -0.045212 -0.484211 88.330681
-0.494550 0.015745 0.869007 92.785446 -0.035348 0.998644 -0.038210 -16.405716 -0.868431 -0.049614 -0.493322 87.859291
-0.504857 0.013393 0.863099 93.638863 -0.036174 0.998672 -0.036656 -16.454378 -0.862445 -0.049727 -0.503702 87.376793
-0.516905 0.011107 0.855971 94.480194 -0.035926 0.998753 -0.034653 -16.504692 -0.855289 -0.048665 -0.515862 86.893044
-0.528319 0.010523 0.848981 95.297722 -0.037534 0.998656 -0.035736 -16.552618 -0.848217 -0.050745 -0.527213 86.386993
-0.540163 0.009126 0.841512 96.112801 -0.037388 0.998693 -0.034830 -16.599195 -0.840731 -0.050276 -0.539114 85.867271
-0.552720 0.010476 0.833301 96.927376 -0.036135 0.998679 -0.036523 -16.630398 -0.832584 -0.050298 -0.551611 85.337433
-0.565824 0.011585 0.824445 97.719368 -0.035458 0.998634 -0.038367 -16.679152 -0.823764 -0.050943 -0.564641 84.801697
-0.579019 0.014310 0.815189 98.501434 -0.034934 0.998491 -0.042340 -16.722424 -0.814566 -0.052994 -0.577646 84.261734
-0.592246 0.015150 0.805616 99.283485 -0.034523 0.998427 -0.044155 -16.767525 -0.805018 -0.053964 -0.590792 83.710190
-0.604089 0.013930 0.796795 100.046074 -0.034137 0.998476 -0.043337 -16.829224 -0.796186 -0.053379 -0.602694 83.135628
-0.615939 0.012432 0.787696 100.803429 -0.033089 0.998584 -0.041634 -16.885885 -0.787099 -0.051708 -0.614656 82.551064
-0.627380 0.013250 0.778602 101.540810 -0.030692 0.998657 -0.041725 -16.940277 -0.778109 -0.050074 -0.626131 81.960167
-0.637159 0.014584 0.770595 102.269432 -0.028335 0.998702 -0.042329 -16.994728 -0.770212 -0.048804 -0.635918 81.358498
-0.645041 0.016222 0.763976 102.973167 -0.025115 0.998784 -0.042412 -17.051744 -0.763736 -0.046545 -0.643849 80.765503
-0.650994 0.019389 0.758836 103.664307 -0.019526 0.998915 -0.042274 -17.103504 -0.758833 -0.042337 -0.649908 80.168907
-0.655137 0.021624 0.755202 104.357208 -0.015540 0.998992 -0.042086 -17.148979 -0.755352 -0.039308 -0.654140 79.569176
-0.657787 0.023892 0.752825 105.051414 -0.012600 0.999007 -0.042713 -17.194174 -0.753100 -0.037581 -0.656833 78.968719
-0.658513 0.024781 0.752162 105.728691 -0.010286 0.999068 -0.041920 -17.255867 -0.752500 -0.035342 -0.657644 78.373535
-0.657927 0.027287 0.752588 106.394257 -0.006330 0.999107 -0.041760 -17.307724 -0.753056 -0.032238 -0.657167 77.794853
-0.655061 0.027807 0.755066 107.033661 -0.004922 0.999143 -0.041066 -17.363424 -0.755562 -0.030616 -0.654362 77.232147
-0.651684 0.028433 0.757958 107.683617 -0.003796 0.999162 -0.040746 -17.407074 -0.758482 -0.029431 -0.651030 76.677666
-0.646872 0.029903 0.762012 108.306381 -0.001544 0.999177 -0.040521 -17.454885 -0.762598 -0.027388 -0.646293 76.147224
-0.641092 0.030738 0.766849 108.927261 -0.000340 0.999186 -0.040334 -17.499374 -0.767465 -0.026118 -0.640559 75.617516
-0.636042 0.030348 0.771058 109.531349 -0.000444 0.999211 -0.039695 -17.545515 -0.771656 -0.025590 -0.635526 75.129417
-0.630976 0.029335 0.775248 110.112114 -0.001511 0.999236 -0.039040 -17.590597 -0.775801 -0.025805 -0.630450 74.660896
-0.626378 0.028579 0.778996 110.679703 -0.002044 0.999263 -0.038304 -17.631895 -0.779518 -0.025585 -0.625857 74.208542
-0.623173 0.027930 0.781586 111.236404 -0.002389 0.999289 -0.037615 -17.672689 -0.782082 -0.025308 -0.622663 73.775154
-0.621520 0.028904 0.782866 111.784172 -0.003243 0.999215 -0.039465 -17.717022 -0.783393 -0.027067 -0.620939 73.360916
-0.621224 0.031609 0.782996 112.319450 -0.003510 0.999063 -0.043115 -17.757156 -0.783627 -0.029532 -0.620531 72.941124
-0.622845 0.036909 0.781474 112.852112 -0.001667 0.998821 -0.048502 -17.799257 -0.782344 -0.031512 -0.622049 72.520149
-0.625422 0.042133 0.779149 113.387688 0.000364 0.998556 -0.053705 -17.839651 -0.780288 -0.033305 -0.624534 72.091301
-0.628763 0.043258 0.776394 113.919579 0.002257 0.998548 -0.053807 -17.879297 -0.777595 -0.032079 -0.627948 71.658020
-0.632941 0.039388 0.773198 114.451958 0.002435 0.998801 -0.048888 -17.910570 -0.774197 -0.029060 -0.632278 71.223351
-0.636889 0.031007 0.770332 114.982811 0.000830 0.999218 -0.039535 -17.948896 -0.770956 -0.024539 -0.636416 70.789078
-0.641725 0.024418 0.766548 115.509056 -0.000737 0.999472 -0.032454 -17.990545 -0.766936 -0.021391 -0.641368 70.355164
-0.646914 0.023028 0.762215 116.025253 -0.003641 0.999439 -0.033285 -18.027212 -0.762555 -0.024307 -0.646467 69.928413
-0.650363 0.026179 0.759172 116.532120 -0.005193 0.999229 -0.038905 -18.055693 -0.759606 -0.029245 -0.649725 69.493324
-0.653181 0.029628 0.756623 117.043274 -0.006322 0.998985 -0.044576 -18.087336 -0.757176 -0.033899 -0.652331 69.054848
-0.655568 0.029769 0.754550 117.562965 -0.009123 0.998837 -0.047332 -18.121229 -0.755082 -0.037913 -0.654534 68.614494
-0.657948 0.029271 0.752494 118.091919 -0.010911 0.998769 -0.048390 -18.156813 -0.752985 -0.040048 -0.656818 68.171745
-0.659632 0.028596 0.751045 118.626625 -0.012258 0.998733 -0.048794 -18.202072 -0.751490 -0.041393 -0.658445 67.713844
-0.661313 0.028899 0.749555 119.165909 -0.013063 0.998662 -0.050029 -18.235228 -0.749997 -0.042876 -0.660050 67.261200
-0.660996 0.028377 0.749853 119.698830 -0.012475 0.998731 -0.048792 -18.278368 -0.750287 -0.041605 -0.659802 66.795837
-0.660865 0.025276 0.750080 120.245949 -0.010138 0.999040 -0.042598 -18.322062 -0.750437 -0.035756 -0.659974 66.326653
-0.657742 0.018075 0.753027 120.804420 -0.011548 0.999352 -0.034074 -18.361437 -0.753156 -0.031107 -0.657107 65.851280
-0.654598 0.010852 0.755900 121.365067 -0.012923 0.999590 -0.025542 -18.394541 -0.755867 -0.026487 -0.654189 65.378014
-0.648243 0.010518 0.761362 121.942642 -0.013860 0.999576 -0.025609 -18.425135 -0.761309 -0.027153 -0.647821 64.896965
-0.641441 0.010730 0.767097 122.529335 -0.017697 0.999429 -0.028778 -18.449362 -0.766969 -0.032034 -0.640885 64.423363
-0.634822 0.008196 0.772615 123.132103 -0.021388 0.999373 -0.028175 -18.469471 -0.772363 -0.034411 -0.634250 63.939785
-0.628547 0.003188 0.777766 123.748611 -0.028586 0.999221 -0.027197 -18.496984 -0.777246 -0.039328 -0.627966 63.462727
-0.623981 -0.000087 0.781440 124.375504 -0.034236 0.999042 -0.027227 -18.527248 -0.780690 -0.043743 -0.623386 62.990414
-0.621130 -0.001592 0.783707 125.015236 -0.045350 0.998395 -0.033913 -18.547642 -0.782395 -0.056605 -0.620205 62.519958
-0.619836 -0.000157 0.784733 125.665039 -0.053804 0.997655 -0.042300 -18.574249 -0.782886 -0.068441 -0.618390 62.051247
-0.618269 -0.003038 0.785961 126.326195 -0.063074 0.996958 -0.045764 -18.609547 -0.783433 -0.077869 -0.616580 61.572254
-0.616671 -0.005905 0.787199 126.989586 -0.072362 0.996162 -0.049214 -18.647434 -0.783889 -0.087312 -0.614732 61.093857
-0.613965 -0.007350 0.789299 127.665123 -0.071326 0.996382 -0.046204 -18.684647 -0.786105 -0.084665 -0.612268 60.550980
-0.613017 -0.011210 0.789991 128.348770 -0.073597 0.996362 -0.042970 -18.734831 -0.786635 -0.084482 -0.611612 60.033291
-0.612086 -0.011032 0.790715 129.016357 -0.071485 0.996581 -0.041432 -18.779863 -0.787555 -0.081884 -0.610781 59.512165
-0.612718 -0.006624 0.790274 129.727859 -0.067168 0.996783 -0.043722 -18.816442 -0.787443 -0.079871 -0.611190 58.978050
-0.614824 -0.003116 0.788659 130.432663 -0.064559 0.996834 -0.046392 -18.858953 -0.786018 -0.079438 -0.613078 58.439259
-0.616852 -0.004828 0.787064 131.161926 -0.065621 0.996814 -0.045315 -18.901979 -0.784340 -0.079601 -0.615204 57.891418
-0.618092 -0.005977 0.786084 131.889023 -0.063736 0.997059 -0.042535 -18.945621 -0.783519 -0.076392 -0.616655 57.329559
-0.619898 -0.007548 0.784648 132.630219 -0.062010 0.997297 -0.039396 -18.990034 -0.782230 -0.073077 -0.618690 56.761456
-0.621415 -0.009080 0.783429 133.377258 -0.065533 0.997031 -0.040424 -19.023413 -0.780736 -0.076461 -0.620165 56.194202
-0.623704 -0.010939 0.781584 134.151505 -0.070087 0.996657 -0.041980 -19.054296 -0.778513 -0.080962 -0.622385 55.617783
-0.624127 -0.010102 0.781258 134.892395 -0.069319 0.996689 -0.042490 -19.104155 -0.778242 -0.080675 -0.622761 55.010101
-0.625758 -0.011188 0.779937 135.662674 -0.067897 0.996883 -0.040176 -19.147640 -0.777057 -0.078096 -0.624567 54.396858
-0.627357 -0.018675 0.778509 136.430649 -0.071977 0.996823 -0.034091 -19.187538 -0.775400 -0.077422 -0.626708 53.799103
-0.628547 -0.024757 0.777378 137.184143 -0.072536 0.997003 -0.026896 -19.229334 -0.774382 -0.073293 -0.628459 53.198315
-0.629104 -0.028720 0.776792 137.936615 -0.075009 0.996896 -0.023890 -19.264191 -0.773695 -0.073295 -0.629305 52.595795
-0.629579 -0.027794 0.776440 138.704239 -0.078319 0.996539 -0.027832 -19.303249 -0.772979 -0.078333 -0.629577 51.991062
-0.629523 -0.026210 0.776540 139.465210 -0.082452 0.996041 -0.033222 -19.342834 -0.772596 -0.084941 -0.629192 51.392284
-0.628100 -0.025539 0.777715 140.222946 -0.087498 0.995441 -0.037976 -19.381420 -0.773199 -0.091901 -0.627470 50.791199
-0.625718 -0.026141 0.779611 140.974518 -0.086842 0.995560 -0.036318 -19.424824 -0.775201 -0.090428 -0.625210 50.184086
-0.623444 -0.024672 0.781479 141.733337 -0.082898 0.995954 -0.034690 -19.476894 -0.777462 -0.086410 -0.622967 49.578762
-0.621649 -0.018153 0.783086 142.488724 -0.072969 0.996725 -0.034822 -19.522705 -0.779891 -0.078788 -0.620938 48.979229
-0.617777 -0.014725 0.786216 143.248215 -0.070559 0.996829 -0.036772 -19.565762 -0.783182 -0.078191 -0.616857 48.387375
-0.613754 -0.009058 0.789446 144.003342 -0.063088 0.997299 -0.037604 -19.616375 -0.786974 -0.072883 -0.612667 47.790909
-0.610814 -0.002261 0.791771 144.759552 -0.052309 0.997926 -0.037504 -19.664301 -0.790045 -0.064324 -0.609666 47.187855
-0.609579 -0.003806 0.792717 145.523865 -0.056243 0.997675 -0.038459 -19.713228 -0.790729 -0.068029 -0.608375 46.608028
-0.610867 -0.007667 0.791696 146.296219 -0.059068 0.997608 -0.035914 -19.759495 -0.789528 -0.068703 -0.609858 46.032166
-0.611911 -0.013087 0.790819 147.059921 -0.061676 0.997607 -0.031213 -19.805225 -0.788519 -0.067874 -0.611253 45.450939
-0.613400 -0.019636 0.789529 147.832718 -0.067881 0.997302 -0.027934 -19.849068 -0.786851 -0.070728 -0.613078 44.872959
-0.615029 -0.021846 0.788203 148.589783 -0.069881 0.997192 -0.026888 -19.885468 -0.785403 -0.071617 -0.614828 44.288540
-0.617390 -0.021090 0.786375 149.343552 -0.072598 0.996901 -0.030261 -19.927982 -0.783302 -0.075772 -0.617007 43.719410
-0.618721 -0.027895 0.785116 150.107742 -0.080712 0.996338 -0.028205 -19.964905 -0.781455 -0.080819 -0.618706 43.143284
-0.620730 -0.020533 0.783756 150.844208 -0.076566 0.996466 -0.034534 -20.007959 -0.780278 -0.081446 -0.620108 42.560932
-0.621288 -0.017349 0.783391 151.573929 -0.077583 0.996204 -0.039466 -20.052380 -0.779734 -0.085297 -0.620275 41.977287
-0.623372 -0.013509 0.781810 152.313400 -0.080261 0.995675 -0.046791 -20.101847 -0.777797 -0.091918 -0.621759 41.403503
-0.624621 -0.013079 0.780819 153.033035 -0.075793 0.996154 -0.043945 -20.160740 -0.777242 -0.086630 -0.623210 40.828304
-0.624579 -0.016108 0.780796 153.762466 -0.074429 0.996464 -0.038980 -20.213041 -0.777408 -0.082460 -0.623569 40.245960
-0.624768 -0.021655 0.780511 154.505417 -0.075690 0.996587 -0.032937 -20.261784 -0.777134 -0.079655 -0.624275 39.665672
-0.624013 -0.016442 0.781241 155.232910 -0.070612 0.996875 -0.035421 -20.309982 -0.778217 -0.077268 -0.623224 39.081615
-0.623517 -0.015701 0.781652 155.952103 -0.073609 0.996535 -0.038698 -20.356981 -0.778338 -0.081666 -0.622512 38.520855
-0.623033 -0.011604 0.782110 156.666077 -0.074398 0.996235 -0.044484 -20.411818 -0.778650 -0.085903 -0.621551 37.960506
-0.621913 -0.014129 0.782959 157.369080 -0.077597 0.996028 -0.043661 -20.464991 -0.779233 -0.087909 -0.620539 37.404942
-0.621480 -0.018869 0.783203 158.070129 -0.079646 0.996052 -0.039203 -20.509977 -0.779373 -0.086743 -0.620529 36.853130
-0.622091 -0.022118 0.782633 158.774551 -0.076390 0.996546 -0.032557 -20.555080 -0.779210 -0.080039 -0.621631 36.298515
-0.622624 -0.021714 0.782220 159.452179 -0.074561 0.996712 -0.031681 -20.602673 -0.778962 -0.078049 -0.622196 35.757294
-0.624255 -0.014905 0.781079 160.129425 -0.074434 0.996404 -0.040474 -20.649496 -0.777667 -0.083405 -0.623120 35.215538
-0.626221 -0.002907 0.779641 160.761261 -0.071398 0.996005 -0.053634 -20.702120 -0.776371 -0.089252 -0.623926 34.705048
-0.629143 -0.000115 0.777290 161.385986 -0.066428 0.996349 -0.053619 -20.753929 -0.774446 -0.085367 -0.626854 34.191669
-0.633045 -0.005994 0.774092 162.008087 -0.063579 0.996994 -0.044274 -20.808277 -0.771500 -0.077244 -0.631524 33.681187
-0.637404 -0.015247 0.770379 162.613419 -0.061592 0.997613 -0.031215 -20.859253 -0.768065 -0.067347 -0.636821 33.179779
-0.640891 -0.021240 0.767339 163.206573 -0.064236 0.997595 -0.026036 -20.899002 -0.764940 -0.065978 -0.640713 32.694485
-0.644775 -0.017215 0.764179 163.773209 -0.063734 0.997475 -0.031304 -20.929375 -0.761712 -0.068888 -0.644245 32.223614
-0.647587 -0.006681 0.761963 164.308975 -0.059348 0.997366 -0.041694 -20.966494 -0.759678 -0.072221 -0.646277 31.773596
-0.649483 0.000367 0.760377 164.822052 -0.057953 0.997067 -0.049983 -21.000463 -0.758166 -0.076529 -0.647556 31.329916
-0.650700 0.004682 0.759322 165.321518 -0.053604 0.997202 -0.052084 -21.042040 -0.757442 -0.074594 -0.648628 30.902420
-0.647874 0.006610 0.761720 165.802689 -0.047257 0.997687 -0.048851 -21.082819 -0.760282 -0.067646 -0.646063 30.486473
-0.641637 0.011550 0.766922 166.268631 -0.037542 0.998215 -0.046442 -21.120884 -0.766090 -0.058591 -0.640058 30.077663
-0.630039 0.012969 0.776455 166.738663 -0.032795 0.998524 -0.043287 -21.160908 -0.775871 -0.052735 -0.628684 29.702898
-0.612127 0.018914 0.790534 167.207184 -0.025238 0.998737 -0.043438 -21.199459 -0.790358 -0.046541 -0.610876 29.334360
-0.588668 0.024719 0.807997 167.685287 -0.017763 0.998895 -0.043500 -21.237305 -0.808180 -0.039959 -0.587578 28.992207
-0.558841 0.028798 0.828775 168.171829 -0.012423 0.998994 -0.043089 -21.270756 -0.829183 -0.034376 -0.557920 28.676029
-0.524849 0.027089 0.850764 168.677658 -0.011564 0.999174 -0.038948 -21.296747 -0.851117 -0.030280 -0.524102 28.385675
-0.487743 0.022763 0.872691 169.197357 -0.018212 0.999177 -0.036241 -21.323143 -0.872798 -0.033570 -0.486927 28.126871
-0.448698 0.019956 0.893461 169.722931 -0.024277 0.999109 -0.034507 -21.355850 -0.893355 -0.037175 -0.447813 27.899172
-0.409714 0.023102 0.911922 170.250229 -0.025991 0.998977 -0.036984 -21.386105 -0.911845 -0.038854 -0.408694 27.687428
-0.369610 0.027984 0.928766 170.777512 -0.025374 0.998869 -0.040194 -21.413282 -0.928841 -0.038422 -0.368482 27.498171
-0.328703 0.031990 0.943892 171.309525 -0.027523 0.998677 -0.043431 -21.450668 -0.944032 -0.040255 -0.327388 27.335001
-0.287534 0.032698 0.957212 171.865082 -0.030056 0.998616 -0.043140 -21.467262 -0.957299 -0.041175 -0.286153 27.192492
-0.245496 0.030097 0.968931 172.432190 -0.033165 0.998671 -0.039424 -21.489094 -0.968830 -0.041813 -0.244171 27.079199
-0.204866 0.025015 0.978471 173.011932 -0.035567 0.998823 -0.032982 -21.515074 -0.978144 -0.041557 -0.203734 26.986212
-0.167945 0.017950 0.985633 173.601929 -0.042116 0.998790 -0.025365 -21.543037 -0.984896 -0.045772 -0.166986 26.915461
-0.135821 0.010197 0.990682 174.199921 -0.047572 0.998726 -0.016803 -21.563543 -0.989592 -0.049410 -0.135162 26.874659
-0.106604 0.007664 0.994273 174.805725 -0.051814 0.998568 -0.013252 -21.574970 -0.992951 -0.052930 -0.106054 26.842134
-0.082447 0.005648 0.996580 175.419861 -0.057000 0.998320 -0.010373 -21.581928 -0.994965 -0.057661 -0.081986 26.815044
-0.065004 0.001396 0.997885 176.041824 -0.065989 0.997804 -0.005694 -21.598717 -0.995701 -0.066220 -0.064768 26.805330
-0.052060 -0.000286 0.998645 176.668442 -0.078223 0.996928 -0.003792 -21.604286 -0.995576 -0.078314 -0.051922 26.803705
-0.043662 0.001862 0.999045 177.305801 -0.084893 0.996374 -0.005567 -21.612160 -0.995434 -0.085054 -0.043345 26.789953
-0.039695 0.004145 0.999204 177.937851 -0.090919 0.995828 -0.007743 -21.616087 -0.995067 -0.091153 -0.039153 26.784311
-0.037913 0.005995 0.999263 178.586929 -0.091953 0.995718 -0.009462 -21.626190 -0.995042 -0.092245 -0.037200 26.756744
-0.040389 0.004584 0.999174 179.219635 -0.093864 0.995549 -0.008361 -21.634394 -0.994766 -0.094124 -0.039778 26.741377
-0.043601 0.002693 0.999045 179.870514 -0.093056 0.995637 -0.006745 -21.647505 -0.994706 -0.093260 -0.043159 26.706362
-0.047552 -0.001596 0.998868 180.543396 -0.093695 0.995597 -0.002869 -21.651167 -0.994466 -0.093726 -0.047492 26.668371
-0.053491 0.000263 0.998569 181.233459 -0.093304 0.995623 -0.005259 -21.661121 -0.994200 -0.093452 -0.053231 26.637749
-0.059709 0.007468 0.998188 181.914490 -0.095407 0.995351 -0.013154 -21.674774 -0.993647 -0.096019 -0.058718 26.610535
-0.066580 0.017228 0.997632 182.601471 -0.095470 0.995153 -0.023557 -21.692163 -0.993203 -0.096813 -0.064612 26.574213
-0.073465 0.022602 0.997042 183.291473 -0.094540 0.995083 -0.029523 -21.706728 -0.992807 -0.096430 -0.070967 26.523930
-0.079286 0.019993 0.996651 183.999496 -0.093773 0.995215 -0.027425 -21.724487 -0.992432 -0.095633 -0.077031 26.465212
-0.087114 0.012311 0.996122 184.715714 -0.095984 0.995168 -0.020692 -21.748329 -0.991564 -0.097415 -0.085512 26.415518
-0.094613 0.006795 0.995492 185.435654 -0.099793 0.994874 -0.016275 -21.765688 -0.990500 -0.100883 -0.093448 26.361649
-0.101100 0.005634 0.994861 186.166245 -0.103142 0.994536 -0.016114 -21.781990 -0.989516 -0.104241 -0.099965 26.302858
-0.106525 0.009028 0.994269 186.885941 -0.106247 0.994130 -0.020410 -21.801579 -0.988618 -0.107813 -0.104940 26.237745
-0.109839 0.011441 0.993884 187.609848 -0.102683 0.994453 -0.022796 -21.822609 -0.988632 -0.104558 -0.108054 26.159142
-0.112099 0.014368 0.993593 188.350220 -0.094265 0.995232 -0.025026 -21.848303 -0.989216 -0.096467 -0.110209 26.071142
-0.113361 0.012774 0.993472 189.095230 -0.090557 0.995622 -0.023135 -21.873274 -0.989419 -0.092589 -0.111707 25.983528
-0.113355 0.010330 0.993501 189.843597 -0.095911 0.995162 -0.021291 -21.891541 -0.988915 -0.097701 -0.111815 25.908020
-0.111766 0.006534 0.993713 190.610809 -0.099781 0.994850 -0.017764 -21.909235 -0.988713 -0.101140 -0.110538 25.839640
-0.109464 0.006596 0.993969 191.373810 -0.096197 0.995213 -0.017198 -21.927193 -0.989325 -0.097499 -0.108305 25.758055
-0.108537 0.006973 0.994068 192.113297 -0.089947 0.995805 -0.016806 -21.953758 -0.990016 -0.091237 -0.107454 25.681574
-0.107517 0.004587 0.994193 192.843307 -0.092104 0.995643 -0.014555 -21.988598 -0.989928 -0.093134 -0.106626 25.601921
-0.107913 0.001056 0.994160 193.624847 -0.095641 0.995350 -0.011438 -22.008852 -0.989550 -0.096317 -0.107310 25.539125
-0.106453 -0.002434 0.994315 194.414185 -0.098358 0.995118 -0.008095 -22.027443 -0.989441 -0.098661 -0.106172 25.470829
-0.104890 -0.004446 0.994475 195.199463 -0.099630 0.995006 -0.006060 -22.037947 -0.989482 -0.099715 -0.104808 25.390446
-0.104774 -0.002641 0.994493 195.973511 -0.098327 0.995124 -0.007717 -22.049715 -0.989624 -0.098595 -0.104522 25.324905
-0.103335 0.002726 0.994643 196.740463 -0.093240 0.995566 -0.012415 -22.069839 -0.990267 -0.094023 -0.102622 25.236238
-0.103746 0.006295 0.994584 197.520370 -0.094487 0.995395 -0.016156 -22.088966 -0.990107 -0.095651 -0.102673 25.166559
-0.102415 0.007424 0.994714 198.293427 -0.099389 0.994892 -0.017658 -22.110302 -0.989764 -0.100672 -0.101154 25.064053
-0.104118 0.003635 0.994559 199.084549 -0.099803 0.994907 -0.014085 -22.136784 -0.989545 -0.100727 -0.103225 24.994112
-0.105396 0.001306 0.994430 199.874695 -0.096572 0.995259 -0.011542 -22.162064 -0.989731 -0.097250 -0.104770 24.915787
-0.106177 0.002687 0.994344 200.666992 -0.098885 0.995010 -0.013247 -22.183905 -0.989418 -0.099733 -0.105381 24.833975
-0.109622 0.007556 0.993945 201.464508 -0.102226 0.994582 -0.018836 -22.201050 -0.988703 -0.103672 -0.108255 24.776958
-0.113475 0.012603 0.993461 202.275375 -0.102145 0.994473 -0.024282 -22.210196 -0.988277 -0.104232 -0.111560 24.705254
-0.117064 0.013409 0.993034 203.085297 -0.103241 0.994327 -0.025597 -22.235073 -0.987744 -0.105519 -0.115015 24.624002
-0.120948 0.014534 0.992553 203.903732 -0.100461 0.994580 -0.026805 -22.259630 -0.987563 -0.102954 -0.118831 24.540493
-0.122446 0.012898 0.992391 204.731247 -0.100031 0.994663 -0.025270 -22.285480 -0.987421 -0.102364 -0.120502 24.449738
-0.124372 0.012921 0.992152 205.562912 -0.095433 0.995123 -0.024923 -22.306015 -0.987636 -0.097784 -0.122532 24.347982
-0.124630 0.010047 0.992152 206.414886 -0.091375 0.995583 -0.021560 -22.324408 -0.987988 -0.093345 -0.123161 24.252132
-0.126484 0.006695 0.991946 207.264908 -0.091111 0.995671 -0.018338 -22.354696 -0.987776 -0.092697 -0.125327 24.172585
-0.127821 0.005900 0.991780 208.106384 -0.087063 0.996054 -0.017145 -22.376961 -0.987969 -0.088539 -0.126804 24.076925
-0.127038 0.007264 0.991872 208.945145 -0.084688 0.996242 -0.018142 -22.397316 -0.988276 -0.086305 -0.125945 23.969103
-0.127020 0.007965 0.991869 209.793365 -0.081157 0.996532 -0.018396 -22.419348 -0.988575 -0.082834 -0.125932 23.865713
-0.126061 0.010661 0.991966 210.642776 -0.074149 0.997043 -0.020139 -22.433352 -0.989248 -0.076091 -0.124897 23.758907
-0.123920 0.011603 0.992225 211.496506 -0.071376 0.997237 -0.020575 -22.457928 -0.989723 -0.073371 -0.122750 23.654049
-0.121501 0.010664 0.992534 212.345673 -0.075913 0.996913 -0.020004 -22.481478 -0.989685 -0.077778 -0.120315 23.562580
-0.118166 0.007067 0.992969 213.195847 -0.081148 0.996561 -0.016749 -22.505024 -0.989673 -0.082557 -0.117186 23.475372
-0.115567 0.006062 0.993281 214.042389 -0.077371 0.996888 -0.015086 -22.531990 -0.990282 -0.078594 -0.114738 23.382936
-0.113392 0.012701 0.993469 214.877945 -0.076056 0.996873 -0.021425 -22.566399 -0.990636 -0.077988 -0.112071 23.294378
-0.112632 0.023018 0.993371 215.722519 -0.078902 0.996367 -0.032033 -22.594349 -0.990500 -0.081988 -0.110406 23.217775
-0.111278 0.023374 0.993515 216.586731 -0.081742 0.996120 -0.032590 -22.611794 -0.990423 -0.084837 -0.108935 23.140242
-0.109931 0.023731 0.993656 217.446075 -0.084565 0.995866 -0.033139 -22.629566 -0.990335 -0.087670 -0.107470 23.064404
-0.108581 0.024093 0.993796 218.308044 -0.087396 0.995603 -0.033685 -22.647816 -0.990239 -0.090510 -0.105998 22.989580
-0.110306 0.024042 0.993607 219.170288 -0.089308 0.995423 -0.034000 -22.685099 -0.989878 -0.092487 -0.107654 22.914120
-0.112028 0.023988 0.993416 220.030807 -0.091216 0.995239 -0.034317 -22.722551 -0.989510 -0.094460 -0.109305 22.837378
-0.113749 0.023930 0.993222 220.891220 -0.093122 0.995052 -0.034638 -22.760252 -0.989136 -0.096431 -0.110956 22.759216
-0.115799 0.024488 0.992971 221.755508 -0.094435 0.994896 -0.035548 -22.784050 -0.988774 -0.097888 -0.112895 22.685368
-0.115872 0.019341 0.993076 222.613098 -0.090783 0.995419 -0.029979 -22.823189 -0.989108 -0.093627 -0.113585 22.574757
-0.116511 0.014205 0.993088 223.488647 -0.089350 0.995693 -0.024725 -22.852285 -0.989163 -0.091613 -0.114740 22.481424
-0.117538 0.013441 0.992978 224.371155 -0.085659 0.996044 -0.023621 -22.873650 -0.989367 -0.087834 -0.115921 22.392588
-0.117215 0.018059 0.992943 225.249512 -0.081478 0.996289 -0.027739 -22.902599 -0.989759 -0.084153 -0.115308 22.291958
-0.116334 0.023579 0.992930 226.119308 -0.078826 0.996345 -0.032896 -22.939564 -0.990078 -0.082095 -0.114050 22.188375
-0.115611 0.027127 0.992925 226.992706 -0.076096 0.996447 -0.036084 -22.976261 -0.990376 -0.079730 -0.113135 22.092148
-0.114282 0.024514 0.993147 227.875854 -0.073492 0.996747 -0.033059 -23.014883 -0.990727 -0.076766 -0.112109 21.991793
-0.114083 0.020426 0.993262 228.758911 -0.070173 0.997125 -0.028565 -23.051260 -0.990990 -0.072959 -0.112320 21.896286
-0.113654 0.019361 0.993333 229.650436 -0.068334 0.997290 -0.027256 -23.076845 -0.991168 -0.070976 -0.112022 21.798378
-0.114180 0.019101 0.993277 230.535721 -0.076008 0.996716 -0.027904 -23.107096 -0.990548 -0.078683 -0.112353 21.718651
-0.114770 0.019541 0.993201 231.425735 -0.079096 0.996452 -0.028744 -23.128996 -0.990239 -0.081858 -0.112816 21.635229
-0.115593 0.018302 0.993128 232.309189 -0.079837 0.996424 -0.027655 -23.166515 -0.990083 -0.082485 -0.113719 21.544662
-0.116842 0.020178 0.992946 233.200867 -0.083651 0.996040 -0.030085 -23.197594 -0.989622 -0.086576 -0.114691 21.448133
-0.119080 0.020291 0.992678 234.097595 -0.086801 0.995750 -0.030766 -23.233768 -0.989084 -0.089828 -0.116812 21.358496
-0.121274 0.018030 0.992455 234.996033 -0.082597 0.996184 -0.028190 -23.270224 -0.989178 -0.085392 -0.119321 21.254398
-0.123119 0.015495 0.992271 235.897400 -0.077220 0.996696 -0.025146 -23.306372 -0.989384 -0.079719 -0.121516 21.141973
-0.124638 0.018617 0.992028 236.799942 -0.078733 0.996486 -0.028592 -23.347385 -0.989074 -0.081669 -0.122733 21.037926
-0.126334 0.026435 0.991636 237.688904 -0.071806 0.996778 -0.035719 -23.384642 -0.989386 -0.075719 -0.124028 20.924078
-0.126729 0.028079 0.991540 238.592957 -0.068870 0.996938 -0.037034 -23.421026 -0.989544 -0.072981 -0.124406 20.802784
-0.127118 0.029719 0.991443 239.494339 -0.065942 0.997086 -0.038342 -23.458481 -0.989694 -0.070251 -0.124787 20.681488
-0.133916 0.021041 0.990770 240.400558 -0.072286 0.996903 -0.030941 -23.498352 -0.988353 -0.075762 -0.131980 20.625101
-0.139607 0.019475 0.990016 241.305832 -0.076810 0.996581 -0.030435 -23.531120 -0.987224 -0.080292 -0.137634 20.562222
-0.141976 0.020250 0.989664 242.184616 -0.078651 0.996399 -0.031670 -23.575779 -0.986741 -0.082333 -0.139872 20.452681
-0.142900 0.026876 0.989373 243.092758 -0.083457 0.995743 -0.039103 -23.608397 -0.986212 -0.088158 -0.140048 20.350554
-0.143405 0.032731 0.989123 243.974655 -0.079744 0.995821 -0.044514 -23.654543 -0.986447 -0.085259 -0.140195 20.235228
-0.143627 0.039719 0.988835 244.858383 -0.074700 0.995908 -0.050853 -23.698023 -0.986809 -0.081170 -0.140072 20.114586
-0.142833 0.036718 0.989066 245.741760 -0.071838 0.996291 -0.047360 -23.745205 -0.987137 -0.077817 -0.139665 19.989962
-0.140696 0.032412 0.989522 246.627960 -0.069823 0.996651 -0.042573 -23.801453 -0.987588 -0.075080 -0.137961 19.861607
-0.137627 0.032019 0.989967 247.507339 -0.071845 0.996521 -0.042219 -23.856236 -0.987876 -0.076935 -0.134847 19.744167
-0.134173 0.039693 0.990163 248.376495 -0.071779 0.996183 -0.049660 -23.901054 -0.988355 -0.077735 -0.130811 19.609812
-0.131455 0.043590 0.990364 249.250763 -0.071560 0.996009 -0.053336 -23.941353 -0.988736 -0.077882 -0.127810 19.493803
-0.129015 0.037387 0.990938 250.123535 -0.072065 0.996293 -0.046972 -23.995110 -0.989021 -0.077471 -0.125842 19.383120
-0.126698 0.031257 0.991449 251.001038 -0.069879 0.996738 -0.040352 -24.044550 -0.989478 -0.074394 -0.124100 19.264256
-0.124637 0.033193 0.991647 251.849854 -0.069033 0.996728 -0.042040 -24.097412 -0.989798 -0.073696 -0.121937 19.165110
-0.122572 0.035131 0.991838 252.699585 -0.068190 0.996713 -0.043731 -24.151777 -0.990115 -0.072993 -0.119773 19.067707
-0.121155 0.039362 0.991853 253.550537 -0.067711 0.996558 -0.047819 -24.190458 -0.990322 -0.072953 -0.118072 18.973564
-0.118129 0.037131 0.992304 254.407486 -0.064567 0.996899 -0.044990 -24.226067 -0.990898 -0.069384 -0.115365 18.857256
-0.117359 0.029182 0.992661 255.254456 -0.067093 0.997051 -0.037243 -24.277636 -0.990821 -0.070971 -0.115055 18.769909
-0.115211 0.025481 0.993015 256.104431 -0.068951 0.997054 -0.033584 -24.326067 -0.990946 -0.072338 -0.113113 18.681944
-0.112251 0.025772 0.993346 256.927673 -0.065238 0.997315 -0.033247 -24.365538 -0.991536 -0.068536 -0.110268 18.591805
-0.108899 0.028702 0.993639 257.748810 -0.059579 0.997597 -0.035346 -24.408373 -0.992266 -0.063049 -0.106927 18.488886
-0.107088 0.030954 0.993768 258.557312 -0.060552 0.997456 -0.037594 -24.444492 -0.992405 -0.064200 -0.104941 18.406965
-0.106083 0.031001 0.993874 259.376678 -0.061930 0.997367 -0.037720 -24.481155 -0.992428 -0.065552 -0.103883 18.329988
-0.104064 0.027655 0.994186 260.161713 -0.062181 0.997477 -0.034255 -24.519964 -0.992626 -0.065384 -0.102081 18.247347
-0.103945 0.021353 0.994355 260.947601 -0.061751 0.997701 -0.027880 -24.551619 -0.992665 -0.064300 -0.102387 18.175192
-0.104800 0.016794 0.994353 261.717102 -0.062537 0.997767 -0.023443 -24.590496 -0.992526 -0.064640 -0.103515 18.111628
-0.104892 0.021104 0.994260 262.446014 -0.061059 0.997751 -0.027619 -24.618065 -0.992608 -0.063606 -0.103366 18.036114
-0.105198 0.027917 0.994060 263.168060 -0.061072 0.997537 -0.034476 -24.642534 -0.992575 -0.064336 -0.103232 17.963217
-0.107922 0.033166 0.993606 263.888519 -0.058346 0.997509 -0.039633 -24.671930 -0.992447 -0.062250 -0.105718 17.890564
-0.109422 0.034720 0.993390 264.594757 -0.058245 0.997448 -0.041277 -24.705118 -0.992288 -0.062376 -0.107120 17.811075
-0.112425 0.033636 0.993091 265.284515 -0.056530 0.997591 -0.040188 -24.745516 -0.992051 -0.060657 -0.110252 17.729574
-0.117336 0.033036 0.992543 265.966278 -0.054778 0.997709 -0.039685 -24.785656 -0.991581 -0.059026 -0.115257 17.652016
-0.124102 0.032880 0.991725 266.656647 -0.053294 0.997787 -0.039750 -24.830267 -0.990838 -0.057785 -0.122074 17.565474
-0.132173 0.034730 0.990618 267.313263 -0.052017 0.997766 -0.041921 -24.869558 -0.989861 -0.057070 -0.130071 17.478235
-0.141986 0.034768 0.989259 267.954590 -0.051664 0.997760 -0.042482 -24.906954 -0.988520 -0.057141 -0.139871 17.387541
-0.153231 0.035172 0.987565 268.596863 -0.050511 0.997781 -0.043373 -24.946339 -0.986900 -0.056529 -0.151113 17.287514
-0.164525 0.032283 0.985844 269.223816 -0.046950 0.998074 -0.040519 -24.982592 -0.985255 -0.052952 -0.162692 17.166025
-0.175685 0.029746 0.983997 269.842133 -0.041820 0.998415 -0.037648 -25.016411 -0.983558 -0.047764 -0.174162 17.026175
-0.187247 0.026347 0.981960 270.443115 -0.036317 0.998771 -0.033723 -25.048185 -0.981642 -0.041977 -0.186061 16.900759
-0.199368 0.021729 0.979684 271.022614 -0.032550 0.999055 -0.028783 -25.080034 -0.979384 -0.037627 -0.198473 16.780754
-0.209835 0.020201 0.977529 271.575073 -0.028025 0.999251 -0.026666 -25.105122 -0.977336 -0.032991 -0.209111 16.643715
-0.220115 0.022223 0.975221 272.111450 -0.022735 0.999352 -0.027904 -25.131824 -0.975210 -0.028314 -0.219467 16.509275
-0.230335 0.025382 0.972781 272.653442 -0.017957 0.999378 -0.030328 -25.154837 -0.972946 -0.024453 -0.229735 16.380116
-0.240145 0.028861 0.970308 273.146759 -0.013873 0.999354 -0.033158 -25.183426 -0.970638 -0.021423 -0.239590 16.245733
-0.250229 0.031509 0.967675 273.621094 -0.010441 0.999324 -0.035239 -25.207815 -0.968132 -0.018921 -0.249730 16.116817
-0.258360 0.032074 0.965517 274.078400 -0.006356 0.999370 -0.034898 -25.231010 -0.966028 -0.015153 -0.257993 15.986388
-0.264288 0.030966 0.963948 274.516022 -0.003562 0.999446 -0.033083 -25.256311 -0.964438 -0.012177 -0.264030 15.854701
-0.269259 0.030796 0.962576 274.929962 -0.000655 0.999482 -0.032159 -25.280807 -0.963068 -0.009290 -0.269100 15.734687
-0.272610 0.032994 0.961560 275.333954 0.001371 0.999424 -0.033904 -25.293205 -0.962124 -0.007924 -0.272498 15.625554
-0.272732 0.033542 0.961505 275.705383 0.003345 0.999419 -0.033915 -25.313112 -0.962085 -0.006034 -0.272685 15.516578
-0.269982 0.033307 0.962289 276.053741 0.005202 0.999437 -0.033133 -25.330229 -0.962852 -0.003939 -0.270002 15.419532
-0.265159 0.034195 0.963599 276.387329 0.005660 0.999408 -0.033909 -25.341789 -0.964189 -0.003537 -0.265195 15.334664
-0.257345 0.035216 0.965678 276.703827 0.004423 0.999368 -0.035265 -25.357166 -0.966310 -0.004804 -0.257338 15.257052
-0.246169 0.036680 0.968533 276.996307 0.002721 0.999305 -0.037153 -25.373322 -0.969224 -0.006510 -0.246097 15.191497
-0.232932 0.039112 0.971707 277.280823 -0.000089 0.999190 -0.040239 -25.390247 -0.972494 -0.009460 -0.232740 15.143426
-0.216140 0.042776 0.975425 277.542999 -0.000945 0.999030 -0.044020 -25.399603 -0.976363 -0.010436 -0.215889 15.090920
-0.196531 0.044046 0.979509 277.810455 -0.001429 0.998976 -0.045208 -25.414068 -0.980497 -0.010284 -0.196265 15.054648
-0.173723 0.043079 0.983852 278.074188 -0.000428 0.999039 -0.043819 -25.425373 -0.984795 -0.008034 -0.173537 15.017982
-0.148362 0.043204 0.987990 278.339966 -0.001498 0.999034 -0.043911 -25.422945 -0.988933 -0.007995 -0.148153 15.001452
-0.118175 0.042823 0.992070 278.603149 -0.004808 0.999032 -0.043696 -25.431543 -0.992982 -0.009933 -0.117854 14.997382
-0.085446 0.041134 0.995494 278.853180 -0.007433 0.999093 -0.041920 -25.445629 -0.996315 -0.010982 -0.085063 15.007510
-0.050532 0.036218 0.998066 279.122681 -0.010299 0.999270 -0.036783 -25.463566 -0.998670 -0.012136 -0.050121 15.017808
-0.013998 0.031888 0.999394 279.377533 -0.012201 0.999411 -0.032059 -25.473776 -0.999828 -0.012642 -0.013600 15.044654
0.025301 0.028942 0.999261 279.627441 -0.018187 0.999428 -0.028486 -25.482105 -0.999515 -0.017454 0.025813 15.086757
0.067524 0.027950 0.997326 279.877960 -0.024170 0.999360 -0.026371 -25.490952 -0.997425 -0.022324 0.068157 15.144284
0.113568 0.028415 0.993124 280.129608 -0.033559 0.999130 -0.024749 -25.498734 -0.992964 -0.030517 0.114423 15.216868
0.161616 0.028985 0.986428 280.382202 -0.037958 0.999011 -0.023136 -25.509142 -0.986123 -0.033703 0.162557 15.302573
0.212429 0.031223 0.976678 280.641266 -0.041424 0.998878 -0.022923 -25.514130 -0.976299 -0.035588 0.213484 15.397605
0.265248 0.033172 0.963609 280.902069 -0.044101 0.998779 -0.022242 -25.522257 -0.963171 -0.036596 0.266388 15.504079
0.321080 0.033865 0.946447 281.170837 -0.039844 0.998958 -0.022227 -25.532623 -0.946214 -0.030572 0.322095 15.624362
0.379057 0.034378 0.924735 281.436951 -0.030570 0.999229 -0.024615 -25.540464 -0.924869 -0.018938 0.379817 15.745002
0.435915 0.034165 0.899340 281.693451 -0.021406 0.999390 -0.027590 -25.549801 -0.899734 -0.007224 0.436381 15.882276
0.491573 0.034360 0.870158 281.954742 -0.026537 0.999348 -0.024470 -25.551657 -0.870431 -0.011062 0.492165 16.079607
0.546111 0.038207 0.836842 282.199127 -0.033034 0.999164 -0.024061 -25.559639 -0.837061 -0.014505 0.546917 16.306814
0.599006 0.044254 0.799521 282.446747 -0.042156 0.998830 -0.023702 -25.566597 -0.799634 -0.019506 0.600171 16.559816
0.650082 0.046481 0.758441 282.680817 -0.048488 0.998630 -0.019641 -25.574898 -0.758315 -0.024007 0.651447 16.841782
0.700204 0.044118 0.712578 282.908752 -0.045513 0.998816 -0.017118 -25.576120 -0.712489 -0.020445 0.701385 17.131886
0.745954 0.042765 0.664623 283.127136 -0.045663 0.998872 -0.013020 -25.576429 -0.664431 -0.020636 0.747066 17.449247
0.785232 0.042944 0.617711 283.332642 -0.050504 0.998710 -0.005230 -25.578482 -0.617139 -0.027089 0.786388 17.804329
0.819907 0.045666 0.570673 283.533661 -0.057148 0.998363 0.002217 -25.581015 -0.569637 -0.034430 0.821175 18.177193
0.850212 0.051130 0.523953 283.711609 -0.063213 0.997986 0.005187 -25.578461 -0.522632 -0.037531 0.851732 18.571085
0.876196 0.054330 0.478883 283.891510 -0.065437 0.997835 0.006522 -25.565002 -0.477492 -0.037051 0.877855 18.974154
0.897852 0.060181 0.436166 284.069550 -0.070868 0.997451 0.008254 -25.559885 -0.434557 -0.038321 0.899829 19.400986
0.914736 0.069054 0.398109 284.231293 -0.078585 0.996877 0.007651 -25.552389 -0.396337 -0.038284 0.917308 19.855639
0.927894 0.076823 0.364846 284.392090 -0.085123 0.996347 0.006696 -25.540897 -0.362999 -0.037270 0.931044 20.334085
0.938741 0.076881 0.335939 284.556000 -0.084789 0.996359 0.008914 -25.533876 -0.334031 -0.036852 0.941842 20.834623
0.947850 0.071770 0.310533 284.720154 -0.078955 0.996821 0.010614 -25.527111 -0.308784 -0.034579 0.950504 21.360500
0.955019 0.071525 0.287793 284.870636 -0.078018 0.996890 0.011137 -25.517834 -0.286101 -0.033089 0.957629 21.920343
0.961580 0.072695 0.264726 285.006653 -0.078673 0.996827 0.012037 -25.509302 -0.263011 -0.032402 0.964249 22.501020
0.968285 0.072142 0.239205 285.141083 -0.078033 0.996834 0.015235 -25.495750 -0.237349 -0.033418 0.970850 23.098219
0.974289 0.071127 0.213782 285.254181 -0.077074 0.996832 0.019603 -25.483597 -0.211710 -0.035576 0.976685 23.720236
0.979092 0.071054 0.190610 285.361511 -0.075944 0.996941 0.018471 -25.473362 -0.188713 -0.032561 0.981493 24.361101
0.982609 0.075314 0.169726 285.459900 -0.078641 0.996818 0.012965 -25.461910 -0.168209 -0.026087 0.985407 25.027370
0.985270 0.080599 0.150826 285.552948 -0.082567 0.996561 0.006831 -25.446217 -0.149756 -0.019184 0.988537 25.710732
0.987089 0.085202 0.135638 285.633301 -0.086160 0.996280 0.001202 -25.419949 -0.135031 -0.012872 0.990758 26.410831
0.988856 0.086315 0.121304 285.714203 -0.087961 0.996089 0.008270 -25.403801 -0.120116 -0.018847 0.992582 27.136490
0.990933 0.080053 0.107913 285.808594 -0.082732 0.996359 0.020576 -25.397953 -0.105873 -0.029318 0.993948 27.873508
0.992265 0.075643 0.098426 285.877441 -0.078768 0.996492 0.028248 -25.393593 -0.095943 -0.035781 0.994744 28.642735
0.992970 0.076885 0.090000 285.939301 -0.079601 0.996461 0.026987 -25.379501 -0.087605 -0.033961 0.995576 29.420723
0.993099 0.081556 0.084285 285.987823 -0.083768 0.996218 0.023043 -25.354523 -0.082086 -0.029944 0.996176 30.216728
0.993059 0.085380 0.080902 286.034454 -0.087205 0.996003 0.019285 -25.329069 -0.078931 -0.026206 0.996536 31.047281
0.992907 0.088713 0.079164 286.086090 -0.090716 0.995632 0.022064 -25.334583 -0.076860 -0.029090 0.996618 31.861353
0.992624 0.092241 0.078673 286.141083 -0.094378 0.995249 0.023888 -25.327049 -0.076096 -0.031137 0.996614 32.710541
0.992762 0.090310 0.079170 286.207092 -0.092298 0.995491 0.021827 -25.311296 -0.076842 -0.028977 0.996623 33.592434
0.993142 0.086079 0.079114 286.309479 -0.087882 0.995938 0.019597 -25.291721 -0.077105 -0.026415 0.996673 34.449776
0.992921 0.087258 0.080596 286.387878 -0.088965 0.995875 0.017842 -25.274048 -0.078706 -0.024885 0.996587 35.339031
0.992685 0.087506 0.083182 286.467773 -0.089705 0.995700 0.023074 -25.279625 -0.080804 -0.030367 0.996267 36.248104
0.992674 0.083864 0.086982 286.549866 -0.086725 0.995790 0.029656 -25.280430 -0.084129 -0.036983 0.995769 37.155235
0.992569 0.082995 0.088985 286.653290 -0.086239 0.995718 0.033263 -25.261848 -0.085843 -0.040690 0.995478 38.070576
0.992472 0.081431 0.091492 286.736206 -0.084669 0.995892 0.032087 -25.239761 -0.088502 -0.039592 0.995290 39.004581
0.992631 0.077295 0.093326 286.830414 -0.080278 0.996361 0.028637 -25.214401 -0.090772 -0.035918 0.995225 39.941776
0.992570 0.075658 0.095301 286.924957 -0.078107 0.996697 0.022229 -25.199724 -0.093304 -0.029507 0.995201 40.887161
0.992219 0.076795 0.098000 287.001831 -0.078679 0.996779 0.015509 -25.184883 -0.096492 -0.023100 0.995066 41.856682
0.992034 0.077032 0.099672 287.093201 -0.078977 0.996752 0.015707 -25.167879 -0.098138 -0.023454 0.994897 42.837399
0.991846 0.077269 0.101343 287.186035 -0.079275 0.996726 0.015904 -25.150700 -0.099781 -0.023809 0.994724 43.817013
0.991657 0.077506 0.103012 287.280548 -0.079573 0.996698 0.016101 -25.133320 -0.101424 -0.024163 0.994550 44.796474
0.991963 0.074955 0.101939 287.408997 -0.077334 0.996812 0.019587 -25.129438 -0.100145 -0.027313 0.994599 45.764069
0.991732 0.077427 0.102348 287.493286 -0.079622 0.996671 0.017533 -25.125427 -0.100649 -0.025537 0.994594 46.765709
0.991971 0.075271 0.101624 287.590485 -0.076603 0.997018 0.009273 -25.120392 -0.100622 -0.016983 0.994780 47.756870
0.992000 0.076835 0.100166 287.692749 -0.077525 0.996985 0.003014 -25.118601 -0.099632 -0.010755 0.994967 48.761707
0.991722 0.080245 0.100243 287.780304 -0.081148 0.996689 0.004969 -25.118771 -0.099512 -0.013062 0.994951 49.765388
0.991617 0.080464 0.101098 287.857391 -0.082063 0.996557 0.011753 -25.116169 -0.099803 -0.019951 0.994807 50.791603
0.991363 0.081573 0.102699 287.925446 -0.083572 0.996384 0.015302 -25.103743 -0.101078 -0.023752 0.994595 51.825562
0.990947 0.087233 0.102055 288.021454 -0.089288 0.995881 0.015732 -25.098482 -0.100261 -0.024701 0.994655 52.840828
0.990829 0.088837 0.101815 288.112091 -0.090997 0.995710 0.016768 -25.090490 -0.099888 -0.025879 0.994663 53.851826
0.990423 0.093998 0.101125 288.199036 -0.096811 0.995030 0.023273 -25.074802 -0.098435 -0.032840 0.994602 54.878685
0.990313 0.094688 0.101561 288.285645 -0.098107 0.994747 0.029201 -25.065926 -0.098262 -0.038881 0.994401 55.898937
0.990192 0.097724 0.099851 288.375519 -0.100971 0.994495 0.028000 -25.059837 -0.096565 -0.037806 0.994609 56.909985
0.990301 0.097905 0.098581 288.461639 -0.100681 0.994639 0.023585 -25.038252 -0.095742 -0.033281 0.994850 57.925900
0.990636 0.096086 0.096999 288.558533 -0.098829 0.994818 0.023881 -25.028223 -0.094201 -0.033243 0.994998 58.942616
0.990784 0.095432 0.096130 288.658112 -0.097755 0.995015 0.019743 -25.017477 -0.093766 -0.028957 0.995173 59.950043
0.990580 0.098254 0.095388 288.748657 -0.099832 0.994933 0.011915 -25.020100 -0.093734 -0.021326 0.995370 60.963001
0.991054 0.092656 0.096053 288.847015 -0.094106 0.995504 0.010676 -25.010862 -0.094631 -0.019620 0.995319 61.977474
0.991086 0.090861 0.097435 288.945801 -0.092812 0.995560 0.015674 -25.009817 -0.095578 -0.024577 0.995119 62.999706
0.990304 0.096166 0.100253 289.019684 -0.098678 0.994910 0.020403 -24.998316 -0.097781 -0.030097 0.994753 64.043991
0.990143 0.095360 0.102593 289.105255 -0.097759 0.995035 0.018602 -24.988106 -0.100309 -0.028448 0.994550 65.077965
0.989069 0.103832 0.104703 289.188263 -0.105881 0.994277 0.014195 -24.979124 -0.102629 -0.025126 0.994403 66.121399
0.988509 0.105202 0.108558 289.287842 -0.107381 0.994113 0.014410 -24.976416 -0.106403 -0.025901 0.993986 67.141663
0.987681 0.110421 0.110885 289.392914 -0.113310 0.993356 0.020087 -24.977074 -0.107929 -0.032403 0.993631 68.165329
0.987341 0.109390 0.114852 289.500183 -0.113190 0.993203 0.027092 -24.962076 -0.111107 -0.039749 0.993014 69.180313
0.987473 0.106987 0.115980 289.613342 -0.111160 0.993347 0.030100 -24.952221 -0.111988 -0.042615 0.992796 70.183441
0.988023 0.101098 0.116580 289.720001 -0.104763 0.994164 0.025737 -24.926315 -0.113297 -0.037641 0.992848 71.219276
0.989077 0.092312 0.114917 289.840332 -0.095061 0.995296 0.018671 -24.924046 -0.112653 -0.029391 0.993201 72.227844
0.989300 0.093146 0.112297 289.951782 -0.095735 0.995245 0.017878 -24.913212 -0.110097 -0.028437 0.993514 73.238029
0.989622 0.092133 0.110275 290.053070 -0.095468 0.995110 0.025343 -24.899616 -0.107400 -0.035607 0.993579 74.260559
0.989813 0.092844 0.107944 290.150299 -0.096576 0.994876 0.029878 -24.883369 -0.104617 -0.039998 0.993709 75.281288
0.989715 0.096033 0.106023 290.238312 -0.099498 0.994646 0.027875 -24.864914 -0.102779 -0.038137 0.993973 76.298370
0.989606 0.099222 0.104094 290.324432 -0.102425 0.994404 0.025876 -24.848423 -0.100944 -0.036269 0.994231 77.316643
0.989618 0.102815 0.100430 290.420563 -0.105038 0.994320 0.017092 -24.830379 -0.098101 -0.027464 0.994797 78.315277
0.990109 0.100534 0.097861 290.522858 -0.102842 0.994519 0.018829 -24.822073 -0.095431 -0.028707 0.995023 79.314796
0.990179 0.100401 0.097299 290.609802 -0.103428 0.994282 0.026571 -24.812414 -0.094075 -0.036372 0.994901 80.335648
0.990124 0.101414 0.096801 290.693909 -0.104807 0.994021 0.030616 -24.795691 -0.093117 -0.040459 0.994833 81.349335
0.989700 0.106212 0.095987 290.772095 -0.109468 0.993558 0.029303 -24.773285 -0.092257 -0.039508 0.994952 82.359116
0.989525 0.107518 0.096339 290.859558 -0.110508 0.993528 0.026253 -24.764986 -0.092893 -0.036625 0.995003 83.364868
0.989127 0.109417 0.098262 290.941010 -0.112235 0.993401 0.023616 -24.747129 -0.095029 -0.034387 0.994881 84.367645
0.988988 0.109744 0.099296 291.037415 -0.112537 0.993381 0.022967 -24.741682 -0.096118 -0.033888 0.994793 85.376190
0.989091 0.106348 0.101931 291.119781 -0.109586 0.993619 0.026698 -24.726276 -0.098440 -0.037577 0.994433 86.429047
0.989030 0.105093 0.103805 291.220428 -0.108742 0.993613 0.030123 -24.711658 -0.099977 -0.041080 0.994142 87.438148
0.989005 0.102394 0.106702 291.314117 -0.106178 0.993882 0.030396 -24.702333 -0.102936 -0.041391 0.993827 88.442062
0.989289 0.099486 0.106823 291.417603 -0.102394 0.994498 0.022087 -24.690042 -0.104038 -0.032788 0.994033 89.435005
0.989414 0.097412 0.107565 291.519348 -0.099769 0.994870 0.016746 -24.675430 -0.105381 -0.027300 0.994058 90.443390
0.989215 0.096289 0.110369 291.609436 -0.099428 0.994772 0.023289 -24.646749 -0.107549 -0.034012 0.993619 91.489128
0.989217 0.092010 0.113950 291.707611 -0.096662 0.994666 0.035992 -24.625511 -0.110031 -0.046618 0.992835 92.514404
0.989099 0.090261 0.116349 291.809875 -0.095415 0.994652 0.039518 -24.599977 -0.112160 -0.050188 0.992423 93.515488
0.988746 0.093024 0.117167 291.916809 -0.096992 0.994872 0.028628 -24.578026 -0.113902 -0.039670 0.992700 94.520828
0.988485 0.095262 0.117575 292.019043 -0.097479 0.995149 0.013243 -24.554354 -0.115742 -0.024552 0.992976 95.518959
0.988160 0.095065 0.120426 292.119385 -0.096481 0.995316 0.005974 -24.537115 -0.119293 -0.017523 0.992705 96.520157
0.987614 0.094183 0.125497 292.220917 -0.096441 0.995265 0.012030 -24.531685 -0.123769 -0.023983 0.992022 97.534538
0.987447 0.090112 0.129727 292.352081 -0.093899 0.995307 0.023362 -24.521490 -0.127013 -0.035250 0.991275 98.541313
0.987148 0.086799 0.134188 292.476288 -0.091787 0.995281 0.031438 -24.512648 -0.130826 -0.043350 0.990457 99.546028
0.986952 0.084284 0.137193 292.613068 -0.089594 0.995431 0.032994 -24.500540 -0.133785 -0.044856 0.989995 100.545959
0.986524 0.084072 0.140365 292.750519 -0.088734 0.995681 0.027285 -24.479988 -0.137465 -0.039372 0.989725 101.536774
0.985761 0.085215 0.144959 292.879395 -0.089156 0.995798 0.020909 -24.475252 -0.142566 -0.033535 0.989217 102.560051
0.984785 0.088281 0.149684 293.018921 -0.092114 0.995569 0.018867 -24.462099 -0.147354 -0.032368 0.988555 103.555565
0.984227 0.084284 0.155543 293.174683 -0.088418 0.995885 0.019841 -24.459148 -0.153231 -0.033280 0.987631 104.555771
0.983296 0.082886 0.162049 293.335815 -0.087807 0.995861 0.023433 -24.453840 -0.159435 -0.037271 0.986505 105.561386
0.982094 0.084008 0.168624 293.493469 -0.089081 0.995764 0.022734 -24.432253 -0.165999 -0.037348 0.985419 106.563080
0.981586 0.076066 0.175230 293.660461 -0.081803 0.996316 0.025740 -24.411070 -0.172626 -0.039601 0.984191 107.561592
0.980941 0.072689 0.180202 293.839844 -0.078977 0.996484 0.027962 -24.403444 -0.177535 -0.041661 0.983233 108.541008
0.980416 0.066233 0.185467 294.031921 -0.072390 0.997021 0.026618 -24.390329 -0.183152 -0.039523 0.982290 109.510719
0.979733 0.063219 0.190069 294.219147 -0.069107 0.997307 0.024508 -24.375658 -0.188007 -0.037146 0.981465 110.484818
0.978670 0.070455 0.192978 294.402679 -0.076529 0.996773 0.024197 -24.359953 -0.190650 -0.038450 0.980905 111.458961
0.977564 0.075024 0.196829 294.581146 -0.080804 0.996498 0.021492 -24.353386 -0.194527 -0.036915 0.980203 112.433197
0.977091 0.075932 0.198821 294.774689 -0.081148 0.996535 0.018208 -24.347454 -0.196748 -0.033924 0.979867 113.401505
0.976503 0.077813 0.200969 294.958832 -0.083037 0.996389 0.017683 -24.339334 -0.198866 -0.033955 0.979439 114.363617
0.976378 0.077042 0.201865 295.145630 -0.082767 0.996367 0.020063 -24.333042 -0.199586 -0.036296 0.979208 115.321793
0.976652 0.072539 0.202210 295.328613 -0.078520 0.996675 0.021703 -24.324865 -0.199963 -0.037074 0.979103 116.275810
0.977311 0.066385 0.201140 295.510376 -0.072010 0.997187 0.020770 -24.317329 -0.199194 -0.034783 0.979343 117.210533
0.978098 0.060792 0.199069 295.698669 -0.066599 0.997523 0.022597 -24.310503 -0.197201 -0.035360 0.979726 118.157715
0.978955 0.057686 0.195758 295.890106 -0.063791 0.997649 0.025023 -24.296434 -0.193854 -0.036983 0.980333 119.106613
0.979499 0.059466 0.192470 296.059082 -0.065803 0.997474 0.026701 -24.285023 -0.190396 -0.038819 0.980941 120.065163
0.980274 0.059543 0.188462 296.231232 -0.065116 0.997600 0.023515 -24.276508 -0.186610 -0.035323 0.981800 121.017914
0.980999 0.058888 0.184863 296.399811 -0.063194 0.997847 0.017483 -24.269182 -0.183436 -0.028832 0.982610 121.956985
0.981661 0.056086 0.182199 296.573517 -0.059345 0.998159 0.012484 -24.259544 -0.181163 -0.023067 0.983184 122.883499
0.982301 0.051581 0.180071 296.749390 -0.055104 0.998373 0.014617 -24.241064 -0.179023 -0.024280 0.983546 123.807365
0.982887 0.044715 0.178699 296.919708 -0.049366 0.998545 0.021668 -24.234194 -0.177470 -0.030119 0.983666 124.736298
0.983370 0.034210 0.178366 297.096466 -0.040195 0.998739 0.030052 -24.221611 -0.177114 -0.036721 0.983505 125.656654
0.983675 0.023757 0.178381 297.264496 -0.030433 0.998931 0.034785 -24.208992 -0.177364 -0.039646 0.983347 126.558876
0.983649 0.020263 0.178956 297.424835 -0.026784 0.999059 0.034101 -24.196918 -0.178096 -0.038335 0.983266 127.435181
0.983404 0.022258 0.180058 297.578796 -0.027729 0.999225 0.027928 -24.192621 -0.179297 -0.032458 0.983260 128.298080
0.983090 0.024152 0.181523 297.730164 -0.028306 0.999392 0.020331 -24.168079 -0.180921 -0.025125 0.983177 129.171310
0.982462 0.024294 0.184877 297.870911 -0.028122 0.999440 0.018110 -24.143602 -0.184333 -0.022991 0.982595 130.047531
0.981783 0.024284 0.188449 298.033936 -0.029120 0.999313 0.022939 -24.128452 -0.187762 -0.028007 0.981816 130.901840
0.980924 0.023950 0.192912 298.198059 -0.029882 0.999164 0.027896 -24.124281 -0.192083 -0.033128 0.980820 131.743484
0.979771 0.023089 0.198791 298.357544 -0.029325 0.999164 0.028482 -24.115355 -0.197967 -0.033736 0.979628 132.570648
0.978512 0.021817 0.205035 298.529816 -0.028086 0.999220 0.027722 -24.110649 -0.204269 -0.032885 0.978363 133.372284
0.976911 0.021098 0.212602 298.699768 -0.027158 0.999302 0.025626 -24.105700 -0.211913 -0.030808 0.976803 134.175110
0.975199 0.019377 0.220482 298.885132 -0.024945 0.999435 0.022499 -24.106503 -0.219921 -0.027441 0.975132 134.940109
0.973105 0.021023 0.229404 299.068756 -0.026522 0.999429 0.020919 -24.105778 -0.228833 -0.026440 0.973107 135.703445
0.970797 0.024552 0.238645 299.257080 -0.030604 0.999296 0.021684 -24.095381 -0.237944 -0.028354 0.970865 136.447906
0.968277 0.026664 0.248455 299.438263 -0.033870 0.999118 0.024774 -24.092052 -0.247575 -0.032403 0.968327 137.169083
0.965823 0.029114 0.257565 299.614990 -0.036188 0.999086 0.022766 -24.095531 -0.256665 -0.031308 0.965994 137.864532
0.963339 0.032999 0.266250 299.802704 -0.038463 0.999142 0.015332 -24.099819 -0.265516 -0.025010 0.963782 138.534607
0.960495 0.039296 0.275508 299.969177 -0.042869 0.999056 0.006956 -24.093662 -0.274974 -0.018492 0.961274 139.182602
0.958059 0.043294 0.283284 300.152496 -0.046413 0.998912 0.004304 -24.088192 -0.282789 -0.017271 0.959027 139.811981
0.955987 0.044855 0.289962 300.326721 -0.049635 0.998725 0.009151 -24.089415 -0.289181 -0.023141 0.956995 140.402878
0.954237 0.041641 0.296140 300.502289 -0.049855 0.998551 0.020237 -24.097639 -0.294867 -0.034076 0.954931 140.981003
0.952990 0.036212 0.300832 300.672424 -0.046283 0.998578 0.026417 -24.099575 -0.299447 -0.039098 0.953312 141.552353
0.952448 0.029256 0.303294 300.847076 -0.038910 0.998908 0.025835 -24.098356 -0.302206 -0.036408 0.952548 142.088882
0.952416 0.026193 0.303677 301.022369 -0.035060 0.999101 0.023781 -24.096096 -0.302781 -0.033297 0.952479 142.620575
0.952543 0.029342 0.302987 301.175964 -0.036775 0.999145 0.018857 -24.083158 -0.302175 -0.029104 0.952809 143.163651
0.953574 0.035160 0.299101 301.330688 -0.040222 0.999132 0.010783 -24.074907 -0.298463 -0.022313 0.954161 143.701385
0.955373 0.030743 0.293800 301.479401 -0.034530 0.999373 0.007711 -24.068174 -0.293378 -0.017511 0.955837 144.239044
0.958286 0.020688 0.285066 301.638275 -0.024429 0.999656 0.009573 -24.063370 -0.284769 -0.016137 0.958460 144.768631
0.962077 0.015454 0.272341 301.788422 -0.020272 0.999684 0.014888 -24.059774 -0.272023 -0.019843 0.962087 145.300125
0.966284 0.016988 0.256920 301.906403 -0.022841 0.999542 0.019817 -24.045811 -0.256465 -0.025018 0.966230 145.839600
0.971286 0.021033 0.236984 302.004669 -0.027619 0.999317 0.024509 -24.040089 -0.236306 -0.030351 0.971205 146.376236
0.977188 0.019549 0.211477 302.092133 -0.025599 0.999336 0.025908 -24.029837 -0.210830 -0.030730 0.977040 146.910980
0.983361 0.017182 0.180851 302.176819 -0.021817 0.999481 0.023669 -24.025129 -0.180350 -0.027220 0.983226 147.444672
0.989040 0.017030 0.146665 302.238708 -0.020188 0.999595 0.020069 -24.023180 -0.146263 -0.022810 0.988983 147.974045
0.993919 0.019080 0.108450 302.266876 -0.020957 0.999648 0.016198 -24.013937 -0.108102 -0.018372 0.993971 148.506042
0.997669 0.020221 0.065182 302.272064 -0.021176 0.999677 0.013986 -23.997168 -0.064878 -0.015333 0.997776 149.044464
0.999660 0.018237 0.018658 302.259308 -0.018509 0.999722 0.014540 -23.980513 -0.018387 -0.014880 0.999721 149.577499
0.999378 0.018060 -0.030304 302.216003 -0.017480 0.999660 0.019294 -23.977274 0.030642 -0.018752 0.999355 150.119492
0.996453 0.019165 -0.081940 302.144165 -0.017179 0.999542 0.024885 -23.969645 0.082381 -0.023388 0.996327 150.666183
0.990460 0.020083 -0.136333 302.043671 -0.016296 0.999451 0.028832 -23.964052 0.136838 -0.026335 0.990244 151.201752
0.981120 0.022064 -0.192138 301.906281 -0.016271 0.999365 0.031671 -23.952997 0.192716 -0.027946 0.980857 151.739410
0.968202 0.025645 -0.248853 301.735077 -0.017572 0.999246 0.034607 -23.930969 0.249553 -0.029134 0.967923 152.266693
0.951475 0.029051 -0.306353 301.531250 -0.018170 0.999100 0.038309 -23.907587 0.307190 -0.030883 0.951147 152.790970
0.931210 0.029856 -0.363260 301.294434 -0.015633 0.998994 0.042029 -23.880081 0.364149 -0.033458 0.930740 153.316040
0.907143 0.031225 -0.419662 301.033722 -0.012812 0.998830 0.046625 -23.853731 0.420628 -0.036919 0.906483 153.830780
0.879263 0.036058 -0.474972 300.731415 -0.012111 0.998500 0.053383 -23.831310 0.476185 -0.041185 0.878381 154.340958
0.847682 0.042904 -0.528768 300.393738 -0.013945 0.998181 0.058638 -23.806398 0.530322 -0.042333 0.846740 154.817307
0.812641 0.049097 -0.580695 300.020172 -0.015956 0.997945 0.062045 -23.776775 0.582548 -0.041154 0.811755 155.278137
0.775108 0.054931 -0.629436 299.610046 -0.017064 0.997669 0.066054 -23.735886 0.631599 -0.040458 0.774239 155.724365
0.736993 0.056986 -0.673494 299.181610 -0.011099 0.997325 0.072240 -23.700300 0.675810 -0.045765 0.735655 156.149139
0.697372 0.060802 -0.714126 298.715912 -0.010523 0.997155 0.074623 -23.661243 0.716633 -0.044526 0.696028 156.555344
0.656343 0.061071 -0.751987 298.226349 -0.007801 0.997214 0.074177 -23.628963 0.754423 -0.042819 0.654991 156.956894
0.617582 0.059548 -0.784250 297.704987 -0.007207 0.997516 0.070065 -23.592993 0.786475 -0.037619 0.616477 157.327179
0.580558 0.054346 -0.812403 297.165436 -0.006793 0.998058 0.061910 -23.549877 0.814191 -0.030424 0.579800 157.681274
0.547936 0.051953 -0.834906 296.592804 -0.011296 0.998438 0.054715 -23.504704 0.836445 -0.020549 0.547668 158.019699
0.521606 0.055935 -0.851351 296.002472 -0.016462 0.998322 0.055505 -23.462723 0.853028 -0.014937 0.521651 158.357544
0.502421 0.063656 -0.862277 295.382629 -0.021488 0.997897 0.061147 -23.424271 0.864357 -0.012193 0.502732 158.691406
0.489215 0.070850 -0.869281 294.750031 -0.023622 0.997405 0.067999 -23.385799 0.871844 -0.012732 0.489619 159.028351
0.480004 0.076432 -0.873931 294.111420 -0.026601 0.997007 0.072585 -23.341755 0.876864 -0.011592 0.480600 159.368927
0.474353 0.079746 -0.876716 293.471344 -0.029763 0.996772 0.074563 -23.295330 0.879832 -0.009274 0.475196 159.719284
0.473241 0.079611 -0.877328 292.808258 -0.033169 0.996812 0.072561 -23.242922 0.880309 -0.005238 0.474373 160.066513
0.474411 0.080480 -0.876618 292.114777 -0.036389 0.996753 0.071815 -23.195715 0.879552 -0.002171 0.475798 160.414337
0.475473 0.080026 -0.876084 291.425446 -0.037041 0.996792 0.070949 -23.139545 0.878951 -0.001283 0.476911 160.778244
0.477413 0.079892 -0.875040 290.739868 -0.038583 0.996803 0.069958 -23.089928 0.877832 0.000362 0.478969 161.147125
0.479545 0.080922 -0.873779 290.024567 -0.042640 0.996711 0.068906 -23.045834 0.876482 0.004214 0.481417 161.535004
0.481637 0.080536 -0.872663 289.315887 -0.046436 0.996714 0.066356 -22.994793 0.875140 0.008564 0.483794 161.925629
0.483442 0.079094 -0.871796 288.592865 -0.052229 0.996741 0.061467 -22.936577 0.873817 0.015817 0.485998 162.330887
0.487297 0.078263 -0.869723 287.836212 -0.054985 0.996749 0.058885 -22.880100 0.871504 0.019128 0.490015 162.732895
0.489798 0.078211 -0.868321 287.102997 -0.054578 0.996765 0.058993 -22.833176 0.870127 0.018496 0.492483 163.158279
0.492856 0.080495 -0.866380 286.343658 -0.055819 0.996585 0.060838 -22.781958 0.868320 0.018376 0.495666 163.604431
0.496414 0.082735 -0.864135 285.573669 -0.056669 0.996413 0.062844 -22.735304 0.866235 0.017774 0.499321 164.038345
0.497737 0.082311 -0.863414 284.805420 -0.056296 0.996453 0.062540 -22.682297 0.865500 0.017478 0.500605 164.498169
0.499322 0.079850 -0.862729 284.024292 -0.053359 0.996687 0.061365 -22.632818 0.864772 0.015394 0.501929 164.952927
0.500576 0.078184 -0.862155 283.219452 -0.051803 0.996834 0.060320 -22.590778 0.864142 0.014468 0.503041 165.413727
0.500831 0.076861 -0.862126 282.418488 -0.050486 0.996947 0.059552 -22.542093 0.864072 0.013701 0.503182 165.893600
0.501044 0.079773 -0.861737 281.606140 -0.050564 0.996740 0.062870 -22.485718 0.863944 0.012072 0.503444 166.367523
0.502217 0.085121 -0.860542 280.765930 -0.050800 0.996328 0.068905 -22.432688 0.863249 0.009111 0.504697 166.852707
0.504676 0.088376 -0.858774 279.919708 -0.051054 0.996060 0.072501 -22.372456 0.861799 0.007254 0.507200 167.338715
0.505886 0.084645 -0.858437 279.130859 -0.050128 0.996377 0.068705 -22.329376 0.861143 0.008276 0.508296 167.838058
0.509976 0.078528 -0.856598 278.284637 -0.050272 0.996843 0.061454 -22.280895 0.858719 0.011724 0.512313 168.304276
0.513543 0.074914 -0.854788 277.431976 -0.052759 0.997053 0.055685 -22.221027 0.856441 0.016502 0.515982 168.796066
0.517260 0.076045 -0.852443 276.585144 -0.053843 0.996963 0.056265 -22.168131 0.854134 0.016795 0.519783 169.313629
0.523326 0.080484 -0.848324 275.741180 -0.053711 0.996665 0.061424 -22.118921 0.850439 0.013420 0.525904 169.818558
0.530850 0.084368 -0.843256 274.900482 -0.053961 0.996378 0.065718 -22.058874 0.845747 0.010616 0.533480 170.337753
0.539589 0.086070 -0.837518 274.067688 -0.055905 0.996228 0.066362 -22.005131 0.840072 0.011014 0.542365 170.854416
0.548255 0.083300 -0.832153 273.258392 -0.055561 0.996457 0.063141 -21.954668 0.834464 0.011618 0.550940 171.385788
0.556756 0.079648 -0.826849 272.458771 -0.052684 0.996774 0.060542 -21.911417 0.829004 0.009855 0.559156 171.930420
0.565539 0.077997 -0.821026 271.658508 -0.049919 0.996930 0.060322 -21.866673 0.823210 0.006871 0.567696 172.491913
0.573835 0.078862 -0.815165 270.863708 -0.049217 0.996874 0.061795 -21.825525 0.817492 0.004661 0.575923 173.050842
0.582341 0.078342 -0.809161 270.078278 -0.045857 0.996926 0.063518 -21.775070 0.811651 0.000116 0.584144 173.624741
0.590435 0.076839 -0.803420 269.306152 -0.039992 0.997020 0.065965 -21.732527 0.806095 -0.006818 0.591748 174.196091
0.596247 0.077392 -0.799062 268.530853 -0.037687 0.996943 0.068436 -21.678345 0.801917 -0.010691 0.597341 174.796982
0.600753 0.073958 -0.796006 267.764282 -0.032511 0.997147 0.068110 -21.628235 0.798774 -0.015038 0.601444 175.387238
0.603959 0.066667 -0.794223 267.004303 -0.023353 0.997547 0.065975 -21.576046 0.796674 -0.021298 0.604035 175.976486
0.604573 0.062047 -0.794130 266.228027 -0.016873 0.997735 0.065109 -21.518940 0.796372 -0.025963 0.604251 176.580658
0.603903 0.061299 -0.794698 265.443451 -0.013193 0.997670 0.066930 -21.465130 0.796950 -0.029934 0.603305 177.169006
0.601387 0.063340 -0.796445 264.639587 -0.011247 0.997425 0.070831 -21.403891 0.798881 -0.033638 0.600550 177.746750
0.596817 0.061942 -0.799984 263.846497 -0.007070 0.997382 0.071952 -21.348370 0.802347 -0.037286 0.595692 178.336807
0.592211 0.058789 -0.803635 263.052582 0.000322 0.997317 0.073195 -21.286043 0.805783 -0.043606 0.590604 178.919464
0.585607 0.059902 -0.808379 262.257019 -0.001866 0.997362 0.072554 -21.226168 0.810594 -0.040980 0.584174 179.490311
0.578790 0.060381 -0.813238 261.438690 -0.002845 0.997398 0.072029 -21.162951 0.815472 -0.039375 0.577456 180.064880
0.571037 0.054547 -0.819111 260.620728 0.001324 0.997727 0.067364 -21.108540 0.820924 -0.039553 0.569666 180.651215
0.564468 0.048706 -0.824017 259.796417 0.005091 0.998033 0.062479 -21.051792 0.825440 -0.039462 0.563109 181.217590
0.557839 0.042862 -0.828842 258.967285 0.008819 0.998302 0.057561 -20.999962 0.829903 -0.039419 0.556515 181.777390
0.550645 0.047524 -0.833385 258.133301 0.011264 0.997864 0.064346 -20.952110 0.834664 -0.044818 0.548934 182.327988
0.543971 0.049600 -0.837638 257.294556 0.018650 0.997290 0.071165 -20.900806 0.838897 -0.054333 0.541572 182.879990
0.536801 0.048465 -0.842316 256.458008 0.024948 0.997000 0.073264 -20.840214 0.843340 -0.060342 0.533982 183.436172
0.529573 0.046642 -0.846981 255.627365 0.028967 0.996909 0.073010 -20.783018 0.847770 -0.063199 0.526586 183.968201
0.522759 0.044988 -0.851294 254.775925 0.031497 0.996905 0.072025 -20.724667 0.851900 -0.064465 0.519723 184.492645
0.516391 0.040115 -0.855413 253.918640 0.037041 0.996920 0.069111 -20.669193 0.855552 -0.067373 0.513316 185.011475
0.510139 0.035957 -0.859341 253.063644 0.040186 0.997038 0.065574 -20.609303 0.859154 -0.067985 0.507182 185.519867
0.504797 0.034703 -0.862540 252.203934 0.041932 0.997026 0.064655 -20.552900 0.862219 -0.068805 0.501840 186.022629
0.499746 0.035427 -0.865448 251.320053 0.044893 0.996760 0.066725 -20.494509 0.865008 -0.072198 0.496537 186.546997
0.494852 0.039199 -0.868094 250.445969 0.045919 0.996406 0.071168 -20.432009 0.867764 -0.075079 0.491273 187.056519
0.490191 0.043462 -0.870531 249.574326 0.041669 0.996445 0.073213 -20.374409 0.870619 -0.072163 0.486637 187.545273
0.488354 0.044991 -0.871486 248.700836 0.042793 0.996233 0.075410 -20.314569 0.871596 -0.074121 0.484589 188.026428
0.486972 0.046337 -0.872188 247.828232 0.040499 0.996319 0.075543 -20.251200 0.872479 -0.072109 0.483303 188.507019
0.486256 0.046331 -0.872588 246.952927 0.036210 0.996667 0.073096 -20.192509 0.873066 -0.067140 0.482958 188.992416
0.485384 0.040250 -0.873375 246.086197 0.036704 0.997120 0.066351 -20.128853 0.873531 -0.064261 0.482508 189.479767
0.484572 0.036867 -0.873974 245.236938 0.036186 0.997411 0.062136 -20.069040 0.874003 -0.061735 0.481983 189.955917
0.484955 0.035110 -0.873834 244.382645 0.039938 0.997261 0.062234 -20.021122 0.873627 -0.065080 0.482226 190.440094
0.486328 0.034102 -0.873110 243.521591 0.036866 0.997547 0.059496 -19.967926 0.872999 -0.061123 0.483879 190.915710
0.489292 0.033231 -0.871487 242.657578 0.030892 0.997985 0.055399 -19.921665 0.871573 -0.054028 0.487280 191.377579
0.491459 0.031376 -0.870335 241.820007 0.027903 0.998270 0.051744 -19.871624 0.870454 -0.049715 0.489733 191.857300
0.493562 0.035905 -0.868969 240.964767 0.025587 0.998115 0.055775 -19.829903 0.869334 -0.049762 0.491714 192.340530
0.494387 0.042077 -0.868223 240.121948 0.022756 0.997858 0.061317 -19.797695 0.868945 -0.050071 0.492371 192.843170
0.495710 0.045224 -0.867310 239.285934 0.023240 0.997594 0.065299 -19.754568 0.868178 -0.052525 0.493467 193.318405
0.495861 0.046404 -0.867161 238.448120 0.025258 0.997378 0.067815 -19.700575 0.868035 -0.055529 0.493389 193.799622
0.494972 0.046127 -0.867684 237.622787 0.027961 0.997227 0.068964 -19.641069 0.868460 -0.058395 0.492308 194.280960
0.493367 0.045489 -0.868632 236.803192 0.027501 0.997316 0.067849 -19.579884 0.869387 -0.057364 0.490792 194.754379
0.491860 0.042516 -0.869636 235.986282 0.026698 0.997601 0.063874 -19.520004 0.870265 -0.054634 0.489544 195.222961
0.490256 0.040215 -0.870651 235.183472 0.024143 0.997925 0.059688 -19.473087 0.871245 -0.050283 0.488268 195.675385
0.489327 0.041482 -0.871113 234.379486 0.020815 0.998027 0.059218 -19.428917 0.871853 -0.047109 0.487498 196.118149
0.488366 0.045189 -0.871469 233.576370 0.019786 0.997828 0.062828 -19.386219 0.872415 -0.047926 0.486411 196.557083
0.487254 0.047141 -0.871987 232.773773 0.024542 0.997407 0.067636 -19.342571 0.872916 -0.054357 0.484834 197.001938
0.486200 0.047989 -0.872529 231.987518 0.028691 0.997075 0.070826 -19.287352 0.873377 -0.059470 0.483402 197.441452
0.484831 0.050367 -0.873156 231.202896 0.025727 0.997087 0.071800 -19.240427 0.874230 -0.057275 0.482122 197.870499
0.483361 0.045294 -0.874249 230.441818 0.024721 0.997556 0.065351 -19.201540 0.875073 -0.053201 0.481059 198.280411
0.481768 0.034857 -0.875605 229.699234 0.027995 0.998086 0.055136 -19.163450 0.875853 -0.051075 0.479869 198.686539
0.480396 0.030380 -0.876526 228.960464 0.031743 0.998143 0.051992 -19.112667 0.876478 -0.052800 0.478539 199.095474
0.479223 0.037091 -0.876909 228.227325 0.028994 0.997892 0.058053 -19.069733 0.877215 -0.053245 0.477136 199.487350
0.477015 0.046473 -0.877666 227.495407 0.028782 0.997239 0.068448 -19.033068 0.878425 -0.057912 0.474360 199.879456
0.474363 0.048684 -0.878982 226.801147 0.028666 0.997085 0.070696 -18.991144 0.879863 -0.058733 0.471585 200.254837
0.472176 0.044632 -0.880374 226.124863 0.028534 0.997420 0.065869 -18.953953 0.881043 -0.056223 0.469685 200.616882
0.471014 0.041721 -0.881140 225.468445 0.024914 0.997853 0.060565 -18.917439 0.881775 -0.050480 0.468962 200.952026
0.470089 0.042044 -0.881618 224.817871 0.020829 0.998058 0.058702 -18.879768 0.882375 -0.045958 0.468300 201.288986
0.468802 0.044446 -0.882185 224.172882 0.020712 0.997905 0.061282 -18.851006 0.883061 -0.047001 0.466899 201.626495
0.467423 0.046695 -0.882800 223.544922 0.019949 0.997792 0.063340 -18.823877 0.883809 -0.047217 0.465460 201.959229
0.465957 0.051262 -0.883322 222.921112 0.015125 0.997713 0.065879 -18.780363 0.884679 -0.044057 0.464115 202.289093
0.464600 0.055924 -0.883753 222.326889 0.013241 0.997453 0.070079 -18.742790 0.885422 -0.044261 0.462676 202.600250
0.463541 0.057272 -0.884223 221.745377 0.015806 0.997215 0.072876 -18.709299 0.885935 -0.047756 0.461344 202.909393
0.462311 0.054094 -0.885067 221.199997 0.019480 0.997277 0.071127 -18.684946 0.886505 -0.050124 0.459998 203.208160
0.462474 0.049737 -0.885237 220.676468 0.019177 0.997631 0.066071 -18.653378 0.886426 -0.047532 0.460425 203.492554
0.463652 0.047164 -0.884761 220.155411 0.017060 0.997922 0.062135 -18.618225 0.885854 -0.043903 0.461884 203.758850
0.463788 0.047167 -0.884690 219.664398 0.015954 0.997974 0.061570 -18.572842 0.885803 -0.042670 0.462096 204.043198
0.466563 0.047792 -0.883197 219.191574 0.017549 0.997842 0.063266 -18.544678 0.884315 -0.045016 0.464717 204.305801
0.469821 0.049486 -0.881374 218.740921 0.017419 0.997713 0.065302 -18.512632 0.882591 -0.046032 0.467883 204.581543
0.473895 0.049533 -0.879187 218.315155 0.016369 0.997748 0.065036 -18.483116 0.880430 -0.045212 0.472017 204.832932
0.478791 0.047123 -0.876664 217.908447 0.018050 0.997819 0.063493 -18.458021 0.877744 -0.046223 0.476895 205.067780
0.484886 0.045498 -0.873394 217.530121 0.018769 0.997874 0.062402 -18.436451 0.874377 -0.046650 0.483001 205.289917
0.491822 0.046924 -0.869431 217.171890 0.018813 0.997741 0.064491 -18.416668 0.870494 -0.048075 0.489828 205.510910
0.498615 0.051905 -0.865269 216.835449 0.016988 0.997429 0.069622 -18.394539 0.866659 -0.049413 0.496449 205.710770
0.506868 0.056522 -0.860169 216.526520 0.015503 0.997089 0.074654 -18.373030 0.861885 -0.051175 0.504516 205.896255
0.515576 0.058619 -0.854837 216.246292 0.013674 0.996966 0.076612 -18.355501 0.856736 -0.051188 0.513210 206.069351
0.524376 0.058915 -0.849446 215.994156 0.011271 0.997035 0.076110 -18.338081 0.851412 -0.049484 0.522157 206.230576
0.533784 0.058490 -0.843596 215.767715 0.009792 0.997110 0.075330 -18.324606 0.845565 -0.048471 0.531669 206.380402
0.542233 0.057231 -0.838277 215.564148 0.009703 0.997184 0.074356 -18.311384 0.840173 -0.048450 0.540151 206.526230
0.550545 0.053735 -0.833075 215.367554 0.010923 0.997376 0.071551 -18.298168 0.834736 -0.048492 0.548513 206.670288
0.558816 0.050764 -0.827738 215.167313 0.009875 0.997646 0.067850 -18.287659 0.829234 -0.046089 0.556999 206.808914
0.567247 0.049802 -0.822041 214.963303 0.006758 0.997854 0.065116 -18.280813 0.823521 -0.042492 0.565693 206.948730
0.575446 0.048542 -0.816399 214.768158 0.004063 0.998055 0.062207 -18.264591 0.817831 -0.039114 0.574129 207.089813
0.583182 0.046757 -0.810996 214.578171 0.002310 0.998243 0.059213 -18.244640 0.812339 -0.036405 0.582048 207.237396
0.590567 0.043499 -0.805815 214.392090 0.002908 0.998425 0.056027 -18.233686 0.806984 -0.035430 0.589511 207.391678
0.597975 0.040766 -0.800478 214.204498 0.003936 0.998544 0.053793 -18.221025 0.801506 -0.035317 0.596944 207.544617
0.605460 0.040319 -0.794855 214.014175 0.002202 0.998627 0.052331 -18.209339 0.795874 -0.033434 0.604539 207.693939
0.612376 0.042618 -0.789418 213.822784 -0.003164 0.998669 0.051461 -18.198956 0.790562 -0.029015 0.611696 207.841705
0.618677 0.046474 -0.784269 213.630646 -0.009239 0.998610 0.051887 -18.186596 0.785592 -0.024855 0.618247 207.991577
0.624761 0.049350 -0.779256 213.438751 -0.012745 0.998512 0.053017 -18.183340 0.780713 -0.023192 0.624461 208.148880
0.630778 0.045207 -0.774646 213.248550 -0.011364 0.998732 0.049030 -18.186172 0.775881 -0.022124 0.630492 208.318954
0.636694 0.035686 -0.770291 213.048599 -0.007949 0.999179 0.039720 -18.174549 0.771077 -0.019166 0.636454 208.505905
0.642098 0.028454 -0.766095 212.827469 -0.005549 0.999457 0.032469 -18.164557 0.766603 -0.016597 0.641907 208.710052
0.646620 0.026585 -0.762350 212.582138 -0.006979 0.999556 0.028936 -18.145947 0.762781 -0.013390 0.646519 208.939651
0.650505 0.030054 -0.758907 212.294571 -0.010569 0.999478 0.030521 -18.133242 0.759429 -0.011833 0.650482 209.170807
0.652076 0.032163 -0.757472 211.990860 -0.011553 0.999405 0.032488 -18.123301 0.758067 -0.012433 0.652059 209.431229
0.651107 0.034237 -0.758214 211.670410 -0.016026 0.999379 0.031364 -18.100754 0.758817 -0.008270 0.651251 209.708984
0.648716 0.035466 -0.760204 211.319244 -0.020348 0.999364 0.029260 -18.080515 0.760759 -0.003512 0.649025 209.994217
0.644941 0.036569 -0.763358 210.955231 -0.020114 0.999321 0.030880 -18.061844 0.763968 -0.004561 0.645238 210.298416
0.641164 0.036586 -0.766532 210.572693 -0.015556 0.999277 0.034682 -18.050568 0.767247 -0.010313 0.641270 210.619598
0.636117 0.038669 -0.770624 210.167068 -0.012914 0.999137 0.039476 -18.037853 0.771487 -0.015160 0.636067 210.954498
0.629556 0.042560 -0.775788 209.743423 -0.011686 0.998904 0.045317 -18.011057 0.776868 -0.019464 0.629363 211.294418
0.621804 0.050342 -0.781554 209.295700 -0.013584 0.998475 0.053508 -17.982557 0.783056 -0.022654 0.621540 211.635086
0.613374 0.055890 -0.787813 208.829819 -0.015143 0.998141 0.059021 -17.951468 0.789648 -0.024272 0.613080 211.975052
0.604329 0.058162 -0.794610 208.352921 -0.013236 0.997926 0.062978 -17.922096 0.796626 -0.027542 0.603845 212.327606
0.595659 0.056452 -0.801252 207.858032 -0.005788 0.997803 0.065998 -17.886200 0.803218 -0.034675 0.594676 212.698242
0.586143 0.051887 -0.808545 207.353226 -0.001139 0.997999 0.063219 -17.846233 0.810208 -0.036134 0.585028 213.065460
0.576941 0.044833 -0.815555 206.829681 0.004057 0.998323 0.057749 -17.808382 0.816777 -0.036626 0.575791 213.429962
0.566901 0.041650 -0.822733 206.280533 0.006339 0.998471 0.054915 -17.772091 0.823763 -0.036347 0.565770 213.797760
0.556507 0.036838 -0.830027 205.715332 0.009777 0.998657 0.050877 -17.724625 0.830787 -0.036428 0.555399 214.173309
0.546168 0.031274 -0.837092 205.144547 0.015859 0.998737 0.047660 -17.689230 0.837526 -0.039306 0.544982 214.547791
0.536784 0.027774 -0.843263 204.560242 0.024692 0.998512 0.048605 -17.661205 0.843359 -0.046913 0.535299 214.928864
0.527936 0.025813 -0.848892 203.962723 0.029724 0.998364 0.048843 -17.629179 0.848764 -0.051019 0.526305 215.300949
0.520488 0.023306 -0.853551 203.360687 0.036787 0.998087 0.049684 -17.596979 0.853077 -0.057259 0.518634 215.667007
0.512821 0.025841 -0.858107 202.700912 0.038040 0.997880 0.052783 -17.553049 0.857654 -0.059710 0.510751 216.070038
0.507617 0.029307 -0.861085 202.054550 0.044871 0.997165 0.060390 -17.522224 0.860414 -0.069292 0.504862 216.448303
0.504136 0.031980 -0.863033 201.405991 0.050475 0.996514 0.066411 -17.485527 0.862149 -0.077043 0.500764 216.816833
0.501714 0.034058 -0.864363 200.742188 0.051287 0.996296 0.069026 -17.450224 0.863513 -0.078963 0.498108 217.193069
0.499843 0.032190 -0.865518 200.076248 0.050898 0.996490 0.066456 -17.408848 0.864619 -0.077270 0.496450 217.568100
0.498698 0.027230 -0.866349 199.396439 0.052293 0.996741 0.061429 -17.358076 0.865199 -0.075938 0.495648 217.954269
0.497501 0.027872 -0.867017 198.711075 0.051074 0.996808 0.061351 -17.313147 0.865960 -0.074805 0.494489 218.344971
0.497876 0.031397 -0.866680 198.005142 0.048808 0.996746 0.064147 -17.274399 0.865874 -0.074238 0.494723 218.730011
0.497492 0.035104 -0.866758 197.292877 0.043921 0.996879 0.065583 -17.228912 0.866357 -0.070697 0.494398 219.117493
0.497239 0.035457 -0.866889 196.575867 0.038527 0.997276 0.062889 -17.186678 0.866758 -0.064669 0.494518 219.507599
0.496885 0.032865 -0.867195 195.856445 0.035679 0.997663 0.058252 -17.142931 0.867083 -0.059885 0.494550 219.907990
0.496191 0.028886 -0.867732 195.131012 0.033775 0.998047 0.052537 -17.099428 0.867557 -0.055376 0.494246 220.318588
0.496317 0.028041 -0.867689 194.387955 0.032522 0.998175 0.050859 -17.054369 0.867533 -0.053461 0.494499 220.735458
0.496085 0.029070 -0.867787 193.641846 0.033911 0.998027 0.052818 -17.011236 0.867612 -0.055629 0.494121 221.170639
0.496024 0.032635 -0.867695 192.878052 0.035862 0.997671 0.058024 -16.964907 0.867568 -0.059898 0.493698 221.614380
0.496172 0.036694 -0.867449 192.119873 0.037386 0.997277 0.063569 -16.916502 0.867420 -0.063972 0.493449 222.051743
0.496530 0.040176 -0.867090 191.351837 0.037299 0.997018 0.067555 -16.868151 0.867219 -0.065884 0.493551 222.488297
0.496982 0.042102 -0.866739 190.581863 0.032979 0.997183 0.067348 -16.829361 0.867135 -0.062055 0.494194 222.918488
0.497191 0.041618 -0.866643 189.809052 0.028829 0.997505 0.064441 -16.775850 0.867163 -0.057023 0.494750 223.364029
0.497240 0.037204 -0.866816 189.039368 0.029889 0.997752 0.059969 -16.721655 0.867099 -0.055727 0.495010 223.815262
0.496944 0.036708 -0.867006 188.265030 0.030498 0.997748 0.059723 -16.676994 0.867247 -0.056122 0.494706 224.271744
0.496663 0.036739 -0.867166 187.483536 0.031020 0.997714 0.060036 -16.631266 0.867390 -0.056717 0.494387 224.717438
0.498589 0.037870 -0.866011 186.716705 0.031866 0.997569 0.061969 -16.589523 0.866253 -0.058493 0.496169 225.123260
0.498326 0.037506 -0.866179 185.954910 0.032252 0.997570 0.061750 -16.547152 0.866391 -0.058707 0.495906 225.559875
0.497886 0.040238 -0.866309 185.190704 0.029448 0.997562 0.063258 -16.506048 0.866744 -0.057006 0.495487 225.991150
0.497721 0.040762 -0.866379 184.435516 0.031600 0.997379 0.065079 -16.455523 0.866763 -0.059769 0.495128 226.425629
0.498417 0.039384 -0.866043 183.675644 0.035408 0.997209 0.065727 -16.411655 0.866215 -0.063425 0.495631 226.854904
0.497934 0.035165 -0.866502 182.918610 0.035888 0.997486 0.061103 -16.371420 0.866473 -0.061522 0.495420 227.288696
0.496195 0.026728 -0.867800 182.171616 0.036799 0.997980 0.051779 -16.329174 0.867431 -0.057626 0.494208 227.726135
0.494463 0.022422 -0.868910 181.428467 0.038664 0.998110 0.047757 -16.288740 0.868339 -0.057210 0.492661 228.150696
0.493472 0.024087 -0.869429 180.674683 0.042765 0.997735 0.051915 -16.254765 0.868710 -0.062799 0.491324 228.585022
0.492719 0.030979 -0.869637 179.933655 0.040442 0.997470 0.058447 -16.228525 0.869248 -0.063968 0.490220 229.000946
0.492179 0.033633 -0.869844 179.192093 0.036367 0.997586 0.059149 -16.196354 0.869735 -0.060745 0.489767 229.412979
0.491038 0.030559 -0.870602 178.482834 0.037559 0.997712 0.056204 -16.159473 0.870330 -0.060296 0.488766 229.814621
0.490186 0.027030 -0.871199 177.789886 0.042690 0.997574 0.054970 -16.122475 0.870572 -0.064137 0.487844 230.207932
0.488825 0.029847 -0.871872 177.099655 0.041711 0.997471 0.057533 -16.092640 0.871385 -0.064490 0.486343 230.594955
0.487349 0.031959 -0.872623 176.439697 0.042329 0.997290 0.060164 -16.062981 0.872181 -0.066258 0.484675 230.963776
0.484592 0.029994 -0.874226 175.794220 0.045032 0.997231 0.059176 -16.030767 0.873582 -0.068043 0.481899 231.326080
0.480962 0.029093 -0.876258 175.146347 0.046910 0.997163 0.058855 -15.999217 0.875487 -0.069412 0.478233 231.687042
0.476922 0.031681 -0.878376 174.520874 0.043976 0.997238 0.059845 -15.965203 0.877846 -0.067169 0.474211 232.012299
0.472870 0.034254 -0.880466 173.895172 0.041053 0.997302 0.060847 -15.930520 0.880176 -0.064919 0.470188 232.334061
0.465889 0.038478 -0.884007 173.309387 0.037701 0.997283 0.063278 -15.904870 0.884041 -0.062809 0.463172 232.627396
0.458365 0.041111 -0.887812 172.762833 0.037202 0.997166 0.065381 -15.892776 0.887985 -0.062997 0.455537 232.894287
0.448824 0.039832 -0.892732 172.218674 0.034524 0.997487 0.061862 -15.866914 0.892954 -0.058585 0.446320 233.155075
0.437507 0.032933 -0.898612 171.685684 0.037687 0.997779 0.054916 -15.843476 0.898425 -0.057892 0.435295 233.406708
0.422431 0.025275 -0.906043 171.161499 0.043545 0.997890 0.048139 -15.827836 0.905350 -0.059789 0.420439 233.651215
0.403101 0.021202 -0.914910 170.613235 0.046911 0.997938 0.043795 -15.801339 0.913953 -0.060573 0.401275 233.880936
0.378226 0.022875 -0.925431 170.074890 0.046143 0.997985 0.043528 -15.777020 0.924563 -0.059165 0.376408 234.076599
0.349412 0.028932 -0.936523 169.515411 0.042850 0.997983 0.046819 -15.748277 0.935989 -0.056490 0.347467 234.259689
0.318483 0.035384 -0.947268 168.949982 0.039837 0.997921 0.050669 -15.730504 0.947092 -0.053874 0.316410 234.425934
0.285327 0.040116 -0.957591 168.398163 0.038255 0.997850 0.053201 -15.710530 0.957667 -0.051812 0.283179 234.565048
0.250126 0.044723 -0.967180 167.842468 0.034939 0.997864 0.055178 -15.687581 0.967583 -0.047593 0.248029 234.683975
0.214481 0.048337 -0.975532 167.288025 0.033411 0.997827 0.056787 -15.667403 0.976157 -0.044773 0.212400 234.782700
0.179204 0.050294 -0.982526 166.733246 0.031733 0.997876 0.056867 -15.642119 0.983301 -0.041369 0.177227 234.861832
0.143968 0.052021 -0.988215 166.179840 0.031154 0.997883 0.057068 -15.617072 0.989092 -0.039003 0.142043 234.925949
0.107759 0.053733 -0.992724 165.619186 0.029101 0.997939 0.057174 -15.593040 0.993752 -0.035051 0.105973 234.971100
0.072904 0.052708 -0.995946 165.057449 0.024958 0.998193 0.054654 -15.564937 0.997027 -0.028842 0.071456 234.985184
0.039510 0.052819 -0.997823 164.486221 0.018785 0.998386 0.053592 -15.536447 0.999043 -0.020862 0.038454 234.985214
0.011621 0.055275 -0.998404 163.902084 0.014745 0.998352 0.055444 -15.508992 0.999824 -0.015366 0.010786 234.972885
-0.010711 0.059259 -0.998186 163.293518 0.015308 0.998135 0.059091 -15.470448 0.999826 -0.014647 -0.011598 234.951477
-0.029092 0.066074 -0.997391 162.676575 0.014362 0.997737 0.065678 -15.434859 0.999474 -0.012413 -0.029975 234.923447
-0.043358 0.072465 -0.996429 162.055847 0.011937 0.997332 0.072011 -15.399100 0.998989 -0.008772 -0.044107 234.885040
-0.055004 0.073662 -0.995766 161.422729 0.006902 0.997278 0.073392 -15.359946 0.998462 -0.002835 -0.055364 234.829041
-0.064841 0.074298 -0.995126 160.778793 0.003358 0.997235 0.074237 -15.315053 0.997890 0.001472 -0.064911 234.776382
-0.069936 0.074570 -0.994761 160.120483 0.004259 0.997215 0.074454 -15.269263 0.997543 0.000970 -0.070060 234.729492
-0.072134 0.073804 -0.994661 159.445160 0.008176 0.997268 0.073404 -15.219056 0.997362 -0.002838 -0.072541 234.675674
-0.074132 0.074100 -0.994492 158.754227 0.013455 0.997219 0.073300 -15.178963 0.997158 -0.007947 -0.074923 234.627518
-0.075136 0.071510 -0.994606 158.046677 0.015253 0.997391 0.070558 -15.131516 0.997057 -0.009870 -0.076032 234.570419
-0.075993 0.066778 -0.994870 157.332489 0.019086 0.997669 0.065507 -15.085505 0.996926 -0.014009 -0.077092 234.524750
-0.075906 0.062433 -0.995159 156.606155 0.024414 0.997855 0.060739 -15.043077 0.996816 -0.019685 -0.077268 234.473709
-0.075570 0.059784 -0.995347 155.845215 0.026643 0.997965 0.057918 -14.990140 0.996785 -0.022142 -0.077009 234.415314
-0.075227 0.061745 -0.995253 155.068039 0.026831 0.997844 0.059878 -14.938791 0.996806 -0.022199 -0.076722 234.359879
-0.074105 0.067356 -0.994974 154.276657 0.026913 0.997487 0.065522 -14.892910 0.996888 -0.021923 -0.075732 234.302383
-0.072591 0.070286 -0.994883 153.480087 0.028037 0.997262 0.068409 -14.848235 0.996968 -0.022927 -0.074364 234.250443
-0.069622 0.066493 -0.995355 152.658936 0.025587 0.997567 0.064851 -14.803937 0.997245 -0.020953 -0.071155 234.183807
-0.066479 0.057088 -0.996154 151.824142 0.024166 0.998161 0.055591 -14.747608 0.997496 -0.020377 -0.067736 234.129425
-0.062550 0.051264 -0.996725 150.967194 0.027665 0.998385 0.049612 -14.699027 0.997658 -0.024470 -0.063868 234.076889
-0.058464 0.050826 -0.996995 150.090302 0.033257 0.998248 0.048940 -14.637918 0.997736 -0.030296 -0.060052 234.039276
-0.054156 0.053566 -0.997095 149.186859 0.038029 0.997946 0.051545 -14.595328 0.997809 -0.035126 -0.056082 234.005463
-0.049337 0.056228 -0.997199 148.272888 0.038614 0.997775 0.054350 -14.546874 0.998036 -0.035824 -0.051399 233.953949
-0.045145 0.058527 -0.997265 147.345337 0.040963 0.997550 0.056690 -14.499354 0.998140 -0.038292 -0.047432 233.919113
-0.040966 0.062419 -0.997209 146.410355 0.042943 0.997234 0.060656 -14.449367 0.998238 -0.040338 -0.043533 233.878647
-0.037574 0.064531 -0.997208 145.463806 0.041172 0.997164 0.062977 -14.405295 0.998446 -0.038691 -0.040125 233.838333
-0.034341 0.061048 -0.997545 144.512146 0.048243 0.997069 0.059358 -14.357244 0.998246 -0.046086 -0.037186 233.806259
-0.033261 0.056027 -0.997876 143.546768 0.057052 0.996905 0.054071 -14.303501 0.997818 -0.055133 -0.036355 233.790771
-0.033526 0.047626 -0.998303 142.565628 0.055792 0.997395 0.045709 -14.257536 0.997879 -0.054165 -0.036096 233.759201
-0.033686 0.042050 -0.998548 141.570343 0.059852 0.997405 0.039983 -14.219312 0.997639 -0.058418 -0.036116 233.727921
-0.034058 0.040758 -0.998588 140.569382 0.063099 0.997262 0.038552 -14.185257 0.997427 -0.061697 -0.036538 233.698837
-0.033418 0.048849 -0.998247 139.547775 0.057004 0.997272 0.046893 -14.159497 0.997815 -0.055337 -0.036112 233.645859
-0.034178 0.061041 -0.997550 138.515579 0.053337 0.996822 0.059169 -14.115103 0.997992 -0.051183 -0.037326 233.602173
-0.036093 0.070264 -0.996876 137.475998 0.051172 0.996346 0.068374 -14.056238 0.998038 -0.048545 -0.039557 233.557800
-0.037821 0.070125 -0.996821 136.455551 0.052273 0.996307 0.068104 -13.999310 0.997917 -0.049531 -0.041348 233.506409
-0.039552 0.069986 -0.996763 135.434204 0.053375 0.996267 0.067833 -13.942615 0.997791 -0.050519 -0.043141 233.453156
-0.042296 0.061233 -0.997228 134.422928 0.054996 0.996749 0.058871 -13.891604 0.997591 -0.052352 -0.045528 233.407501
-0.045315 0.057364 -0.997325 133.392609 0.055701 0.996941 0.054812 -13.830235 0.997419 -0.053068 -0.048372 233.367279
-0.047697 0.059536 -0.997086 132.362656 0.055621 0.996831 0.056860 -13.782405 0.997313 -0.052747 -0.050858 233.312622
-0.050545 0.063341 -0.996712 131.338455 0.053427 0.996729 0.060633 -13.733004 0.997292 -0.050187 -0.053765 233.255432
-0.052001 0.070432 -0.996161 130.313614 0.054085 0.996244 0.067614 -13.677082 0.997182 -0.050361 -0.055615 233.195694
-0.053078 0.078900 -0.995469 129.277588 0.053736 0.995655 0.076049 -13.621750 0.997144 -0.049456 -0.057088 233.132935
-0.054656 0.079310 -0.995351 128.256516 0.051110 0.995756 0.076535 -13.561746 0.997196 -0.046690 -0.058478 233.073685
-0.055437 0.072622 -0.995818 127.230247 0.049473 0.996326 0.069905 -13.501456 0.997236 -0.045391 -0.058826 233.001709
-0.056574 0.065443 -0.996252 126.220955 0.050914 0.996740 0.062583 -13.443500 0.997100 -0.047182 -0.059721 232.946915
-0.056600 0.064732 -0.996297 125.205299 0.051023 0.996779 0.061864 -13.398573 0.997093 -0.047332 -0.059722 232.883270
-0.057307 0.069154 -0.995959 124.201088 0.052853 0.996409 0.066144 -13.348763 0.996957 -0.048848 -0.060757 232.837845
-0.056095 0.076255 -0.995509 123.217354 0.052701 0.995915 0.073317 -13.293873 0.997034 -0.048351 -0.059885 232.763641
-0.055587 0.078470 -0.995366 122.208664 0.054461 0.995661 0.075450 -13.240663 0.996967 -0.050015 -0.059620 232.706421
-0.053084 0.075791 -0.995711 121.222374 0.053595 0.995894 0.072947 -13.186003 0.997151 -0.049493 -0.056928 232.633987
-0.052114 0.070145 -0.996175 120.236656 0.052169 0.996359 0.067429 -13.123089 0.997278 -0.048455 -0.055585 232.582397
-0.051137 0.064500 -0.996607 119.250542 0.050747 0.996791 0.061907 -13.065642 0.997402 -0.047409 -0.054247 232.532104
-0.049783 0.056948 -0.997136 118.274536 0.054316 0.997049 0.054231 -13.023064 0.997282 -0.051462 -0.052730 232.479736
-0.048002 0.055662 -0.997295 117.284416 0.054927 0.997082 0.053006 -12.976824 0.997337 -0.052234 -0.050920 232.414093
-0.046394 0.061134 -0.997051 116.314453 0.058399 0.996584 0.058388 -12.932085 0.997215 -0.055518 -0.049806 232.364899
-0.045246 0.068657 -0.996615 115.327820 0.062537 0.995873 0.065767 -12.885814 0.997017 -0.059350 -0.049354 232.329102
-0.043199 0.068963 -0.996683 114.357407 0.061464 0.995908 0.066245 -12.840178 0.997174 -0.058399 -0.047262 232.273315
-0.042216 0.067912 -0.996799 113.388733 0.061186 0.995990 0.065265 -12.786605 0.997234 -0.058235 -0.046203 232.221344
-0.041637 0.066696 -0.996905 112.438980 0.066602 0.995735 0.063836 -12.741199 0.996911 -0.063739 -0.045902 232.178757
-0.041132 0.065216 -0.997024 111.479095 0.067892 0.995743 0.062331 -12.696433 0.996845 -0.065126 -0.045385 232.126694
-0.041794 0.063482 -0.997107 110.512352 0.068326 0.995824 0.060536 -12.644265 0.996788 -0.065597 -0.045958 232.084793
-0.043078 0.067576 -0.996784 109.559303 0.072359 0.995300 0.064348 -12.598902 0.996448 -0.069354 -0.047765 232.046921
-0.044902 0.073494 -0.996285 108.613823 0.074450 0.994763 0.070026 -12.548567 0.996213 -0.071029 -0.050139 232.003586
-0.046142 0.074731 -0.996136 107.667847 0.074068 0.994708 0.071192 -12.492787 0.996185 -0.070497 -0.051434 231.957962
-0.049156 0.073352 -0.996094 106.734367 0.074274 0.994807 0.069591 -12.439553 0.996026 -0.070564 -0.054351 231.913147
-0.052515 0.074271 -0.995855 105.793839 0.074048 0.994774 0.070284 -12.378975 0.995872 -0.070050 -0.057741 231.860779
-0.055578 0.078062 -0.995398 104.854614 0.071304 0.994703 0.074026 -12.322673 0.995905 -0.066862 -0.060850 231.796814
-0.058766 0.079121 -0.995131 103.939552 0.069118 0.994784 0.075012 -12.275332 0.995877 -0.064374 -0.063929 231.732468
-0.061868 0.076500 -0.995148 103.034897 0.067217 0.995113 0.072319 -12.217066 0.995819 -0.062417 -0.066709 231.668854
-0.064813 0.075408 -0.995045 102.151321 0.068334 0.995135 0.070964 -12.173455 0.995556 -0.063396 -0.069652 231.607803
-0.067000 0.074152 -0.994994 101.292458 0.067153 0.995308 0.069653 -12.125268 0.995491 -0.062150 -0.071666 231.543564
-0.068363 0.073975 -0.994915 100.449539 0.065029 0.995457 0.069546 -12.082271 0.995539 -0.059943 -0.072864 231.478210
-0.069083 0.072471 -0.994976 99.640076 0.063011 0.995683 0.068147 -12.036139 0.995620 -0.057986 -0.073352 231.413651
-0.069743 0.073671 -0.994842 98.826385 0.062120 0.995654 0.069376 -11.994952 0.995629 -0.056961 -0.074017 231.357391
-0.070288 0.075160 -0.994692 98.018272 0.058212 0.995766 0.071128 -11.935535 0.995828 -0.052903 -0.074366 231.308990
-0.068313 0.076429 -0.994732 97.259888 0.055364 0.995815 0.072710 -11.901522 0.996127 -0.050105 -0.072259 231.241180
-0.064583 0.077290 -0.994915 96.518021 0.054051 0.995803 0.073850 -11.863690 0.996448 -0.049006 -0.068489 231.173187
-0.058991 0.078396 -0.995176 95.797157 0.054454 0.995679 0.075208 -11.823006 0.996773 -0.049755 -0.063005 231.110626
-0.053026 0.079371 -0.995434 95.089981 0.052943 0.995657 0.076569 -11.776601 0.997189 -0.048641 -0.056998 231.076736
-0.045371 0.080354 -0.995733 94.398827 0.050975 0.995647 0.078023 -11.744915 0.997669 -0.047217 -0.049271 231.050507
-0.035081 0.079458 -0.996221 93.725433 0.048791 0.995781 0.077704 -11.699654 0.998194 -0.045880 -0.038810 231.036758
-0.021653 0.077012 -0.996796 93.077179 0.048194 0.995950 0.075899 -11.660833 0.998604 -0.046396 -0.025277 231.035004
-0.005131 0.074250 -0.997227 92.447876 0.048528 0.996083 0.073915 -11.622307 0.998809 -0.048014 -0.008715 231.045151
0.014819 0.073089 -0.997216 91.832489 0.050837 0.995979 0.073754 -11.586365 0.998598 -0.051789 0.011043 231.076599
0.036880 0.072651 -0.996675 91.228241 0.049696 0.995986 0.074440 -11.542165 0.998084 -0.052276 0.033121 231.121857
0.062050 0.072876 -0.995409 90.627014 0.047310 0.995995 0.075868 -11.500255 0.996952 -0.051799 0.058354 231.178360
0.089949 0.074227 -0.993177 90.028679 0.042989 0.996000 0.078331 -11.458105 0.995018 -0.049741 0.086398 231.247818
0.120793 0.074509 -0.989878 89.433334 0.039265 0.996039 0.079763 -11.417566 0.991901 -0.048502 0.117389 231.331085
0.155966 0.070262 -0.985260 88.845169 0.038131 0.996295 0.077085 -11.344914 0.987027 -0.049590 0.152709 231.421249
0.192877 0.066214 -0.978986 88.274658 0.032236 0.996753 0.073767 -11.297112 0.980694 -0.045787 0.190116 231.548782
0.231906 0.062044 -0.970758 87.709023 0.023825 0.997302 0.069433 -11.252521 0.972447 -0.039230 0.229802 231.692001
0.272913 0.059385 -0.960204 87.153656 0.016487 0.997657 0.066387 -11.214902 0.961898 -0.033948 0.271294 231.864594
0.317865 0.060275 -0.946219 86.602089 0.007029 0.997799 0.065922 -11.208918 0.948111 -0.027606 0.316741 232.047348
0.366347 0.059275 -0.928589 86.052620 -0.003336 0.998046 0.062394 -11.165514 0.930473 -0.019760 0.365829 232.254730
0.415908 0.059533 -0.907456 85.531982 -0.016534 0.998185 0.057906 -11.130151 0.909258 -0.009079 0.416137 232.502518
0.467008 0.059378 -0.882258 85.034973 -0.017219 0.998164 0.058065 -11.095903 0.884086 -0.011925 0.467173 232.797379
0.518919 0.061290 -0.852624 84.543282 -0.021446 0.998045 0.058690 -11.061916 0.854555 -0.012170 0.519218 233.117188
0.570495 0.065177 -0.818711 84.075890 -0.025714 0.997775 0.061513 -11.031345 0.820899 -0.014040 0.570901 233.476974
0.620589 0.065577 -0.781390 83.623100 -0.026969 0.997691 0.062311 -10.999141 0.783673 -0.017595 0.620925 233.867157
0.666735 0.063332 -0.742599 83.212776 -0.026862 0.997777 0.060977 -10.971019 0.744812 -0.020707 0.666954 234.287354
0.709256 0.058455 -0.702525 82.820854 -0.027390 0.998088 0.055395 -10.950283 0.704420 -0.020047 0.709500 234.725113
0.748620 0.055889 -0.660640 82.451462 -0.033681 0.998359 0.046293 -10.927688 0.662144 -0.012404 0.749274 235.173141
0.784784 0.054587 -0.617361 82.090775 -0.043516 0.998508 0.032971 -10.901937 0.618241 0.000990 0.785988 235.646606
0.817794 0.047400 -0.573555 81.782646 -0.042472 0.998855 0.021989 -10.877939 0.573942 0.006378 0.818871 236.140945
0.848725 0.038079 -0.527464 81.486053 -0.034507 0.999266 0.016615 -10.861934 0.527710 0.004100 0.849416 236.679855
0.876909 0.032899 -0.479530 81.219101 -0.029122 0.999458 0.015315 -10.858858 0.479775 0.000536 0.877392 237.245529
0.901705 0.031788 -0.431182 80.957977 -0.027689 0.999491 0.015780 -10.845893 0.431465 -0.002290 0.902127 237.837128
0.922756 0.032228 -0.384036 80.740929 -0.029032 0.999478 0.014119 -10.843739 0.384291 -0.001878 0.923210 238.433121
0.940740 0.028764 -0.337910 80.547813 -0.025837 0.999579 0.013156 -10.828443 0.338147 -0.003645 0.941087 239.052704
0.955512 0.026546 -0.293756 80.388374 -0.024112 0.999638 0.011906 -10.819425 0.293967 -0.004293 0.955806 239.697983
0.968125 0.029659 -0.248707 80.232620 -0.028208 0.999557 0.009392 -10.815088 0.248876 -0.002077 0.968534 240.351273
0.977987 0.028657 -0.206693 80.106659 -0.028438 0.999587 0.004029 -10.809849 0.206724 0.001937 0.978397 241.017197
0.985424 0.018860 -0.169070 79.987122 -0.020155 0.999778 -0.005943 -10.818513 0.168921 0.009264 0.985587 241.714432
0.990369 0.012831 -0.137860 79.899292 -0.015013 0.999778 -0.014800 -10.826314 0.137639 0.016728 0.990342 242.411560
0.993839 0.011289 -0.110258 79.822166 -0.013381 0.999744 -0.018251 -10.831325 0.110024 0.019614 0.993736 243.122482
0.996066 0.012013 -0.087805 79.775902 -0.013243 0.999821 -0.013426 -10.853891 0.087629 0.014536 0.996048 243.840164
0.997558 0.011913 -0.068815 79.716164 -0.012224 0.999917 -0.004097 -10.853915 0.068762 0.004928 0.997621 244.595703
0.998497 0.014070 -0.052986 79.679291 -0.013774 0.999887 0.005957 -10.868606 0.053064 -0.005218 0.998578 245.333405
0.999157 0.011568 -0.039391 79.634018 -0.011221 0.999895 0.009032 -10.868041 0.039493 -0.008582 0.999183 246.092133
0.999516 0.003208 -0.030954 79.621758 -0.002957 0.999961 0.008174 -10.866195 0.030979 -0.008078 0.999487 246.852234
0.999690 -0.002751 -0.024761 79.597809 0.002854 0.999987 0.004091 -10.859094 0.024750 -0.004161 0.999685 247.598282
0.999783 -0.006011 -0.019964 79.569305 0.006026 0.999981 0.000680 -10.868131 0.019959 -0.000799 0.999801 248.357712
0.999807 -0.007078 -0.018347 79.549232 0.007031 0.999971 -0.002657 -10.873597 0.018366 0.002527 0.999828 249.130554
0.999819 -0.007756 -0.017366 79.531075 0.007721 0.999968 -0.002056 -10.877015 0.017382 0.001922 0.999848 249.911469
0.999845 -0.008530 -0.015452 79.506569 0.008543 0.999963 0.000749 -10.877980 0.015446 -0.000880 0.999880 250.703888
0.999801 -0.014018 -0.014193 79.467659 0.014040 0.999900 0.001439 -10.867374 0.014171 -0.001638 0.999899 251.530823
0.999773 -0.015941 -0.014156 79.447685 0.015880 0.999864 -0.004421 -10.878445 0.014225 0.004195 0.999891 252.349670
0.999739 -0.018125 -0.013984 79.430130 0.017952 0.999762 -0.012365 -10.887567 0.014205 0.012111 0.999826 253.180664
0.999474 -0.028279 -0.015938 79.447670 0.027979 0.999432 -0.018740 -10.899010 0.016460 0.018284 0.999698 254.002823
0.999132 -0.037854 -0.017448 79.442802 0.037483 0.999074 -0.021123 -10.926197 0.018232 0.020451 0.999626 254.856262
0.998755 -0.046395 -0.018326 79.428452 0.045991 0.998702 -0.021873 -10.941095 0.019317 0.021003 0.999594 255.717346
0.998401 -0.052717 -0.020463 79.414268 0.052372 0.998481 -0.017095 -10.952928 0.021333 0.015996 0.999645 256.585785
0.998317 -0.052850 -0.023882 79.404030 0.052638 0.998568 -0.009432 -10.974450 0.024347 0.008159 0.999670 257.479889
0.998353 -0.050386 -0.027451 79.388649 0.050385 0.998729 -0.000722 -10.989715 0.027453 -0.000661 0.999623 258.379272
0.998706 -0.042032 -0.028631 79.337791 0.042121 0.999109 0.002513 -10.993880 0.028501 -0.003716 0.999587 259.276428
0.998890 -0.037440 -0.028582 79.280952 0.037628 0.999273 0.006056 -10.982613 0.028336 -0.007124 0.999574 260.174622
0.999124 -0.030012 -0.029207 79.237007 0.030232 0.999517 0.007128 -10.991743 0.028979 -0.008005 0.999549 261.077942
0.999180 -0.028752 -0.028523 79.186485 0.028809 0.999583 0.001578 -10.996706 0.028466 -0.002398 0.999592 261.976257
0.999066 -0.031767 -0.029276 79.150620 0.031536 0.999467 -0.008320 -10.969358 0.029525 0.007390 0.999537 262.908203
0.999160 -0.028927 -0.029031 79.131294 0.028514 0.999487 -0.014544 -10.978157 0.029438 0.013705 0.999473 263.818695
0.999245 -0.026086 -0.028805 79.112190 0.025494 0.999459 -0.020768 -10.992644 0.029331 0.020018 0.999369 264.729065
0.999352 -0.022399 -0.028193 79.093300 0.021967 0.999637 -0.015509 -11.012805 0.028531 0.014880 0.999482 265.638550
0.999493 -0.018183 -0.026140 79.050789 0.017891 0.999775 -0.011353 -11.017436 0.026341 0.010880 0.999594 266.618469
0.999613 -0.013975 -0.024068 79.010315 0.013806 0.999878 -0.007206 -11.017933 0.024167 0.006871 0.999685 267.598541
0.999691 -0.010715 -0.022447 78.979996 0.010648 0.999938 -0.003136 -11.024728 0.022480 0.002897 0.999744 268.591736
0.999768 -0.008298 -0.019925 78.924858 0.008258 0.999963 -0.002140 -11.044797 0.019942 0.001975 0.999800 269.621277
0.999781 -0.009243 -0.018784 78.891083 0.009065 0.999913 -0.009565 -11.053795 0.018872 0.009393 0.999778 270.644501
0.999768 -0.009209 -0.019499 78.879440 0.008821 0.999763 -0.019882 -11.079992 0.019678 0.019706 0.999612 271.656250
0.999726 -0.012247 -0.019978 78.852722 0.011790 0.999668 -0.022865 -11.085866 0.020252 0.022623 0.999539 272.699615
0.999681 -0.012108 -0.022150 78.837662 0.011823 0.999846 -0.012986 -11.104948 0.022303 0.012720 0.999670 273.732300
0.999635 -0.012669 -0.023891 78.820847 0.012597 0.999915 -0.003145 -11.125421 0.023930 0.002844 0.999710 274.803497
0.999584 -0.013213 -0.025640 78.802147 0.013390 0.999887 0.006703 -11.135353 0.025549 -0.007043 0.999649 275.875824
0.999562 -0.013014 -0.026595 78.769814 0.013051 0.999914 0.001204 -11.136889 0.026577 -0.001551 0.999646 276.923218
0.999473 -0.016401 -0.028052 78.748199 0.016294 0.999858 -0.004052 -11.139388 0.028115 0.003594 0.999599 277.988892
0.999454 -0.015592 -0.029157 78.709656 0.015415 0.999861 -0.006253 -11.138243 0.029251 0.005800 0.999556 279.067810
0.999449 -0.015553 -0.029343 78.661034 0.015429 0.999870 -0.004462 -11.151212 0.029410 0.004007 0.999560 280.179504
0.999412 -0.016004 -0.030348 78.629677 0.015943 0.999870 -0.002248 -11.163302 0.030381 0.001763 0.999537 281.271851
0.999448 -0.012432 -0.030821 78.595436 0.012450 0.999922 0.000374 -11.178285 0.030815 -0.000757 0.999525 282.358093
0.999440 -0.011519 -0.031447 78.565605 0.011637 0.999926 0.003552 -11.189073 0.031404 -0.003916 0.999499 283.454285
0.999412 -0.011476 -0.032334 78.533867 0.011660 0.999917 0.005491 -11.188603 0.032269 -0.005864 0.999462 284.557281
0.999403 -0.012273 -0.032282 78.492538 0.012434 0.999911 0.004787 -11.194863 0.032222 -0.005186 0.999468 285.649292
0.999336 -0.015760 -0.032872 78.466003 0.015779 0.999875 0.000302 -11.208241 0.032864 -0.000820 0.999460 286.730713
0.999282 -0.015993 -0.034369 78.441750 0.015845 0.999864 -0.004595 -11.218333 0.034438 0.004047 0.999399 287.797699
0.999223 -0.016163 -0.035966 78.410011 0.016008 0.999861 -0.004582 -11.234992 0.036036 0.004003 0.999343 288.876740
0.999112 -0.018895 -0.037682 78.378830 0.018655 0.999803 -0.006721 -11.246675 0.037802 0.006012 0.999268 289.949768
0.999054 -0.018443 -0.039384 78.337234 0.018004 0.999771 -0.011492 -11.267005 0.039588 0.010772 0.999159 291.026367
0.998991 -0.018175 -0.041067 78.300766 0.017665 0.999762 -0.012747 -11.283216 0.041290 0.012008 0.999075 292.104279
0.998971 -0.016509 -0.042269 78.257896 0.016314 0.999854 -0.004991 -11.306442 0.042345 0.004296 0.999094 293.183563
0.998937 -0.016147 -0.043180 78.214508 0.016332 0.999858 0.003943 -11.326002 0.043111 -0.004644 0.999060 294.260193
0.998903 -0.015777 -0.044087 78.170128 0.016359 0.999782 0.012877 -11.335936 0.043876 -0.013584 0.998945 295.336884
0.998959 -0.014658 -0.043218 78.125801 0.014938 0.999869 0.006152 -11.332561 0.043123 -0.006791 0.999047 296.400208
0.999041 -0.011236 -0.042332 78.070564 0.011365 0.999931 0.002806 -11.344352 0.042299 -0.003285 0.999100 297.465302
0.999114 -0.008769 -0.041186 78.022987 0.008832 0.999960 0.001344 -11.350768 0.041173 -0.001706 0.999152 298.518555
0.999149 -0.006311 -0.040759 77.982491 0.006486 0.999969 0.004176 -11.360056 0.040732 -0.004436 0.999161 299.575928
0.999186 -0.004761 -0.040071 77.942329 0.004986 0.999972 0.005501 -11.364705 0.040044 -0.005697 0.999182 300.632050
0.999224 -0.001436 -0.039392 77.887840 0.001751 0.999967 0.007975 -11.364439 0.039379 -0.008037 0.999193 301.703461
0.999222 -0.001671 -0.039409 77.845779 0.001885 0.999983 0.005385 -11.371935 0.039400 -0.005455 0.999209 302.741577
0.999214 -0.001315 -0.039610 77.804070 0.001400 0.999996 0.002105 -11.381519 0.039608 -0.002158 0.999214 303.778717
0.999215 0.000588 -0.039632 77.753624 -0.000628 0.999999 -0.000994 -11.387738 0.039633 0.001018 0.999214 304.829529
0.999201 0.001909 -0.039922 77.710823 -0.001825 0.999995 0.002165 -11.400412 0.039926 -0.002089 0.999201 305.881500
0.999194 0.003197 -0.040019 77.672523 -0.002993 0.999982 0.005153 -11.405319 0.040036 -0.005029 0.999186 306.924774
0.999188 0.005071 -0.039984 77.629395 -0.004701 0.999945 0.009340 -11.410193 0.040030 -0.009144 0.999157 307.968994
0.999164 0.006654 -0.040347 77.585495 -0.006281 0.999936 0.009384 -11.419569 0.040407 -0.009123 0.999142 309.002563
0.999153 0.002652 -0.041077 77.545616 -0.002301 0.999960 0.008589 -11.419843 0.041099 -0.008488 0.999119 310.036774
0.999114 -0.003012 -0.041990 77.497063 0.003285 0.999973 0.006429 -11.430955 0.041970 -0.006561 0.999097 311.056793
0.999033 -0.002912 -0.043876 77.453362 0.003164 0.999978 0.005676 -11.441356 0.043859 -0.005809 0.999022 312.084503
0.998921 -0.000175 -0.046448 77.399406 0.000301 0.999996 0.002705 -11.455750 0.046448 -0.002717 0.998917 313.100494
0.998803 -0.004642 -0.048709 77.355637 0.004885 0.999976 0.004889 -11.452284 0.048686 -0.005121 0.998801 314.114105
0.998669 -0.000906 -0.051575 77.280685 0.001627 0.999901 0.013929 -11.456105 0.051559 -0.013993 0.998572 315.156097
0.998527 0.003190 -0.054163 77.214882 -0.002062 0.999780 0.020859 -11.453930 0.054219 -0.020717 0.998314 316.166260
0.998362 0.003834 -0.057103 77.154335 -0.002646 0.999778 0.020869 -11.446602 0.057171 -0.020683 0.998151 317.184052
0.998171 0.001509 -0.060448 77.099411 -0.000524 0.999866 0.016300 -11.443295 0.060466 -0.016239 0.998039 318.194763
0.997959 -0.003615 -0.063755 77.038849 0.004116 0.999961 0.007749 -11.444210 0.063725 -0.007995 0.997936 319.196442
0.997718 -0.007433 -0.067116 76.972656 0.007535 0.999970 0.001269 -11.451178 0.067105 -0.001771 0.997745 320.200562
0.997436 -0.010334 -0.070815 76.905228 0.010518 0.999942 0.002216 -11.456396 0.070788 -0.002956 0.997487 321.208557
0.997127 -0.011598 -0.074862 76.825027 0.012002 0.999916 0.004931 -11.468856 0.074798 -0.005815 0.997182 322.211151
0.996712 -0.010376 -0.080361 76.748970 0.010450 0.999944 0.000488 -11.477525 0.080352 -0.001326 0.996766 323.206238
0.996327 -0.011636 -0.084841 76.657860 0.011304 0.999926 -0.004399 -11.492537 0.084886 0.003425 0.996386 324.204346
0.995955 -0.007736 -0.089515 76.562561 0.007411 0.999965 -0.003959 -11.501115 0.089544 0.003279 0.995978 325.208466
0.995536 -0.006556 -0.094160 76.453285 0.006997 0.999966 0.004346 -11.520916 0.094129 -0.004986 0.995547 326.227295
0.995064 -0.002738 -0.099201 76.341118 0.003447 0.999969 0.006967 -11.529787 0.099180 -0.007274 0.995044 327.229645
0.994595 -0.001533 -0.103822 76.230995 0.002408 0.999962 0.008303 -11.526017 0.103806 -0.008509 0.994562 328.218353
0.994163 0.001183 -0.107890 76.117546 -0.000397 0.999973 0.007304 -11.533881 0.107897 -0.007218 0.994136 329.213104
0.993791 0.011120 -0.110710 75.997612 -0.010211 0.999909 0.008782 -11.537694 0.110799 -0.007597 0.993814 330.198486
0.993602 0.022560 -0.110667 75.845390 -0.021861 0.999732 0.007524 -11.534498 0.110807 -0.005057 0.993829 331.193909
0.993328 0.031543 -0.110930 75.712723 -0.030708 0.999485 0.009231 -11.539850 0.111166 -0.005763 0.993786 332.181732
0.993227 0.036577 -0.110287 75.592072 -0.036298 0.999330 0.004538 -11.542976 0.110379 -0.000504 0.993890 333.169556
0.993333 0.039123 -0.108437 75.466827 -0.039185 0.999231 0.001569 -11.548771 0.108415 0.002690 0.994103 334.163177
0.993568 0.040402 -0.105790 75.353439 -0.040696 0.999171 -0.000617 -11.560300 0.105678 0.004918 0.994388 335.160767
0.993916 0.041543 -0.102007 75.253593 -0.041437 0.999136 0.003156 -11.564082 0.102050 0.001091 0.994779 336.155182
0.994511 0.039226 -0.097008 75.162300 -0.038838 0.999228 0.005886 -11.572036 0.097165 -0.002086 0.995266 337.138245
0.995117 0.041494 -0.089564 75.075790 -0.040783 0.999120 0.009758 -11.577275 0.089892 -0.006058 0.995933 338.123688
0.995624 0.043937 -0.082491 74.981422 -0.042911 0.998978 0.014171 -11.574151 0.083030 -0.010569 0.996491 339.127167
0.995737 0.051564 -0.076487 74.891464 -0.050444 0.998590 0.016489 -11.572397 0.077230 -0.012560 0.996935 340.131439
0.995989 0.055492 -0.070197 74.801163 -0.054821 0.998430 0.011429 -11.574723 0.070722 -0.007535 0.997468 341.123322
0.996227 0.057953 -0.064610 74.728546 -0.057862 0.998319 0.003285 -11.571206 0.064692 0.000465 0.997905 342.105316
0.996615 0.057650 -0.058612 74.653397 -0.057831 0.998325 -0.001392 -11.574029 0.058434 0.004778 0.998280 343.114227
0.996966 0.057373 -0.052610 74.584305 -0.057771 0.998310 -0.006070 -11.581585 0.052174 0.009091 0.998597 344.123505
0.997433 0.052926 -0.048232 74.529991 -0.053032 0.998591 -0.000911 -11.610759 0.048116 0.003466 0.998836 345.149200
0.997989 0.045241 -0.044419 74.485176 -0.045327 0.998971 -0.000965 -11.630639 0.044330 0.002977 0.999013 346.167175
0.998180 0.043330 -0.041944 74.435989 -0.043570 0.999038 -0.004848 -11.646263 0.041694 0.006667 0.999108 347.191498
0.998228 0.045464 -0.038397 74.386757 -0.045691 0.998942 -0.005076 -11.652480 0.038126 0.006821 0.999250 348.223022
0.998237 0.048432 -0.034306 74.339302 -0.048556 0.998816 -0.002802 -11.674628 0.034131 0.004462 0.999408 349.246613
0.998172 0.051998 -0.030842 74.298264 -0.052175 0.998626 -0.004968 -11.692834 0.030542 0.006568 0.999513 350.262939
0.997988 0.056611 -0.028536 74.256294 -0.056874 0.998345 -0.008519 -11.702634 0.028008 0.010125 0.999557 351.287048
0.998120 0.055143 -0.026784 74.221268 -0.055274 0.998462 -0.004204 -11.715936 0.026511 0.005676 0.999633 352.313507
0.998279 0.052864 -0.025403 74.192596 -0.052779 0.998598 0.003986 -11.731475 0.025579 -0.002638 0.999670 353.338959
0.998252 0.053799 -0.024496 74.160309 -0.053659 0.998539 0.006287 -11.742351 0.024799 -0.004962 0.999680 354.367249
0.998146 0.056171 -0.023484 74.118813 -0.056190 0.998420 -0.000152 -11.748012 0.023439 0.001471 0.999725 355.369354
0.998173 0.056151 -0.022322 74.070618 -0.056337 0.998381 -0.007797 -11.762258 0.021848 0.009040 0.999721 356.386871
0.998304 0.054092 -0.021526 74.037193 -0.054291 0.998486 -0.008777 -11.780399 0.021019 0.009931 0.999730 357.395996
0.998455 0.051504 -0.020837 74.015709 -0.051583 0.998663 -0.003262 -11.799316 0.020642 0.004332 0.999778 358.416473
0.998729 0.046846 -0.018631 73.963608 -0.046858 0.998901 -0.000282 -11.806204 0.018599 0.001154 0.999827 359.450378
0.998892 0.043575 -0.017776 73.936409 -0.043624 0.999044 -0.002373 -11.819606 0.017657 0.003146 0.999839 360.442871
0.998962 0.042593 -0.016210 73.895744 -0.042634 0.999088 -0.002273 -11.829572 0.016099 0.002962 0.999866 361.439178
0.998990 0.042040 -0.015853 73.883179 -0.042013 0.999115 0.002011 -11.845601 0.015924 -0.001342 0.999872 362.439941
0.999055 0.040631 -0.015465 73.873642 -0.040560 0.999165 0.004858 -11.860080 0.015650 -0.004226 0.999869 363.426117
0.999009 0.042036 -0.014624 73.858482 -0.042013 0.999115 0.001817 -11.901612 0.014688 -0.001200 0.999892 364.390930
0.999121 0.039864 -0.013006 73.832176 -0.039892 0.999201 -0.001884 -11.910164 0.012922 0.002401 0.999914 365.337585
0.999302 0.035481 -0.011725 73.811333 -0.035527 0.999361 -0.003773 -11.920527 0.011585 0.004188 0.999925 366.289062
0.999392 0.033417 -0.009981 73.797684 -0.033452 0.999434 -0.003420 -11.944901 0.009861 0.003752 0.999945 367.217682
0.999441 0.032631 -0.007325 73.789864 -0.032665 0.999455 -0.004582 -11.965886 0.007172 0.004819 0.999963 368.123016
0.999278 0.037882 -0.002966 73.762695 -0.037894 0.999272 -0.004340 -11.975720 0.002800 0.004449 0.999986 369.029541
0.999139 0.041439 0.002052 73.746521 -0.041433 0.999136 -0.002877 -11.989465 -0.002169 0.002790 0.999994 369.930115
0.998926 0.045787 0.007052 73.746414 -0.045761 0.998944 -0.003789 -12.002336 -0.007217 0.003463 0.999968 370.802155
0.998746 0.048336 0.013100 73.742516 -0.048223 0.998798 -0.008690 -12.017838 -0.013504 0.008048 0.999877 371.672119
0.998648 0.048500 0.018733 73.752876 -0.048290 0.998767 -0.011459 -12.039294 -0.019265 0.010539 0.999760 372.517944
0.998615 0.046942 0.023778 73.778069 -0.046744 0.998867 -0.008809 -12.057809 -0.024164 0.007686 0.999679 373.350891
0.998606 0.043458 0.029983 73.798813 -0.043430 0.999054 -0.001555 -12.076263 -0.030021 0.000250 0.999550 374.169739
0.998669 0.038483 0.034337 73.842247 -0.038723 0.999229 0.006378 -12.091104 -0.034064 -0.007698 0.999391 374.974091
0.998712 0.034172 0.037501 73.883240 -0.034490 0.999374 0.007857 -12.105327 -0.037208 -0.009140 0.999267 375.753876
0.998576 0.035444 0.039889 73.905182 -0.035615 0.999358 0.003607 -12.116394 -0.039735 -0.005022 0.999198 376.505157
0.998552 0.034913 0.040949 73.931152 -0.034876 0.999389 -0.001625 -12.127044 -0.040980 0.000195 0.999161 377.230103
0.998722 0.030857 0.040041 73.979889 -0.030675 0.999516 -0.005136 -12.132207 -0.040180 0.003901 0.999186 377.927490
0.998906 0.025208 0.039417 74.025696 -0.024874 0.999650 -0.008939 -12.146884 -0.039628 0.007949 0.999183 378.621307
0.998906 0.025063 0.039493 74.040703 -0.024516 0.999597 -0.014231 -12.171253 -0.039832 0.013247 0.999119 379.312286
0.998877 0.026498 0.039283 74.038429 -0.025743 0.999476 -0.019611 -12.182716 -0.039781 0.018577 0.999037 380.000641
0.998967 0.027005 0.036576 74.066498 -0.026238 0.999429 -0.021275 -12.193150 -0.037128 0.020293 0.999104 380.689636
0.999230 0.022079 0.032452 74.110497 -0.021501 0.999605 -0.018055 -12.189501 -0.032838 0.017344 0.999310 381.385864
0.999461 0.017127 0.028036 74.136856 -0.016852 0.999807 -0.010027 -12.209147 -0.028203 0.009549 0.999557 382.070251
0.999676 0.013178 0.021769 74.156471 -0.013069 0.999901 -0.005136 -12.226920 -0.021834 0.004851 0.999750 382.745331
0.999845 0.011285 0.013539 74.154198 -0.011201 0.999918 -0.006228 -12.243213 -0.013607 0.006076 0.999889 383.404846
0.999928 0.011790 0.002471 74.143417 -0.011768 0.999893 -0.008570 -12.254926 -0.002571 0.008540 0.999961 384.073639
0.999857 0.012478 -0.011508 74.141586 -0.012602 0.999862 -0.010822 -12.262336 0.011371 0.010965 0.999876 384.740631
0.999630 0.009241 -0.025603 74.113434 -0.009556 0.999879 -0.012182 -12.278165 0.025488 0.012424 0.999598 385.399414
0.999124 0.008990 -0.040875 74.074951 -0.009451 0.999893 -0.011097 -12.287363 0.040772 0.011473 0.999103 386.067657
0.998359 0.014218 -0.055480 74.016602 -0.014777 0.999844 -0.009691 -12.299813 0.055333 0.010494 0.998414 386.747223
0.997324 0.022296 -0.069636 73.942444 -0.022908 0.999705 -0.007998 -12.310317 0.069437 0.009571 0.997541 387.431580
0.996152 0.025978 -0.083709 73.866386 -0.026730 0.999611 -0.007890 -12.320849 0.083473 0.010097 0.996459 388.132141
0.995074 0.027193 -0.095332 73.780151 -0.028263 0.999551 -0.009890 -12.329516 0.095022 0.012537 0.995396 388.835846
0.993858 0.028381 -0.106967 73.685516 -0.029821 0.999484 -0.011878 -12.339576 0.106576 0.014995 0.994192 389.539825
0.993038 0.036856 -0.111888 73.570847 -0.038800 0.999130 -0.015245 -12.347316 0.111230 0.019480 0.993605 390.264862
0.992402 0.043130 -0.115231 73.468193 -0.045415 0.998819 -0.017274 -12.367536 0.114351 0.022377 0.993189 391.007629
0.992470 0.040165 -0.115717 73.379326 -0.042390 0.998959 -0.016837 -12.379466 0.114921 0.021616 0.993139 391.765442
0.992531 0.043519 -0.113973 73.286736 -0.045264 0.998893 -0.012765 -12.385642 0.113292 0.017829 0.993402 392.540588
0.992702 0.050550 -0.109492 73.185112 -0.051436 0.998662 -0.005294 -12.399413 0.109079 0.010888 0.993974 393.336365
0.993202 0.053216 -0.103526 73.093483 -0.053539 0.998565 -0.000348 -12.412765 0.103359 0.005888 0.994627 394.145721
0.994279 0.046687 -0.096074 73.013878 -0.047402 0.998862 -0.005170 -12.422268 0.095724 0.009694 0.995361 394.968872
0.995232 0.043976 -0.087058 72.945488 -0.045290 0.998886 -0.013171 -12.436956 0.086383 0.017051 0.996116 395.801758
0.995900 0.047578 -0.076946 72.870110 -0.049047 0.998646 -0.017315 -12.448941 0.076019 0.021019 0.996886 396.652161
0.996560 0.049051 -0.066796 72.808914 -0.050161 0.998627 -0.015054 -12.462876 0.065967 0.018354 0.997654 397.524963
0.997241 0.049772 -0.055083 72.755058 -0.050400 0.998678 -0.010070 -12.484592 0.054511 0.012819 0.998432 398.419403
0.997773 0.051078 -0.042898 72.722008 -0.051464 0.998642 -0.007938 -12.508061 0.042435 0.010127 0.999049 399.320038
0.998129 0.052605 -0.031155 72.689362 -0.053069 0.998488 -0.014273 -12.519771 0.030358 0.015901 0.999413 400.225433
0.998493 0.050403 -0.021761 72.681511 -0.050900 0.998441 -0.022898 -12.541923 0.020573 0.023971 0.999501 401.141876
0.998820 0.046631 -0.013605 72.675117 -0.047012 0.998469 -0.029136 -12.569261 0.012225 0.029741 0.999483 402.074249
0.998975 0.044632 -0.007697 72.681419 -0.044838 0.998572 -0.029019 -12.596092 0.006391 0.029335 0.999550 403.022461
0.999103 0.042258 -0.002650 72.690445 -0.042308 0.998834 -0.023246 -12.630583 0.001666 0.023338 0.999727 403.990997
0.999259 0.038411 0.002716 72.698250 -0.038358 0.999114 -0.017328 -12.660609 -0.003379 0.017211 0.999847 404.971008
0.999325 0.036011 0.007271 72.717018 -0.035908 0.999259 -0.013800 -12.685257 -0.007762 0.013529 0.999879 405.963837
0.999320 0.035155 0.011211 72.719673 -0.034987 0.999277 -0.014830 -12.707654 -0.011723 0.014427 0.999827 406.962830
0.999379 0.033544 0.010845 72.746353 -0.033362 0.999307 -0.016498 -12.731542 -0.011390 0.016126 0.999805 407.980377
0.999567 0.027576 0.010352 72.744751 -0.027411 0.999500 -0.015726 -12.731910 -0.010780 0.015436 0.999823 409.028015
0.999615 0.026224 0.009015 72.744606 -0.026114 0.999585 -0.012090 -12.754383 -0.009328 0.011849 0.999886 410.077332
0.999615 0.027029 0.006294 72.757614 -0.026957 0.999572 -0.011337 -12.772719 -0.006597 0.011163 0.999917 411.123474
0.999574 0.029053 0.002933 72.758598 -0.029013 0.999494 -0.013022 -12.792202 -0.003308 0.012931 0.999911 412.200134
0.999662 0.026035 -0.000336 72.744743 -0.026037 0.999583 -0.012487 -12.806357 0.000011 0.012492 0.999923 413.290405
0.999738 0.022421 -0.004805 72.746628 -0.022462 0.999712 -0.008494 -12.828330 0.004614 0.008600 0.999953 414.383331
0.999795 0.019042 -0.007066 72.719437 -0.019101 0.999781 -0.008464 -12.847334 0.006905 0.008599 0.999940 415.462341
0.999800 0.016566 -0.011259 72.699783 -0.016722 0.999763 -0.013935 -12.878244 0.011026 0.014121 0.999840 416.546356
0.999792 0.013109 -0.015666 72.687737 -0.013422 0.999707 -0.020114 -12.905411 0.015399 0.020320 0.999676 417.634644
0.999719 0.013746 -0.019360 72.668709 -0.014102 0.999731 -0.018359 -12.942462 0.019104 0.018628 0.999644 418.708221
0.999637 0.016376 -0.021420 72.632957 -0.016613 0.999802 -0.010957 -12.980907 0.021236 0.011309 0.999711 419.806854
0.999524 0.020564 -0.022992 72.596466 -0.020636 0.999782 -0.002934 -13.016076 0.022928 0.003407 0.999732 420.893036
0.999428 0.022991 -0.024828 72.563103 -0.023076 0.999728 -0.003193 -13.030663 0.024748 0.003765 0.999687 421.988525
0.999349 0.023994 -0.026961 72.531670 -0.024171 0.999688 -0.006248 -13.048176 0.026804 0.006897 0.999617 423.062286
0.999260 0.025211 -0.029056 72.502632 -0.025413 0.999655 -0.006590 -13.070774 0.028880 0.007324 0.999557 424.129852
0.999201 0.025610 -0.030708 72.465057 -0.025793 0.999651 -0.005592 -13.091886 0.030555 0.006380 0.999513 425.202454
0.999077 0.028120 -0.032476 72.427071 -0.028435 0.999552 -0.009309 -13.108619 0.032200 0.010225 0.999430 426.273590
0.999005 0.029718 -0.033271 72.389038 -0.030208 0.999441 -0.014319 -13.129777 0.032828 0.015310 0.999344 427.338806
0.999031 0.028865 -0.033220 72.349442 -0.029380 0.999453 -0.015141 -13.148859 0.032765 0.016101 0.999334 428.403046
0.999084 0.028359 -0.032077 72.294708 -0.028728 0.999525 -0.011145 -13.173365 0.031746 0.012056 0.999423 429.485413
0.999116 0.027496 -0.031793 72.259071 -0.027638 0.999610 -0.004061 -13.196370 0.031670 0.004936 0.999486 430.553284
0.999131 0.027207 -0.031601 72.215706 -0.027157 0.999629 0.002004 -13.214953 0.031644 -0.001144 0.999499 431.626129
0.999192 0.025156 -0.031364 72.182671 -0.025126 0.999683 0.001355 -13.216018 0.031389 -0.000566 0.999508 432.684143
0.999177 0.026016 -0.031132 72.141891 -0.026142 0.999651 -0.003660 -13.238203 0.031026 0.004471 0.999509 433.744232
0.999156 0.028953 -0.029156 72.060219 -0.029245 0.999525 -0.009653 -13.243174 0.028864 0.010498 0.999529 434.818756
0.999048 0.032996 -0.028555 72.013412 -0.033410 0.999341 -0.014141 -13.259973 0.028071 0.015082 0.999492 435.865112
0.999101 0.031131 -0.028785 71.990326 -0.031644 0.999345 -0.017539 -13.287555 0.028222 0.018435 0.999432 436.906830
0.999173 0.028398 -0.029121 71.971054 -0.028985 0.999380 -0.019979 -13.322743 0.028536 0.020806 0.999377 437.951080
0.999335 0.023683 -0.027747 71.936722 -0.024178 0.999551 -0.017658 -13.349767 0.027317 0.018317 0.999460 438.982208
0.999391 0.021288 -0.027678 71.912445 -0.021577 0.999715 -0.010179 -13.381510 0.027453 0.010770 0.999566 440.011688
0.999449 0.017441 -0.028278 71.901855 -0.017598 0.999830 -0.005336 -13.413323 0.028181 0.005830 0.999586 441.034424
0.999450 0.017482 -0.028179 71.877586 -0.017700 0.999815 -0.007513 -13.436707 0.028043 0.008008 0.999575 442.023895
0.999450 0.018493 -0.027541 71.840393 -0.018806 0.999761 -0.011132 -13.468989 0.027330 0.011644 0.999559 442.990784
0.999337 0.022328 -0.028792 71.786659 -0.022743 0.999640 -0.014187 -13.480817 0.028466 0.014833 0.999485 443.972290
0.999212 0.023967 -0.031634 71.745895 -0.024416 0.999605 -0.013874 -13.508836 0.031289 0.014636 0.999403 444.916626
0.999056 0.024003 -0.036238 71.712189 -0.024449 0.999629 -0.011929 -13.539777 0.035938 0.012805 0.999272 445.833710
0.998841 0.024793 -0.041258 71.658264 -0.025266 0.999620 -0.010971 -13.567710 0.040971 0.012000 0.999089 446.765137
0.998621 0.022339 -0.047531 71.618187 -0.022836 0.999690 -0.009931 -13.585935 0.047294 0.011003 0.998821 447.659485
0.998353 0.019889 -0.053809 71.572479 -0.020397 0.999752 -0.008906 -13.603255 0.053619 0.009989 0.998512 448.554443
0.997925 0.021561 -0.060676 71.510353 -0.021873 0.999750 -0.004492 -13.626925 0.060565 0.005809 0.998148 449.445770
0.997471 0.022545 -0.067413 71.441490 -0.022730 0.999739 -0.001980 -13.636836 0.067352 0.003508 0.997723 450.303253
0.996919 0.024447 -0.074532 71.371811 -0.024696 0.999691 -0.002422 -13.654729 0.074450 0.004255 0.997217 451.143829
0.996355 0.024844 -0.081605 71.304703 -0.025327 0.999667 -0.004894 -13.672062 0.081457 0.006943 0.996653 451.966888
0.995718 0.025151 -0.088962 71.239876 -0.025988 0.999628 -0.008268 -13.688324 0.088722 0.010545 0.996001 452.763885
0.995065 0.025253 -0.095963 71.154701 -0.026472 0.999583 -0.011450 -13.702933 0.095634 0.013935 0.995320 453.550171
0.994197 0.025824 -0.104437 71.061310 -0.027394 0.999531 -0.013627 -13.722047 0.104037 0.016410 0.994439 454.329987
0.993034 0.027140 -0.114665 70.975876 -0.028974 0.999476 -0.014358 -13.742299 0.114216 0.017581 0.993301 455.080261
0.991885 0.026636 -0.124324 70.873161 -0.028403 0.999518 -0.012463 -13.764533 0.123933 0.015893 0.992164 455.819061
0.990625 0.028481 -0.133611 70.765930 -0.030040 0.999501 -0.009673 -13.786738 0.133270 0.013596 0.990987 456.542664
0.989280 0.032285 -0.142418 70.663490 -0.033688 0.999404 -0.007455 -13.804341 0.142093 0.012174 0.989779 457.229370
0.987873 0.036827 -0.150840 70.558357 -0.037987 0.999266 -0.004818 -13.826127 0.150553 0.010490 0.988546 457.900146
0.986666 0.044753 -0.156486 70.443611 -0.045701 0.998952 -0.002467 -13.830441 0.156213 0.009586 0.987678 458.557648
0.986272 0.053987 -0.156061 70.328514 -0.054716 0.998501 -0.000380 -13.838621 0.155808 0.008914 0.987747 459.179230
0.986796 0.061277 -0.149928 70.225098 -0.061737 0.998091 0.001590 -13.847001 0.149740 0.007689 0.988695 459.776031
0.988101 0.065730 -0.139059 70.143875 -0.066034 0.997814 0.002431 -13.857863 0.138916 0.006781 0.990281 460.350616
0.990093 0.068105 -0.122797 70.074585 -0.068623 0.997642 0.000008 -13.870895 0.122509 0.008419 0.992433 460.910980
0.992341 0.071851 -0.100485 70.026016 -0.072674 0.997345 -0.004545 -13.879420 0.099892 0.011813 0.994929 461.454620
0.994534 0.076883 -0.070652 69.991409 -0.077592 0.996957 -0.007349 -13.886636 0.069872 0.012791 0.997474 461.993530
0.996287 0.079401 -0.033304 69.988930 -0.079701 0.996787 -0.007821 -13.900418 0.032577 0.010447 0.999415 462.517792
0.996791 0.079183 0.011758 70.017891 -0.079075 0.996825 -0.009337 -13.915208 -0.012459 0.008377 0.999887 463.028381
0.995055 0.076144 0.063794 70.075668 -0.075489 0.997066 -0.012619 -13.934617 -0.064567 0.007741 0.997884 463.515564
0.989790 0.076966 0.119967 70.164673 -0.075430 0.997001 -0.017296 -13.959105 -0.120937 0.008071 0.992628 463.990082
0.980246 0.079568 0.181074 70.276474 -0.076713 0.996793 -0.022726 -13.978549 -0.182302 0.008387 0.983208 464.454926
0.966659 0.074410 0.245018 70.431686 -0.069768 0.997182 -0.027582 -13.993384 -0.246379 0.009567 0.969127 464.901642
0.948146 0.063306 0.311470 70.618523 -0.056149 0.997912 -0.031899 -14.011918 -0.312839 0.012757 0.949721 465.330933
0.923529 0.056055 0.379410 70.828476 -0.045865 0.998303 -0.035849 -14.030746 -0.380776 0.015706 0.924534 465.737640
0.892895 0.052025 0.447249 71.061417 -0.037808 0.998457 -0.040660 -14.052167 -0.448674 0.019395 0.893485 466.121765
0.857272 0.051448 0.512288 71.315552 -0.034727 0.998507 -0.042166 -14.081897 -0.513692 0.018359 0.857779 466.478607
0.818369 0.045136 0.572918 71.605011 -0.026669 0.998819 -0.040594 -14.103435 -0.574075 0.017943 0.818607 466.813416
0.776298 0.038736 0.629176 71.917030 -0.019862 0.999117 -0.037004 -14.127904 -0.630053 0.016229 0.776382 467.126923
0.729992 0.030893 0.682758 72.248528 -0.010665 0.999371 -0.033816 -14.143228 -0.683373 0.017404 0.729863 467.413635
0.680705 0.023821 0.732170 72.600960 -0.003017 0.999554 -0.029715 -14.164005 -0.732551 0.018018 0.680474 467.680267
0.630102 0.019168 0.776277 72.965569 0.004914 0.999577 -0.028671 -14.184324 -0.776496 0.021880 0.629742 467.908020
0.576005 0.017527 0.817259 73.341911 0.012577 0.999462 -0.030299 -14.197807 -0.817350 0.027730 0.575476 468.116455
0.520096 0.015389 0.853970 73.723076 0.018832 0.999387 -0.029478 -14.213147 -0.853900 0.031414 0.519489 468.294189
0.463386 0.012775 0.886065 74.113113 0.018799 0.999529 -0.024242 -14.229304 -0.885958 0.027890 0.462928 468.454742
0.404793 0.011782 0.914332 74.514946 0.015248 0.999691 -0.019632 -14.238362 -0.914281 0.021889 0.404489 468.603973
0.345274 0.015018 0.938383 74.927353 0.013253 0.999693 -0.020876 -14.242213 -0.938409 0.019644 0.344970 468.736145
0.288716 0.016108 0.957280 75.356667 0.022886 0.999456 -0.023721 -14.252674 -0.957142 0.028757 0.288191 468.817719
0.236378 0.014725 0.971550 75.801155 0.034430 0.999129 -0.023520 -14.278193 -0.971051 0.039010 0.235667 468.867554
0.188946 0.016813 0.981844 76.268608 0.037691 0.998992 -0.024360 -14.296815 -0.981264 0.041610 0.188123 468.926208
0.146337 0.022170 0.988986 76.746635 0.033671 0.999057 -0.027378 -14.305215 -0.988662 0.037308 0.145453 468.981476
0.107720 0.028222 0.993781 77.243607 0.029159 0.999077 -0.031532 -14.309967 -0.993754 0.032374 0.106798 469.028564
0.074250 0.030969 0.996759 77.751015 0.028769 0.999035 -0.033183 -14.318892 -0.996825 0.031140 0.073288 469.053528
0.048363 0.029010 0.998409 78.279793 0.035236 0.998906 -0.030731 -14.347167 -0.998209 0.036666 0.047289 469.050873
0.028242 0.028248 0.999203 78.815216 0.040183 0.998760 -0.029370 -14.373399 -0.998793 0.040980 0.027072 469.046265
0.013708 0.029519 0.999471 79.374916 0.044935 0.998536 -0.030108 -14.391501 -0.998896 0.045324 0.012362 469.048492
0.007193 0.029665 0.999535 79.937454 0.047931 0.998401 -0.029976 -14.408921 -0.998826 0.048124 0.005760 469.047241
0.007832 0.028065 0.999576 80.525887 0.047393 0.998472 -0.028406 -14.426930 -0.998846 0.047596 0.006491 469.038025
0.010143 0.026170 0.999606 81.125969 0.045997 0.998586 -0.026610 -14.445382 -0.998891 0.046249 0.008926 469.048615
0.013071 0.024084 0.999625 81.754234 0.044160 0.998720 -0.024640 -14.468753 -0.998939 0.044466 0.011991 469.053253
0.015746 0.023789 0.999594 82.383026 0.046237 0.998630 -0.024494 -14.490716 -0.998806 0.046604 0.014625 469.062775
0.017946 0.024098 0.999549 83.029778 0.046087 0.998626 -0.024903 -14.512935 -0.998776 0.046514 0.016812 469.079254
0.019996 0.024121 0.999509 83.694931 0.046640 0.998598 -0.025032 -14.527391 -0.998712 0.047117 0.018844 469.099182
0.022640 0.022873 0.999483 84.380714 0.046404 0.998636 -0.023905 -14.549796 -0.998666 0.046922 0.021548 469.119690
0.025570 0.024342 0.999377 85.065796 0.046748 0.998580 -0.025518 -14.571403 -0.998579 0.047371 0.024397 469.142029
0.027732 0.028216 0.999218 85.779037 0.045058 0.998550 -0.029447 -14.600608 -0.998600 0.045839 0.026421 469.176392
0.030360 0.034035 0.998959 86.502632 0.045520 0.998336 -0.035397 -14.630160 -0.998502 0.046547 0.028760 469.198486
0.032893 0.037878 0.998741 87.241074 0.043650 0.998273 -0.039297 -14.656764 -0.998506 0.044887 0.031184 469.226868
0.034337 0.035280 0.998788 87.995705 0.041464 0.998466 -0.036694 -14.688121 -0.998551 0.042674 0.032822 469.261353
0.036146 0.030184 0.998891 88.775177 0.038329 0.998766 -0.031567 -14.718928 -0.998612 0.039427 0.034946 469.294983
0.037816 0.024229 0.998992 89.572609 0.037172 0.998980 -0.025635 -14.748324 -0.998594 0.038104 0.036878 469.330383
0.039720 0.024024 0.998922 90.384911 0.037223 0.998981 -0.025505 -14.769168 -0.998517 0.038197 0.038786 469.361328
0.040941 0.024157 0.998870 91.204079 0.036443 0.999006 -0.025653 -14.791457 -0.998497 0.037452 0.040021 469.398804
0.042949 0.022818 0.998817 92.034058 0.036766 0.999025 -0.024403 -14.806816 -0.998401 0.037771 0.042069 469.429718
0.043570 0.019175 0.998866 92.888573 0.039133 0.999015 -0.020884 -14.838170 -0.998284 0.039999 0.042777 469.475220
0.044668 0.017679 0.998845 93.746559 0.041474 0.998948 -0.019535 -14.859130 -0.998141 0.042299 0.043887 469.506897
0.045592 0.021084 0.998738 94.614395 0.042333 0.998838 -0.023018 -14.889192 -0.998063 0.043329 0.044647 469.538177
0.045245 0.030424 0.998513 95.481239 0.037205 0.998791 -0.032117 -14.922244 -0.998283 0.038603 0.044060 469.570099
0.045381 0.040100 0.998165 96.359924 0.036386 0.998464 -0.041766 -14.962578 -0.998307 0.038216 0.043853 469.605255
0.043471 0.043347 0.998114 97.273651 0.034460 0.998398 -0.044860 -14.998556 -0.998460 0.036345 0.041908 469.655731
0.040840 0.038719 0.998416 98.204674 0.030902 0.998721 -0.039994 -15.035014 -0.998688 0.032486 0.039593 469.697052
0.037609 0.030242 0.998836 99.139526 0.026807 0.999151 -0.031262 -15.086172 -0.998933 0.027952 0.036767 469.743713
0.034408 0.021742 0.999171 100.075821 0.022679 0.999489 -0.022529 -15.129145 -0.999151 0.023436 0.033898 469.787811
0.031612 0.019888 0.999303 101.005936 0.025708 0.999454 -0.020704 -15.164928 -0.999170 0.026345 0.031084 469.820251
0.028825 0.020149 0.999382 101.953522 0.027090 0.999414 -0.020931 -15.191139 -0.999218 0.027676 0.028263 469.855560
0.027048 0.022647 0.999378 102.898994 0.031825 0.999216 -0.023504 -15.222789 -0.999128 0.032441 0.026306 469.883362
0.027418 0.022124 0.999380 103.837021 0.033196 0.999183 -0.023030 -15.255382 -0.999073 0.033807 0.026662 469.901581
0.026822 0.021698 0.999405 104.800880 0.029759 0.999304 -0.022494 -15.285666 -0.999198 0.030345 0.026159 469.951874
0.026920 0.020591 0.999425 105.760803 0.026569 0.999420 -0.021307 -15.325461 -0.999285 0.027128 0.026359 469.989868
0.026960 0.020445 0.999427 106.739166 0.025456 0.999452 -0.021132 -15.355336 -0.999313 0.026012 0.026425 470.026947
0.027746 0.018722 0.999440 107.709732 0.022491 0.999559 -0.019348 -15.385789 -0.999362 0.023016 0.027314 470.060913
0.027513 0.019417 0.999433 108.695549 0.019645 0.999607 -0.019961 -15.421380 -0.999429 0.020184 0.027122 470.105469
0.026142 0.022505 0.999405 109.665741 0.019078 0.999553 -0.023008 -15.452512 -0.999477 0.019669 0.025701 470.158325
0.025182 0.025854 0.999348 110.639359 0.018641 0.999479 -0.026327 -15.485019 -0.999510 0.019292 0.024687 470.211090
0.025621 0.025064 0.999358 111.618935 0.017973 0.999512 -0.025528 -15.525752 -0.999510 0.018615 0.025159 470.237823
0.026145 0.024891 0.999349 112.614876 0.020703 0.999461 -0.025435 -15.553308 -0.999444 0.021355 0.025616 470.264130
0.027114 0.021888 0.999394 113.597641 0.020712 0.999532 -0.022453 -15.582681 -0.999418 0.021309 0.026649 470.286560
0.026452 0.017231 0.999502 114.591782 0.023690 0.999560 -0.017859 -15.620242 -0.999370 0.024151 0.026032 470.314880
0.026639 0.011109 0.999584 115.578613 0.024911 0.999620 -0.011773 -15.655192 -0.999335 0.025214 0.026353 470.331757
0.024755 0.009347 0.999651 116.571907 0.024049 0.999661 -0.009943 -15.680457 -0.999404 0.024286 0.024523 470.372803
0.023067 0.010479 0.999679 117.550224 0.022259 0.999691 -0.010993 -15.699250 -0.999487 0.022506 0.022827 470.404785
0.021067 0.014479 0.999673 118.518112 0.023254 0.999617 -0.014969 -15.721656 -0.999508 0.023562 0.020723 470.428955
0.019056 0.017122 0.999673 119.484230 0.025075 0.999530 -0.017596 -15.752931 -0.999504 0.025402 0.018618 470.452332
0.016831 0.018391 0.999689 120.470512 0.026518 0.999471 -0.018833 -15.773959 -0.999507 0.026826 0.016336 470.485168
0.016027 0.016149 0.999742 121.457489 0.031295 0.999371 -0.016644 -15.805921 -0.999382 0.031554 0.015512 470.495148
0.015211 0.013910 0.999788 122.444542 0.036070 0.999244 -0.014451 -15.835689 -0.999234 0.036282 0.014699 470.504211
0.015463 0.014992 0.999769 123.413689 0.036392 0.999216 -0.015547 -15.861726 -0.999218 0.036625 0.014906 470.525665
0.015568 0.020938 0.999660 124.409714 0.034876 0.999160 -0.021471 -15.874566 -0.999271 0.035199 0.014825 470.569031
0.014905 0.027384 0.999515 125.386261 0.031398 0.999118 -0.027842 -15.907779 -0.999397 0.031798 0.014034 470.617096
0.015064 0.035120 0.999269 126.345413 0.025802 0.999036 -0.035502 -15.946574 -0.999554 0.026317 0.014144 470.651978
0.014810 0.037367 0.999192 127.305428 0.024626 0.998984 -0.037724 -15.983056 -0.999587 0.025165 0.013875 470.686829
0.015414 0.031507 0.999385 128.274673 0.027668 0.999107 -0.031924 -16.018173 -0.999499 0.028142 0.014529 470.700958
0.015147 0.021483 0.999655 129.234711 0.026259 0.999415 -0.021875 -16.050314 -0.999541 0.026581 0.014575 470.734589
0.014610 0.013161 0.999807 130.188812 0.029399 0.999475 -0.013586 -16.087912 -0.999462 0.029593 0.014216 470.757660
0.015921 0.014873 0.999763 131.147476 0.033023 0.999336 -0.015393 -16.117332 -0.999328 0.033261 0.015419 470.771393
0.016232 0.017660 0.999713 132.082870 0.036612 0.999163 -0.018245 -16.145445 -0.999198 0.036898 0.015572 470.781891
0.016481 0.023518 0.999588 133.022293 0.035640 0.999074 -0.024093 -16.174677 -0.999229 0.036023 0.015628 470.806763
0.017822 0.028131 0.999446 133.958664 0.033051 0.999041 -0.028708 -16.211634 -0.999295 0.033544 0.016875 470.820557
0.019319 0.032757 0.999277 134.888657 0.031713 0.998940 -0.033359 -16.251858 -0.999311 0.032335 0.018260 470.835236
0.020337 0.035924 0.999148 135.810394 0.029900 0.998885 -0.036523 -16.294830 -0.999347 0.030617 0.019241 470.854370
0.021881 0.036224 0.999105 136.725800 0.026061 0.998983 -0.036791 -16.340015 -0.999421 0.026843 0.020915 470.881775
0.024721 0.034351 0.999105 137.637619 0.023735 0.999107 -0.034938 -16.372753 -0.999413 0.024577 0.023885 470.907379
0.029539 0.027731 0.999179 138.553864 0.023668 0.999315 -0.028434 -16.415237 -0.999283 0.024489 0.028863 470.935120
0.034612 0.021195 0.999176 139.469299 0.024963 0.999444 -0.022065 -16.451712 -0.999090 0.025707 0.034064 470.967346
0.042236 0.018545 0.998936 140.378922 0.024627 0.999504 -0.019596 -16.483446 -0.998805 0.025428 0.041759 471.011322
0.050742 0.014868 0.998601 141.286041 0.029634 0.999426 -0.016386 -16.516726 -0.998273 0.030423 0.050273 471.060486
0.060969 0.013805 0.998045 142.191574 0.031468 0.999381 -0.015747 -16.542164 -0.997644 0.032366 0.060497 471.116821
0.071837 0.016029 0.997288 143.086624 0.026614 0.999483 -0.017980 -16.570444 -0.997062 0.027834 0.071373 471.189270
0.082439 0.020845 0.996378 143.969162 0.024218 0.999444 -0.022912 -16.598591 -0.996303 0.026019 0.081889 471.276520
0.093011 0.024694 0.995360 144.855301 0.021966 0.999398 -0.026846 -16.637098 -0.995423 0.024361 0.092412 471.366577
0.102634 0.024145 0.994426 145.743118 0.018786 0.999480 -0.026206 -16.663767 -0.994542 0.021371 0.102128 471.465363
0.112319 0.019012 0.993491 146.639725 0.015927 0.999654 -0.020931 -16.687565 -0.993545 0.018174 0.111978 471.579376
0.121532 0.015153 0.992472 147.524323 0.015946 0.999724 -0.017216 -16.722855 -0.992460 0.017918 0.121258 471.699280
0.130643 0.017203 0.991281 148.386459 0.014852 0.999702 -0.019307 -16.740028 -0.991319 0.017245 0.130349 471.821289
0.137295 0.024997 0.990215 149.258102 0.013666 0.999538 -0.027127 -16.768248 -0.990436 0.017258 0.136891 471.974579
0.143343 0.027863 0.989281 150.123520 0.014040 0.999445 -0.030184 -16.801779 -0.989574 0.018216 0.142873 472.128571
0.150126 0.025547 0.988337 150.978943 0.014325 0.999504 -0.028011 -16.837532 -0.988564 0.018363 0.149687 472.273712
0.155917 0.016599 0.987631 151.861847 0.013989 0.999721 -0.019011 -16.885143 -0.987672 0.016780 0.155642 472.445343
0.163504 0.007400 0.986515 152.725967 0.016880 0.999804 -0.010297 -16.924948 -0.986399 0.018336 0.163348 472.598206
0.173090 0.009591 0.984860 153.579346 0.015030 0.999810 -0.012378 -16.950983 -0.984791 0.016946 0.172914 472.752777
0.182750 0.017636 0.983002 154.415756 0.013748 0.999695 -0.020491 -16.975691 -0.983064 0.017259 0.182453 472.916046
0.192664 0.023067 0.980994 155.252640 0.015623 0.999524 -0.026570 -17.001804 -0.981141 0.020445 0.192212 473.086212
0.202568 0.028464 0.978855 156.087646 0.017435 0.999314 -0.032667 -17.033134 -0.979113 0.023684 0.201933 473.264740
0.213174 0.019749 0.976815 156.937515 0.020150 0.999494 -0.024606 -17.077101 -0.976807 0.024929 0.212669 473.451660
0.225847 0.014024 0.974062 157.774612 0.024547 0.999496 -0.020081 -17.112499 -0.973854 0.028447 0.225390 473.643585
0.238439 0.016563 0.971017 158.608261 0.028234 0.999313 -0.023978 -17.145506 -0.970747 0.033133 0.237808 473.845184
0.249414 0.022990 0.968124 159.430222 0.032335 0.998962 -0.032053 -17.182978 -0.967857 0.039300 0.248412 474.053894
0.260938 0.029060 0.964918 160.267487 0.037675 0.998478 -0.040259 -17.223404 -0.964620 0.046859 0.259447 474.249207
0.269909 0.032167 0.962349 161.085449 0.036202 0.998396 -0.043525 -17.260557 -0.962206 0.046587 0.268312 474.481964
0.278335 0.032027 0.959951 161.901993 0.032067 0.998576 -0.042614 -17.307161 -0.959949 0.042644 0.276913 474.724579
0.286277 0.026408 0.957784 162.708282 0.032487 0.998777 -0.037247 -17.348404 -0.957596 0.041778 0.285069 474.961823
0.293413 0.019665 0.955784 163.521759 0.034572 0.998915 -0.031166 -17.386425 -0.955360 0.042188 0.292415 475.210266
0.300461 0.012947 0.953707 164.324799 0.034649 0.999099 -0.024479 -17.428841 -0.953165 0.040399 0.299742 475.456451
0.307014 0.014735 0.951591 165.168839 0.029412 0.999255 -0.024962 -17.457729 -0.951250 0.035651 0.306353 475.740936
0.313881 0.020949 0.949232 165.953964 0.029231 0.999069 -0.031714 -17.499006 -0.949012 0.037701 0.312978 476.009186
0.321693 0.025943 0.946489 166.749588 0.032741 0.998722 -0.038502 -17.534729 -0.946278 0.043375 0.320434 476.277191
0.329208 0.027836 0.943847 167.519058 0.030079 0.998748 -0.039947 -17.575109 -0.943778 0.041541 0.327959 476.544067
0.336050 0.024403 0.941529 168.298157 0.026776 0.999012 -0.035449 -17.614771 -0.941464 0.037122 0.335065 476.830994
0.343789 0.019442 0.938846 169.074753 0.028402 0.999112 -0.031090 -17.662008 -0.938618 0.037352 0.342932 477.114441
0.350862 0.021663 0.936177 169.859238 0.031448 0.998895 -0.034901 -17.704113 -0.935899 0.041687 0.349794 477.409912
0.357617 0.028102 0.933445 170.626343 0.030580 0.998658 -0.041780 -17.749416 -0.933367 0.043486 0.356279 477.712555
0.365255 0.034008 0.930287 171.398026 0.030837 0.998342 -0.048604 -17.788170 -0.930397 0.046440 0.363601 478.014893
0.373293 0.034212 0.927082 172.161728 0.029717 0.998365 -0.048809 -17.831316 -0.927238 0.045771 0.371668 478.328827
0.382158 0.031625 0.923556 172.921478 0.027220 0.998595 -0.045457 -17.886318 -0.923696 0.042511 0.380762 478.657318
0.390250 0.032231 0.920145 173.671158 0.024832 0.998654 -0.045513 -17.930828 -0.920374 0.040611 0.388926 478.998566
0.399548 0.033496 0.916100 174.418304 0.021665 0.998707 -0.045965 -17.980087 -0.916456 0.038213 0.398308 479.329376
0.407950 0.034302 0.912360 175.161255 0.020349 0.998703 -0.046647 -18.029633 -0.912778 0.037596 0.406724 479.667511
0.417124 0.033159 0.908245 175.896896 0.019336 0.998784 -0.045344 -18.074226 -0.908644 0.036477 0.415977 480.001099
0.426573 0.032239 0.903879 176.617157 0.016785 0.998910 -0.043549 -18.123905 -0.904298 0.033748 0.425568 480.341644
0.434639 0.032620 0.900015 177.335220 0.014985 0.998943 -0.043441 -18.171749 -0.900480 0.032369 0.433692 480.700531
0.443562 0.037110 0.895476 178.046066 0.013692 0.998745 -0.048171 -18.217453 -0.896139 0.033628 0.442498 481.058960
0.452556 0.042190 0.890738 178.746262 0.013742 0.998431 -0.054271 -18.262165 -0.891629 0.036802 0.451268 481.415833
0.460907 0.045588 0.886277 179.444244 0.013089 0.998222 -0.058152 -18.310547 -0.887352 0.038403 0.459491 481.784851
0.468885 0.042446 0.882240 180.136429 0.011598 0.998462 -0.054200 -18.357683 -0.883184 0.035646 0.467672 482.158508
0.476928 0.033668 0.878298 180.830551 0.011640 0.998936 -0.044612 -18.405485 -0.878866 0.031500 0.476029 482.547729
0.485012 0.023178 0.874201 181.522263 0.013721 0.999323 -0.034108 -18.455002 -0.874400 0.028538 0.484366 482.938873
0.492947 0.018127 0.869871 182.197937 0.016549 0.999406 -0.030204 -18.492023 -0.869902 0.029285 0.492355 483.325226
0.502080 0.019649 0.864598 182.869568 0.013280 0.999448 -0.030425 -18.525993 -0.864720 0.026758 0.501542 483.717438
0.508215 0.026341 0.860828 183.493423 0.009580 0.999297 -0.036233 -18.553478 -0.861177 0.026661 0.507607 484.154053
0.516110 0.029628 0.856010 184.114899 0.008179 0.999185 -0.039514 -18.586807 -0.856483 0.027394 0.515448 484.530823
0.522751 0.032785 0.851856 184.716049 0.003907 0.999158 -0.040851 -18.633623 -0.852477 0.024683 0.522182 484.921356
0.528803 0.033814 0.848071 185.301987 0.000167 0.999201 -0.039943 -18.671770 -0.848744 0.021263 0.528376 485.307556
0.533703 0.033675 0.845001 185.867035 -0.001574 0.999244 -0.038827 -18.704250 -0.845671 0.019392 0.533354 485.682556
0.537446 0.034824 0.842579 186.420135 -0.003702 0.999234 -0.038937 -18.735126 -0.843290 0.017807 0.537165 486.051758
0.540630 0.034914 0.840536 186.957321 -0.003893 0.999231 -0.039002 -18.762726 -0.841252 0.017814 0.540351 486.383301
0.541561 0.036529 0.839868 187.477432 -0.005372 0.999185 -0.039994 -18.798710 -0.840644 0.017148 0.541316 486.731049
0.540952 0.040706 0.840068 187.977066 -0.007545 0.999022 -0.043549 -18.830780 -0.841020 0.017220 0.540730 487.061737
0.538258 0.045245 0.841566 188.457901 -0.010520 0.998841 -0.046971 -18.868282 -0.842715 0.016430 0.538111 487.379608
0.533985 0.047297 0.844171 188.923035 -0.011270 0.998743 -0.048828 -18.902578 -0.845419 0.016560 0.533847 487.672821
0.528143 0.047847 0.847807 189.377945 -0.012228 0.998736 -0.048747 -18.931974 -0.849068 0.015378 0.528060 487.934448
0.518561 0.044156 0.853901 189.819992 -0.012878 0.998955 -0.043835 -18.963354 -0.854944 0.011735 0.518588 488.199524
0.507008 0.036969 0.861148 190.249466 -0.012588 0.999290 -0.035488 -18.995998 -0.861850 0.007153 0.507114 488.455811
0.494595 0.030787 0.868578 190.652267 -0.009768 0.999505 -0.029865 -19.018284 -0.869069 0.006287 0.494652 488.678772
0.481495 0.025897 0.876066 191.032959 -0.005525 0.999633 -0.026513 -19.040220 -0.876432 0.007925 0.481463 488.879974
0.467445 0.023409 0.883713 191.402069 -0.000675 0.999658 -0.026123 -19.063337 -0.884022 0.011614 0.467302 489.064178
0.451733 0.024504 0.891817 191.762222 0.002774 0.999579 -0.028870 -19.079779 -0.892149 0.015516 0.451475 489.238495
0.433976 0.028863 0.900463 192.118774 0.008673 0.999306 -0.036212 -19.094986 -0.900884 0.023525 0.433425 489.398102
0.414546 0.036114 0.909312 192.474899 0.008842 0.999004 -0.043708 -19.116421 -0.909986 0.026160 0.413814 489.546051
0.391082 0.042008 0.919397 192.830215 0.006785 0.998799 -0.048521 -19.136967 -0.920331 0.025214 0.390328 489.690613
0.363046 0.045024 0.930683 193.192093 0.003361 0.998762 -0.049628 -19.153198 -0.931765 0.021146 0.362446 489.831970
0.331763 0.043550 0.942358 193.561127 0.005442 0.998828 -0.048075 -19.167908 -0.943347 0.021077 0.331138 489.947479
0.297461 0.042819 0.953773 193.929657 0.008693 0.998831 -0.047553 -19.173016 -0.954694 0.022436 0.296742 490.044189
0.261011 0.040346 0.964492 194.299301 0.014448 0.998851 -0.045693 -19.192543 -0.965228 0.025861 0.260128 490.117188
0.223278 0.037176 0.974046 194.671402 0.021630 0.998837 -0.043080 -19.212440 -0.974515 0.030687 0.222214 490.172485
0.184387 0.035704 0.982206 195.041504 0.026435 0.998798 -0.041270 -19.237068 -0.982498 0.033575 0.183223 490.214752
0.142886 0.038206 0.989001 195.400970 0.027407 0.998718 -0.042541 -19.258261 -0.989360 0.033184 0.141657 490.247711
0.099421 0.041797 0.994167 195.762512 0.023150 0.998749 -0.044304 -19.284321 -0.994777 0.027421 0.098331 490.266663
0.053135 0.046184 0.997519 196.133179 0.020353 0.998672 -0.047322 -19.303528 -0.998380 0.022818 0.052126 490.272797
0.005879 0.048646 0.998799 196.507401 0.023016 0.998544 -0.048768 -19.319847 -0.999718 0.023276 0.004752 490.241943
-0.043313 0.051678 0.997725 196.887955 0.025267 0.998398 -0.050616 -19.334133 -0.998742 0.023017 -0.044548 490.193176
-0.093398 0.054368 0.994143 197.266083 0.031413 0.998171 -0.051637 -19.349215 -0.995134 0.026406 -0.094935 490.113129
-0.145089 0.053230 0.987986 197.658600 0.034062 0.998228 -0.048779 -19.364014 -0.988833 0.026576 -0.146645 490.022400
-0.196882 0.048022 0.979251 198.056366 0.033369 0.998549 -0.042259 -19.384466 -0.979860 0.024356 -0.198198 489.911438
-0.249221 0.042241 0.967525 198.460526 0.030113 0.998903 -0.035854 -19.397913 -0.967979 0.020200 -0.250220 489.782288
-0.301904 0.037629 0.952596 198.862747 0.028722 0.999125 -0.030364 -19.417067 -0.952906 0.018194 -0.302721 489.627045
-0.355152 0.034503 0.934172 199.260986 0.028975 0.999244 -0.025892 -19.433496 -0.934360 0.017872 -0.355883 489.442627
-0.409324 0.031685 0.911839 199.668884 0.028731 0.999349 -0.021828 -19.450006 -0.911937 0.017264 -0.409968 489.228546
-0.463241 0.029988 0.885725 200.078293 0.028026 0.999423 -0.019179 -19.463110 -0.885790 0.015939 -0.463814 488.985657
-0.515805 0.029297 0.856205 200.482117 0.026048 0.999489 -0.018507 -19.470881 -0.856311 0.012756 -0.516304 488.709320
-0.565815 0.029173 0.824017 200.891785 0.025705 0.999511 -0.017735 -19.474480 -0.824133 0.011147 -0.566288 488.389587
-0.611937 0.028626 0.790388 201.291092 0.026019 0.999532 -0.016056 -19.479452 -0.790479 0.010740 -0.612396 488.040802
-0.652388 0.028500 0.757350 201.699478 0.027835 0.999519 -0.013636 -19.488926 -0.757375 0.012185 -0.652867 487.652069
-0.685782 0.029180 0.727222 202.109650 0.030779 0.999464 -0.011078 -19.498749 -0.727157 0.014787 -0.686312 487.222260
-0.713042 0.029378 0.700505 202.520981 0.032546 0.999431 -0.008784 -19.508020 -0.700366 0.016535 -0.713593 486.775024
-0.734983 0.029513 0.677444 202.953384 0.033786 0.999405 -0.006884 -19.509014 -0.677244 0.017829 -0.735542 486.289215
-0.752307 0.029525 0.658151 203.389160 0.034229 0.999397 -0.005707 -19.512543 -0.657924 0.018234 -0.752865 485.781158
-0.765916 0.030392 0.642222 203.826782 0.035206 0.999365 -0.005306 -19.514765 -0.641977 0.018547 -0.766500 485.242767
-0.776592 0.031712 0.629206 204.264618 0.036608 0.999316 -0.005182 -19.518967 -0.628941 0.019010 -0.777222 484.677368
-0.784898 0.031894 0.618804 204.692459 0.036551 0.999318 -0.005143 -19.523037 -0.618547 0.018581 -0.785528 484.105286
-0.792676 0.031940 0.608807 205.150635 0.036249 0.999328 -0.005232 -19.531071 -0.608566 0.017922 -0.793302 483.497742
-0.799734 0.032279 0.599487 205.638763 0.037048 0.999303 -0.004383 -19.532036 -0.599211 0.018704 -0.800373 482.854706
-0.804806 0.032046 0.592673 206.115875 0.038231 0.999266 -0.002116 -19.535681 -0.592306 0.020956 -0.805441 482.194977
-0.808250 0.031891 0.587976 206.606735 0.039933 0.999201 0.000698 -19.533726 -0.587485 0.024044 -0.808878 481.516602
-0.810465 0.031784 0.584924 207.120209 0.041182 0.999148 0.002770 -19.537155 -0.584338 0.026333 -0.811084 480.817261
-0.812339 0.033185 0.582241 207.646255 0.041168 0.999151 0.000491 -19.541702 -0.581731 0.024369 -0.813017 480.105530
-0.813478 0.034987 0.580543 208.172485 0.040126 0.999186 -0.003992 -19.543861 -0.580211 0.020048 -0.814220 479.375824
-0.814692 0.035611 0.578801 208.712921 0.038634 0.999228 -0.007096 -19.544209 -0.578608 0.016581 -0.815438 478.627899
-0.816247 0.034054 0.576700 209.268066 0.038356 0.999252 -0.004717 -19.544624 -0.576429 0.018269 -0.816943 477.862244
-0.816963 0.031296 0.575841 209.819977 0.038303 0.999266 0.000034 -19.546535 -0.575418 0.022084 -0.817561 477.059753
-0.818434 0.030002 0.573818 210.393692 0.038511 0.999254 0.002683 -19.550592 -0.573310 0.024294 -0.818979 476.254669
-0.819232 0.030192 0.572667 210.971771 0.039016 0.999233 0.003133 -19.554258 -0.572134 0.024910 -0.819782 475.432587
-0.819340 0.031719 0.572431 211.540970 0.040636 0.999169 0.002799 -19.558851 -0.571868 0.025555 -0.819948 474.616638
-0.819656 0.034014 0.571846 212.126801 0.042699 0.999086 0.001779 -19.566628 -0.571264 0.025875 -0.820359 473.794495
-0.819309 0.036463 0.572192 212.707962 0.044441 0.999012 -0.000026 -19.571671 -0.571628 0.025408 -0.820120 472.967285
-0.818137 0.038480 0.573735 213.283966 0.045496 0.998962 -0.002122 -19.578506 -0.573221 0.024367 -0.819039 472.133331
-0.816613 0.040438 0.575767 213.864044 0.047744 0.998857 -0.002438 -19.594574 -0.575208 0.025498 -0.817610 471.300415
-0.815422 0.041306 0.577393 214.453415 0.049067 0.998792 -0.002156 -19.609055 -0.576785 0.026574 -0.816463 470.472534
-0.814563 0.040600 0.578654 215.052841 0.049753 0.998761 -0.000040 -19.630001 -0.577939 0.028757 -0.815573 469.647522
-0.813070 0.040784 0.580736 215.645737 0.051041 0.998696 0.001326 -19.643446 -0.579926 0.030720 -0.814090 468.806671
-0.811881 0.041569 0.582342 216.236603 0.052315 0.998629 0.001653 -19.657681 -0.581476 0.031807 -0.812942 467.981079
-0.810470 0.041949 0.584277 216.827393 0.052805 0.998604 0.001552 -19.670668 -0.583396 0.032110 -0.811553 467.157990
-0.809608 0.041967 0.585469 217.439270 0.053114 0.998586 0.001870 -19.681025 -0.584564 0.032610 -0.810693 466.331512
-0.808342 0.042745 0.587160 218.038437 0.053993 0.998539 0.001640 -19.685532 -0.586234 0.033029 -0.809469 465.504883
-0.808138 0.045436 0.587239 218.658188 0.055108 0.998479 -0.001418 -19.690994 -0.586412 0.031215 -0.809412 464.689911
-0.806986 0.047717 0.588639 219.254822 0.055725 0.998435 -0.004541 -19.698257 -0.587936 0.029137 -0.808383 463.884216
-0.806075 0.047810 0.589881 219.851028 0.055131 0.998463 -0.005588 -19.714809 -0.589242 0.028016 -0.807472 463.072601
-0.805271 0.046778 0.591060 220.447937 0.055271 0.998464 -0.003718 -19.731152 -0.590327 0.029674 -0.806619 462.259888
-0.804713 0.043603 0.592061 221.048965 0.053502 0.998567 -0.000822 -19.747559 -0.591250 0.031014 -0.805892 461.443054
-0.804501 0.043069 0.592387 221.649078 0.053339 0.998576 -0.000163 -19.762444 -0.591552 0.031467 -0.805654 460.633667
-0.804354 0.043136 0.592582 222.247269 0.053101 0.998588 -0.000614 -19.778229 -0.591774 0.030973 -0.805510 459.829437
-0.803896 0.042604 0.593242 222.835098 0.051347 0.998678 -0.002140 -19.793655 -0.592551 0.028741 -0.805021 459.024994
-0.804342 0.042152 0.592671 223.438065 0.050508 0.998721 -0.002482 -19.815414 -0.592018 0.027938 -0.805441 458.223846
-0.804082 0.041796 0.593048 224.026093 0.050510 0.998722 -0.001903 -19.834894 -0.592370 0.028425 -0.805165 457.411804
-0.804727 0.041241 0.592211 224.623047 0.050150 0.998740 -0.001406 -19.853678 -0.591525 0.028567 -0.805781 456.618408
-0.805327 0.041600 0.591371 225.226151 0.051050 0.998695 -0.000732 -19.873129 -0.590631 0.029600 -0.806400 455.817993
-0.805475 0.041984 0.591141 225.813522 0.051691 0.998663 -0.000494 -19.887058 -0.590373 0.030159 -0.806568 455.018738
-0.805642 0.043358 0.590814 226.397537 0.052377 0.998625 -0.001863 -19.902943 -0.590084 0.029445 -0.806805 454.218567
-0.805819 0.043045 0.590595 226.984573 0.051509 0.998669 -0.002507 -19.919043 -0.589919 0.028401 -0.806964 453.424286
-0.805468 0.041324 0.591197 227.577393 0.051194 0.998688 -0.000060 -19.936745 -0.590425 0.030217 -0.806527 452.622803
-0.805160 0.037861 0.591849 228.168427 0.050413 0.998717 0.004695 -19.951097 -0.590913 0.033617 -0.806036 451.835663
-0.804922 0.034842 0.592357 228.776154 0.049232 0.998753 0.008153 -19.967674 -0.591336 0.035726 -0.805635 451.039734
-0.804019 0.034671 0.593592 229.376099 0.048991 0.998767 0.008022 -19.968416 -0.592582 0.035531 -0.804726 450.243378
-0.802309 0.035566 0.595850 229.958832 0.050027 0.998717 0.007750 -19.978094 -0.594811 0.036027 -0.803058 449.459503
-0.800312 0.035729 0.598518 230.545181 0.048122 0.998830 0.004721 -19.983242 -0.597650 0.032581 -0.801096 448.679810
-0.799011 0.037327 0.600159 231.150833 0.047795 0.998856 0.001508 -19.986401 -0.599416 0.029889 -0.799880 447.897827
-0.797480 0.037210 0.602198 231.750595 0.047871 0.998852 0.001678 -19.992489 -0.601445 0.030166 -0.798345 447.105621
-0.796435 0.037051 0.603589 232.363800 0.048419 0.998823 0.002576 -20.006382 -0.602785 0.031277 -0.797291 446.309937
-0.794895 0.039539 0.605459 232.971603 0.049312 0.998783 -0.000482 -20.014503 -0.604742 0.029473 -0.795877 445.502930
-0.794051 0.043676 0.606281 233.607208 0.052171 0.998631 -0.003612 -20.022091 -0.605608 0.028763 -0.795243 444.687164
-0.793352 0.043366 0.607218 234.235062 0.052718 0.998606 -0.002440 -20.034801 -0.606478 0.030076 -0.794532 443.873413
-0.793321 0.041183 0.607409 234.869202 0.050712 0.998711 -0.001480 -20.045029 -0.606688 0.029628 -0.794388 443.052734
-0.793644 0.039417 0.607105 235.516388 0.047011 0.998888 -0.003396 -20.054996 -0.606565 0.025846 -0.794615 442.223694
-0.794235 0.037133 0.606476 236.156372 0.043019 0.999062 -0.004832 -20.062162 -0.606087 0.022252 -0.795087 441.391388
-0.794837 0.033316 0.605909 236.805283 0.039797 0.999204 -0.002735 -20.078114 -0.605519 0.021940 -0.795529 440.546204
-0.795427 0.030482 0.605282 237.456116 0.038394 0.999262 0.000133 -20.094971 -0.604832 0.023345 -0.796011 439.701324
-0.795796 0.030642 0.604789 238.108093 0.040591 0.999172 0.002787 -20.107588 -0.604203 0.026767 -0.796381 438.856537
-0.795775 0.032590 0.604715 238.757217 0.044172 0.999014 0.004287 -20.111191 -0.603980 0.030123 -0.796431 438.004425
-0.795665 0.033568 0.604808 239.405472 0.046759 0.998887 0.006076 -20.137550 -0.603931 0.033115 -0.796348 437.157166
-0.795160 0.035116 0.605382 240.039856 0.048719 0.998793 0.006054 -20.156260 -0.604441 0.034307 -0.795911 436.301300
-0.794491 0.035897 0.606215 240.684494 0.048875 0.998793 0.004911 -20.163073 -0.605307 0.033531 -0.795286 435.446808
-0.793872 0.035944 0.607023 241.342590 0.048886 0.998792 0.004791 -20.175179 -0.606119 0.033478 -0.794670 434.605133
-0.792791 0.035626 0.608452 241.992004 0.048229 0.998827 0.004357 -20.188768 -0.607583 0.032799 -0.793579 433.763855
-0.792087 0.035755 0.609361 242.647675 0.047162 0.998883 0.002695 -20.192287 -0.608584 0.030872 -0.792889 432.927155
-0.791092 0.036174 0.610627 243.297928 0.046808 0.998902 0.001467 -20.200485 -0.609905 0.029743 -0.791917 432.091095
-0.788917 0.036760 0.613399 243.927536 0.046732 0.998907 0.000241 -20.206448 -0.612721 0.028855 -0.789773 431.256927
-0.788063 0.038528 0.614389 244.569473 0.047236 0.998881 -0.002050 -20.221256 -0.613782 0.027406 -0.789001 430.442932
-0.787067 0.039311 0.615614 245.212234 0.046139 0.998923 -0.004799 -20.238966 -0.615141 0.024627 -0.788033 429.627350
-0.786072 0.040097 0.616834 245.854996 0.045039 0.998956 -0.007540 -20.259487 -0.616492 0.021854 -0.787058 428.814423
-0.785509 0.038731 0.617639 246.508820 0.043610 0.999022 -0.007183 -20.277016 -0.617314 0.021294 -0.786429 428.002136
-0.784828 0.036260 0.618652 247.155792 0.042399 0.999089 -0.004770 -20.303484 -0.618262 0.022486 -0.785651 427.184662
-0.784961 0.033457 0.618642 247.797546 0.040684 0.999169 -0.002413 -20.329742 -0.618209 0.023274 -0.785670 426.386932
-0.785052 0.032083 0.618598 248.414368 0.040174 0.999192 -0.000837 -20.349031 -0.618126 0.024194 -0.785707 425.608398
-0.785260 0.032279 0.618326 249.033127 0.041195 0.999151 0.000159 -20.365019 -0.617796 0.025597 -0.785922 424.827179
-0.785850 0.031894 0.617595 249.640732 0.042346 0.999100 0.002287 -20.381723 -0.616967 0.027949 -0.786493 424.055206
-0.786506 0.030568 0.616827 250.240967 0.042540 0.999083 0.004731 -20.397997 -0.616117 0.029960 -0.787085 423.292786
-0.788214 0.030255 0.614658 250.860031 0.043005 0.999057 0.005973 -20.406702 -0.613899 0.031142 -0.788771 422.543793
-0.790114 0.030956 0.612178 251.464996 0.043341 0.999046 0.005418 -20.410782 -0.611426 0.030814 -0.790702 421.801971
-0.792744 0.032184 0.608705 252.052963 0.043885 0.999027 0.004335 -20.406502 -0.607975 0.030150 -0.793385 421.074005
-0.795484 0.031213 0.605172 252.576035 0.042977 0.999063 0.004964 -20.427475 -0.604451 0.029957 -0.796080 420.373230
-0.799226 0.031402 0.600211 253.084320 0.042170 0.999103 0.003880 -20.437176 -0.599550 0.028412 -0.799833 419.702026
-0.803664 0.031586 0.594246 253.573975 0.041782 0.999121 0.003400 -20.451174 -0.593616 0.027561 -0.804277 419.040558
-0.810563 0.031002 0.584831 254.109528 0.041598 0.999123 0.004690 -20.467264 -0.584174 0.028129 -0.811142 418.373016
-0.817683 0.031831 0.574789 254.551315 0.042692 0.999074 0.005405 -20.481049 -0.574085 0.028958 -0.818284 417.741394
-0.826317 0.032756 0.562253 254.966385 0.042891 0.999068 0.004830 -20.489267 -0.561572 0.028108 -0.826951 417.120972
-0.836845 0.032633 0.546467 255.372696 0.041644 0.999124 0.004111 -20.497934 -0.545855 0.026198 -0.837470 416.493042
-0.849561 0.034730 0.526346 255.726456 0.042264 0.999103 0.002294 -20.503065 -0.525796 0.024194 -0.850267 415.910614
-0.864784 0.032961 0.501062 256.068146 0.040317 0.999179 0.003854 -20.537094 -0.500525 0.023534 -0.865403 415.321381
-0.881469 0.034375 0.470989 256.368408 0.040949 0.999154 0.003714 -20.537914 -0.470465 0.022560 -0.882131 414.739624
-0.900191 0.035240 0.434069 256.659546 0.041059 0.999148 0.004035 -20.534004 -0.433558 0.021455 -0.900871 414.160004
-0.919617 0.037586 0.391013 256.890808 0.042697 0.999077 0.004383 -20.539503 -0.390489 0.020727 -0.920375 413.580170
-0.939091 0.038967 0.341452 257.087219 0.043429 0.999041 0.005430 -20.533545 -0.340914 0.019928 -0.939884 412.982300
-0.957262 0.039115 0.286565 257.246033 0.044020 0.998973 0.010695 -20.529457 -0.285853 0.022853 -0.958001 412.373932
-0.973156 0.038460 0.226909 257.356079 0.043366 0.998920 0.016674 -20.515848 -0.226023 0.026067 -0.973773 411.761780
-0.986345 0.039321 0.159929 257.433350 0.043460 0.998802 0.022465 -20.499987 -0.158855 0.029108 -0.986873 411.150909
-0.995351 0.040045 0.087602 257.470734 0.042600 0.998713 0.027498 -20.494987 -0.086388 0.031102 -0.995776 410.549988
-0.999017 0.041880 0.014530 257.430603 0.042316 0.998616 0.031235 -20.501446 -0.013202 0.031820 -0.999407 409.999695
-0.997310 0.043318 -0.059142 257.348419 0.041328 0.998551 0.034465 -20.500021 0.060549 0.031927 -0.997654 409.442780
-0.990209 0.045138 -0.132095 257.221985 0.040471 0.998464 0.037808 -20.489710 0.133598 0.032091 -0.990516 408.883179
-0.977654 0.047177 -0.204860 257.072266 0.039547 0.998368 0.041178 -20.474577 0.206468 0.032156 -0.977925 408.343231
-0.959430 0.051025 -0.277291 256.893555 0.040308 0.998208 0.044216 -20.449810 0.279051 0.031246 -0.959769 407.807007
-0.936055 0.054330 -0.347635 256.677216 0.040377 0.998066 0.047262 -20.413404 0.349530 0.030204 -0.936438 407.287567
-0.908893 0.057394 -0.413062 256.399261 0.040085 0.997921 0.050455 -20.377832 0.415099 0.029301 -0.909304 406.792053
-0.877955 0.062028 -0.474707 256.094452 0.040843 0.997660 0.054822 -20.344614 0.476997 0.028743 -0.878435 406.292267
-0.845327 0.063922 -0.530412 255.760147 0.037554 0.997470 0.060357 -20.313244 0.532928 0.031102 -0.845590 405.816895
-0.810808 0.066211 -0.581557 255.402359 0.035429 0.997310 0.064148 -20.255260 0.584240 0.031407 -0.810974 405.331085
-0.776216 0.067052 -0.626892 255.020309 0.031376 0.997204 0.067812 -20.229029 0.629686 0.032968 -0.776150 404.900818
-0.741518 0.068631 -0.667414 254.617569 0.028379 0.997072 0.071000 -20.201599 0.670333 0.033707 -0.741295 404.485779
-0.708720 0.067348 -0.702268 254.184097 0.022928 0.997105 0.072485 -20.154514 0.705118 0.035269 -0.708213 404.079010
-0.677295 0.068614 -0.732506 253.724976 0.020001 0.996991 0.074895 -20.113361 0.735439 0.036076 -0.676630 403.670074
-0.648240 0.068039 -0.758391 253.265152 0.013986 0.996895 0.077481 -20.069836 0.761308 0.039621 -0.647179 403.271423
-0.620563 0.067319 -0.781262 252.773026 0.007429 0.996768 0.079988 -20.028450 0.784121 0.043835 -0.619058 402.889252
-0.590877 0.066611 -0.804007 252.255203 0.000914 0.996640 0.081898 -19.988974 0.806762 0.047656 -0.588953 402.518707
-0.559892 0.063889 -0.826100 251.719040 -0.007493 0.996592 0.082152 -19.945702 0.828532 0.052187 -0.557505 402.158508
-0.529744 0.061452 -0.845929 251.146713 -0.013506 0.996634 0.080858 -19.888729 0.848050 0.054259 -0.527132 401.821594
-0.499205 0.059399 -0.864446 250.551086 -0.017485 0.996753 0.078587 -19.827091 0.866308 0.054346 -0.496546 401.503174
-0.469207 0.057836 -0.881193 249.946579 -0.021746 0.996793 0.077002 -19.780766 0.882821 0.055293 -0.466446 401.192017
-0.440076 0.057875 -0.896094 249.322876 -0.021881 0.996933 0.075134 -19.729588 0.897695 0.052673 -0.437461 400.901398
-0.412346 0.057898 -0.909187 248.662109 -0.022034 0.997052 0.073486 -19.680222 0.910762 0.050335 -0.409855 400.627258
-0.384919 0.058902 -0.921069 247.983368 -0.021514 0.997117 0.072756 -19.633030 0.922700 0.047821 -0.382542 400.365479
-0.358669 0.058439 -0.931634 247.281113 -0.021584 0.997252 0.070865 -19.578350 0.933216 0.045526 -0.356423 400.122284
-0.332769 0.058240 -0.941208 246.561188 -0.019288 0.997461 0.068541 -19.529135 0.942811 0.040963 -0.330801 399.886810
-0.308704 0.059127 -0.949319 245.813370 -0.014276 0.997665 0.066780 -19.477079 0.951051 0.034168 -0.307140 399.669159
-0.284894 0.061393 -0.956591 245.051300 -0.007387 0.997776 0.066236 -19.427979 0.958531 0.025937 -0.283808 399.463715
-0.263148 0.065347 -0.962541 244.262436 -0.002657 0.997650 0.068457 -19.371872 0.964753 0.020572 -0.262356 399.264038
-0.243235 0.069781 -0.967454 243.450012 0.001813 0.997439 0.071488 -19.315639 0.969966 0.015635 -0.242740 399.083923
-0.226012 0.072015 -0.971459 242.618881 0.002345 0.997301 0.073385 -19.263527 0.974122 0.014308 -0.225572 398.912476
-0.210829 0.070188 -0.975001 241.772156 0.000679 0.997429 0.071655 -19.207323 0.977523 0.014444 -0.210336 398.752075
-0.194365 0.065929 -0.978711 240.909851 -0.001229 0.997721 0.067454 -19.143139 0.980929 0.014314 -0.193842 398.586700
-0.177006 0.063661 -0.982149 240.028656 -0.004837 0.997838 0.065549 -19.081493 0.984198 0.016354 -0.176316 398.426422
-0.159458 0.064743 -0.985080 239.122986 -0.008079 0.997728 0.066882 -19.025351 0.987172 0.018624 -0.158573 398.279572
-0.143123 0.067004 -0.987435 238.200668 -0.006352 0.997622 0.068617 -18.967817 0.989685 0.016093 -0.142358 398.149658
-0.129507 0.066737 -0.989331 237.264328 -0.003146 0.997700 0.067713 -18.909239 0.991574 0.011882 -0.128999 398.037720
-0.118896 0.063393 -0.990881 236.292938 0.001777 0.997971 0.063634 -18.852568 0.992905 0.005806 -0.118769 397.948151
-0.108448 0.057408 -0.992443 235.343964 0.004046 0.998348 0.057308 -18.801815 0.994094 0.002199 -0.108502 397.832306
-0.099424 0.052480 -0.993660 234.355530 0.006490 0.998620 0.052093 -18.749249 0.995025 -0.001269 -0.099628 397.739227
-0.092282 0.051442 -0.994404 233.335327 0.007570 0.998672 0.050961 -18.701469 0.995705 -0.002825 -0.092548 397.647614
-0.088095 0.053528 -0.994673 232.315445 0.006060 0.998565 0.053200 -18.654884 0.996094 -0.001341 -0.088293 397.563354
-0.084672 0.056590 -0.994801 231.272354 0.006245 0.998396 0.056263 -18.604675 0.996390 -0.001449 -0.084891 397.467010
-0.081627 0.056968 -0.995034 230.215622 0.008687 0.998367 0.056446 -18.551437 0.996626 -0.004036 -0.081989 397.400787
-0.078369 0.057039 -0.995291 229.158310 0.007097 0.998369 0.056657 -18.497253 0.996899 -0.002624 -0.078646 397.315430
-0.075111 0.057114 -0.995539 228.100723 0.005508 0.998366 0.056861 -18.442848 0.997160 -0.001212 -0.075304 397.233612
-0.072604 0.057192 -0.995720 227.024536 0.006547 0.998359 0.056866 -18.387840 0.997340 -0.002390 -0.072859 397.158081
-0.069200 0.056047 -0.996028 225.936188 0.006778 0.998423 0.055711 -18.336880 0.997580 -0.002896 -0.069472 397.078644
-0.066641 0.054719 -0.996276 224.840729 0.001162 0.998498 0.054763 -18.279430 0.997777 0.002493 -0.066605 396.994476
-0.063271 0.055587 -0.996447 223.762222 0.000163 0.998447 0.055688 -18.238321 0.997997 0.003360 -0.063183 396.902527
-0.060942 0.056697 -0.996530 222.661621 -0.002230 0.998374 0.056938 -18.189594 0.998139 0.005694 -0.060717 396.825653
-0.058042 0.056215 -0.996731 221.564484 -0.003051 0.998398 0.056486 -18.141743 0.998310 0.006319 -0.057778 396.754761
-0.055101 0.056207 -0.996898 220.456665 -0.005691 0.998380 0.056606 -18.085867 0.998465 0.008793 -0.054692 396.687042
-0.051952 0.057171 -0.997012 219.340683 -0.008233 0.998302 0.057674 -18.033579 0.998616 0.011205 -0.051394 396.621124
-0.049860 0.057059 -0.997125 218.218765 -0.009748 0.998291 0.057614 -17.981293 0.998709 0.012592 -0.049220 396.563446
-0.047210 0.056792 -0.997270 217.098175 -0.010070 0.998304 0.057328 -17.925182 0.998834 0.012749 -0.046559 396.496246
-0.043322 0.057604 -0.997400 215.965912 -0.011591 0.998240 0.058156 -17.868555 0.998995 0.014081 -0.042578 396.417328
-0.040829 0.060461 -0.997335 214.826477 -0.013475 0.998043 0.061055 -17.811783 0.999076 0.015932 -0.039935 396.361206
-0.038417 0.060348 -0.997439 213.680832 -0.014802 0.998030 0.060953 -17.752146 0.999153 0.017105 -0.037449 396.315979
-0.035178 0.058439 -0.997671 212.544067 -0.017134 0.998106 0.059069 -17.696432 0.999234 0.019172 -0.034111 396.261658
-0.031401 0.057252 -0.997867 211.409302 -0.018241 0.998158 0.057842 -17.638357 0.999341 0.020019 -0.030300 396.206299
-0.027522 0.059516 -0.997848 210.276031 -0.019640 0.998000 0.060067 -17.597271 0.999428 0.021251 -0.026298 396.154175
-0.025604 0.059185 -0.997919 209.138428 -0.019007 0.998036 0.059680 -17.545103 0.999492 0.020495 -0.024430 396.135010
-0.023412 0.058954 -0.997987 208.014084 -0.018419 0.998064 0.059390 -17.490236 0.999557 0.019773 -0.022281 396.106293
-0.021241 0.061925 -0.997855 206.867249 -0.019316 0.997868 0.062337 -17.446741 0.999588 0.020599 -0.020000 396.073456
-0.020057 0.064181 -0.997737 205.738434 -0.021192 0.997686 0.064604 -17.397814 0.999575 0.022440 -0.018651 396.050049
-0.018098 0.065222 -0.997707 204.609680 -0.022173 0.997598 0.065617 -17.344940 0.999591 0.023311 -0.016609 396.015717
-0.017704 0.065893 -0.997670 203.483673 -0.022218 0.997553 0.066280 -17.283665 0.999597 0.023340 -0.016198 396.008545
-0.016938 0.067183 -0.997597 202.334427 -0.021926 0.997475 0.067547 -17.215797 0.999617 0.023017 -0.015423 396.011475
-0.015582 0.068939 -0.997499 201.212479 -0.020820 0.997381 0.069256 -17.152374 0.999662 0.021847 -0.014106 395.991760
-0.015043 0.070205 -0.997420 200.084366 -0.020767 0.997294 0.070509 -17.085707 0.999672 0.021774 -0.013545 395.988281
-0.014428 0.070237 -0.997426 198.973648 -0.020851 0.997291 0.070528 -17.012924 0.999678 0.021816 -0.012926 395.982147
-0.014462 0.068575 -0.997541 197.851410 -0.021377 0.997395 0.068875 -16.939501 0.999668 0.022320 -0.012960 395.994659
-0.013977 0.065835 -0.997733 196.719727 -0.022948 0.997546 0.066144 -16.862631 0.999640 0.023821 -0.012433 395.994293
-0.014787 0.064060 -0.997837 195.597961 -0.023143 0.997656 0.064391 -16.795622 0.999624 0.024045 -0.013271 396.006744
-0.015781 0.064535 -0.997791 194.484238 -0.021734 0.997657 0.064871 -16.738003 0.999640 0.022710 -0.014342 396.012268
-0.017177 0.066141 -0.997662 193.385773 -0.020240 0.997581 0.066485 -16.675615 0.999648 0.021335 -0.015797 396.016449
-0.017544 0.067993 -0.997532 192.292358 -0.018687 0.997488 0.068318 -16.621881 0.999672 0.019839 -0.016230 396.008667
-0.018538 0.068834 -0.997456 191.199753 -0.017713 0.997447 0.069161 -16.564844 0.999671 0.018950 -0.017271 396.006470
-0.018798 0.068570 -0.997470 190.121216 -0.018440 0.997452 0.068917 -16.503471 0.999654 0.019688 -0.017486 395.982422
-0.019476 0.068177 -0.997484 189.038162 -0.018834 0.997470 0.068544 -16.444630 0.999633 0.020122 -0.018143 395.962128
-0.019562 0.068295 -0.997474 187.962860 -0.020650 0.997423 0.068697 -16.383846 0.999595 0.021942 -0.018102 395.930603
-0.020251 0.068480 -0.997447 186.895447 -0.020137 0.997421 0.068887 -16.330915 0.999593 0.021481 -0.018821 395.920380
-0.020404 0.067786 -0.997491 185.831757 -0.019590 0.997480 0.068185 -16.272932 0.999600 0.020932 -0.019025 395.900146
-0.020537 0.068112 -0.997467 184.774734 -0.017874 0.997492 0.068480 -16.218479 0.999630 0.019235 -0.019268 395.885834
-0.019713 0.067545 -0.997522 183.680878 -0.016300 0.997560 0.067870 -16.146862 0.999673 0.017598 -0.018565 395.841095
-0.018367 0.066413 -0.997624 182.598892 -0.015552 0.997652 0.066701 -16.076956 0.999711 0.016741 -0.017292 395.795410
-0.018032 0.065041 -0.997720 181.539124 -0.014855 0.997754 0.065311 -16.006908 0.999727 0.015998 -0.017027 395.787933
-0.016363 0.064181 -0.997805 180.500977 -0.014955 0.997810 0.064426 -15.960176 0.999754 0.015977 -0.015369 395.764709
-0.014844 0.061024 -0.998026 179.465225 -0.015571 0.998000 0.061253 -15.910914 0.999769 0.016449 -0.013865 395.752594
-0.012559 0.058483 -0.998210 178.439072 -0.014496 0.998172 0.058663 -15.876159 0.999817 0.015207 -0.011689 395.737000
-0.009393 0.057368 -0.998310 177.403336 -0.012254 0.998271 0.057481 -15.832187 0.999881 0.012773 -0.008674 395.713440
-0.007326 0.058443 -0.998264 176.387726 -0.013542 0.998193 0.058538 -15.787301 0.999881 0.013948 -0.006523 395.715820
-0.004597 0.060603 -0.998152 175.389221 -0.011003 0.998098 0.060650 -15.756907 0.999930 0.011262 -0.003923 395.718567
-0.001822 0.062538 -0.998041 174.397339 -0.009589 0.997995 0.062552 -15.707520 0.999952 0.009685 -0.001219 395.719452
0.001210 0.062919 -0.998018 173.418518 -0.009610 0.997973 0.062904 -15.666369 0.999954 0.009516 0.001811 395.722351
0.003837 0.062399 -0.998045 172.453018 -0.009997 0.998003 0.062358 -15.611959 0.999943 0.009738 0.004452 395.747040
0.007033 0.061988 -0.998052 171.499069 -0.008826 0.998041 0.061926 -15.575200 0.999937 0.008374 0.007566 395.778229
0.010785 0.061729 -0.998035 170.588165 -0.008358 0.998063 0.061641 -15.535348 0.999908 0.007677 0.011279 395.789307
0.012952 0.062484 -0.997963 169.685394 -0.007595 0.998022 0.062389 -15.491929 0.999888 0.006772 0.013400 395.818207
0.013466 0.061089 -0.998042 168.803741 -0.004753 0.998124 0.061029 -15.453448 0.999899 0.003922 0.013731 395.846863
0.011553 0.060118 -0.998125 167.941315 -0.000839 0.998191 0.060112 -15.420743 0.999933 0.000144 0.011581 395.878540
0.007834 0.058865 -0.998235 167.100494 0.001780 0.998263 0.058880 -15.378360 0.999968 -0.002238 0.007715 395.909912
0.003237 0.059993 -0.998194 166.278320 0.004137 0.998189 0.060005 -15.337647 0.999986 -0.004324 0.002982 395.930847
-0.003048 0.062725 -0.998027 165.474945 0.007245 0.998006 0.062701 -15.297660 0.999969 -0.007041 -0.003498 395.942230
-0.011326 0.064979 -0.997823 164.692749 0.011325 0.997830 0.064851 -15.271445 0.999872 -0.010565 -0.012037 395.937775
-0.022712 0.064238 -0.997677 163.929565 0.013259 0.997865 0.063947 -15.230190 0.999655 -0.011775 -0.023516 395.934906
-0.035468 0.062527 -0.997414 163.189957 0.015358 0.997957 0.062014 -15.186476 0.999253 -0.013118 -0.036356 395.910034
-0.049231 0.063608 -0.996760 162.475250 0.016988 0.997878 0.062840 -15.158652 0.998644 -0.013839 -0.050208 395.864502
-0.064486 0.065527 -0.995765 161.784485 0.018652 0.997746 0.064449 -15.127579 0.997744 -0.014417 -0.065563 395.803497
-0.083168 0.068255 -0.994196 161.113510 0.020960 0.997550 0.066732 -15.098671 0.996316 -0.015289 -0.084396 395.748871
-0.105587 0.070792 -0.991888 160.478424 0.024782 0.997340 0.068543 -15.064085 0.994102 -0.017344 -0.107061 395.654358
-0.135383 0.073311 -0.988078 159.886414 0.030252 0.997099 0.069836 -15.040781 0.990332 -0.020436 -0.137209 395.551086
-0.172825 0.075005 -0.982093 159.317307 0.034633 0.996942 0.070044 -15.016575 0.984344 -0.021907 -0.174894 395.433563
-0.216017 0.075332 -0.973479 158.780106 0.037523 0.996923 0.068819 -14.985919 0.975669 -0.021661 -0.218180 395.275299
-0.266084 0.076557 -0.960906 158.265106 0.040478 0.996848 0.068212 -14.965216 0.963100 -0.020745 -0.268345 395.099518
-0.321382 0.077450 -0.943778 157.781265 0.042139 0.996832 0.067454 -14.946061 0.946012 -0.018091 -0.323628 394.903778
-0.379838 0.077623 -0.921791 157.322281 0.045296 0.996838 0.065277 -14.920393 0.923944 -0.016959 -0.382154 394.677185
-0.440238 0.078757 -0.894421 156.896072 0.049078 0.996766 0.063613 -14.900689 0.896539 -0.015892 -0.442681 394.426514
-0.501297 0.081823 -0.861399 156.485092 0.055834 0.996503 0.062162 -14.876819 0.863473 -0.016933 -0.504113 394.141663
-0.563264 0.084295 -0.821967 156.089157 0.059602 0.996335 0.061333 -14.849078 0.824125 -0.014444 -0.566225 393.827911
-0.623270 0.085371 -0.777333 155.732635 0.062760 0.996278 0.059095 -14.825673 0.779484 -0.011953 -0.626308 393.494751
-0.679511 0.081380 -0.729139 155.410110 0.061120 0.996653 0.054277 -14.801381 0.731115 -0.007683 -0.682211 393.119873
-0.731603 0.080971 -0.676907 155.102051 0.063059 0.996702 0.051070 -14.772465 0.678809 -0.005322 -0.734296 392.725555
-0.779006 0.083117 -0.621484 154.837830 0.065476 0.996539 0.051204 -14.750862 0.623588 -0.000804 -0.781753 392.324371
-0.822123 0.084388 -0.563020 154.594574 0.065827 0.996410 0.053223 -14.729187 0.565491 0.006694 -0.824728 391.898743
-0.860591 0.082587 -0.502558 154.393478 0.063038 0.996449 0.055802 -14.709636 0.505381 0.016342 -0.862742 391.453613
-0.893395 0.078532 -0.442356 154.216064 0.059803 0.996630 0.056151 -14.697517 0.445274 0.023712 -0.895081 390.990875
-0.919902 0.076474 -0.384619 154.064392 0.059599 0.996671 0.055623 -14.687090 0.387591 0.028245 -0.921399 390.517944
-0.941057 0.073600 -0.330144 153.927567 0.059967 0.996880 0.051305 -14.666263 0.332890 0.028485 -0.942536 390.029236
-0.957479 0.070780 -0.279690 153.810074 0.060344 0.997128 0.045760 -14.644063 0.282125 0.026937 -0.959001 389.527344
-0.969881 0.064486 -0.234892 153.718201 0.056985 0.997628 0.038590 -14.622758 0.236822 0.024043 -0.971256 389.010681
-0.978789 0.057633 -0.196598 153.646225 0.052386 0.998121 0.031785 -14.599817 0.198060 0.020812 -0.979969 388.485229
-0.985168 0.046781 -0.165090 153.593979 0.042455 0.998658 0.029632 -14.579739 0.166254 0.022185 -0.985834 387.932190
-0.989493 0.042890 -0.138077 153.539841 0.039045 0.998773 0.030436 -14.565868 0.139213 0.024725 -0.989954 387.371124
-0.992488 0.043760 -0.114250 153.486649 0.040283 0.998656 0.032575 -14.552454 0.115522 0.027728 -0.992919 386.816284
-0.994407 0.048887 -0.093624 153.437073 0.045726 0.998318 0.035616 -14.550237 0.095207 0.031135 -0.994971 386.227966
-0.995881 0.049371 -0.076050 153.404129 0.046741 0.998258 0.035986 -14.535857 0.077694 0.032283 -0.996455 385.639160
-0.997007 0.046594 -0.061701 153.384064 0.044631 0.998464 0.032823 -14.513771 0.063135 0.029971 -0.997556 385.034485
-0.997977 0.040338 -0.049151 153.374649 0.038909 0.998801 0.029681 -14.499595 0.050289 0.027710 -0.998351 384.419983
-0.998318 0.042302 -0.039648 153.353714 0.041244 0.998779 0.027162 -14.485323 0.040747 0.025481 -0.998845 383.778107
-0.998405 0.046834 -0.031532 153.326263 0.046020 0.998601 0.026029 -14.468696 0.032706 0.024537 -0.999165 383.120392
-0.998457 0.049115 -0.025938 153.310242 0.048457 0.998502 0.025372 -14.456199 0.027144 0.024077 -0.999342 382.454651
-0.998574 0.048108 -0.023181 153.303955 0.047536 0.998566 0.024576 -14.440665 0.024330 0.023439 -0.999430 381.769440
-0.998606 0.048456 -0.020957 153.291626 0.047970 0.998581 0.023096 -14.429267 0.022046 0.022059 -0.999514 381.068542
-0.998571 0.050764 -0.016749 153.279999 0.050414 0.998514 0.020640 -14.415298 0.017771 0.019767 -0.999647 380.349640
-0.998318 0.056778 -0.011816 153.269867 0.056544 0.998213 0.019306 -14.401944 0.012890 0.018606 -0.999744 379.609100
-0.998110 0.061129 -0.006416 153.267853 0.061010 0.997985 0.017368 -14.388732 0.007463 0.016944 -0.999829 378.856018
-0.998124 0.061221 -0.000239 153.273682 0.061206 0.997961 0.018077 -14.381251 0.001346 0.018029 -0.999837 378.081604
-0.998155 0.060407 0.006151 153.278992 0.060507 0.998010 0.017719 -14.368378 -0.005070 0.018058 -0.999824 377.286682
-0.998071 0.060768 0.012737 153.289124 0.060976 0.998001 0.016619 -14.356352 -0.011702 0.017364 -0.999782 376.477234
-0.997971 0.061107 0.017879 153.303009 0.061373 0.998006 0.014724 -14.348843 -0.016945 0.015791 -0.999732 375.643768
-0.997980 0.059749 0.021580 153.320786 0.060020 0.998124 0.012099 -14.334966 -0.020817 0.013370 -0.999694 374.792175
-0.997722 0.062534 0.025335 153.335739 0.062827 0.997963 0.010965 -14.323514 -0.024599 0.012531 -0.999619 373.919647
-0.997290 0.067583 0.029058 153.346420 0.067962 0.997612 0.012281 -14.307517 -0.028159 0.014223 -0.999503 373.028442
-0.997057 0.068858 0.033702 153.355255 0.069395 0.997476 0.015042 -14.295424 -0.032581 0.017337 -0.999319 372.112305
-0.996756 0.071408 0.037126 153.379593 0.072088 0.997248 0.017315 -14.277268 -0.035789 0.019936 -0.999161 371.187714
-0.996502 0.073059 0.040582 153.413559 0.073869 0.997090 0.018824 -14.268661 -0.039090 0.021756 -0.998999 370.248962
-0.996713 0.068532 0.043217 153.463898 0.069448 0.997383 0.020073 -14.254248 -0.041730 0.023009 -0.998864 369.289612
-0.997106 0.060975 0.045394 153.522827 0.062074 0.997802 0.023207 -14.233587 -0.043879 0.025958 -0.998700 368.311462
-0.997392 0.054581 0.047239 153.574249 0.055896 0.998071 0.026994 -14.209968 -0.045675 0.029565 -0.998519 367.310852
-0.997642 0.050095 0.046910 153.634720 0.051438 0.998287 0.027870 -14.196183 -0.045434 0.030217 -0.998510 366.307709
-0.997613 0.050538 0.047066 153.675720 0.051632 0.998416 0.022333 -14.170209 -0.045863 0.024710 -0.998643 365.295715
-0.997519 0.052014 0.047433 153.716568 0.052911 0.998438 0.017884 -14.153407 -0.046430 0.020348 -0.998714 364.281799
-0.997337 0.055487 0.047335 153.758499 0.056436 0.998226 0.018949 -14.152297 -0.046200 0.021570 -0.998699 363.254150
-0.997176 0.057740 0.048026 153.801529 0.058832 0.998032 0.021659 -14.145448 -0.046681 0.024423 -0.998612 362.212799
-0.997404 0.054198 0.047406 153.864288 0.055144 0.998300 0.018877 -14.117395 -0.046303 0.021443 -0.998698 361.168579
-0.997617 0.050286 0.047253 153.923126 0.051235 0.998503 0.019097 -14.104963 -0.046223 0.021473 -0.998701 360.119690
-0.997618 0.049967 0.047551 153.973236 0.050982 0.998491 0.020364 -14.093835 -0.046461 0.022740 -0.998662 359.064728
-0.997601 0.049912 0.047996 154.033661 0.050908 0.998507 0.019783 -14.086279 -0.046937 0.022179 -0.998652 357.999176
-0.997374 0.053218 0.049130 154.083130 0.054031 0.998420 0.015376 -14.065261 -0.048235 0.017991 -0.998675 356.928406
-0.997077 0.057181 0.050670 154.141235 0.057941 0.998226 0.013651 -14.057480 -0.049800 0.016547 -0.998622 355.847076
-0.996935 0.058731 0.051700 154.212479 0.059461 0.998149 0.012683 -14.056283 -0.050859 0.015718 -0.998582 354.775574
-0.996852 0.058217 0.053827 154.266052 0.058938 0.998190 0.011921 -14.049559 -0.053036 0.015056 -0.998479 353.696655
-0.996978 0.055158 0.054721 154.336929 0.056130 0.998289 0.016375 -14.050264 -0.053725 0.019397 -0.998368 352.618439
-0.997186 0.052031 0.053965 154.420639 0.053158 0.998392 0.019669 -14.051077 -0.052855 0.022482 -0.998350 351.537323
-0.997252 0.050711 0.054011 154.477188 0.051696 0.998518 0.017019 -14.044096 -0.053068 0.019765 -0.998396 350.457062
-0.997302 0.050555 0.053248 154.545319 0.051309 0.998599 0.012910 -14.034650 -0.052521 0.015607 -0.998498 349.389282
-0.997095 0.054752 0.052945 154.601776 0.055487 0.998380 0.012527 -14.031329 -0.052174 0.015428 -0.998519 348.318298
-0.996917 0.058526 0.052270 154.653809 0.059586 0.998042 0.018973 -14.026481 -0.051058 0.022030 -0.998453 347.249359
-0.996884 0.059770 0.051487 154.713043 0.061084 0.997835 0.024337 -14.015483 -0.049922 0.027407 -0.998378 346.158203
-0.996978 0.058717 0.050875 154.768875 0.060027 0.997892 0.024613 -13.998689 -0.049324 0.027594 -0.998402 345.084320
-0.997128 0.057074 0.049794 154.824081 0.058143 0.998101 0.020302 -13.982488 -0.048541 0.023139 -0.998554 344.007080
-0.997408 0.052830 0.048871 154.885651 0.053724 0.998408 0.017161 -13.984009 -0.047887 0.019742 -0.998658 342.945709
-0.997635 0.049916 0.047272 154.948105 0.050746 0.998575 0.016519 -13.974553 -0.046382 0.018879 -0.998746 341.888794
-0.997672 0.049828 0.046578 155.012680 0.050893 0.998462 0.021956 -13.964288 -0.045412 0.024275 -0.998674 340.806793
-0.997846 0.046847 0.045932 155.071411 0.048057 0.998516 0.025610 -13.951536 -0.044665 0.027763 -0.998617 339.722534
-0.997823 0.047256 0.046002 155.116241 0.048337 0.998573 0.022689 -13.926309 -0.044865 0.024864 -0.998684 338.648163
-0.997665 0.049830 0.046707 155.147110 0.050736 0.998542 0.018420 -13.910995 -0.045722 0.020747 -0.998739 337.581757
-0.997553 0.052310 0.046383 155.193970 0.053164 0.998434 0.017367 -13.901303 -0.045402 0.019791 -0.998773 336.505066
-0.997569 0.052767 0.045509 155.260971 0.053835 0.998295 0.022547 -13.895967 -0.044242 0.024942 -0.998710 335.398529
-0.997446 0.055247 0.045276 155.314911 0.056510 0.998033 0.027107 -13.882809 -0.043690 0.029596 -0.998607 334.304291
-0.997300 0.057868 0.045224 155.363052 0.059134 0.997879 0.027172 -13.862096 -0.043556 0.029774 -0.998608 333.201141
-0.997044 0.062366 0.044869 155.407684 0.063516 0.997675 0.024706 -13.838787 -0.043224 0.027483 -0.998688 332.101501
-0.996881 0.064932 0.044871 155.454025 0.066116 0.997487 0.025432 -13.817802 -0.043108 0.028319 -0.998670 330.984741
-0.996693 0.067271 0.045590 155.491608 0.068532 0.997291 0.026707 -13.795325 -0.043670 0.029743 -0.998604 329.857452
-0.996499 0.069614 0.046312 155.530045 0.070955 0.997087 0.027983 -13.771333 -0.044230 0.031171 -0.998536 328.727936
-0.996356 0.071141 0.047055 155.577866 0.072328 0.997091 0.024038 -13.745294 -0.045209 0.027354 -0.998603 327.590485
-0.996129 0.073461 0.048277 155.613281 0.074477 0.997030 0.019574 -13.726930 -0.046696 0.023094 -0.998643 326.460144
-0.996164 0.072734 0.048646 155.671829 0.073664 0.997128 0.017605 -13.715333 -0.047227 0.021122 -0.998661 325.319183
-0.996346 0.069236 0.050018 155.720078 0.070260 0.997346 0.019028 -13.697965 -0.048569 0.022473 -0.998568 324.157471
-0.996259 0.069836 0.050911 155.775330 0.071054 0.997218 0.022503 -13.677487 -0.049199 0.026037 -0.998450 322.992462
-0.996295 0.067868 0.052822 155.823608 0.069311 0.997256 0.025998 -13.659112 -0.050913 0.029564 -0.998266 321.828491
-0.996311 0.068150 0.052154 155.886398 0.069749 0.997129 0.029486 -13.635785 -0.049995 0.033015 -0.998204 320.663696
-0.996294 0.068925 0.051456 155.943207 0.070581 0.997021 0.031083 -13.612301 -0.049161 0.034600 -0.998192 319.497375
-0.996311 0.069749 0.050018 156.004822 0.071203 0.997071 0.027907 -13.589144 -0.047926 0.031365 -0.998359 318.331421
-0.996333 0.070037 0.049149 156.065796 0.071240 0.997189 0.023193 -13.570969 -0.047387 0.026610 -0.998522 317.164856
-0.996336 0.070338 0.048676 156.124786 0.071544 0.997160 0.023499 -13.556762 -0.046885 0.026895 -0.998539 315.985352
-0.996292 0.070563 0.049237 156.177704 0.071818 0.997123 0.024224 -13.533208 -0.047386 0.027671 -0.998494 314.804108
-0.996284 0.070936 0.048857 156.252197 0.072003 0.997195 0.020442 -13.512210 -0.047271 0.023884 -0.998597 313.622742
-0.996194 0.071480 0.049877 156.312347 0.072361 0.997248 0.016082 -13.498592 -0.048591 0.019631 -0.998626 312.442230
-0.996095 0.072150 0.050888 156.371643 0.073014 0.997212 0.015325 -13.500609 -0.049641 0.018981 -0.998587 311.258087
-0.996051 0.072062 0.051874 156.434113 0.073048 0.997176 0.017373 -13.493098 -0.050477 0.021093 -0.998503 310.072327
-0.996021 0.071742 0.052878 156.511581 0.072957 0.997104 0.021415 -13.483535 -0.051188 0.025188 -0.998372 308.883057
-0.996135 0.069826 0.053290 156.602493 0.071209 0.997159 0.024510 -13.465620 -0.051428 0.028210 -0.998279 307.710724
-0.996291 0.066541 0.054563 156.671722 0.067883 0.997425 0.023144 -13.457697 -0.052884 0.026762 -0.998242 306.520569
-0.996323 0.065426 0.055336 156.739426 0.066297 0.997700 0.014056 -13.447553 -0.054289 0.017672 -0.998369 305.343079
-0.996427 0.062372 0.056961 156.799667 0.062766 0.998015 0.005154 -13.447830 -0.056527 0.008712 -0.998363 304.179108
-0.996432 0.060598 0.058757 156.868164 0.061047 0.998117 0.005884 -13.471358 -0.058291 0.009450 -0.998256 302.988708
-0.996238 0.060484 0.062065 156.918152 0.061296 0.998055 0.011265 -13.470549 -0.061263 0.015027 -0.998009 301.801544
-0.996047 0.061829 0.063782 156.974640 0.063041 0.997863 0.017176 -13.460651 -0.062586 0.021128 -0.997816 300.621307
-0.996098 0.059395 0.065288 157.044785 0.061035 0.997860 0.023419 -13.454596 -0.063758 0.027313 -0.997592 299.456787
-0.996049 0.059963 0.065512 157.123062 0.061790 0.997744 0.026244 -13.439238 -0.063791 0.030189 -0.997507 298.261627
-0.996100 0.059183 0.065447 157.195221 0.060913 0.997836 0.024771 -13.418872 -0.063840 0.028661 -0.997549 297.104065
-0.996128 0.059545 0.064698 157.267380 0.061255 0.997814 0.024785 -13.397716 -0.063081 0.028653 -0.997597 295.933502
-0.996139 0.059592 0.064472 157.335342 0.061343 0.997790 0.025528 -13.389574 -0.062809 0.029385 -0.997593 294.766479
-0.996094 0.060490 0.064335 157.402740 0.061908 0.997876 0.020274 -13.379086 -0.062972 0.024177 -0.997722 293.583801
-0.996148 0.059427 0.064476 157.468323 0.060213 0.998131 0.010329 -13.364773 -0.063742 0.014172 -0.997866 292.413818
-0.996139 0.058450 0.065508 157.513748 0.059045 0.998229 0.007178 -13.355548 -0.064972 0.011017 -0.997827 291.241669
-0.996328 0.055756 0.064983 157.595032 0.056701 0.998309 0.012797 -13.363993 -0.064160 0.016435 -0.997804 290.095215
-0.996682 0.048047 0.065704 157.668930 0.049533 0.998547 0.021170 -13.360949 -0.064592 0.024354 -0.997615 288.919769
-0.996839 0.045459 0.065169 157.743988 0.047566 0.998381 0.031150 -13.348026 -0.063648 0.034151 -0.997388 287.741119
-0.996811 0.045966 0.065243 157.797623 0.048509 0.998101 0.037952 -13.329238 -0.063375 0.040995 -0.997148 286.576599
-0.996848 0.044518 0.065672 157.854919 0.047074 0.998172 0.037902 -13.302854 -0.063866 0.040875 -0.997121 285.422516
-0.996883 0.043070 0.066104 157.912796 0.045638 0.998240 0.037854 -13.276525 -0.064357 0.040753 -0.997095 284.267334
-0.996916 0.041623 0.066533 157.971176 0.044204 0.998306 0.037807 -13.250307 -0.064848 0.040631 -0.997068 283.113281
-0.996858 0.044070 0.065824 158.052277 0.046163 0.998463 0.030645 -13.222475 -0.064374 0.033588 -0.997361 282.013153
-0.996786 0.044598 0.066557 158.124771 0.047174 0.998176 0.037655 -13.194151 -0.064757 0.040674 -0.997072 280.873871
-0.996778 0.043679 0.067273 158.205917 0.047081 0.997646 0.049852 -13.156249 -0.064938 0.052859 -0.996488 279.724335
-0.996913 0.040963 0.066981 158.286301 0.044936 0.997250 0.058925 -13.114765 -0.064383 0.061753 -0.996013 278.627777
-0.997035 0.037135 0.067402 158.369736 0.041589 0.996956 0.065935 -13.062369 -0.064749 0.068543 -0.995545 277.518372
-0.997062 0.034564 0.068365 158.447830 0.039381 0.996738 0.070433 -13.003663 -0.065709 0.072919 -0.995172 276.397430
-0.997087 0.032517 0.068999 158.525391 0.037167 0.997045 0.067217 -12.936001 -0.066611 0.069586 -0.995350 275.272522
-0.997130 0.029976 0.069533 158.603638 0.034114 0.997669 0.059101 -12.879865 -0.067600 0.061303 -0.995828 274.174255
-0.997185 0.029637 0.068884 158.686218 0.033274 0.998077 0.052285 -12.848395 -0.067202 0.054430 -0.996254 273.079865
-0.997249 0.030393 0.067609 158.761139 0.033593 0.998343 0.046710 -12.810703 -0.066077 0.048853 -0.996618 271.988007
-0.997359 0.031372 0.065516 158.827805 0.034105 0.998575 0.041034 -12.779080 -0.064136 0.043161 -0.997008 270.904999
-0.997451 0.033140 0.063197 158.900101 0.035713 0.998560 0.040031 -12.747639 -0.061779 0.042186 -0.997198 269.832153
-0.997547 0.033121 0.061672 158.967377 0.035907 0.998358 0.044630 -12.708066 -0.060092 0.046735 -0.997099 268.751709
-0.997631 0.031925 0.060947 159.037201 0.035255 0.997897 0.054370 -12.667781 -0.059083 0.056390 -0.996659 267.663483
-0.997670 0.028775 0.061865 159.107910 0.032775 0.997370 0.064639 -12.632398 -0.059843 0.066516 -0.995989 266.594147
-0.997767 0.023600 0.062486 159.184082 0.027886 0.997251 0.068641 -12.587037 -0.060695 0.070231 -0.995683 265.543182
-0.997846 0.017730 0.063166 159.258911 0.021862 0.997624 0.065333 -12.534869 -0.061857 0.066574 -0.995863 264.500519
-0.997825 0.015716 0.064020 159.335327 0.019421 0.998145 0.057687 -12.491087 -0.062995 0.058805 -0.996280 263.488190
-0.997639 0.020944 0.065409 159.410797 0.024179 0.998503 0.049052 -12.459655 -0.064284 0.050517 -0.996653 262.504944
-0.997487 0.023226 0.066938 159.484802 0.026198 0.998693 0.043875 -12.429169 -0.065832 0.045519 -0.996792 261.540497
-0.997323 0.027498 0.067764 159.556122 0.030465 0.998604 0.043143 -12.402914 -0.066484 0.045093 -0.996768 260.566559
-0.997053 0.030990 0.070175 159.617294 0.034484 0.998196 0.049133 -12.373627 -0.068526 0.051409 -0.996325 259.595581
-0.996905 0.032792 0.071455 159.690964 0.036646 0.997905 0.053311 -12.343578 -0.069557 0.055765 -0.996019 258.644867
-0.996703 0.036268 0.072589 159.756729 0.040062 0.997867 0.051525 -12.318618 -0.070565 0.054262 -0.996030 257.732330
-0.996606 0.036911 0.073583 159.826736 0.040282 0.998179 0.044881 -12.286975 -0.071794 0.047693 -0.996279 256.829224
-0.996500 0.038495 0.074213 159.893433 0.041641 0.998278 0.041314 -12.262717 -0.072495 0.044260 -0.996387 255.946594
-0.996524 0.033578 0.076239 159.966965 0.036701 0.998527 0.039945 -12.232637 -0.074786 0.042604 -0.996290 255.068756
-0.996521 0.030859 0.077418 160.036804 0.034078 0.998594 0.040594 -12.211175 -0.076056 0.043091 -0.996172 254.217148
-0.996432 0.030552 0.078688 160.105682 0.033808 0.998611 0.040396 -12.190325 -0.077346 0.042913 -0.996081 253.381149
-0.996443 0.026054 0.080143 160.180130 0.029509 0.998671 0.042238 -12.170238 -0.078937 0.044453 -0.995888 252.580048
-0.996475 0.018171 0.081903 160.259674 0.022099 0.998635 0.047314 -12.147246 -0.080932 0.048958 -0.995517 251.774689
-0.996327 0.015385 0.084247 160.332550 0.020063 0.998286 0.054965 -12.115260 -0.083257 0.056454 -0.994928 250.988007
-0.996138 0.015163 0.086489 160.407852 0.020238 0.998104 0.058121 -12.090354 -0.085445 0.059647 -0.994556 250.227264
-0.995945 0.015448 0.088630 160.475647 0.020419 0.998251 0.055461 -12.060717 -0.087620 0.057046 -0.994520 249.495010
-0.995792 0.013392 0.090667 160.551025 0.018082 0.998528 0.051115 -12.034726 -0.089850 0.052540 -0.994569 248.789734
-0.995549 0.015681 0.092940 160.621094 0.020109 0.998696 0.046898 -12.005511 -0.092084 0.048557 -0.994567 248.111618
-0.995292 0.013801 0.095936 160.687836 0.018606 0.998606 0.049385 -11.985318 -0.095122 0.050938 -0.994162 247.455978
-0.995247 0.012068 0.096627 160.754715 0.017489 0.998308 0.055448 -11.966095 -0.095795 0.056875 -0.993776 246.820633
-0.995262 0.004819 0.097111 160.819916 0.010622 0.998182 0.059332 -11.945632 -0.096648 0.060083 -0.993503 246.215607
-0.995373 0.002486 0.096065 160.880829 0.008361 0.998114 0.060807 -11.927346 -0.095733 0.061328 -0.993517 245.623764
-0.995674 -0.000791 0.092925 160.940887 0.004974 0.998076 0.061799 -11.908108 -0.092796 0.061995 -0.993754 245.060242
-0.996248 -0.002056 0.086528 160.992111 0.003215 0.998148 0.060750 -11.882399 -0.086493 0.060800 -0.994396 244.501373
-0.996916 -0.003904 0.078380 161.036560 0.000621 0.998337 0.057637 -11.858155 -0.078475 0.057508 -0.995257 243.968018
-0.997728 -0.006634 0.067051 161.075668 -0.002973 0.998504 0.054576 -11.838248 -0.067314 0.054253 -0.996257 243.449982
-0.998646 -0.009916 0.051069 161.105606 -0.007169 0.998530 0.053707 -11.816141 -0.051528 0.053269 -0.997250 242.943604
-0.999457 -0.010693 0.031187 161.118057 -0.008980 0.998470 0.054557 -11.795615 -0.031724 0.054248 -0.998024 242.458084
-0.999957 -0.006246 0.006928 161.106308 -0.005848 0.998412 0.056008 -11.776664 -0.007268 0.055966 -0.998406 241.989868
-0.999788 0.000156 -0.020630 161.070374 -0.000995 0.998444 0.055739 -11.758904 0.020606 0.055748 -0.998233 241.539352
-0.998560 0.002369 -0.053616 161.028915 -0.000495 0.998576 0.053326 -11.738080 0.053664 0.053275 -0.997137 241.079666
-0.995810 0.002743 -0.091413 160.973434 -0.002073 0.998616 0.052548 -11.726020 0.091430 0.052517 -0.994426 240.638611
-0.991388 0.004596 -0.130878 160.898361 -0.002349 0.998599 0.052856 -11.713678 0.130937 0.052708 -0.989989 240.198837
-0.985291 0.011657 -0.170488 160.789780 0.002766 0.998627 0.052293 -11.695943 0.170864 0.051053 -0.983972 239.779724
-0.977267 0.018816 -0.211178 160.664398 0.008284 0.998682 0.050645 -11.681643 0.211852 0.047745 -0.976135 239.368042
-0.967203 0.025676 -0.252706 160.509933 0.013719 0.998706 0.048969 -11.658282 0.253635 0.043895 -0.966304 238.964340
-0.954985 0.029111 -0.295222 160.351395 0.015356 0.998690 0.048803 -11.639086 0.296255 0.042073 -0.954183 238.571106
-0.940917 0.030729 -0.337241 160.186981 0.014567 0.998625 0.050351 -11.622941 0.338324 0.042465 -0.940072 238.182816
-0.924686 0.036332 -0.378992 159.992172 0.017319 0.998419 0.053460 -11.605805 0.380335 0.042871 -0.923855 237.814438
-0.904976 0.039398 -0.423635 159.778992 0.017294 0.998286 0.055894 -11.581928 0.425110 0.043256 -0.904107 237.446259
-0.881270 0.041651 -0.470775 159.541672 0.017529 0.998303 0.055510 -11.550887 0.472288 0.040667 -0.880506 237.089676
-0.854354 0.043109 -0.517902 159.278854 0.016135 0.998273 0.056477 -11.524620 0.519442 0.039895 -0.853574 236.734421
-0.825005 0.045279 -0.563309 158.986954 0.014742 0.998169 0.058642 -11.500798 0.564933 0.040076 -0.824163 236.386566
-0.792476 0.044803 -0.608256 158.668549 0.010584 0.998157 0.059733 -11.474412 0.609811 0.040900 -0.791491 236.042953
-0.756549 0.044500 -0.652423 158.336594 0.007115 0.998183 0.059831 -11.450429 0.653899 0.040624 -0.755492 235.715256
-0.717061 0.039935 -0.695865 157.994904 0.000463 0.998384 0.056818 -11.424810 0.697010 0.040420 -0.715922 235.399170
-0.675361 0.035618 -0.736628 157.626297 -0.003574 0.998662 0.051564 -11.398538 0.737479 0.037457 -0.674332 235.102158
-0.632807 0.031178 -0.773682 157.227646 -0.006860 0.998923 0.045865 -11.376866 0.774279 0.034331 -0.631913 234.814621
-0.588986 0.027370 -0.807680 156.795807 -0.009440 0.999125 0.040741 -11.351775 0.808088 0.031621 -0.588214 234.526489
-0.544103 0.024868 -0.838650 156.332977 -0.011032 0.999262 0.036788 -11.317412 0.838946 0.029269 -0.543428 234.246933
-0.499236 0.024645 -0.866116 155.864075 -0.015198 0.999193 0.037192 -11.304093 0.866333 0.031731 -0.498459 234.012604
-0.454981 0.026356 -0.890111 155.371094 -0.018554 0.999063 0.039066 -11.289453 0.890308 0.034289 -0.454068 233.795624
-0.410953 0.028124 -0.911223 154.858032 -0.018870 0.999047 0.039345 -11.265967 0.911461 0.033364 -0.410032 233.595062
-0.367827 0.030125 -0.929407 154.323242 -0.017796 0.999064 0.039426 -11.243873 0.929724 0.031041 -0.366947 233.424103
-0.325707 0.031501 -0.944946 153.770401 -0.019627 0.999004 0.040067 -11.227805 0.945268 0.031596 -0.324765 233.263290
-0.287506 0.028313 -0.957360 153.204956 -0.024185 0.999029 0.036808 -11.212913 0.957473 0.033737 -0.286543 233.112900
-0.253115 0.022848 -0.967166 152.623749 -0.025278 0.999223 0.030221 -11.184768 0.967107 0.032097 -0.252342 232.984299
-0.221963 0.019200 -0.974867 152.027222 -0.023052 0.999423 0.024932 -11.166263 0.974783 0.028007 -0.221392 232.868286
-0.194600 0.017709 -0.980723 151.417892 -0.017447 0.999616 0.021512 -11.149983 0.980728 0.021297 -0.194216 232.765686
-0.170982 0.018478 -0.985101 150.787491 -0.013013 0.999694 0.021010 -11.135712 0.985188 0.016411 -0.170690 232.677261
-0.149830 0.019848 -0.988513 150.140350 -0.009262 0.999726 0.021477 -11.127028 0.988669 0.012374 -0.149605 232.591263
-0.132723 0.018348 -0.990984 149.462433 -0.011300 0.999735 0.020024 -11.103224 0.991089 0.013856 -0.132482 232.521561
-0.118863 0.018338 -0.992741 148.765610 -0.009233 0.999765 0.019573 -11.083169 0.992868 0.011493 -0.118666 232.466202
-0.107863 0.020290 -0.993959 148.047318 -0.007802 0.999743 0.021254 -11.072269 0.994136 0.010047 -0.107678 232.408768
-0.098370 0.023505 -0.994873 147.316544 -0.003394 0.999706 0.023955 -11.059876 0.995145 0.005734 -0.098262 232.347977
-0.090741 0.025667 -0.995544 146.552444 -0.002575 0.999658 0.026007 -11.047312 0.995871 0.004923 -0.090645 232.286423
-0.083372 0.024478 -0.996219 145.781189 -0.004787 0.999677 0.024964 -11.026210 0.996507 0.006850 -0.083228 232.221252
-0.074644 0.019799 -0.997014 144.974991 -0.003324 0.999792 0.020102 -11.002730 0.997205 0.004815 -0.074563 232.152451
-0.068032 0.015162 -0.997568 144.155273 0.002529 0.999883 0.015025 -10.984306 0.997681 -0.001501 -0.068064 232.116165
-0.060910 0.007522 -0.998115 143.307953 0.003222 0.999967 0.007340 -10.972301 0.998138 -0.002769 -0.060933 232.054230
-0.057055 0.003221 -0.998366 142.458649 0.007641 0.999967 0.002789 -10.968805 0.998343 -0.007468 -0.057078 232.016617
-0.056011 0.001536 -0.998429 141.585236 0.011943 0.999928 0.000869 -10.967876 0.998359 -0.011875 -0.056026 231.987411
-0.054511 0.004909 -0.998502 140.666183 0.011461 0.999925 0.004291 -10.956270 0.998448 -0.011210 -0.054563 231.940323
-0.053551 0.011499 -0.998500 139.730545 0.007591 0.999909 0.011108 -10.952950 0.998537 -0.006985 -0.053633 231.876663
-0.053488 0.020462 -0.998359 138.776245 0.005486 0.999780 0.020197 -10.934232 0.998554 -0.004397 -0.053589 231.809845
-0.054015 0.026560 -0.998187 137.817154 0.002425 0.999646 0.026468 -10.919337 0.998538 -0.000991 -0.054061 231.752487
-0.052967 0.024936 -0.998285 136.833130 0.001448 0.999688 0.024894 -10.902081 0.998596 -0.000127 -0.052988 231.689575
-0.052622 0.015864 -0.998488 135.860931 0.003680 0.999869 0.015691 -10.884841 0.998608 -0.002848 -0.052674 231.633179
-0.053177 0.009745 -0.998538 134.889542 0.004921 0.999942 0.009496 -10.867211 0.998573 -0.004409 -0.053224 231.582474
-0.052996 0.008877 -0.998556 133.898697 0.008168 0.999930 0.008456 -10.866025 0.998562 -0.007708 -0.053066 231.532593
-0.053265 0.012817 -0.998498 132.916931 0.010134 0.999873 0.012293 -10.866345 0.998529 -0.009464 -0.053388 231.475739
-0.054642 0.014977 -0.998394 131.920517 0.009008 0.999854 0.014506 -10.863358 0.998465 -0.008200 -0.054770 231.417313
-0.056564 0.021046 -0.998177 130.922318 0.011530 0.999725 0.020426 -10.857121 0.998333 -0.010354 -0.056792 231.354645
-0.060404 0.027195 -0.997804 129.917892 0.012187 0.999574 0.026506 -10.839363 0.998100 -0.010559 -0.060711 231.298813
-0.063965 0.031612 -0.997452 128.905594 0.010121 0.999467 0.031027 -10.835467 0.997901 -0.008111 -0.064252 231.231018
-0.067403 0.024860 -0.997416 127.906357 0.009076 0.999663 0.024302 -10.816255 0.997685 -0.007414 -0.067606 231.161942
-0.070442 0.019849 -0.997318 126.900658 0.010079 0.999764 0.019186 -10.813933 0.997465 -0.008700 -0.070626 231.080185
-0.073484 0.017375 -0.997145 125.892906 0.009575 0.999814 0.016716 -10.806419 0.997251 -0.008319 -0.073637 231.004883
-0.075338 0.022622 -0.996902 124.887299 0.012853 0.999681 0.021713 -10.804494 0.997076 -0.011177 -0.075606 230.925171
-0.078204 0.029557 -0.996500 123.890694 0.013185 0.999503 0.028611 -10.794623 0.996850 -0.010901 -0.078556 230.845078
-0.080779 0.033684 -0.996163 122.905800 0.013962 0.999368 0.032661 -10.781270 0.996634 -0.011269 -0.081199 230.769379
-0.081557 0.030576 -0.996200 121.907333 0.012449 0.999482 0.029657 -10.759183 0.996591 -0.009983 -0.081896 230.680984
-0.081260 0.025672 -0.996362 120.913498 0.012335 0.999617 0.024749 -10.748115 0.996617 -0.010279 -0.081547 230.588181
-0.080958 0.021342 -0.996489 119.918365 0.012752 0.999711 0.020375 -10.745288 0.996636 -0.011057 -0.081207 230.502075
-0.081257 0.014875 -0.996583 118.909996 0.014703 0.999797 0.013723 -10.736670 0.996585 -0.013537 -0.081461 230.424286
-0.080535 0.011107 -0.996690 117.900391 0.014132 0.999850 0.010001 -10.734482 0.996652 -0.013280 -0.080682 230.344086
-0.078395 0.016225 -0.996791 116.887062 0.016312 0.999754 0.014990 -10.724467 0.996789 -0.015084 -0.078641 230.251007
-0.078332 0.024643 -0.996623 115.864899 0.019595 0.999539 0.023175 -10.719247 0.996736 -0.017713 -0.078779 230.200653
-0.077116 0.025715 -0.996691 114.864090 0.018547 0.999531 0.024353 -10.697945 0.996850 -0.016608 -0.077558 230.130966
-0.076036 0.024444 -0.996806 113.902313 0.017619 0.999576 0.023168 -10.693186 0.996949 -0.015802 -0.076435 230.057205
-0.075061 0.023354 -0.996905 112.928429 0.021848 0.999524 0.021771 -10.686185 0.996940 -0.020146 -0.075536 229.985580
-0.074429 0.021636 -0.996992 111.966614 0.022769 0.999540 0.019991 -10.676105 0.996967 -0.021213 -0.074888 229.920868
-0.073797 0.019913 -0.997075 111.002884 0.023693 0.999553 0.018208 -10.667718 0.996992 -0.022280 -0.074236 229.856659
-0.074478 0.021693 -0.996988 110.045868 0.027911 0.999417 0.019660 -10.654370 0.996833 -0.026363 -0.075040 229.794724
-0.076464 0.027781 -0.996686 109.082161 0.031786 0.999171 0.025412 -10.644208 0.996566 -0.029737 -0.077284 229.733688
-0.078190 0.030531 -0.996471 108.119637 0.030425 0.999138 0.028226 -10.638083 0.996474 -0.028111 -0.079052 229.668442
-0.079886 0.029330 -0.996372 107.169235 0.030531 0.999170 0.026965 -10.626237 0.996336 -0.028265 -0.080716 229.601807
-0.081539 0.030085 -0.996217 106.230232 0.030776 0.999143 0.027654 -10.611777 0.996196 -0.028405 -0.082395 229.530060
-0.082868 0.033484 -0.995998 105.285500 0.028680 0.999101 0.031201 -10.593497 0.996148 -0.025979 -0.083755 229.453949
-0.085026 0.034745 -0.995774 104.347015 0.025653 0.999137 0.032672 -10.569382 0.996049 -0.022766 -0.085845 229.399200
-0.085643 0.033544 -0.995762 103.446571 0.026070 0.999166 0.031417 -10.562114 0.995985 -0.023269 -0.086446 229.314575
-0.086347 0.032236 -0.995744 102.546852 0.026831 0.999188 0.030021 -10.549765 0.995904 -0.024124 -0.087143 229.240219
-0.086712 0.032176 -0.995714 101.681381 0.027191 0.999182 0.029920 -10.542699 0.995863 -0.024480 -0.087516 229.161591
-0.086458 0.031202 -0.995767 100.835869 0.025998 0.999239 0.029053 -10.536132 0.995916 -0.023376 -0.087204 229.083450
-0.086686 0.030375 -0.995773 100.032822 0.025355 0.999278 0.028274 -10.528464 0.995914 -0.022798 -0.087395 229.010452
-0.087177 0.030694 -0.995720 99.231400 0.025459 0.999267 0.028574 -10.516333 0.995868 -0.022858 -0.087895 228.939636
-0.086940 0.033611 -0.995646 98.442879 0.024578 0.999198 0.031585 -10.512415 0.995911 -0.021724 -0.087698 228.869308
-0.085692 0.034916 -0.995710 97.689133 0.021284 0.999221 0.033208 -10.501938 0.996095 -0.018347 -0.086370 228.795639
-0.082889 0.036175 -0.995903 96.960434 0.020874 0.999184 0.034557 -10.496926 0.996341 -0.017923 -0.083577 228.732544
-0.079316 0.037796 -0.996133 96.263611 0.022504 0.999093 0.036116 -10.483618 0.996596 -0.019552 -0.080096 228.676102
-0.075609 0.039322 -0.996362 95.595451 0.024167 0.999000 0.037592 -10.466411 0.996845 -0.021237 -0.076484 228.620880
-0.072612 0.040655 -0.996531 94.952583 0.023651 0.998958 0.039030 -10.449711 0.997080 -0.020736 -0.073498 228.578751
-0.068609 0.041395 -0.996785 94.332825 0.023615 0.998925 0.039859 -10.441955 0.997364 -0.020804 -0.069514 228.547653
-0.064028 0.039635 -0.997161 93.743271 0.023358 0.998997 0.038209 -10.423423 0.997675 -0.020844 -0.064891 228.532974
-0.058456 0.036830 -0.997610 93.187675 0.024605 0.999068 0.035442 -10.414791 0.997987 -0.022475 -0.059309 228.519516
-0.052351 0.033867 -0.998055 92.662407 0.026020 0.999132 0.032539 -10.407645 0.998290 -0.024266 -0.053188 228.507584
-0.045257 0.032479 -0.998448 92.149788 0.028467 0.999107 0.031210 -10.414156 0.998570 -0.027010 -0.046142 228.508286
-0.035916 0.032128 -0.998839 91.655586 0.027476 0.999137 0.031149 -10.406543 0.998978 -0.026325 -0.036768 228.507339
-0.022586 0.031980 -0.999233 91.168884 0.023311 0.999233 0.031452 -10.393733 0.999473 -0.022583 -0.023315 228.501694
-0.005532 0.031040 -0.999503 90.691399 0.018961 0.999341 0.030931 -10.382127 0.999806 -0.018780 -0.006118 228.500046
0.015820 0.031783 -0.999370 90.216400 0.015911 0.999360 0.032034 -10.390296 0.999749 -0.016408 0.015304 228.496933
0.040562 0.030866 -0.998701 89.739647 0.015367 0.999385 0.031511 -10.373797 0.999059 -0.016625 0.040063 228.514709
0.067743 0.029460 -0.997268 89.270226 0.016551 0.999392 0.030648 -10.361954 0.997566 -0.018582 0.067213 228.567398
0.098842 0.026374 -0.994754 88.803978 0.016068 0.999475 0.028095 -10.340800 0.994974 -0.018760 0.098366 228.624084
0.133920 0.023017 -0.990725 88.338371 0.012660 0.999608 0.024935 -10.322675 0.990912 -0.015883 0.133576 228.682144
0.171357 0.019495 -0.985016 87.880943 0.008833 0.999734 0.021322 -10.308182 0.985170 -0.012353 0.171139 228.762329
0.211076 0.016737 -0.977327 87.436813 0.004380 0.999827 0.018068 -10.284286 0.977461 -0.008094 0.210965 228.863739
0.252561 0.016582 -0.967440 86.997169 -0.000836 0.999856 0.016920 -10.280461 0.967582 -0.003463 0.252537 228.990814
0.295222 0.015980 -0.955296 86.572334 -0.004227 0.999871 0.015419 -10.286917 0.955420 -0.000514 0.295250 229.136307
0.337981 0.013135 -0.941062 86.160889 -0.008477 0.999904 0.010911 -10.288178 0.941116 0.004291 0.338059 229.304718
0.382005 0.010762 -0.924098 85.750572 -0.017086 0.999843 0.004581 -10.283159 0.924003 0.014039 0.382129 229.483093
0.426543 0.008369 -0.904429 85.344093 -0.018566 0.999827 0.000497 -10.280915 0.904278 0.016579 0.426623 229.687393
0.470042 0.006919 -0.882618 84.935432 -0.015032 0.999886 -0.000167 -10.264161 0.882516 0.013346 0.470092 229.932205
0.512612 0.006301 -0.858598 84.536499 -0.010517 0.999944 0.001060 -10.261165 0.858556 0.008486 0.512649 230.213867
0.555475 0.009011 -0.831484 84.135658 -0.011585 0.999927 0.003097 -10.256682 0.831453 0.007912 0.555539 230.509521
0.597226 0.012465 -0.801976 83.747581 -0.013354 0.999895 0.005596 -10.263474 0.801962 0.007368 0.597329 230.830978
0.637733 0.013938 -0.770133 83.371895 -0.015224 0.999869 0.005488 -10.269032 0.770108 0.008226 0.637860 231.175156
0.677564 0.013762 -0.735336 83.024055 -0.016187 0.999861 0.003798 -10.279832 0.735287 0.009330 0.677692 231.535828
0.716670 0.013852 -0.697276 82.692184 -0.019646 0.999806 -0.000331 -10.282312 0.697137 0.013936 0.716803 231.907120
0.752978 0.011310 -0.657949 82.373512 -0.022064 0.999724 -0.008067 -10.292640 0.657676 0.020592 0.753020 232.301880
0.786129 0.007017 -0.618024 82.083008 -0.023357 0.999558 -0.018361 -10.284209 0.617623 0.028870 0.785945 232.714539
0.817090 -0.001315 -0.576510 81.825462 -0.015339 0.999593 -0.024021 -10.293103 0.576308 0.028471 0.816738 233.144974
0.844707 -0.012165 -0.535092 81.588943 -0.002703 0.999632 -0.026993 -10.306216 0.535224 0.024247 0.844363 233.599808
0.868229 -0.018717 -0.495812 81.372200 0.005610 0.999594 -0.027913 -10.322809 0.496133 0.021454 0.867981 234.069046
0.889021 -0.019215 -0.457465 81.162483 0.007985 0.999618 -0.026469 -10.345192 0.457799 0.019878 0.888834 234.538086
0.907643 -0.014485 -0.419493 80.959030 0.004569 0.999685 -0.024633 -10.366918 0.419719 0.020441 0.907424 235.009079
0.923992 -0.014760 -0.382127 80.775459 0.005896 0.999685 -0.024359 -10.378819 0.382367 0.020255 0.923789 235.501099
0.938086 -0.018542 -0.345905 80.621323 0.011095 0.999662 -0.023502 -10.394779 0.346224 0.018209 0.937976 236.002014
0.950051 -0.025407 -0.311058 80.498863 0.019085 0.999544 -0.023353 -10.405386 0.311510 0.016250 0.950104 236.499588
0.960453 -0.024859 -0.277330 80.372665 0.018926 0.999531 -0.024051 -10.429204 0.277798 0.017851 0.960474 237.006256
0.969182 -0.021769 -0.245386 80.247536 0.015622 0.999514 -0.026969 -10.442812 0.245856 0.022305 0.969051 237.524185
0.976336 -0.023784 -0.214948 80.146446 0.017591 0.999373 -0.030682 -10.465291 0.215544 0.026174 0.976143 238.046432
0.982119 -0.031317 -0.185641 80.078026 0.024956 0.999021 -0.036498 -10.486567 0.186603 0.031212 0.981940 238.568008
0.986803 -0.035974 -0.157880 80.011391 0.029670 0.998671 -0.042107 -10.501892 0.159186 0.036868 0.986560 239.094833
0.990445 -0.038478 -0.132438 79.963516 0.033028 0.998524 -0.043108 -10.527106 0.133902 0.038321 0.990254 239.611023
0.993159 -0.037141 -0.110707 79.905647 0.032733 0.998607 -0.041378 -10.548162 0.112090 0.037471 0.992992 240.146851
0.994723 -0.039880 -0.094535 79.862213 0.036619 0.998681 -0.035985 -10.572514 0.095846 0.032333 0.994871 240.681931
0.995610 -0.042170 -0.083562 79.828041 0.039820 0.998768 -0.029596 -10.593125 0.084708 0.026139 0.996063 241.239182
0.996294 -0.042661 -0.074696 79.795364 0.040957 0.998868 -0.024193 -10.621585 0.075645 0.021044 0.996913 241.769363
0.996958 -0.038471 -0.067790 79.754715 0.037121 0.999089 -0.021049 -10.650243 0.068538 0.018468 0.997478 242.292862
0.997316 -0.038091 -0.062543 79.709579 0.036843 0.999100 -0.020991 -10.664042 0.063287 0.018630 0.997822 242.827026
0.996968 -0.046297 -0.062549 79.686142 0.045108 0.998776 -0.020289 -10.681515 0.063412 0.017405 0.997836 243.370880
0.996135 -0.055820 -0.067829 79.661903 0.054514 0.998293 -0.020964 -10.704980 0.068885 0.017185 0.997477 243.908417
0.995225 -0.059569 -0.077320 79.617500 0.057988 0.998063 -0.022537 -10.732500 0.078513 0.017946 0.996752 244.457748
0.994246 -0.058604 -0.089680 79.559601 0.056788 0.998129 -0.022676 -10.768051 0.090842 0.017453 0.995712 245.004120
0.992676 -0.059680 -0.105042 79.490318 0.057516 0.998067 -0.023516 -10.789767 0.106243 0.017302 0.994190 245.543930
0.990213 -0.063481 -0.124292 79.412888 0.060755 0.997823 -0.025612 -10.814301 0.125647 0.017811 0.991916 246.074509
0.986823 -0.066621 -0.147454 79.328918 0.063506 0.997649 -0.025736 -10.835352 0.148823 0.016033 0.988734 246.585037
0.982547 -0.063957 -0.174679 79.233055 0.060886 0.997881 -0.022886 -10.856521 0.175774 0.011851 0.984360 247.093460
0.976631 -0.059438 -0.206542 79.105263 0.056373 0.998195 -0.020698 -10.871946 0.207401 0.008571 0.978219 247.617142
0.968373 -0.056264 -0.243084 78.964310 0.052353 0.998374 -0.022525 -10.900573 0.243957 0.009087 0.969744 248.128525
0.957939 -0.052731 -0.282085 78.789780 0.047526 0.998550 -0.025267 -10.944485 0.283010 0.010798 0.959057 248.605072
0.944491 -0.048416 -0.324951 78.596489 0.041693 0.998748 -0.027627 -10.980928 0.325883 0.012545 0.945328 249.070724
0.927945 -0.042024 -0.370339 78.391525 0.033478 0.999004 -0.029477 -11.016541 0.371211 0.014955 0.928428 249.502838
0.907475 -0.032644 -0.418836 78.144043 0.020654 0.999237 -0.033129 -11.032122 0.419599 0.021413 0.907458 249.944092
0.882806 -0.019921 -0.469317 77.876862 0.004731 0.999426 -0.033525 -11.056331 0.469716 0.027376 0.882393 250.349747
0.853880 -0.005747 -0.520439 77.578346 -0.011948 0.999459 -0.030638 -11.078271 0.520334 0.032379 0.853349 250.736038
0.820851 0.003877 -0.571131 77.269119 -0.024121 0.999320 -0.027885 -11.094987 0.570635 0.036666 0.820386 251.103821
0.783130 0.010748 -0.621766 76.936920 -0.031609 0.999245 -0.022540 -11.123302 0.621056 0.037305 0.782878 251.456772
0.741772 0.016304 -0.670455 76.574287 -0.032464 0.999405 -0.011614 -11.144569 0.669868 0.030381 0.741859 251.795227
0.696166 0.023683 -0.717491 76.191467 -0.034724 0.999397 -0.000704 -11.150555 0.717042 0.025404 0.696567 252.125839
0.647521 0.030542 -0.761436 75.798073 -0.035938 0.999309 0.009520 -11.151189 0.761201 0.021200 0.648170 252.439087
0.597882 0.038924 -0.800639 75.372070 -0.044034 0.998907 0.015681 -11.144015 0.800375 0.025880 0.598941 252.686737
0.544764 0.040892 -0.837593 74.946106 -0.046423 0.998748 0.018567 -11.146449 0.837304 0.028769 0.545981 252.900467
0.488069 0.034713 -0.872115 74.501419 -0.042895 0.998955 0.015755 -11.140166 0.871751 0.029720 0.489047 253.100327
0.428516 0.024970 -0.903189 74.051651 -0.032390 0.999399 0.012263 -11.127742 0.902954 0.024000 0.429068 253.290939
0.366697 0.018122 -0.930164 73.582840 -0.024727 0.999646 0.009727 -11.106678 0.930013 0.019434 0.367015 253.457672
0.306991 0.018854 -0.951526 73.086372 -0.024205 0.999634 0.011998 -11.091613 0.951405 0.019349 0.307335 253.583511
0.245933 0.019592 -0.969089 72.581734 -0.023540 0.999621 0.014236 -11.075363 0.969002 0.019311 0.246301 253.676819
0.194522 0.022301 -0.980645 72.067284 -0.027907 0.999462 0.017192 -11.067901 0.980501 0.024023 0.195039 253.731583
0.146226 0.021749 -0.989012 71.550476 -0.030207 0.999390 0.017511 -11.059503 0.988790 0.027314 0.146793 253.773392
0.102068 0.020234 -0.994572 71.035225 -0.029397 0.999417 0.017315 -11.055449 0.994344 0.027470 0.102603 253.799332
0.063126 0.017345 -0.997855 70.511261 -0.030086 0.999427 0.015469 -11.054874 0.997552 0.029044 0.063612 253.804306
0.031938 0.013014 -0.999405 69.977882 -0.031476 0.999432 0.012008 -11.028771 0.998995 0.031075 0.032329 253.766510
0.005584 0.011196 -0.999922 69.427757 -0.036371 0.999278 0.010985 -11.034589 0.999323 0.036308 0.005987 253.747192
-0.012960 0.009642 -0.999870 68.858406 -0.041774 0.999074 0.010175 -11.046366 0.999043 0.041901 -0.012546 253.693069
-0.027690 0.007190 -0.999591 68.273270 -0.044599 0.998969 0.008421 -11.030960 0.998622 0.044814 -0.027342 253.663467
-0.040559 0.006098 -0.999159 67.687263 -0.044087 0.998996 0.007887 -11.039277 0.998205 0.044371 -0.040250 253.644318
-0.050448 0.004167 -0.998718 67.082855 -0.041946 0.999100 0.006287 -11.032310 0.997845 0.042210 -0.050228 253.617020
-0.055674 0.002740 -0.998445 66.457230 -0.042529 0.999082 0.005113 -11.021219 0.997543 0.042747 -0.055508 253.568115
-0.059019 0.002890 -0.998253 65.811310 -0.044325 0.999001 0.005512 -11.019876 0.997273 0.044573 -0.058832 253.525955
-0.059633 0.003533 -0.998214 65.154617 -0.045065 0.998964 0.006228 -11.018100 0.997203 0.045356 -0.059412 253.476349
-0.058896 0.004863 -0.998253 64.467339 -0.043929 0.999006 0.007459 -11.023533 0.997297 0.044291 -0.058625 253.434891
-0.058294 0.005361 -0.998286 63.759823 -0.042591 0.999062 0.007852 -11.022834 0.997391 0.042976 -0.058012 253.400589
-0.057628 0.004033 -0.998331 63.043346 -0.039814 0.999186 0.006335 -11.023823 0.997545 0.040114 -0.057421 253.364700
-0.056327 0.001956 -0.998411 62.294468 -0.036852 0.999312 0.004037 -11.022884 0.997733 0.037020 -0.056216 253.322205
-0.056070 0.000724 -0.998427 61.534336 -0.035743 0.999356 0.002732 -11.016313 0.997788 0.035840 -0.056009 253.280029
-0.054821 0.000250 -0.998496 60.743107 -0.036696 0.999324 0.002264 -11.015109 0.997822 0.036764 -0.054776 253.218246
-0.054462 0.001089 -0.998515 59.933125 -0.036344 0.999334 0.003072 -11.018288 0.997855 0.036458 -0.054386 253.169128
-0.054267 0.002325 -0.998524 59.102119 -0.034644 0.999390 0.004209 -11.016212 0.997926 0.034820 -0.054155 253.118500
-0.054713 0.002054 -0.998501 58.251534 -0.032044 0.999479 0.003811 -11.006063 0.997988 0.032204 -0.054620 253.092651
-0.054965 0.001819 -0.998487 57.392677 -0.029386 0.999562 0.003439 -11.012653 0.998056 0.029530 -0.054888 253.047592
-0.055216 0.001585 -0.998473 56.533005 -0.026725 0.999637 0.003064 -11.019567 0.998117 0.026854 -0.055156 253.002289
-0.058305 0.002415 -0.998296 55.631512 -0.026108 0.999651 0.003943 -11.003186 0.997958 0.026293 -0.058222 252.966919
-0.061179 0.005494 -0.998112 54.725101 -0.023676 0.999695 0.006953 -11.008807 0.997846 0.024057 -0.061031 252.909088
-0.064735 0.007840 -0.997872 53.791965 -0.022380 0.999706 0.009307 -11.011571 0.997652 0.022935 -0.064541 252.848541
-0.068451 0.005211 -0.997641 52.849232 -0.022956 0.999713 0.006797 -11.007553 0.997391 0.023367 -0.068313 252.784241
-0.072019 -0.000143 -0.997403 51.886879 -0.024182 0.999706 0.001602 -11.001715 0.997110 0.024235 -0.072002 252.715057
-0.074872 -0.003728 -0.997186 50.916698 -0.023261 0.999727 -0.001991 -11.000337 0.996922 0.023047 -0.074939 252.638046
-0.076926 -0.001297 -0.997036 49.921757 -0.022449 0.999747 0.000432 -10.998509 0.996784 0.022415 -0.076937 252.551865
-0.078181 0.004411 -0.996930 48.870773 -0.021863 0.999742 0.006139 -10.987942 0.996700 0.022275 -0.078066 252.475677
-0.078795 0.010347 -0.996837 47.833080 -0.019206 0.999744 0.011896 -10.994529 0.996706 0.020082 -0.078577 252.379456
-0.079595 0.011180 -0.996765 46.789749 -0.016175 0.999790 0.012506 -10.984920 0.996696 0.017118 -0.079398 252.292664
-0.081387 0.009423 -0.996639 45.732967 -0.016513 0.999805 0.010802 -10.979054 0.996546 0.017338 -0.081215 252.210648
-0.083472 0.006770 -0.996487 44.660263 -0.018032 0.999802 0.008303 -10.970194 0.996347 0.018662 -0.083335 252.135666
-0.083363 0.005557 -0.996504 43.580341 -0.018658 0.999800 0.007136 -10.966678 0.996345 0.019187 -0.083244 252.029999
-0.084022 0.005261 -0.996450 42.483429 -0.022661 0.999717 0.007189 -10.965825 0.996207 0.023185 -0.083879 251.940918
-0.083958 0.003101 -0.996465 41.377884 -0.026948 0.999622 0.005381 -10.970570 0.996105 0.027305 -0.083843 251.852936
-0.083263 0.001357 -0.996527 40.290237 -0.029219 0.999565 0.003802 -10.966573 0.996099 0.029434 -0.083187 251.751968
-0.082498 0.001152 -0.996591 39.202068 -0.031125 0.999508 0.003731 -10.977082 0.996106 0.031328 -0.082422 251.650848
-0.081082 0.001739 -0.996707 38.110928 -0.029731 0.999548 0.004162 -10.987639 0.996264 0.029970 -0.080995 251.550873
-0.080076 0.001877 -0.996788 37.014942 -0.028417 0.999587 0.004165 -10.994532 0.996384 0.028659 -0.079991 251.450500
-0.079638 0.004212 -0.996815 35.929485 -0.024971 0.999669 0.006219 -11.008140 0.996511 0.025387 -0.079506 251.363815
-0.079860 0.005507 -0.996791 34.836342 -0.017789 0.999817 0.006949 -11.007200 0.996648 0.018288 -0.079749 251.298828
-0.081880 0.005835 -0.996626 33.726116 -0.016068 0.999845 0.007173 -11.020684 0.996513 0.016601 -0.081774 251.238861
-0.082972 0.005008 -0.996540 32.627483 -0.012647 0.999901 0.006077 -11.006234 0.996472 0.013107 -0.082901 251.145020
-0.086008 0.007451 -0.996267 31.535315 -0.009797 0.999917 0.008324 -11.012593 0.996247 0.010477 -0.085928 251.056793
-0.088211 0.012271 -0.996026 30.425159 -0.012938 0.999825 0.013463 -11.025330 0.996019 0.014074 -0.088038 250.945908
-0.092477 0.014609 -0.995608 29.334265 -0.014869 0.999760 0.016051 -11.019902 0.995604 0.016288 -0.092239 250.863098
-0.094871 0.012751 -0.995408 28.253450 -0.019637 0.999699 0.014679 -11.010724 0.995296 0.020939 -0.094594 250.741959
-0.096898 0.007654 -0.995265 27.183147 -0.022911 0.999688 0.009920 -11.000092 0.995031 0.023764 -0.096693 250.632751
-0.098530 0.004365 -0.995125 26.126717 -0.026413 0.999626 0.007001 -11.007107 0.994783 0.026975 -0.098379 250.521194
-0.101012 0.003232 -0.994881 25.064346 -0.028484 0.999575 0.006140 -11.013683 0.994478 0.028959 -0.100877 250.427917
-0.101823 0.005052 -0.994790 24.013939 -0.031100 0.999482 0.008258 -11.019892 0.994317 0.031780 -0.101614 250.307434
-0.103715 0.008896 -0.994568 22.984385 -0.034788 0.999315 0.012566 -11.016976 0.993999 0.035903 -0.103335 250.212631
-0.104461 0.010333 -0.994475 21.965109 -0.039196 0.999126 0.014499 -11.015219 0.993756 0.040494 -0.103966 250.090042
-0.104949 0.009222 -0.994436 20.973299 -0.043410 0.998961 0.013845 -11.009917 0.993530 0.044621 -0.104440 249.970062
-0.105842 0.007256 -0.994357 19.997942 -0.049682 0.998686 0.012575 -11.016617 0.993141 0.050733 -0.105344 249.852539
-0.106290 0.007366 -0.994309 19.015465 -0.052625 0.998529 0.013023 -11.022528 0.992942 0.053710 -0.105747 249.740723
-0.106442 0.006588 -0.994297 18.075594 -0.056529 0.998320 0.012666 -11.026519 0.992711 0.057555 -0.105891 249.620895
-0.106523 0.005811 -0.994294 17.127192 -0.060104 0.998116 0.012273 -11.025709 0.992493 0.061068 -0.105973 249.518402
-0.106601 0.005035 -0.994289 16.177883 -0.063682 0.997899 0.011880 -11.025270 0.992261 0.064585 -0.106056 249.415710
-0.106503 0.006986 -0.994288 15.277844 -0.063707 0.997872 0.013835 -11.029925 0.992270 0.064817 -0.105831 249.318314
-0.107207 0.008359 -0.994202 14.401942 -0.064524 0.997798 0.015347 -11.025392 0.992141 0.065795 -0.106432 249.241089
-0.107559 0.007748 -0.994168 13.547780 -0.065917 0.997713 0.014907 -11.026480 0.992011 0.067137 -0.106803 249.160019
-0.107427 0.006474 -0.994192 12.709849 -0.064726 0.997812 0.013491 -11.022050 0.992104 0.065799 -0.106774 249.062225
-0.108425 0.005339 -0.994091 11.910859 -0.062259 0.997985 0.012149 -11.023543 0.992154 0.063209 -0.107874 248.988678
-0.109096 0.005473 -0.994016 11.116910 -0.062663 0.997957 0.012372 -11.029949 0.992055 0.063638 -0.108530 248.899307
-0.109539 0.006310 -0.993963 10.376247 -0.062920 0.997929 0.013269 -11.033214 0.991989 0.063994 -0.108916 248.823624
-0.109356 0.005884 -0.993986 9.656106 -0.064323 0.997844 0.012983 -11.038869 0.991920 0.065357 -0.108743 248.741760
-0.107651 0.006620 -0.994167 8.963586 -0.064559 0.997820 0.013634 -11.051582 0.992091 0.065651 -0.106989 248.654602
-0.105147 0.008725 -0.994419 8.295536 -0.064052 0.997825 0.015528 -11.056430 0.992392 0.065327 -0.104360 248.576874
-0.102369 0.010894 -0.994688 7.659645 -0.063334 0.997839 0.017445 -11.059943 0.992729 0.064783 -0.101458 248.523819
-0.098273 0.012450 -0.995082 7.059781 -0.064490 0.997740 0.018852 -11.062117 0.993068 0.066025 -0.097249 248.466248
-0.092659 0.014111 -0.995599 6.488882 -0.064660 0.997703 0.020158 -11.064265 0.993597 0.066243 -0.091535 248.411041
-0.086512 0.015045 -0.996138 5.947623 -0.064547 0.997700 0.020674 -11.063869 0.994158 0.066087 -0.085343 248.365707
-0.079549 0.014659 -0.996724 5.442312 -0.063261 0.997802 0.019724 -11.063959 0.994822 0.064623 -0.078448 248.330978
-0.071682 0.012637 -0.997348 4.964038 -0.061332 0.997971 0.017053 -11.059213 0.995541 0.062392 -0.070762 248.306808
-0.062770 0.011414 -0.997963 4.523970 -0.060151 0.998073 0.015198 -11.067869 0.996214 0.060982 -0.061963 248.281601
-0.053172 0.010434 -0.998531 4.116402 -0.059593 0.998129 0.013604 -11.082255 0.996806 0.060229 -0.052452 248.260864
-0.043882 0.009392 -0.998993 3.738668 -0.059470 0.998158 0.011996 -11.080142 0.997266 0.059937 -0.043244 248.247467
-0.034323 0.008241 -0.999377 3.385020 -0.058730 0.998221 0.010249 -11.074987 0.997684 0.059044 -0.033779 248.236099
-0.024550 0.003145 -0.999694 3.064310 -0.056353 0.998400 0.004524 -11.080744 0.998109 0.056447 -0.024334 248.231659
-0.014670 -0.001769 -0.999891 2.771001 -0.054116 0.998534 -0.000972 -11.098850 0.998427 0.054096 -0.014745 248.235367
-0.003668 -0.003945 -0.999986 2.490254 -0.051833 0.998648 -0.003750 -11.107097 0.998649 0.051819 -0.003867 248.237823
0.006624 -0.004636 -0.999968 2.232594 -0.051042 0.998683 -0.004968 -11.097619 0.998675 0.051074 0.006378 248.252426
0.018177 -0.006365 -0.999815 1.985582 -0.050587 0.998693 -0.007277 -11.097315 0.998555 0.050710 0.017831 248.259277
0.030674 -0.009779 -0.999482 1.743597 -0.049888 0.998691 -0.011303 -11.102221 0.998284 0.050208 0.030146 248.270889
0.044947 -0.013456 -0.998899 1.502952 -0.049361 0.998658 -0.015674 -11.105703 0.997770 0.050011 0.044222 248.289932
0.061829 -0.016203 -0.997956 1.264963 -0.048552 0.998636 -0.019222 -11.114345 0.996906 0.049641 0.060958 248.313110
0.080550 -0.018463 -0.996580 1.031536 -0.048476 0.998572 -0.022418 -11.110588 0.995571 0.050117 0.079539 248.341019
0.099764 -0.019367 -0.994823 0.804614 -0.048515 0.998527 -0.024305 -11.114363 0.993828 0.050688 0.098677 248.381516
0.119568 -0.018093 -0.992662 0.576768 -0.045812 0.998668 -0.023721 -11.120635 0.991769 0.048313 0.118580 248.427612
0.140394 -0.013986 -0.989998 0.349994 -0.043314 0.998856 -0.020254 -11.134142 0.989148 0.045724 0.139627 248.489929
0.162859 -0.010708 -0.986592 0.121932 -0.041595 0.998978 -0.017709 -11.146574 0.985773 0.043920 0.162247 248.542099
0.186024 -0.011600 -0.982477 -0.097381 -0.042597 0.998894 -0.019859 -11.152725 0.981622 0.045545 0.185324 248.597992
0.212904 -0.016770 -0.976930 -0.321592 -0.041768 0.998782 -0.026248 -11.166441 0.976181 0.046393 0.211942 248.663528
0.242232 -0.023075 -0.969944 -0.556603 -0.037846 0.998731 -0.033211 -11.172821 0.969481 0.044754 0.241051 248.746292
0.273218 -0.025568 -0.961613 -0.788502 -0.032000 0.998851 -0.035650 -11.183999 0.961421 0.040513 0.272086 248.844101
0.306999 -0.023405 -0.951423 -1.049148 -0.025043 0.999152 -0.032660 -11.208548 0.951381 0.033853 0.306152 248.960907
0.344526 -0.019278 -0.938580 -1.341339 -0.022140 0.999344 -0.028654 -11.220640 0.938516 0.030652 0.343872 249.094376
0.385019 -0.013421 -0.922812 -1.651825 -0.022046 0.999475 -0.023734 -11.221427 0.922646 0.029482 0.384521 249.245026
0.426689 -0.007599 -0.904367 -1.956547 -0.024601 0.999497 -0.020006 -11.235394 0.904065 0.030784 0.426287 249.416382
0.470358 -0.004118 -0.882467 -2.273589 -0.026319 0.999478 -0.018692 -11.238582 0.882084 0.032018 0.470004 249.617172
0.514933 -0.001497 -0.857229 -2.587371 -0.024737 0.999556 -0.016604 -11.250985 0.856875 0.029756 0.514667 249.843536
0.560482 -0.000683 -0.828167 -2.901471 -0.020840 0.999671 -0.014928 -11.264035 0.827905 0.025626 0.560283 250.094635
0.607007 -0.003401 -0.794689 -3.209370 -0.015775 0.999741 -0.016328 -11.271655 0.794541 0.022448 0.606796 250.378693
0.653775 -0.005432 -0.756671 -3.517039 -0.013737 0.999724 -0.019046 -11.286639 0.756566 0.022847 0.653519 250.685287
0.700302 -0.010315 -0.713773 -3.819475 -0.011007 0.999620 -0.025247 -11.291880 0.713763 0.025537 0.699922 251.026321
0.745683 -0.012630 -0.666181 -4.114573 -0.011216 0.999440 -0.031503 -11.289511 0.666206 0.030963 0.745125 251.392105
0.788384 -0.012245 -0.615062 -4.388698 -0.011244 0.999347 -0.034308 -11.296620 0.615082 0.033964 0.787732 251.788559
0.827637 -0.013137 -0.561111 -4.644959 -0.006856 0.999414 -0.033512 -11.304770 0.561223 0.031583 0.827062 252.224365
0.862392 -0.015949 -0.505990 -4.880679 -0.000507 0.999475 -0.032368 -11.316183 0.506241 0.028172 0.861932 252.694260
0.892827 -0.019459 -0.449981 -5.100513 0.006152 0.999499 -0.031014 -11.331487 0.450359 0.024921 0.892500 253.194611
0.918585 -0.021713 -0.394629 -5.292047 0.010180 0.999458 -0.031294 -11.348255 0.395095 0.024729 0.918307 253.714203
0.940073 -0.023496 -0.340165 -5.454593 0.012344 0.999314 -0.034915 -11.354753 0.340753 0.028624 0.939718 254.261505
0.957901 -0.023231 -0.286158 -5.608912 0.013091 0.999218 -0.037298 -11.371867 0.286802 0.031982 0.957457 254.839325
0.971926 -0.022011 -0.234257 -5.757277 0.013787 0.999231 -0.036693 -11.387616 0.234885 0.032434 0.971483 255.457397
0.982182 -0.021660 -0.186680 -5.879620 0.015391 0.999270 -0.034967 -11.409373 0.187302 0.031470 0.981798 256.113525
0.988915 -0.024776 -0.146406 -5.957060 0.019992 0.999219 -0.034059 -11.416991 0.147136 0.030754 0.988639 256.785706
0.993103 -0.029485 -0.113483 -6.024287 0.025833 0.999103 -0.033525 -11.430763 0.114370 0.030361 0.992975 257.471771
0.995547 -0.034894 -0.087581 -6.098376 0.032091 0.998933 -0.033203 -11.441351 0.088646 0.030244 0.995605 258.207825
0.996889 -0.038638 -0.068713 -6.156658 0.036479 0.998809 -0.032394 -11.465461 0.069884 0.029787 0.997111 258.947998
0.997544 -0.041230 -0.056618 -6.210831 0.039454 0.998704 -0.032142 -11.485542 0.057871 0.029829 0.997878 259.711456
0.997862 -0.042857 -0.049367 -6.255545 0.041298 0.998628 -0.032206 -11.520619 0.050680 0.030098 0.998262 260.489960
0.997972 -0.044126 -0.045889 -6.299869 0.042586 0.998512 -0.034040 -11.533749 0.047323 0.032017 0.998367 261.301910
0.998140 -0.044017 -0.042180 -6.341421 0.042548 0.998477 -0.035127 -11.548388 0.043663 0.033267 0.998493 262.114746
0.998202 -0.043509 -0.041227 -6.379850 0.042075 0.998499 -0.035038 -11.569695 0.042689 0.033242 0.998535 262.965790
0.998187 -0.044032 -0.041049 -6.419971 0.042698 0.998548 -0.032831 -11.601146 0.042435 0.031019 0.998618 263.837830
0.998142 -0.044723 -0.041403 -6.463634 0.043497 0.998600 -0.030087 -11.628608 0.042692 0.028230 0.998690 264.739075
0.998150 -0.044050 -0.041914 -6.523325 0.042914 0.998696 -0.027638 -11.669748 0.043077 0.025789 0.998740 265.660858
0.998086 -0.044350 -0.043112 -6.581251 0.043153 0.998667 -0.028311 -11.705512 0.044311 0.026396 0.998670 266.597046
0.997927 -0.045974 -0.045057 -6.642143 0.044551 0.998490 -0.032094 -11.733976 0.046465 0.030021 0.998469 267.554504
0.997874 -0.045738 -0.046439 -6.713169 0.043928 0.998262 -0.039267 -11.765471 0.048155 0.037144 0.998149 268.529358
0.997850 -0.043395 -0.049119 -6.760804 0.041244 0.998180 -0.043988 -11.812936 0.050940 0.041867 0.997824 269.516174
0.997837 -0.041360 -0.051092 -6.821178 0.039152 0.998286 -0.043485 -11.852982 0.052803 0.041391 0.997747 270.545135
0.997875 -0.039930 -0.051503 -6.896388 0.038170 0.998668 -0.034718 -11.891646 0.052821 0.032678 0.998070 271.603363
0.997827 -0.040960 -0.051631 -6.963837 0.039697 0.998892 -0.025263 -11.932172 0.052609 0.023159 0.998347 272.684021
0.997720 -0.043672 -0.051470 -7.034432 0.042492 0.998812 -0.023823 -11.960361 0.052449 0.021581 0.998391 273.764587
0.997469 -0.047972 -0.052500 -7.090908 0.046422 0.998460 -0.030362 -11.993240 0.053876 0.027848 0.998160 274.852020
0.997461 -0.049134 -0.051565 -7.181769 0.047090 0.998083 -0.040143 -12.012319 0.053439 0.037614 0.997862 275.951294
0.997452 -0.050287 -0.050619 -7.271618 0.047762 0.997610 -0.049921 -12.042212 0.053008 0.047376 0.997470 277.050385
0.997597 -0.048044 -0.049925 -7.357236 0.045587 0.997746 -0.049224 -12.100570 0.052178 0.046830 0.997540 278.195190
0.997717 -0.045844 -0.049605 -7.439605 0.043778 0.998159 -0.041973 -12.158935 0.051438 0.039706 0.997887 279.371857
0.997746 -0.044570 -0.050161 -7.506100 0.042964 0.998542 -0.032661 -12.209775 0.051545 0.030432 0.998207 280.542053
0.997724 -0.044444 -0.050711 -7.573046 0.043078 0.998686 -0.027737 -12.260883 0.051878 0.025490 0.998328 281.727875
0.997672 -0.046289 -0.050094 -7.654685 0.044798 0.998530 -0.030502 -12.294242 0.051433 0.028187 0.998279 282.924072
0.997574 -0.048292 -0.050138 -7.718129 0.046539 0.998283 -0.035567 -12.343436 0.051770 0.033148 0.998109 284.113953
0.997466 -0.050193 -0.050430 -7.787654 0.048182 0.998024 -0.040329 -12.393836 0.052355 0.037798 0.997913 285.330719
0.997548 -0.049734 -0.049245 -7.897296 0.047674 0.997971 -0.042173 -12.455525 0.051243 0.039722 0.997896 286.557556
0.997536 -0.050715 -0.048470 -7.987175 0.048839 0.998039 -0.039152 -12.518371 0.050361 0.036689 0.998057 287.784637
0.997549 -0.049747 -0.049208 -8.057942 0.048092 0.998254 -0.034282 -12.583468 0.050828 0.031832 0.998201 289.028290
0.997455 -0.051739 -0.049060 -8.139421 0.049976 0.998083 -0.036495 -12.625538 0.050856 0.033950 0.998129 290.274292
0.997353 -0.052303 -0.050527 -8.179006 0.050290 0.997920 -0.040330 -12.711937 0.052532 0.037681 0.997908 291.543884
0.997361 -0.052628 -0.050021 -8.257368 0.050461 0.997771 -0.043647 -12.776644 0.052207 0.041008 0.997794 292.796997
0.997423 -0.051996 -0.049435 -8.352512 0.049777 0.997741 -0.045086 -12.823789 0.051668 0.042509 0.997759 294.051880
0.997626 -0.050310 -0.047042 -8.493559 0.048272 0.997885 -0.043512 -12.879428 0.049132 0.041138 0.997945 295.338531
0.997766 -0.048147 -0.046312 -8.563724 0.046365 0.998169 -0.038820 -12.948557 0.048096 0.036586 0.998172 296.589172
0.998017 -0.043876 -0.045142 -8.633201 0.042317 0.998492 -0.034939 -13.011967 0.046608 0.032960 0.998370 297.843750
0.998146 -0.042221 -0.043842 -8.691589 0.040755 0.998597 -0.033816 -13.070430 0.045209 0.031967 0.998467 299.119232
0.998171 -0.043557 -0.041936 -8.756590 0.042127 0.998519 -0.034391 -13.137734 0.043373 0.032562 0.998528 300.394440
0.998247 -0.043044 -0.040630 -8.807343 0.041471 0.998386 -0.038794 -13.194265 0.042235 0.037041 0.998421 301.668671
0.998272 -0.044601 -0.038267 -8.882475 0.042910 0.998112 -0.043940 -13.253876 0.040155 0.042222 0.998302 302.924103
0.998327 -0.044113 -0.037396 -8.930636 0.042338 0.997997 -0.046991 -13.301564 0.039396 0.045329 0.998195 304.185638
0.998407 -0.043384 -0.036093 -8.986079 0.041744 0.998114 -0.044992 -13.375202 0.037978 0.043414 0.998335 305.440674
0.998508 -0.040918 -0.036188 -9.020820 0.039423 0.998377 -0.041087 -13.451162 0.037810 0.039599 0.998500 306.694977
0.998539 -0.039691 -0.036681 -9.055885 0.038299 0.998547 -0.037885 -13.523108 0.038133 0.036425 0.998609 307.978455
0.998657 -0.036817 -0.036466 -9.110383 0.035615 0.998819 -0.033059 -13.583070 0.037641 0.031715 0.998788 309.258392
0.998783 -0.034509 -0.035233 -9.174607 0.033537 0.999049 -0.027820 -13.645619 0.036160 0.026604 0.998992 310.540405
0.998929 -0.031006 -0.034351 -9.237233 0.029999 0.999115 -0.029465 -13.701349 0.035235 0.028402 0.998976 311.821594
0.999047 -0.028355 -0.033187 -9.306434 0.027177 0.999002 -0.035445 -13.752674 0.034159 0.034509 0.998821 313.101349
0.999178 -0.025013 -0.031912 -9.394275 0.023710 0.998895 -0.040566 -13.802766 0.032891 0.039777 0.998667 314.408813
0.999261 -0.021413 -0.031938 -9.444483 0.020004 0.998840 -0.043790 -13.860697 0.032840 0.043120 0.998530 315.692322
0.999331 -0.019530 -0.030925 -9.521212 0.018162 0.998871 -0.043874 -13.933206 0.031747 0.043283 0.998558 316.992065
0.999351 -0.018487 -0.030902 -9.579116 0.017221 0.999022 -0.040717 -14.005348 0.031625 0.040158 0.998694 318.290405
0.999350 -0.020186 -0.029875 -9.641578 0.019060 0.999113 -0.037545 -14.066792 0.030607 0.036952 0.998849 319.586639
0.999292 -0.019461 -0.032232 -9.649549 0.018290 0.999175 -0.036256 -14.125690 0.032912 0.035640 0.998823 320.910645
0.999266 -0.020087 -0.032632 -9.694753 0.018906 0.999168 -0.036117 -14.177798 0.033331 0.035474 0.998815 322.188782
0.999246 -0.021909 -0.032086 -9.760094 0.020779 0.999166 -0.035128 -14.239840 0.032830 0.034435 0.998868 323.449097
0.999301 -0.022848 -0.029597 -9.868948 0.021773 0.999108 -0.036170 -14.287366 0.030398 0.035500 0.998908 324.768982
0.999312 -0.021131 -0.030500 -9.922907 0.020045 0.999168 -0.035494 -14.351169 0.031225 0.034858 0.998905 326.074127
0.999267 -0.022430 -0.031044 -9.977861 0.021367 0.999187 -0.034175 -14.413819 0.031785 0.033487 0.998934 327.374207
0.999328 -0.020785 -0.030205 -10.033226 0.019664 0.999123 -0.036955 -14.476294 0.030948 0.036336 0.998860 328.637787
0.999368 -0.019563 -0.029699 -10.093701 0.018306 0.998948 -0.042032 -14.532563 0.030491 0.041463 0.998675 329.935303
0.999361 -0.021031 -0.028920 -10.146720 0.019852 0.998982 -0.040486 -14.610144 0.029742 0.039886 0.998762 331.239990
0.999390 -0.019843 -0.028755 -10.186666 0.018778 0.999143 -0.036871 -14.672419 0.029463 0.036309 0.998906 332.521179
0.999405 -0.021145 -0.027271 -10.241776 0.020223 0.999229 -0.033640 -14.738994 0.027961 0.033069 0.999063 333.797577
0.999453 -0.020333 -0.026095 -10.283460 0.019501 0.999304 -0.031770 -14.796662 0.026724 0.031244 0.999154 335.060638
0.999485 -0.020684 -0.024549 -10.329740 0.019911 0.999311 -0.031318 -14.853847 0.025181 0.030813 0.999209 336.336578
0.999429 -0.023892 -0.023914 -10.370618 0.023090 0.999179 -0.033266 -14.915158 0.024690 0.032696 0.999161 337.602570
0.999415 -0.024908 -0.023451 -10.415058 0.024062 0.999071 -0.035731 -14.980193 0.024320 0.035145 0.999087 338.896973
0.999357 -0.027523 -0.022998 -10.456555 0.026664 0.998963 -0.036885 -15.047217 0.023990 0.036249 0.999055 340.167603
0.999270 -0.029986 -0.023695 -10.481673 0.029135 0.998945 -0.035468 -15.116219 0.024734 0.034753 0.999090 341.442017
0.999191 -0.033204 -0.022741 -10.540246 0.032463 0.998952 -0.032237 -15.172533 0.023788 0.031473 0.999222 342.718048
0.999028 -0.037000 -0.023960 -10.561843 0.036316 0.998936 -0.028415 -15.233348 0.024987 0.027518 0.999310 343.964722
0.998873 -0.040053 -0.025495 -10.575493 0.039279 0.998773 -0.030176 -15.294440 0.026673 0.029141 0.999219 345.261353
0.998704 -0.044020 -0.025536 -10.616029 0.043121 0.998466 -0.034740 -15.337546 0.027027 0.033594 0.999070 346.512634
0.998660 -0.044715 -0.026073 -10.653102 0.043770 0.998402 -0.035741 -15.405799 0.027630 0.034551 0.999022 347.722168
0.998603 -0.045701 -0.026551 -10.686091 0.044759 0.998380 -0.035116 -15.459277 0.028113 0.033878 0.999031 348.931824
0.998533 -0.046816 -0.027194 -10.720247 0.045933 0.998423 -0.032237 -15.518401 0.028661 0.030940 0.999110 350.142761
0.998427 -0.048822 -0.027610 -10.759274 0.048032 0.998435 -0.028633 -15.574000 0.028966 0.027262 0.999209 351.322662
0.998295 -0.051474 -0.027551 -10.807682 0.050750 0.998363 -0.026364 -15.626704 0.028864 0.024922 0.999273 352.510010
0.998154 -0.053764 -0.028266 -10.840576 0.053023 0.998245 -0.026370 -15.690001 0.029635 0.024823 0.999253 353.673584
0.998089 -0.054578 -0.029020 -10.867373 0.053762 0.998154 -0.028217 -15.745746 0.030506 0.026603 0.999181 354.814789
0.998141 -0.053382 -0.029433 -10.901288 0.052468 0.998141 -0.030986 -15.796208 0.031032 0.029384 0.999087 355.934570
0.998250 -0.052051 -0.028078 -10.968379 0.051106 0.998134 -0.033402 -15.847545 0.029764 0.031910 0.999048 357.067383
0.998354 -0.050373 -0.027418 -11.008638 0.049426 0.998194 -0.034143 -15.894998 0.029089 0.032731 0.999041 358.164368
0.998509 -0.048025 -0.025974 -11.041873 0.047173 0.998357 -0.032513 -15.955493 0.027494 0.031239 0.999134 359.234711
0.998681 -0.045513 -0.023762 -11.075517 0.044738 0.998479 -0.032208 -16.008753 0.025193 0.031103 0.999199 360.306213
0.998745 -0.045480 -0.020988 -11.106660 0.044752 0.998420 -0.033968 -16.061058 0.022500 0.032986 0.999203 361.352478
0.998784 -0.046068 -0.017579 -11.136615 0.045453 0.998389 -0.033931 -16.117031 0.019114 0.033091 0.999270 362.389160
0.998852 -0.045594 -0.014706 -11.156821 0.045081 0.998420 -0.033527 -16.163658 0.016212 0.032826 0.999330 363.436005
0.998782 -0.047835 -0.012146 -11.173303 0.047419 0.998346 -0.032494 -16.218424 0.013681 0.031878 0.999398 364.442902
0.998673 -0.050378 -0.010696 -11.167390 0.050014 0.998236 -0.031982 -16.261814 0.012289 0.031404 0.999432 365.418976
0.998604 -0.052129 -0.008527 -11.169075 0.051844 0.998176 -0.030892 -16.308809 0.010122 0.030407 0.999487 366.371735
0.998454 -0.055271 -0.006080 -11.174707 0.055078 0.998079 -0.028346 -16.356020 0.007635 0.027967 0.999580 367.312042
0.998498 -0.054611 -0.004592 -11.168377 0.054471 0.998161 -0.026580 -16.385120 0.006037 0.026290 0.999637 368.253357
0.998546 -0.053889 -0.001576 -11.182056 0.053832 0.998224 -0.025505 -16.427446 0.002948 0.025383 0.999674 369.161957
0.998596 -0.052968 -0.000060 -11.175435 0.052946 0.998206 -0.027952 -16.467672 0.001542 0.027910 0.999610 370.023010
0.998659 -0.051687 0.003203 -11.193995 0.051766 0.998104 -0.033280 -16.507647 -0.001475 0.033402 0.999441 370.857208
0.998707 -0.050497 0.005827 -11.200419 0.050675 0.998058 -0.036194 -16.549417 -0.003988 0.036442 0.999328 371.660248
0.998677 -0.050780 0.008107 -11.206127 0.051036 0.998070 -0.035342 -16.582764 -0.006295 0.035710 0.999343 372.447418
0.998666 -0.050693 0.009856 -11.206132 0.050976 0.998221 -0.030882 -16.623106 -0.008272 0.031343 0.999475 373.190308
0.998676 -0.050220 0.011165 -11.210266 0.050527 0.998296 -0.029164 -16.665051 -0.009681 0.029690 0.999513 373.911102
0.998762 -0.048670 0.010238 -11.220018 0.048982 0.998262 -0.032760 -16.693655 -0.008626 0.033221 0.999411 374.610809
0.998857 -0.047335 0.006669 -11.232803 0.047551 0.998176 -0.037179 -16.721889 -0.004896 0.037454 0.999287 375.274658
0.998937 -0.046090 0.001130 -11.237925 0.046100 0.998178 -0.038920 -16.755081 0.000666 0.038930 0.999242 375.918823
0.999116 -0.041745 -0.005019 -11.258820 0.041516 0.998362 -0.039343 -16.788876 0.006654 0.039100 0.999213 376.527222
0.999195 -0.037873 -0.013254 -11.267760 0.037322 0.998515 -0.039678 -16.818491 0.014737 0.039150 0.999125 377.129242
0.999094 -0.034450 -0.025009 -11.290223 0.033456 0.998673 -0.039146 -16.852167 0.026325 0.038274 0.998921 377.699493
0.998510 -0.035908 -0.041086 -11.326463 0.034343 0.998679 -0.038194 -16.886105 0.042405 0.036726 0.998426 378.250793
0.997405 -0.036471 -0.062083 -11.371716 0.034096 0.998661 -0.038884 -16.918457 0.063420 0.036666 0.997314 378.781799
0.995145 -0.038859 -0.090429 -11.426785 0.035403 0.998591 -0.039518 -16.947956 0.091838 0.036124 0.995119 379.301270
0.990898 -0.039414 -0.128722 -11.498961 0.034587 0.998619 -0.039522 -16.971006 0.130103 0.034710 0.990893 379.814514
0.983934 -0.038300 -0.174380 -11.608814 0.032271 0.998783 -0.037282 -16.997152 0.175597 0.031055 0.983972 380.314423
0.973293 -0.038283 -0.226353 -11.748753 0.031083 0.998893 -0.035294 -17.019657 0.227454 0.027317 0.973406 380.800079
0.958282 -0.037047 -0.283415 -11.936498 0.029177 0.999064 -0.031939 -17.055893 0.284334 0.022337 0.958466 381.246033
0.938426 -0.034536 -0.343752 -12.168378 0.026469 0.999253 -0.028132 -17.078758 0.344468 0.017301 0.938639 381.659271
0.913089 -0.029344 -0.406704 -12.405920 0.021761 0.999492 -0.023259 -17.101305 0.407182 0.012387 0.913264 382.061493
0.882624 -0.022689 -0.469534 -12.668845 0.016484 0.999713 -0.017322 -17.107725 0.469793 0.007549 0.882744 382.451416
0.847126 -0.016806 -0.531127 -12.946765 0.012252 0.999851 -0.012095 -17.120714 0.531251 0.003739 0.847207 382.822083
0.806870 -0.013390 -0.590577 -13.259184 0.009420 0.999907 -0.009802 -17.138584 0.590655 0.002346 0.806921 383.179443
0.760520 -0.013085 -0.649183 -13.591774 0.011429 0.999911 -0.006766 -17.153229 0.649215 -0.002273 0.760602 383.505615
0.708038 -0.009596 -0.706110 -13.956388 0.009331 0.999946 -0.004234 -17.162600 0.706114 -0.003590 0.708090 383.808228
0.650333 -0.004998 -0.759633 -14.350017 0.004948 0.999985 -0.002345 -17.168762 0.759634 -0.002233 0.650348 384.083801
0.587649 0.001933 -0.809114 -14.789363 -0.000614 0.999997 0.001942 -17.169987 0.809117 -0.000644 0.587649 384.341949
0.521022 0.000999 -0.853543 -15.235784 0.006089 0.999969 0.004886 -17.164495 0.853522 -0.007743 0.520999 384.565796
0.448402 -0.004843 -0.893819 -15.704339 0.014183 0.999898 0.001697 -17.162968 0.893720 -0.013438 0.448425 384.773895
0.372014 -0.010210 -0.928171 -16.201576 0.015975 0.999861 -0.004596 -17.163271 0.928090 -0.013117 0.372125 384.949829
0.294399 -0.016521 -0.955540 -16.722002 0.014222 0.999815 -0.012905 -17.166248 0.955577 -0.009790 0.294580 385.072510
0.218817 -0.020219 -0.975557 -17.251593 0.011010 0.999772 -0.018252 -17.170321 0.975705 -0.006747 0.218989 385.140442
0.146897 -0.022270 -0.988901 -17.803719 0.010155 0.999727 -0.021005 -17.170031 0.989101 -0.006957 0.147083 385.193054
0.080901 -0.018774 -0.996545 -18.360979 0.004772 0.999818 -0.018448 -17.173561 0.996711 -0.003262 0.080975 385.210754
0.024101 -0.009292 -0.999667 -18.938282 -0.000615 0.999956 -0.009309 -17.187103 0.999709 0.000839 0.024094 385.190247
-0.024219 -0.001641 -0.999705 -19.502268 -0.006716 0.999976 -0.001478 -17.200773 0.999685 0.006678 -0.024231 385.147949
-0.061939 0.001295 -0.998080 -20.076469 -0.011786 0.999928 0.002029 -17.222509 0.998011 0.011888 -0.061920 385.084381
-0.092045 -0.003220 -0.995750 -20.667294 -0.018326 0.999831 -0.001540 -17.214437 0.995586 0.018107 -0.092089 385.008911
-0.114457 -0.002167 -0.993426 -21.266815 -0.023245 0.999729 0.000498 -17.216221 0.993157 0.023149 -0.114478 384.924103
-0.128989 0.003416 -0.991640 -21.886925 -0.026465 0.999626 0.006885 -17.211210 0.991293 0.027132 -0.128851 384.836670
-0.137400 0.007861 -0.990485 -22.512634 -0.027945 0.999539 0.011810 -17.208874 0.990122 0.029303 -0.137118 384.748016
-0.140731 0.009025 -0.990008 -23.154276 -0.028423 0.999509 0.013152 -17.213722 0.989640 0.029990 -0.140405 384.659241
-0.141814 0.003834 -0.989887 -23.806774 -0.030185 0.999511 0.008195 -17.221701 0.989433 0.031042 -0.141629 384.558777
-0.142290 -0.007444 -0.989798 -24.472111 -0.029173 0.999568 -0.003324 -17.214462 0.989395 0.028403 -0.142447 384.462585
-0.141681 -0.014826 -0.989802 -25.156832 -0.025133 0.999619 -0.011376 -17.210888 0.989594 0.023265 -0.142000 384.366486
-0.140769 -0.015722 -0.989918 -25.867245 -0.021551 0.999685 -0.012812 -17.211090 0.989809 0.019530 -0.141064 384.267609
-0.139237 -0.011683 -0.990191 -26.602087 -0.018457 0.999787 -0.009202 -17.226265 0.990087 0.016994 -0.139425 384.169739
-0.137823 -0.011308 -0.990393 -27.358377 -0.020849 0.999746 -0.008514 -17.230829 0.990238 0.019474 -0.138025 384.076172
-0.133869 -0.010845 -0.990940 -28.130924 -0.024614 0.999668 -0.007615 -17.237890 0.990693 0.023372 -0.134093 383.971802
-0.127906 -0.011640 -0.991719 -28.934149 -0.029822 0.999523 -0.007886 -17.244211 0.991338 0.028566 -0.128192 383.866333
-0.119332 -0.013201 -0.992767 -29.738668 -0.037312 0.999264 -0.008803 -17.260017 0.992154 0.035992 -0.119737 383.752350
-0.109940 -0.014086 -0.993838 -30.570255 -0.041623 0.999087 -0.009556 -17.269571 0.993066 0.040316 -0.110426 383.661469
-0.099679 -0.011510 -0.994953 -31.430635 -0.045763 0.998928 -0.006972 -17.278149 0.993967 0.044837 -0.100100 383.566101
-0.089079 -0.007098 -0.995999 -32.308365 -0.051621 0.998663 -0.002500 -17.291712 0.994686 0.051193 -0.089326 383.474121
-0.079513 -0.003394 -0.996829 -33.197399 -0.055351 0.998466 0.001015 -17.312668 0.995296 0.055255 -0.079580 383.406616
-0.069134 -0.004217 -0.997599 -34.121414 -0.057023 0.998372 -0.000269 -17.322502 0.995976 0.056868 -0.069263 383.327362
-0.060295 -0.005509 -0.998165 -35.045052 -0.054332 0.998520 -0.002228 -17.328299 0.996701 0.054098 -0.060506 383.275818
-0.054605 -0.005087 -0.998495 -36.005035 -0.052768 0.998603 -0.002201 -17.309452 0.997113 0.052568 -0.054798 383.253082
-0.048525 -0.001806 -0.998820 -36.989243 -0.051100 0.998692 0.000676 -17.306976 0.997515 0.051073 -0.048555 383.185455
-0.045148 0.003405 -0.998975 -37.981419 -0.049732 0.998746 0.005653 -17.309591 0.997742 0.049938 -0.044923 383.133209
-0.043623 0.006037 -0.999030 -38.977749 -0.047870 0.998820 0.008126 -17.306303 0.997901 0.048179 -0.043283 383.090271
-0.041904 0.005732 -0.999105 -39.979832 -0.047626 0.998834 0.007728 -17.301369 0.997987 0.047907 -0.041583 383.041595
-0.039508 0.002309 -0.999217 -40.994137 -0.051944 0.998640 0.004361 -17.297806 0.997869 0.052075 -0.039335 382.976929
-0.038194 -0.001009 -0.999270 -42.024963 -0.053745 0.998554 0.001045 -17.302044 0.997825 0.053745 -0.038195 382.921722
-0.037746 -0.002668 -0.999285 -43.047382 -0.054030 0.998539 -0.000625 -17.308582 0.997826 0.053967 -0.037836 382.886261
-0.036884 -0.002651 -0.999317 -44.088406 -0.055169 0.998476 -0.000613 -17.316200 0.997796 0.055109 -0.036976 382.845642
-0.034500 -0.001807 -0.999404 -45.155396 -0.055247 0.998472 0.000102 -17.320667 0.997876 0.055218 -0.034547 382.795471
-0.032131 -0.000793 -0.999484 -46.246628 -0.056754 0.998388 0.001033 -17.335772 0.997872 0.056759 -0.032124 382.752655
-0.030351 0.001701 -0.999539 -47.322224 -0.058816 0.998263 0.003484 -17.357212 0.997808 0.058895 -0.030198 382.709045
-0.029190 0.002967 -0.999570 -48.422005 -0.060669 0.998147 0.004734 -17.367241 0.997731 0.060780 -0.028957 382.679779
-0.027303 0.004285 -0.999618 -49.522346 -0.059843 0.998190 0.005913 -17.370245 0.997834 0.059982 -0.026998 382.643219
-0.026852 0.003695 -0.999633 -50.613110 -0.061269 0.998107 0.005334 -17.371441 0.997761 0.061390 -0.026575 382.615845
-0.027724 0.001241 -0.999615 -51.708759 -0.061307 0.998114 0.002939 -17.370745 0.997734 0.061365 -0.027596 382.597168
-0.028903 0.000701 -0.999582 -52.805584 -0.061206 0.998122 0.002470 -17.376204 0.997707 0.061253 -0.028806 382.575012
-0.029221 0.004725 -0.999563 -53.903088 -0.062266 0.998037 0.006538 -17.385521 0.997632 0.062429 -0.028869 382.532440
-0.029097 0.009055 -0.999536 -54.988190 -0.063019 0.997952 0.010875 -17.399532 0.997588 0.063306 -0.028468 382.477448
-0.027796 0.009117 -0.999573 -56.061192 -0.067197 0.997679 0.010968 -17.398952 0.997353 0.067474 -0.027119 382.402161
-0.029951 0.006843 -0.999529 -57.177792 -0.066663 0.997736 0.008828 -17.390879 0.997327 0.066896 -0.029428 382.393127
-0.031238 0.001524 -0.999511 -58.310421 -0.063491 0.997976 0.003506 -17.371037 0.997493 0.063569 -0.031079 382.329315
-0.032417 -0.000019 -0.999475 -59.415604 -0.063237 0.997996 0.002031 -17.387299 0.997472 0.063270 -0.032354 382.268402
-0.034278 0.003006 -0.999408 -60.516182 -0.062396 0.998038 0.005142 -17.387901 0.997463 0.062536 -0.034023 382.233215
-0.033730 0.003670 -0.999424 -61.612743 -0.060760 0.998135 0.005716 -17.380079 0.997583 0.060918 -0.033444 382.156403
-0.034344 0.001799 -0.999409 -62.725498 -0.060540 0.998158 0.003878 -17.391582 0.997575 0.060638 -0.034173 382.096893
-0.034961 -0.000073 -0.999389 -63.839260 -0.060321 0.998176 0.002038 -17.405155 0.997567 0.060356 -0.034902 382.036560
-0.034793 0.000618 -0.999395 -64.945923 -0.062800 0.998022 0.002803 -17.420479 0.997420 0.062859 -0.034686 381.990051
-0.034471 0.002935 -0.999402 -66.035820 -0.063876 0.997945 0.005134 -17.430054 0.997363 0.064015 -0.034213 381.958679
-0.031801 0.004941 -0.999483 -67.092880 -0.064708 0.997879 0.006992 -17.434673 0.997398 0.064897 -0.031415 381.897461
-0.030148 0.006630 -0.999524 -68.183144 -0.064393 0.997888 0.008561 -17.449610 0.997470 0.064621 -0.029658 381.875061
-0.027494 0.005845 -0.999606 -69.249733 -0.063866 0.997929 0.007592 -17.457909 0.997580 0.064049 -0.027064 381.845184
-0.025642 0.002871 -0.999667 -70.329147 -0.063480 0.997972 0.004494 -17.459072 0.997654 0.063575 -0.025409 381.840454
-0.022033 0.000475 -0.999758 -71.386040 -0.065168 0.997872 0.001910 -17.471270 0.997632 0.065195 -0.021955 381.811798
-0.018372 -0.000350 -0.999831 -72.465195 -0.065990 0.997819 0.000863 -17.485025 0.997652 0.065995 -0.018356 381.789825
-0.014408 0.000469 -0.999897 -73.539459 -0.067621 0.997709 0.001442 -17.489779 0.997607 0.067635 -0.014344 381.774231
-0.010609 0.003405 -0.999939 -74.591568 -0.069740 0.997556 0.004137 -17.500347 0.997509 0.069780 -0.010346 381.756378
-0.006836 0.007543 -0.999949 -75.625252 -0.069421 0.997555 0.007999 -17.512733 0.997564 0.069472 -0.006296 381.743439
-0.003267 0.009287 -0.999952 -76.659027 -0.068563 0.997601 0.009489 -17.516632 0.997642 0.068590 -0.002623 381.744568
-0.000229 0.008347 -0.999966 -77.677284 -0.066883 0.997725 0.008343 -17.527681 0.997761 0.066883 0.000330 381.751404
0.002343 0.004040 -0.999989 -78.665817 -0.065011 0.997877 0.003879 -17.537201 0.997882 0.065001 0.002600 381.758148
0.006701 0.001260 -0.999977 -79.608910 -0.063065 0.998008 0.000834 -17.542530 0.997987 0.063058 0.006767 381.728729
0.009721 -0.000622 -0.999953 -80.525993 -0.061583 0.998101 -0.001219 -17.549150 0.998055 0.061592 0.009663 381.707642
0.010442 -0.002965 -0.999941 -81.484230 -0.058716 0.998268 -0.003574 -17.561285 0.998221 0.058750 0.010250 381.733551
0.012195 -0.004689 -0.999915 -82.386940 -0.057272 0.998344 -0.005380 -17.579720 0.998285 0.057332 0.011905 381.727570
0.011731 -0.004365 -0.999922 -83.299789 -0.055242 0.998460 -0.005007 -17.600193 0.998404 0.055297 0.011470 381.763947
0.011357 -0.003533 -0.999929 -84.195358 -0.052025 0.998636 -0.004119 -17.625189 0.998581 0.052068 0.011158 381.775940
0.008800 -0.005037 -0.999949 -85.077965 -0.049298 0.998769 -0.005465 -17.643019 0.998746 0.049344 0.008540 381.789673
0.004566 -0.005354 -0.999975 -85.960617 -0.044348 0.999000 -0.005551 -17.663124 0.999007 0.044372 0.004323 381.798340
-0.002992 -0.003990 -0.999988 -86.840225 -0.040640 0.999166 -0.003865 -17.678083 0.999170 0.040628 -0.003152 381.799957
-0.014058 -0.001871 -0.999900 -87.738281 -0.037111 0.999309 -0.001348 -17.682205 0.999213 0.037089 -0.014119 381.818451
-0.026905 -0.001233 -0.999638 -88.619667 -0.037495 0.999296 -0.000224 -17.695950 0.998935 0.037475 -0.026933 381.811188
-0.040464 -0.005414 -0.999167 -89.506424 -0.038605 0.999246 -0.003852 -17.699841 0.998435 0.038417 -0.040643 381.781952
-0.054226 -0.011722 -0.998460 -90.388885 -0.039341 0.999179 -0.009594 -17.712603 0.997754 0.038760 -0.054643 381.733124
-0.067998 -0.018046 -0.997522 -91.272163 -0.040157 0.999075 -0.015336 -17.730494 0.996877 0.039015 -0.068660 381.671722
-0.079652 -0.021276 -0.996596 -92.148483 -0.044685 0.998843 -0.017753 -17.751785 0.995821 0.043119 -0.080511 381.597137
-0.087984 -0.022868 -0.995860 -93.034126 -0.048299 0.998658 -0.018666 -17.768492 0.994951 0.046457 -0.088971 381.499908
-0.093202 -0.022384 -0.995396 -93.923851 -0.050422 0.998570 -0.017734 -17.794733 0.994370 0.048538 -0.094198 381.402313
-0.096463 -0.023469 -0.995060 -94.820160 -0.054743 0.998333 -0.018240 -17.816360 0.993830 0.052713 -0.097588 381.309021
-0.097119 -0.024853 -0.994963 -95.724915 -0.058340 0.998111 -0.019237 -17.837421 0.993562 0.056177 -0.098387 381.207367
-0.097194 -0.026486 -0.994913 -96.640274 -0.060391 0.997960 -0.020667 -17.856697 0.993432 0.058075 -0.098596 381.122009
-0.095295 -0.026097 -0.995107 -97.560486 -0.059132 0.998039 -0.020511 -17.879774 0.993691 0.056889 -0.096651 381.025635
-0.093578 -0.021469 -0.995381 -98.502670 -0.058847 0.998138 -0.015997 -17.910336 0.993872 0.057078 -0.094668 380.928314
-0.091789 -0.012511 -0.995701 -99.457901 -0.060539 0.998141 -0.006961 -17.925314 0.993937 0.059640 -0.092376 380.835114
-0.090009 -0.003521 -0.995935 -100.416206 -0.062252 0.998058 0.002097 -17.931641 0.993994 0.062188 -0.090054 380.743866
-0.084441 0.001698 -0.996427 -101.411453 -0.065253 0.997842 0.007230 -17.939857 0.994290 0.065631 -0.084149 380.636414
-0.078203 -0.007407 -0.996911 -102.401642 -0.073439 0.997298 -0.001649 -17.936649 0.994229 0.073084 -0.078536 380.546692
-0.071020 -0.019431 -0.997286 -103.396553 -0.074594 0.997113 -0.014116 -17.929659 0.994682 0.073390 -0.072265 380.467346
-0.065403 -0.018409 -0.997690 -104.442307 -0.075662 0.997043 -0.013438 -17.930880 0.994987 0.074608 -0.066603 380.386383
-0.057674 -0.007739 -0.998306 -105.531281 -0.071255 0.997451 -0.003616 -17.945095 0.995790 0.070926 -0.058080 380.277191
-0.053549 -0.004917 -0.998553 -106.591270 -0.068073 0.997679 -0.001262 -17.954037 0.996243 0.067908 -0.053760 380.231659
-0.049287 -0.014907 -0.998673 -107.670959 -0.066888 0.997693 -0.011592 -17.969570 0.996543 0.066229 -0.050172 380.171722
-0.045453 -0.024896 -0.998657 -108.792587 -0.068959 0.997382 -0.021725 -17.970106 0.996584 0.067880 -0.047052 380.094116
-0.039796 -0.023554 -0.998931 -109.919968 -0.075711 0.996919 -0.020490 -17.990995 0.996336 0.074814 -0.041458 379.998810
-0.034035 -0.017648 -0.999265 -111.049759 -0.081185 0.996588 -0.014835 -18.015162 0.996118 0.080620 -0.035352 379.925690
-0.027463 -0.022249 -0.999375 -112.199364 -0.085596 0.996132 -0.019825 -18.046604 0.995952 0.084999 -0.029262 379.850616
-0.021618 -0.034129 -0.999184 -113.332527 -0.081898 0.996118 -0.032253 -18.092052 0.996407 0.081134 -0.024330 379.821625
-0.018421 -0.040962 -0.998992 -114.473076 -0.074973 0.996404 -0.039474 -18.132977 0.997016 0.074171 -0.021427 379.830566
-0.013921 -0.034034 -0.999325 -115.649803 -0.069299 0.997050 -0.032992 -18.184673 0.997499 0.068794 -0.016239 379.825287
-0.008778 -0.021384 -0.999733 -116.855583 -0.065763 0.997618 -0.020761 -18.234095 0.997797 0.065564 -0.010164 379.824005
-0.003795 -0.015329 -0.999876 -118.064819 -0.065174 0.997760 -0.015050 -18.270967 0.997867 0.065109 -0.004786 379.830444
0.000782 -0.016048 -0.999872 -119.266182 -0.066263 0.997673 -0.016066 -18.300039 0.997802 0.066267 -0.000283 379.828278
0.003437 -0.018233 -0.999828 -120.452721 -0.064809 0.997727 -0.018418 -18.335320 0.997892 0.064862 0.002247 379.841553
0.005319 -0.020118 -0.999783 -121.641670 -0.061194 0.997916 -0.020406 -18.365736 0.998112 0.061290 0.004076 379.856934
0.006702 -0.020491 -0.999768 -122.827515 -0.059164 0.998030 -0.020853 -18.404726 0.998226 0.059290 0.005476 379.869659
0.006674 -0.017982 -0.999817 -124.047028 -0.059214 0.998076 -0.018346 -18.428953 0.998224 0.059325 0.005596 379.886597
0.006170 -0.013734 -0.999887 -125.235374 -0.060069 0.998094 -0.014081 -18.461700 0.998175 0.060150 0.005332 379.891632
0.004954 -0.016370 -0.999854 -126.427734 -0.057780 0.998190 -0.016629 -18.495413 0.998318 0.057855 0.003999 379.894592
0.003731 -0.019007 -0.999812 -127.621147 -0.055491 0.998274 -0.019185 -18.532207 0.998453 0.055552 0.002670 379.895966
0.002504 -0.021637 -0.999763 -128.813339 -0.053207 0.998347 -0.021740 -18.572020 0.998581 0.053249 0.001348 379.895752
-0.005118 -0.018141 -0.999823 -129.988815 -0.046731 0.998747 -0.017882 -18.616365 0.998895 0.046631 -0.005960 379.896179
-0.013889 -0.012097 -0.999831 -131.179031 -0.045057 0.998918 -0.011459 -18.644978 0.998888 0.044890 -0.014419 379.905762
-0.019827 -0.010554 -0.999748 -132.353546 -0.050222 0.998692 -0.009547 -18.674944 0.998541 0.050020 -0.020332 379.863647
-0.023908 -0.013879 -0.999619 -133.513428 -0.057251 0.998281 -0.012490 -18.692133 0.998074 0.056930 -0.024662 379.806915
-0.027965 -0.017231 -0.999461 -134.672989 -0.064290 0.997811 -0.015403 -18.712505 0.997540 0.063824 -0.029012 379.745117
-0.029699 -0.018742 -0.999384 -135.822662 -0.066413 0.997651 -0.016736 -18.748808 0.997351 0.065875 -0.030874 379.684875
-0.030290 -0.015571 -0.999421 -136.968903 -0.064792 0.997806 -0.013583 -18.795258 0.997439 0.064343 -0.031232 379.622467
-0.032225 -0.008335 -0.999446 -138.134308 -0.060340 0.998157 -0.006379 -18.829905 0.997658 0.060102 -0.032669 379.581421
-0.033441 -0.001112 -0.999440 -139.289246 -0.057440 0.998348 0.000810 -18.852201 0.997789 0.057436 -0.033450 379.529663
-0.035245 0.001207 -0.999379 -140.459595 -0.059134 0.998244 0.003291 -18.864990 0.997628 0.059214 -0.035112 379.491547
-0.034721 -0.004730 -0.999386 -141.592438 -0.063736 0.997964 -0.002509 -18.873814 0.997363 0.063609 -0.034953 379.432892
-0.026612 -0.015746 -0.999523 -142.609650 -0.074594 0.997119 -0.013722 -18.855568 0.996859 0.074194 -0.027710 379.247986
-0.018382 -0.026671 -0.999475 -143.628342 -0.085353 0.996036 -0.025010 -18.847170 0.996182 0.084849 -0.020586 379.070770
-0.020796 -0.022692 -0.999526 -144.804764 -0.082018 0.996411 -0.020915 -18.885616 0.996415 0.081545 -0.022583 379.058136
-0.024648 -0.017183 -0.999549 -145.950226 -0.077011 0.996913 -0.015239 -18.921768 0.996725 0.076601 -0.025895 379.043823
-0.028176 -0.013174 -0.999516 -147.085190 -0.073823 0.997209 -0.011063 -18.958717 0.996873 0.073475 -0.029071 379.009125
-0.031885 -0.011182 -0.999429 -148.233582 -0.074142 0.997209 -0.008792 -18.981121 0.996739 0.073820 -0.032626 378.987213
-0.033895 -0.011316 -0.999361 -149.360641 -0.076800 0.997008 -0.008685 -19.018269 0.996471 0.076456 -0.034663 378.935364
-0.036966 -0.013750 -0.999223 -150.485184 -0.081820 0.996590 -0.010687 -19.041945 0.995962 0.081362 -0.037965 378.890625
-0.039392 -0.017758 -0.999066 -151.613205 -0.084486 0.996321 -0.014378 -19.073135 0.995646 0.083840 -0.040747 378.829803
-0.041206 -0.021270 -0.998924 -152.703934 -0.082902 0.996398 -0.017796 -19.106384 0.995706 0.082080 -0.042821 378.782410
-0.042625 -0.022137 -0.998847 -153.827698 -0.082439 0.996422 -0.018565 -19.133795 0.995685 0.081552 -0.044298 378.722870
-0.044050 -0.017563 -0.998876 -154.946091 -0.080260 0.996676 -0.013986 -19.158670 0.995801 0.079554 -0.045313 378.663391
-0.046413 -0.011075 -0.998861 -156.049667 -0.077429 0.996969 -0.007456 -19.191034 0.995918 0.076995 -0.047130 378.617706
-0.047795 -0.009070 -0.998816 -157.160843 -0.078911 0.996867 -0.005276 -19.213341 0.995736 0.078565 -0.048361 378.567169
-0.048082 -0.011122 -0.998782 -158.267593 -0.078452 0.996890 -0.007324 -19.238445 0.995758 0.078004 -0.048805 378.516022
-0.049434 -0.015337 -0.998660 -159.355637 -0.079468 0.996772 -0.011374 -19.262806 0.995611 0.078799 -0.050494 378.467834
-0.050414 -0.015035 -0.998616 -160.457169 -0.081209 0.996636 -0.010906 -19.294189 0.995422 0.080548 -0.051465 378.419159
-0.050822 -0.012557 -0.998630 -161.539062 -0.080988 0.996679 -0.008412 -19.319878 0.995419 0.080450 -0.051671 378.356384
-0.051280 -0.014763 -0.998576 -162.625351 -0.076202 0.997033 -0.010827 -19.351681 0.995773 0.075539 -0.052254 378.301331
-0.050980 -0.023257 -0.998429 -163.709442 -0.077021 0.996843 -0.019287 -19.373634 0.995726 0.075916 -0.052611 378.236176
-0.051461 -0.026493 -0.998324 -164.778992 -0.073207 0.997058 -0.022686 -19.407686 0.995989 0.071918 -0.053251 378.184509
-0.053244 -0.021822 -0.998343 -165.860962 -0.071003 0.997313 -0.018013 -19.439510 0.996054 0.069926 -0.054650 378.140839
-0.052897 -0.018515 -0.998428 -166.951981 -0.072635 0.997250 -0.014645 -19.476923 0.995956 0.071746 -0.054097 378.073822
-0.051442 -0.022990 -0.998411 -168.043259 -0.075645 0.996952 -0.019059 -19.505310 0.995807 0.074544 -0.053024 378.008575
-0.048647 -0.029621 -0.998378 -169.140793 -0.083373 0.996192 -0.025494 -19.536383 0.995330 0.081998 -0.050932 377.928345
-0.044532 -0.030296 -0.998549 -170.219711 -0.089256 0.995663 -0.026228 -19.572050 0.995013 0.087958 -0.047043 377.849060
-0.040975 -0.027294 -0.998788 -171.318817 -0.092754 0.995414 -0.023397 -19.604193 0.994846 0.091682 -0.043320 377.793976
-0.037462 -0.025554 -0.998971 -172.419861 -0.092674 0.995453 -0.021988 -19.632935 0.994992 0.091756 -0.039661 377.756683
-0.032551 -0.026407 -0.999121 -173.521484 -0.089912 0.995675 -0.023387 -19.665203 0.995418 0.089071 -0.034784 377.704865
-0.026633 -0.028143 -0.999249 -174.625580 -0.087085 0.995869 -0.025727 -19.691498 0.995845 0.086334 -0.028975 377.643799
-0.021345 -0.030779 -0.999299 -175.727676 -0.082025 0.996210 -0.028931 -19.725540 0.996402 0.081350 -0.023790 377.597931
-0.018584 -0.032691 -0.999293 -176.830963 -0.076892 0.996551 -0.031172 -19.775549 0.996866 0.076259 -0.021034 377.589630
-0.013519 -0.034536 -0.999313 -177.955688 -0.071544 0.996875 -0.033483 -19.812883 0.997347 0.071042 -0.015948 377.539886
-0.009366 -0.029293 -0.999527 -179.051254 -0.065337 0.997452 -0.028620 -19.852234 0.997820 0.065038 -0.011256 377.516022
-0.007667 -0.022842 -0.999710 -180.150330 -0.059448 0.997981 -0.022347 -19.900486 0.998203 0.059259 -0.009010 377.514252
-0.006534 -0.021351 -0.999751 -181.269455 -0.058521 0.998066 -0.020933 -19.935946 0.998265 0.058369 -0.007771 377.504730
-0.005911 -0.023178 -0.999714 -182.379929 -0.055486 0.998198 -0.022816 -19.971083 0.998442 0.055335 -0.007187 377.511566
-0.006602 -0.023158 -0.999710 -183.476929 -0.057457 0.998089 -0.022742 -20.007923 0.998327 0.057291 -0.007920 377.524261
-0.004283 -0.020356 -0.999784 -184.582428 -0.061677 0.997894 -0.020054 -20.046068 0.998087 0.061579 -0.005530 377.513184
-0.001079 -0.020338 -0.999793 -185.697540 -0.068504 0.997446 -0.020216 -20.085621 0.997651 0.068468 -0.002470 377.505432
0.004385 -0.022254 -0.999743 -186.834198 -0.074782 0.996945 -0.022519 -20.126287 0.997190 0.074863 0.002707 377.479950
0.008698 -0.024035 -0.999674 -187.980820 -0.079094 0.996562 -0.024648 -20.159779 0.996829 0.079284 0.006766 377.488373
0.011781 -0.023868 -0.999646 -189.120789 -0.082309 0.996299 -0.024758 -20.184612 0.996538 0.082572 0.009773 377.518402
0.015672 -0.022781 -0.999618 -190.244263 -0.082768 0.996280 -0.024003 -20.221512 0.996446 0.083112 0.013728 377.534943
0.019803 -0.021100 -0.999581 -191.376984 -0.082184 0.996359 -0.022660 -20.262177 0.996421 0.082598 0.017996 377.546906
0.021955 -0.019660 -0.999566 -192.520874 -0.080938 0.996490 -0.021378 -20.295450 0.996477 0.081372 0.020287 377.586609
0.024786 -0.017572 -0.999539 -193.641785 -0.079026 0.996681 -0.019481 -20.338606 0.996565 0.079473 0.023314 377.588837
0.027567 -0.017707 -0.999464 -194.806473 -0.077476 0.996797 -0.019797 -20.366211 0.996614 0.077980 0.026107 377.597412
0.028946 -0.018540 -0.999410 -195.944427 -0.077399 0.996784 -0.020733 -20.403843 0.996581 0.077954 0.027416 377.627319
0.029512 -0.017210 -0.999417 -197.124756 -0.077171 0.996828 -0.019444 -20.441275 0.996581 0.077701 0.028089 377.677673
0.031875 -0.014971 -0.999380 -198.288132 -0.077113 0.996870 -0.017392 -20.487579 0.996513 0.077620 0.030620 377.675964
0.032451 -0.014759 -0.999365 -199.428680 -0.077129 0.996872 -0.017227 -20.522461 0.996493 0.077639 0.031210 377.721161
0.032880 -0.017465 -0.999307 -200.568604 -0.075557 0.996943 -0.019911 -20.553032 0.996600 0.076159 0.031459 377.760101
0.034138 -0.018090 -0.999254 -201.721375 -0.072813 0.997133 -0.020539 -20.590286 0.996762 0.073460 0.032723 377.793060
0.034964 -0.019065 -0.999207 -202.880157 -0.073138 0.997087 -0.021584 -20.609505 0.996709 0.073835 0.033467 377.844421
0.036729 -0.020932 -0.999106 -204.024139 -0.071850 0.997138 -0.023533 -20.655588 0.996740 0.072650 0.035119 377.889587
0.038753 -0.022991 -0.998985 -205.170074 -0.070183 0.997203 -0.025673 -20.701595 0.996782 0.071107 0.037031 377.937317
0.042282 -0.022440 -0.998854 -206.309082 -0.070554 0.997184 -0.025389 -20.744392 0.996612 0.071547 0.040578 377.972351
0.045625 -0.019186 -0.998775 -207.444733 -0.069978 0.997298 -0.022354 -20.789423 0.996505 0.070912 0.044158 378.021942
0.050531 -0.015526 -0.998602 -208.569260 -0.069808 0.997379 -0.019039 -20.835621 0.996280 0.070672 0.049314 378.065308
0.055768 -0.013955 -0.998347 -209.687775 -0.071652 0.997268 -0.017942 -20.871487 0.995870 0.072534 0.054615 378.127594
0.060613 -0.013107 -0.998075 -210.805893 -0.074586 0.997058 -0.017622 -20.905067 0.995371 0.075511 0.059457 378.206757
0.066720 -0.014498 -0.997667 -211.872681 -0.074724 0.997014 -0.019486 -20.946976 0.994970 0.075849 0.065436 378.280060
0.073643 -0.016556 -0.997147 -212.939606 -0.075933 0.996866 -0.022160 -20.984165 0.994390 0.077348 0.072155 378.352386
0.079996 -0.016996 -0.996651 -213.982025 -0.074570 0.996950 -0.022987 -21.023560 0.994003 0.076160 0.078484 378.428833
0.085798 -0.016778 -0.996172 -215.005417 -0.071863 0.997149 -0.022984 -21.068167 0.993718 0.073560 0.084346 378.504181
0.088581 -0.017467 -0.995916 -216.035309 -0.068837 0.997348 -0.023615 -21.118517 0.993688 0.070648 0.087143 378.607422
0.090389 -0.018559 -0.995734 -217.034439 -0.066213 0.997501 -0.024603 -21.162567 0.993704 0.068154 0.088934 378.718628
0.092708 -0.017093 -0.995547 -218.034424 -0.065605 0.997575 -0.023237 -21.200058 0.993530 0.067467 0.091361 378.807983
0.093754 -0.012431 -0.995518 -219.029861 -0.061908 0.997914 -0.018291 -21.230656 0.993669 0.063346 0.092788 378.923157
0.095213 -0.010097 -0.995406 -219.997208 -0.059001 0.998133 -0.015769 -21.272781 0.993707 0.060232 0.094439 379.018585
0.096893 -0.018234 -0.995128 -220.948013 -0.057387 0.998066 -0.023876 -21.309980 0.993639 0.059421 0.095659 379.120605
0.099596 -0.028986 -0.994606 -221.896881 -0.056658 0.997788 -0.034752 -21.342781 0.993414 0.059813 0.097732 379.195770
0.102338 -0.026961 -0.994384 -222.814636 -0.061643 0.997539 -0.033391 -21.377132 0.992839 0.064713 0.100423 379.294586
0.106125 -0.014833 -0.994243 -223.717148 -0.065424 0.997618 -0.021866 -21.412140 0.992199 0.067368 0.104901 379.403625
0.111411 -0.006067 -0.993756 -224.594849 -0.069562 0.997480 -0.013889 -21.451897 0.991337 0.070675 0.110708 379.504364
0.119411 -0.008242 -0.992811 -225.425598 -0.072309 0.997237 -0.016976 -21.492779 0.990208 0.073817 0.118485 379.599335
0.127942 -0.010276 -0.991729 -226.225006 -0.074055 0.997056 -0.019886 -21.517075 0.989014 0.075987 0.126803 379.703278
0.137512 -0.010716 -0.990442 -226.996994 -0.071130 0.997253 -0.020665 -21.544373 0.987944 0.073293 0.136372 379.817352
0.149779 -0.012133 -0.988646 -227.753586 -0.069287 0.997337 -0.022737 -21.587276 0.986289 0.071906 0.148540 379.932159
0.164051 -0.020918 -0.986231 -228.476273 -0.067586 0.997187 -0.032392 -21.627352 0.984134 0.071970 0.162175 380.062927
0.179809 -0.029814 -0.983250 -229.186783 -0.064851 0.997006 -0.042091 -21.651867 0.981563 0.071333 0.177336 380.217010
0.195051 -0.033044 -0.980237 -229.866058 -0.058614 0.997253 -0.045280 -21.685217 0.979041 0.066287 0.192578 380.374908
0.209633 -0.027736 -0.977387 -230.526489 -0.050671 0.997946 -0.039188 -21.730625 0.976467 0.057740 0.207796 380.537628
0.223524 -0.023403 -0.974417 -231.157181 -0.043849 0.998458 -0.034039 -21.769590 0.973712 0.050336 0.222153 380.706055
0.236047 -0.022916 -0.971472 -231.767242 -0.036373 0.998813 -0.032399 -21.806011 0.971061 0.042983 0.234933 380.873718
0.245301 -0.024748 -0.969131 -232.356781 -0.029064 0.999036 -0.032868 -21.838953 0.969011 0.036229 0.244345 381.040314
0.250913 -0.026934 -0.967635 -232.930603 -0.023907 0.999135 -0.034010 -21.870270 0.967714 0.031667 0.250052 381.207611
0.254167 -0.029552 -0.966709 -233.477386 -0.020264 0.999150 -0.035871 -21.903828 0.966949 0.028707 0.253351 381.360840
0.255096 -0.031232 -0.966411 -234.016449 -0.016404 0.999194 -0.036622 -21.931042 0.966778 0.025195 0.254377 381.520172
0.254826 -0.030126 -0.966518 -234.535248 -0.014338 0.999286 -0.034928 -21.960962 0.966881 0.022759 0.254212 381.657654
0.250760 -0.029352 -0.967605 -235.037155 -0.012387 0.999361 -0.033526 -21.987789 0.967971 0.020392 0.250236 381.796997
0.245054 -0.027797 -0.969112 -235.527847 -0.012070 0.999424 -0.031719 -22.018131 0.969435 0.019470 0.244577 381.920074
0.238248 -0.025796 -0.970862 -235.997543 -0.014084 0.999449 -0.030012 -22.049913 0.971102 0.020824 0.237753 382.022980
0.230016 -0.025001 -0.972866 -236.455841 -0.015837 0.999441 -0.029429 -22.069866 0.973058 0.022177 0.229491 382.121643
0.220279 -0.026211 -0.975085 -236.900726 -0.017183 0.999379 -0.030745 -22.088327 0.975286 0.023528 0.219691 382.214905
0.208699 -0.027706 -0.977588 -237.325668 -0.016141 0.999364 -0.031768 -22.105841 0.977847 0.022409 0.208119 382.301636
0.193345 -0.029167 -0.980698 -237.744461 -0.014454 0.999364 -0.032572 -22.126101 0.981025 0.020472 0.192800 382.380066
0.173876 -0.030430 -0.984297 -238.160309 -0.015072 0.999323 -0.033558 -22.144337 0.984653 0.020670 0.173299 382.442291
0.151850 -0.029161 -0.987974 -238.584351 -0.017228 0.999334 -0.032145 -22.165510 0.988253 0.021902 0.151246 382.500793
0.130258 -0.027624 -0.991095 -238.997162 -0.021749 0.999291 -0.030711 -22.183434 0.991243 0.025555 0.129564 382.535614
0.109584 -0.025856 -0.993642 -239.409714 -0.025434 0.999261 -0.028808 -22.201376 0.993652 0.028429 0.108845 382.560822
0.088693 -0.024829 -0.995750 -239.815689 -0.028676 0.999211 -0.027469 -22.217480 0.995647 0.030991 0.087911 382.579742
0.068284 -0.023894 -0.997380 -240.215210 -0.031520 0.999162 -0.026095 -22.232395 0.997169 0.033218 0.067473 382.589966
0.049396 -0.023508 -0.998503 -240.613098 -0.034260 0.999095 -0.025217 -22.246941 0.998192 0.035453 0.048546 382.588806
0.031241 -0.023616 -0.999233 -241.010712 -0.037709 0.998981 -0.024789 -22.258829 0.998801 0.038455 0.030318 382.586609
0.015408 -0.024226 -0.999588 -241.409119 -0.042358 0.998793 -0.024860 -22.268398 0.998984 0.042725 0.014363 382.581390
0.003847 -0.025516 -0.999668 -241.810364 -0.047095 0.998560 -0.025669 -22.282442 0.998883 0.047177 0.002640 382.566864
-0.003782 -0.026810 -0.999633 -242.232040 -0.053416 0.998218 -0.026570 -22.290400 0.998566 0.053295 -0.005207 382.569122
-0.007985 -0.026712 -0.999612 -242.649231 -0.058387 0.997950 -0.026200 -22.301355 0.998263 0.058156 -0.009530 382.555756
-0.009696 -0.026113 -0.999613 -243.077957 -0.061352 0.997791 -0.025471 -22.311798 0.998069 0.061082 -0.011277 382.542725
-0.008782 -0.025472 -0.999638 -243.515762 -0.063672 0.997661 -0.024862 -22.326166 0.997933 0.063431 -0.010384 382.535431
-0.005646 -0.024868 -0.999675 -243.953629 -0.066594 0.997481 -0.024437 -22.341825 0.997765 0.066435 -0.007288 382.530273
-0.002078 -0.024728 -0.999693 -244.388702 -0.068749 0.997332 -0.024527 -22.359203 0.997632 0.068677 -0.003773 382.525116
0.002852 -0.024821 -0.999688 -244.825272 -0.072188 0.997078 -0.024962 -22.373667 0.997387 0.072237 0.001051 382.519257
0.010846 -0.026121 -0.999600 -245.282303 -0.075753 0.996764 -0.026870 -22.381479 0.997068 0.076014 0.008831 382.522980
0.022721 -0.026054 -0.999403 -245.703812 -0.078474 0.996529 -0.027764 -22.407356 0.996657 0.079058 0.020597 382.502289
0.033672 -0.025687 -0.999103 -246.135391 -0.079691 0.996417 -0.028304 -22.427185 0.996251 0.080573 0.031503 382.523895
0.045199 -0.024621 -0.998675 -246.569794 -0.079984 0.996397 -0.028185 -22.445488 0.995771 0.081153 0.043066 382.542480
0.055055 -0.023317 -0.998212 -246.991043 -0.079815 0.996425 -0.027678 -22.461939 0.995288 0.081197 0.052997 382.586700
0.065278 -0.020943 -0.997647 -247.427490 -0.082496 0.996244 -0.026312 -22.480347 0.994452 0.084019 0.063304 382.626587
0.076917 -0.016648 -0.996899 -247.859299 -0.084866 0.996123 -0.023183 -22.497396 0.993419 0.086386 0.075206 382.664215
0.088056 -0.014884 -0.996005 -248.298141 -0.086624 0.995985 -0.022542 -22.511078 0.992343 0.088263 0.086413 382.715759
0.099845 -0.016528 -0.994866 -248.711807 -0.083612 0.996186 -0.024941 -22.534975 0.991484 0.085672 0.098081 382.755066
0.110609 -0.018592 -0.993690 -249.115311 -0.080216 0.996396 -0.027572 -22.554991 0.990622 0.082760 0.108718 382.807922
0.120917 -0.019642 -0.992469 -249.501144 -0.079667 0.996386 -0.029426 -22.574839 0.989461 0.082625 0.118915 382.860748
0.130940 -0.020691 -0.991174 -249.866150 -0.081640 0.996161 -0.031580 -22.594044 0.988023 0.085055 0.128748 382.899445
0.139464 -0.022951 -0.989962 -250.219604 -0.083834 0.995867 -0.034898 -22.602291 0.986673 0.087860 0.136963 382.943665
0.145251 -0.027078 -0.989025 -250.546829 -0.083701 0.995705 -0.039554 -22.610289 0.985849 0.088528 0.142360 383.000275
0.150363 -0.030818 -0.988151 -250.878235 -0.078664 0.995971 -0.043032 -22.632011 0.985496 0.084201 0.147333 383.047638
0.152467 -0.032839 -0.987763 -251.207321 -0.071875 0.996432 -0.044222 -22.646179 0.985692 0.077738 0.149563 383.114014
0.151021 -0.032617 -0.987993 -251.530853 -0.068024 0.996743 -0.043304 -22.664646 0.986188 0.073746 0.148310 383.175323
0.146249 -0.033219 -0.988690 -251.852585 -0.067283 0.996787 -0.043444 -22.671562 0.986958 0.072876 0.143544 383.221619
0.136483 -0.032693 -0.990104 -252.174164 -0.067803 0.996803 -0.042261 -22.695944 0.988320 0.072900 0.133830 383.257507
0.120817 -0.032908 -0.992130 -252.488876 -0.070402 0.996649 -0.041631 -22.703606 0.990175 0.074879 0.118094 383.295868
0.101931 -0.033254 -0.994236 -252.808212 -0.072851 0.996507 -0.040799 -22.715099 0.992121 0.076589 0.099152 383.314667
0.078819 -0.034310 -0.996299 -253.121796 -0.074429 0.996415 -0.040202 -22.730293 0.994107 0.077322 0.075982 383.329773
0.053170 -0.036610 -0.997914 -253.428604 -0.074250 0.996416 -0.040511 -22.749945 0.995822 0.076249 0.050261 383.314575
0.023086 -0.039933 -0.998936 -253.746033 -0.075498 0.996278 -0.041573 -22.763618 0.996879 0.076378 0.019985 383.306946
-0.008170 -0.041220 -0.999117 -254.079834 -0.077729 0.996153 -0.040463 -22.773138 0.996941 0.077329 -0.011344 383.270081
-0.044537 -0.040444 -0.998189 -254.426941 -0.082257 0.995935 -0.036682 -22.778732 0.995616 0.080474 -0.047684 383.234222
-0.084506 -0.037807 -0.995706 -254.784760 -0.086461 0.995789 -0.030474 -22.787296 0.992665 0.083515 -0.087419 383.181366
-0.126961 -0.035686 -0.991266 -255.147339 -0.086765 0.995921 -0.024742 -22.796227 0.988106 0.082866 -0.129540 383.111023
-0.171377 -0.036110 -0.984544 -255.517075 -0.086911 0.995986 -0.021402 -22.802248 0.981365 0.081900 -0.173828 383.019623
-0.218557 -0.035911 -0.975164 -255.896454 -0.086930 0.996065 -0.017198 -22.807472 0.971945 0.081012 -0.220819 382.910736
-0.266444 -0.036073 -0.963175 -256.275360 -0.089061 0.995945 -0.012663 -22.799484 0.959727 0.082407 -0.268577 382.766937
-0.315542 -0.036789 -0.948199 -256.663574 -0.091647 0.995758 -0.008136 -22.798592 0.944476 0.084334 -0.317576 382.603485
-0.365378 -0.038990 -0.930043 -257.053467 -0.091108 0.995822 -0.005955 -22.799381 0.926390 0.082559 -0.367404 382.413849
-0.416329 -0.042711 -0.908211 -257.440552 -0.090428 0.995888 -0.005383 -22.788828 0.904706 0.079887 -0.418481 382.205383
-0.466572 -0.044605 -0.883358 -257.820923 -0.087223 0.996179 -0.004233 -22.774456 0.880173 0.075074 -0.468680 381.961029
-0.518481 -0.041595 -0.854078 -258.219360 -0.083868 0.996473 0.002382 -22.779648 0.850967 0.072865 -0.520141 381.687439
-0.569182 -0.037713 -0.821347 -258.617310 -0.079174 0.996819 0.009095 -22.774643 0.818391 0.070206 -0.570357 381.378204
-0.619383 -0.035940 -0.784266 -259.008057 -0.078225 0.996805 0.016099 -22.760973 0.781181 0.071321 -0.620217 381.032898
-0.668135 -0.036650 -0.743138 -259.389862 -0.078288 0.996705 0.021231 -22.729740 0.739910 0.072365 -0.668803 380.654205
-0.714298 -0.030200 -0.699191 -259.758698 -0.072319 0.996905 0.030822 -22.736126 0.696096 0.072580 -0.714272 380.240143
-0.756915 -0.026230 -0.652987 -260.103394 -0.067123 0.997029 0.037756 -22.715275 0.650056 0.072408 -0.756429 379.799500
-0.796629 -0.024306 -0.603981 -260.443024 -0.063155 0.997069 0.043173 -22.681425 0.601161 0.072536 -0.795829 379.311523
-0.831632 -0.024468 -0.554789 -260.749084 -0.061325 0.996964 0.047958 -22.646772 0.551931 0.073907 -0.830608 378.800446
-0.861360 -0.024186 -0.507419 -261.032684 -0.059546 0.996787 0.053570 -22.611107 0.504492 0.076358 -0.860034 378.257446
-0.886108 -0.024296 -0.462843 -261.297974 -0.058495 0.996502 0.059677 -22.573578 0.459774 0.079954 -0.884430 377.676056
-0.906183 -0.026283 -0.422067 -261.544861 -0.058509 0.996259 0.063579 -22.516611 0.418817 0.082310 -0.904333 377.070557
-0.922565 -0.025216 -0.385019 -261.761536 -0.056135 0.996017 0.069273 -22.489426 0.381738 0.085522 -0.920306 376.447174
-0.937371 -0.022342 -0.347616 -262.007263 -0.051509 0.995860 0.074890 -22.442495 0.344504 0.088105 -0.934642 375.765991
-0.949233 -0.022225 -0.313787 -262.205200 -0.049035 0.995762 0.077805 -22.394243 0.310728 0.089241 -0.946301 375.081604
-0.958973 -0.020759 -0.282735 -262.401398 -0.044578 0.995950 0.078074 -22.338305 0.279970 0.087475 -0.956016 374.361603
-0.967153 -0.017026 -0.253623 -262.595428 -0.037091 0.996527 0.074539 -22.282768 0.251473 0.081498 -0.964427 373.615295
-0.973766 -0.014379 -0.227099 -262.766815 -0.031203 0.997011 0.070667 -22.225021 0.225404 0.075899 -0.971305 372.846863
-0.979644 -0.010477 -0.200468 -262.931091 -0.025097 0.997194 0.070526 -22.165108 0.199167 0.074122 -0.977159 372.048065
-0.984502 -0.003995 -0.175328 -263.073181 -0.017352 0.997053 0.074714 -22.113825 0.174512 0.076599 -0.981672 371.220123
-0.988452 0.001168 -0.151530 -263.202148 -0.011067 0.996743 0.079872 -22.053297 0.151129 0.080627 -0.985221 370.367279
-0.991553 0.001713 -0.129691 -263.317017 -0.009238 0.996440 0.083796 -21.974619 0.129372 0.084286 -0.988008 369.498352
-0.993660 0.000743 -0.112423 -263.403015 -0.008748 0.996436 0.083902 -21.908936 0.112084 0.084354 -0.990113 368.615082
-0.994967 -0.005246 -0.100075 -263.481201 -0.013517 0.996529 0.082136 -21.832033 0.099297 0.083076 -0.991585 367.692291
-0.995449 -0.013540 -0.094340 -263.531555 -0.020946 0.996735 0.077963 -21.746727 0.092975 0.079585 -0.992483 366.755157
-0.995692 -0.017745 -0.091019 -263.602844 -0.024809 0.996715 0.077077 -21.671148 0.089352 0.079002 -0.992862 365.801453
-0.995845 -0.015517 -0.089733 -263.687561 -0.022585 0.996674 0.078284 -21.595554 0.088220 0.079984 -0.992885 364.825287
-0.995963 -0.013942 -0.088689 -263.778931 -0.021040 0.996604 0.079595 -21.518761 0.087277 0.081139 -0.992875 363.813416
-0.996079 -0.011962 -0.087651 -263.870117 -0.019015 0.996606 0.080081 -21.437836 0.086395 0.081435 -0.992928 362.800354
-0.996216 -0.011133 -0.086202 -263.958252 -0.018135 0.996558 0.080878 -21.360449 0.085004 0.082135 -0.992990 361.762146
-0.996222 -0.012329 -0.085965 -264.032318 -0.019369 0.996482 0.081535 -21.261761 0.084657 0.082892 -0.992957 360.689056
-0.996294 -0.014774 -0.084739 -264.116791 -0.021790 0.996354 0.082474 -21.168766 0.083211 0.084016 -0.992984 359.611145
-0.996360 -0.016631 -0.083612 -264.196503 -0.023673 0.996189 0.083946 -21.087704 0.081897 0.085621 -0.992957 358.525085
-0.996555 -0.017099 -0.081152 -264.304840 -0.024226 0.995855 0.087666 -21.002037 0.079316 0.089329 -0.992839 357.389679
-0.996732 -0.018293 -0.078687 -264.393494 -0.025246 0.995774 0.088288 -20.906467 0.076740 0.089987 -0.992983 356.284332
-0.996888 -0.019528 -0.076385 -264.473206 -0.026131 0.995915 0.086435 -20.810860 0.074385 0.088162 -0.993325 355.188873
-0.997055 -0.019456 -0.074189 -264.547058 -0.025721 0.996096 0.084442 -20.722433 0.072256 0.086101 -0.993663 354.061859
-0.997249 -0.018886 -0.071683 -264.615204 -0.024933 0.996117 0.084422 -20.639889 0.069810 0.085978 -0.993849 352.939301
-0.997419 -0.017816 -0.069554 -264.685486 -0.023770 0.996033 0.085740 -20.549562 0.067750 0.087172 -0.993887 351.789185
-0.997702 -0.017497 -0.065461 -264.778595 -0.023283 0.995786 0.088695 -20.459068 0.063632 0.090015 -0.993906 350.610504
-0.997838 -0.016005 -0.063757 -264.826538 -0.021908 0.995426 0.092983 -20.350903 0.061977 0.094179 -0.993625 349.432953
-0.998025 -0.015380 -0.060916 -264.886902 -0.021439 0.994748 0.100080 -20.249271 0.059055 0.101188 -0.993114 348.254639
-0.998295 -0.011911 -0.057145 -264.964935 -0.017770 0.994507 0.103149 -20.128595 0.055603 0.103988 -0.993024 347.028809
-0.998430 -0.012888 -0.054527 -265.011108 -0.018098 0.995199 0.096179 -20.016645 0.053025 0.097014 -0.993870 345.850037
-0.998554 -0.015587 -0.051447 -265.076538 -0.019847 0.996323 0.083349 -19.921783 0.049958 0.084249 -0.995192 344.635925
-0.998488 -0.020805 -0.050887 -265.108948 -0.024439 0.997114 0.071863 -19.833244 0.049245 0.072999 -0.996116 343.447632
-0.998500 -0.024452 -0.048999 -265.142700 -0.028006 0.996922 0.073214 -19.766392 0.047057 0.074476 -0.996112 342.247437
-0.998579 -0.025655 -0.046725 -265.182434 -0.029522 0.996025 0.084037 -19.691633 0.044383 0.085297 -0.995367 341.048370
-0.998725 -0.025724 -0.043451 -265.222778 -0.029749 0.995065 0.094657 -19.608341 0.040801 0.095830 -0.994562 339.856812
-0.998898 -0.026240 -0.038942 -265.261932 -0.029956 0.994721 0.098134 -19.511633 0.036161 0.099192 -0.994411 338.667175
-0.999081 -0.025866 -0.034214 -265.291412 -0.029095 0.994806 0.097537 -19.412918 0.031513 0.098443 -0.994644 337.473114
-0.999222 -0.026051 -0.029634 -265.312073 -0.028802 0.994909 0.096569 -19.314762 0.026966 0.097348 -0.994886 336.293091
-0.999369 -0.025915 -0.024284 -265.333191 -0.028166 0.994840 0.097463 -19.212353 0.021632 0.098086 -0.994943 335.080109
-0.999526 -0.024137 -0.019115 -265.348969 -0.025910 0.994781 0.098685 -19.115271 0.016633 0.099133 -0.994936 333.887054
-0.999625 -0.023294 -0.014429 -265.355316 -0.024631 0.994617 0.100647 -19.021515 0.012006 0.100965 -0.994818 332.712830
-0.999743 -0.020660 -0.009350 -265.358673 -0.021512 0.994482 0.102675 -18.917036 0.007176 0.102850 -0.994672 331.523010
-0.999814 -0.018934 -0.003804 -265.352814 -0.019227 0.994450 0.103440 -18.802940 0.001824 0.103494 -0.994629 330.330078
-0.999834 -0.018182 0.001400 -265.342010 -0.017941 0.994509 0.103097 -18.703718 -0.003268 0.103055 -0.994671 329.185699
-0.999857 -0.016070 0.005461 -265.311371 -0.015427 0.994623 0.102404 -18.597713 -0.007078 0.102305 -0.994728 328.030457
-0.999829 -0.015482 0.010108 -265.278351 -0.014370 0.994666 0.102132 -18.474331 -0.011636 0.101970 -0.994720 326.862183
-0.999786 -0.014647 0.014634 -265.248627 -0.013067 0.994618 0.102770 -18.372169 -0.016061 0.102557 -0.994597 325.673431
-0.999720 -0.014002 0.019111 -265.223145 -0.012009 0.994844 0.100699 -18.263203 -0.020423 0.100442 -0.994734 324.496185
-0.999696 -0.007975 0.023345 -265.201477 -0.005595 0.994940 0.100318 -18.184332 -0.024028 0.100157 -0.994681 323.358948
-0.999599 -0.007320 0.027374 -265.162170 -0.004538 0.994940 0.100372 -18.082645 -0.027971 0.100208 -0.994574 322.218811
-0.999449 -0.004619 0.032874 -265.130676 -0.001245 0.994787 0.101957 -17.975021 -0.033173 0.101860 -0.994246 321.038696
-0.999285 -0.002057 0.037763 -265.084259 0.001743 0.994952 0.100333 -17.869558 -0.037779 0.100326 -0.994238 319.884979
-0.999139 0.000205 0.041496 -265.023407 0.004359 0.994972 0.100054 -17.773571 -0.041267 0.100148 -0.994117 318.759094
-0.998961 0.001355 0.045570 -264.966827 0.006002 0.994767 0.101985 -17.664722 -0.045194 0.102152 -0.993742 317.620758
-0.998763 0.002501 0.049659 -264.905426 0.007658 0.994556 0.103914 -17.553349 -0.049130 0.104165 -0.993346 316.479584
-0.998608 0.002821 0.052677 -264.831299 0.008266 0.994602 0.103428 -17.450640 -0.052101 0.103720 -0.993242 315.326721
-0.998418 0.002195 0.056195 -264.762695 0.007880 0.994839 0.101154 -17.344727 -0.055683 0.101437 -0.993283 314.167816
-0.998291 0.000174 0.058451 -264.677856 0.005992 0.995030 0.099394 -17.243334 -0.058143 0.099575 -0.993330 313.025452
-0.998190 -0.000408 0.060141 -264.587891 0.005514 0.995142 0.098290 -17.133902 -0.059889 0.098443 -0.993339 311.882477
-0.998044 0.000093 0.062529 -264.502838 0.006259 0.995124 0.098422 -17.032581 -0.062216 0.098621 -0.993179 310.725739
-0.997832 0.001712 0.065789 -264.426758 0.008227 0.995065 0.098883 -16.933811 -0.065296 0.099210 -0.992922 309.568726
-0.997580 0.003444 0.069455 -264.348358 0.010237 0.995164 0.097691 -16.836550 -0.068783 0.098166 -0.992791 308.415405
-0.997370 0.004349 0.072353 -264.254578 0.011378 0.995216 0.097030 -16.730883 -0.071585 0.097598 -0.992648 307.257904
-0.997105 0.003703 0.075949 -264.165894 0.011087 0.995219 0.097037 -16.628090 -0.075227 0.097599 -0.992379 306.118500
-0.996842 0.000438 0.079404 -264.066498 0.008141 0.995278 0.096713 -16.519888 -0.078989 0.097055 -0.992140 304.977783
-0.996528 -0.000223 0.083264 -263.970795 0.007876 0.995259 0.096945 -16.418344 -0.082893 0.097264 -0.991801 303.821808
-0.996250 -0.000605 0.086517 -263.865723 0.007808 0.995267 0.096856 -16.323135 -0.086168 0.097168 -0.991531 302.675049
-0.995989 0.000732 0.089479 -263.754669 0.009433 0.995252 0.096867 -16.224594 -0.088983 0.097323 -0.991267 301.521240
-0.995733 0.001177 0.092274 -263.633026 0.010244 0.995147 0.097860 -16.135952 -0.091712 0.098388 -0.990914 300.364746
-0.995438 0.003259 0.095361 -263.512482 0.012708 0.995039 0.098662 -16.024065 -0.094567 0.099425 -0.990542 299.201691
-0.995020 0.003020 0.099628 -263.397583 0.012946 0.994989 0.099143 -15.911662 -0.098830 0.099939 -0.990073 298.028229
-0.994634 0.003945 0.103389 -263.274170 0.014375 0.994850 0.100330 -15.804593 -0.102461 0.101277 -0.989568 296.857239
-0.994179 0.003008 0.107703 -263.152100 0.013846 0.994888 0.100021 -15.688260 -0.106852 0.100930 -0.989139 295.660065
-0.993828 0.003122 0.110886 -262.997589 0.014175 0.994982 0.099037 -15.563087 -0.110021 0.099997 -0.988887 294.454590
-0.993469 0.003237 0.114064 -262.839294 0.014500 0.995075 0.098053 -15.439242 -0.113185 0.099066 -0.988623 293.250671
-0.993099 0.003356 0.117241 -262.677124 0.014822 0.995167 0.097068 -15.316607 -0.116349 0.098136 -0.988349 292.047180
-0.992656 -0.000310 0.120976 -262.533386 0.011415 0.995294 0.096219 -15.202130 -0.120436 0.096893 -0.987982 290.861603
-0.991993 0.000258 0.126297 -262.398499 0.012659 0.995165 0.097397 -15.097300 -0.125661 0.098215 -0.987200 289.696228
-0.991557 0.000038 0.129671 -262.229523 0.012929 0.995045 0.098571 -14.986693 -0.129026 0.099415 -0.986645 288.482483
-0.991048 -0.001906 0.133493 -262.062408 0.011330 0.995090 0.098323 -14.885116 -0.133026 0.098955 -0.986160 287.306061
-0.990319 -0.001670 0.138802 -261.905243 0.011913 0.995216 0.096969 -14.768918 -0.138300 0.097684 -0.985561 286.085815
-0.989667 -0.000940 0.143379 -261.723877 0.012997 0.995273 0.096235 -14.659627 -0.142792 0.097105 -0.984978 284.877502
-0.989116 -0.001343 0.147140 -261.522034 0.013311 0.995042 0.098563 -14.572878 -0.146542 0.099448 -0.984193 283.664093
-0.988227 -0.002287 0.152975 -261.305298 0.013619 0.994603 0.102850 -14.464665 -0.152386 0.103724 -0.982864 282.378998
-0.987536 -0.003732 0.157354 -261.092468 0.012976 0.994384 0.105029 -14.348748 -0.156863 0.105761 -0.981942 281.160583
-0.986793 -0.004645 0.161921 -260.859741 0.012492 0.994429 0.104662 -14.198302 -0.161506 0.105303 -0.981238 279.925629
-0.986152 -0.006376 0.165723 -260.633820 0.010968 0.994565 0.103536 -14.085118 -0.165483 0.103920 -0.980722 278.721466
-0.985325 -0.005627 0.170599 -260.411987 0.011857 0.994785 0.101297 -13.969763 -0.170280 0.101834 -0.980120 277.518738
-0.984530 -0.005118 0.175141 -260.166565 0.012541 0.994950 0.099574 -13.851734 -0.174767 0.100230 -0.979495 276.284119
-0.983717 -0.004602 0.179668 -259.915863 0.013216 0.995112 0.097851 -13.736127 -0.179242 0.098632 -0.978849 275.052765
-0.982674 -0.004512 0.185289 -259.673615 0.013865 0.995113 0.097761 -13.594366 -0.184825 0.098637 -0.977809 273.794739
-0.981671 -0.006598 0.190472 -259.434052 0.012713 0.994907 0.099989 -13.482646 -0.190162 0.100578 -0.976588 272.579041
-0.980829 -0.008846 0.194670 -259.176971 0.011439 0.994633 0.102834 -13.364848 -0.194535 0.103090 -0.975463 271.349945
-0.979876 -0.010502 0.199334 -258.922638 0.010982 0.994266 0.106369 -13.265818 -0.199308 0.106417 -0.974142 270.115631
-0.978599 -0.008483 0.205605 -258.672119 0.013453 0.994374 0.105060 -13.105636 -0.205341 0.105578 -0.972980 268.824921
-0.977538 -0.006154 0.210668 -258.378937 0.015783 0.994629 0.102294 -12.973879 -0.210167 0.103321 -0.972191 267.551758
-0.976280 -0.001294 0.216511 -258.115326 0.021264 0.994574 0.101828 -12.870248 -0.215469 0.104017 -0.970956 266.293488
-0.974806 0.001387 0.223050 -257.847656 0.024689 0.994507 0.101715 -12.751636 -0.221684 0.104660 -0.969486 265.034088
-0.973451 0.003543 0.228867 -257.561737 0.027634 0.994385 0.102142 -12.637977 -0.227220 0.105756 -0.968084 263.795807
-0.971908 0.004560 0.235318 -257.271484 0.029662 0.994213 0.103246 -12.507619 -0.233486 0.107325 -0.966420 262.507446
-0.970650 0.003926 0.240466 -256.969177 0.030181 0.993950 0.105601 -12.386299 -0.238598 0.109760 -0.964896 261.278351
-0.969534 0.004739 0.244913 -256.656555 0.031864 0.993757 0.106916 -12.268263 -0.242878 0.111463 -0.963632 260.040619
-0.968415 0.006907 0.249251 -256.343750 0.034022 0.993927 0.104646 -12.140802 -0.247015 0.109821 -0.962768 258.800842
-0.966982 0.009802 0.254662 -256.049072 0.036503 0.994282 0.100341 -12.034828 -0.252223 0.106324 -0.961811 257.526093
-0.966015 0.009475 0.258317 -255.721344 0.035293 0.994803 0.095500 -11.909172 -0.256070 0.101371 -0.961329 256.308716
-0.965153 0.010792 0.261463 -255.385666 0.036813 0.994812 0.094829 -11.805010 -0.259084 0.101150 -0.960544 255.091187
-0.964178 0.009770 0.265079 -255.046463 0.037024 0.994496 0.098011 -11.679143 -0.262664 0.104315 -0.959233 253.850937
-0.963352 0.008911 0.268092 -254.701477 0.037483 0.994113 0.101649 -11.572693 -0.265610 0.107973 -0.958015 252.629837
-0.962495 0.008010 0.271180 -254.335602 0.037124 0.994050 0.102402 -11.453315 -0.268747 0.108629 -0.957066 251.390823
-0.961601 0.008291 0.274327 -253.992432 0.037671 0.994070 0.102004 -11.349759 -0.271855 0.108422 -0.956212 250.208450
-0.960746 0.008510 0.277302 -253.643341 0.038310 0.994023 0.102224 -11.246116 -0.274775 0.108834 -0.955330 249.032928
-0.959594 0.010376 0.281198 -253.284912 0.040288 0.994089 0.100806 -11.132943 -0.278491 0.108062 -0.954341 247.823563
-0.958263 0.012482 0.285616 -252.921951 0.042120 0.994307 0.097863 -11.020711 -0.282769 0.105809 -0.953334 246.642975
-0.956567 0.015401 0.291106 -252.558151 0.044980 0.994442 0.095192 -10.908584 -0.288024 0.104152 -0.951943 245.427048
-0.955179 0.016135 0.295591 -252.176620 0.046234 0.994391 0.095125 -10.800836 -0.292399 0.104528 -0.950567 244.227402
-0.953760 0.015243 0.300184 -251.800797 0.046780 0.994071 0.098157 -10.692730 -0.296909 0.107660 -0.948818 243.046661
-0.952155 0.015888 0.305205 -251.404770 0.049353 0.993534 0.102247 -10.569440 -0.301608 0.112417 -0.946782 241.832382
-0.950465 0.018764 0.310267 -250.995193 0.053764 0.993055 0.104643 -10.437556 -0.306150 0.116142 -0.944873 240.587708
-0.951024 0.019319 0.308517 -250.530136 0.053256 0.993361 0.101963 -10.296353 -0.304499 0.113401 -0.945738 239.547684
-0.949703 0.018028 0.312633 -250.150131 0.051524 0.993731 0.099216 -10.192352 -0.308885 0.110334 -0.944679 238.400558
-0.948811 0.019130 0.315266 -249.750534 0.051759 0.994087 0.095451 -10.100661 -0.311576 0.106882 -0.944192 237.258011
-0.948316 0.017204 0.316861 -249.343307 0.048728 0.994580 0.091836 -10.002061 -0.313564 0.102530 -0.944016 236.138184
-0.947341 0.015610 0.319848 -248.934631 0.047261 0.994688 0.091436 -9.898681 -0.316723 0.101738 -0.943047 234.945694
-0.946355 0.014021 0.322826 -248.522964 0.045796 0.994793 0.091041 -9.795991 -0.319870 0.100942 -0.942069 233.756729
-0.945552 0.013016 0.325212 -248.109802 0.046147 0.994466 0.094373 -9.704487 -0.322184 0.104242 -0.940920 232.558060
-0.944876 0.012646 0.327187 -247.690048 0.046146 0.994422 0.094833 -9.606816 -0.324163 0.104704 -0.940189 231.373993
-0.944137 0.013145 0.329291 -247.270889 0.046426 0.994544 0.093412 -9.501511 -0.326267 0.103482 -0.939597 230.203842
-0.943199 0.011767 0.332022 -246.872269 0.044892 0.994721 0.092275 -9.420122 -0.329184 0.101939 -0.938748 229.091415
-0.942589 0.015170 0.333612 -246.457306 0.047293 0.994963 0.088378 -9.284853 -0.330591 0.099082 -0.938559 227.956161
-0.941832 0.015182 0.335742 -246.033752 0.048410 0.994689 0.090824 -9.176465 -0.332581 0.101794 -0.937566 226.777817
-0.940827 0.014366 0.338584 -245.617065 0.048921 0.994393 0.093746 -9.073515 -0.335339 0.104763 -0.936255 225.609619
-0.939398 0.016409 0.342436 -245.205353 0.051151 0.994382 0.092672 -8.972117 -0.338992 0.104571 -0.934960 224.449692
-0.938235 0.016504 0.345607 -244.766754 0.050651 0.994652 0.090005 -8.870920 -0.342274 0.101950 -0.934054 223.276230
-0.937180 0.016827 0.348442 -244.322006 0.050808 0.994768 0.088617 -8.778429 -0.345129 0.100754 -0.933132 222.101929
-0.936192 0.016296 0.351112 -243.886520 0.050414 0.994822 0.088251 -8.689035 -0.347856 0.100321 -0.932165 220.988220
-0.934962 0.015404 0.354417 -243.444687 0.050357 0.994702 0.089612 -8.600636 -0.351160 0.101631 -0.930784 219.843506
-0.933614 0.014861 0.357972 -243.015869 0.051213 0.994414 0.092286 -8.506073 -0.354602 0.104492 -0.929160 218.730164
-0.931957 0.012050 0.362369 -242.533066 0.048962 0.994474 0.092855 -8.365785 -0.359248 0.104279 -0.927398 217.454544
-0.930202 0.008300 0.366956 -242.081100 0.045677 0.994590 0.093292 -8.270163 -0.364197 0.103542 -0.925548 216.295929
-0.928757 0.004745 0.370660 -241.618088 0.041602 0.994935 0.091506 -8.172534 -0.368349 0.100407 -0.924250 215.176010
-0.927029 0.001964 0.374986 -241.156555 0.038459 0.995211 0.089864 -8.077825 -0.373014 0.097729 -0.922665 214.018860
-0.925680 -0.000266 0.378309 -240.675583 0.035593 0.995502 0.087793 -7.981270 -0.376631 0.094733 -0.921507 212.878036
-0.923938 -0.001003 0.382543 -240.201996 0.035335 0.995497 0.087952 -7.892609 -0.380910 0.094779 -0.919742 211.739853
-0.922417 -0.001825 0.386193 -239.713577 0.035619 0.995324 0.089779 -7.791483 -0.384551 0.096569 -0.918039 210.618896
-0.920646 -0.004298 0.390378 -239.216019 0.035031 0.994995 0.093571 -7.699928 -0.388827 0.099822 -0.915887 209.505768
-0.919170 -0.005166 0.393827 -238.671860 0.035445 0.994771 0.095775 -7.589005 -0.392263 0.101993 -0.914181 208.374863
-0.916769 -0.005783 0.399378 -238.192352 0.035351 0.994796 0.095551 -7.487609 -0.397853 0.101716 -0.911794 207.251114
-0.915144 -0.006274 0.403079 -237.684235 0.035062 0.994850 0.095093 -7.398606 -0.401601 0.101156 -0.910211 206.152008
-0.913310 -0.006666 0.407213 -237.178268 0.034899 0.994907 0.094561 -7.299887 -0.405770 0.100575 -0.908425 205.044662
-0.911756 -0.006827 0.410677 -236.650375 0.035087 0.994912 0.094434 -7.201119 -0.409232 0.100510 -0.906878 203.923355
-0.909599 -0.006413 0.415439 -236.150253 0.035507 0.995023 0.093102 -7.096783 -0.413969 0.099437 -0.904844 202.811722
-0.907660 -0.006050 0.419663 -235.635818 0.035919 0.995107 0.092035 -6.991995 -0.418168 0.098610 -0.903002 201.682419
-0.905883 -0.005982 0.423485 -235.131119 0.035836 0.995231 0.090716 -6.881559 -0.422010 0.097355 -0.901350 200.600403
-0.904109 -0.005515 0.427267 -234.623260 0.037514 0.995031 0.092225 -6.778575 -0.425653 0.099410 -0.899409 199.515640
-0.902877 -0.006559 0.429849 -234.081299 0.038323 0.994674 0.095673 -6.696033 -0.428188 0.102854 -0.897817 198.430847
-0.901085 -0.004024 0.433626 -233.558884 0.042144 0.994411 0.096804 -6.600266 -0.431592 0.105504 -0.895878 197.342575
-0.898593 -0.000315 0.438783 -233.034592 0.046110 0.994395 0.095143 -6.473425 -0.436355 0.105727 -0.893542 196.207291
-0.897365 0.002378 0.441283 -232.486481 0.049112 0.994311 0.094513 -6.366354 -0.438549 0.106485 -0.892377 195.138229
-0.895696 0.003262 0.444656 -231.948227 0.051393 0.994031 0.096232 -6.277103 -0.441689 0.109046 -0.890518 194.070129
-0.893762 0.002923 0.448533 -231.407135 0.051952 0.993923 0.097043 -6.169572 -0.445524 0.110035 -0.888483 192.988373
-0.891637 0.003548 0.452737 -230.877121 0.052224 0.994100 0.095063 -6.075369 -0.449730 0.108405 -0.886562 191.934418
-0.889627 0.005651 0.456654 -230.318558 0.053262 0.994383 0.091459 -5.973235 -0.453572 0.105686 -0.884931 190.831726
-0.887775 0.005403 0.460247 -229.770844 0.053481 0.994368 0.091487 -5.882157 -0.457162 0.105834 -0.883065 189.771576
-0.885756 0.002932 0.464143 -229.206223 0.053002 0.994078 0.094869 -5.788425 -0.461116 0.108632 -0.880666 188.695618
-0.883579 -0.000881 0.468284 -228.633972 0.048922 0.994352 0.094178 -5.676717 -0.465722 0.106124 -0.878545 187.605545
-0.881549 -0.000496 0.472093 -228.066544 0.048874 0.994529 0.092310 -5.579719 -0.469557 0.104449 -0.876702 186.538177
-0.879835 -0.003323 0.475268 -227.478882 0.044833 0.994936 0.089952 -5.475375 -0.473162 0.100451 -0.875231 185.494934
-0.877787 -0.002381 0.479047 -226.891006 0.045429 0.995066 0.088188 -5.376076 -0.476895 0.099174 -0.873348 184.425232
-0.875648 0.002303 0.482945 -226.289749 0.049241 0.995203 0.084538 -5.272660 -0.480434 0.097806 -0.871561 183.332870
-0.872733 0.005477 0.488167 -225.687408 0.052119 0.995267 0.082011 -5.146459 -0.485409 0.097017 -0.868888 182.185364
-0.871464 0.007853 0.490397 -225.052475 0.055209 0.995087 0.082176 -5.051188 -0.487343 0.098689 -0.867616 181.125244
-0.868698 0.010759 0.495226 -224.444717 0.060269 0.994631 0.084112 -4.988748 -0.491663 0.102914 -0.864683 180.020630
-0.866182 0.012703 0.499569 -223.817307 0.062733 0.994533 0.083480 -4.902617 -0.495778 0.103648 -0.862243 178.927490
-0.864558 0.013329 0.502358 -223.131866 0.062127 0.994814 0.080527 -4.804390 -0.498679 0.100830 -0.860903 177.829910
-0.862670 0.013703 0.505582 -222.453415 0.063089 0.994740 0.080688 -4.708275 -0.501818 0.101504 -0.858997 176.727203
-0.860177 0.010036 0.509898 -221.770203 0.060297 0.994794 0.082141 -4.611887 -0.506421 0.101401 -0.856305 175.625977
-0.857897 0.008824 0.513746 -221.115906 0.061219 0.994486 0.085146 -4.528132 -0.510162 0.104498 -0.853707 174.565002
-0.855848 0.007033 0.517181 -220.465134 0.058524 0.994803 0.083321 -4.422148 -0.513907 0.101577 -0.851811 173.522385
-0.854484 0.005600 0.519449 -219.809540 0.055753 0.995155 0.080983 -4.318264 -0.516479 0.098160 -0.850655 172.481186
-0.852880 0.001488 0.522105 -219.153549 0.050816 0.995484 0.080174 -4.217928 -0.519630 0.094910 -0.849104 171.442322
-0.850413 -0.001536 0.526115 -218.495102 0.049192 0.995383 0.082420 -4.133806 -0.523813 0.095972 -0.846410 170.378281
-0.848879 -0.001523 0.528586 -217.839050 0.050217 0.995240 0.083513 -4.048820 -0.526199 0.097437 -0.844762 169.348358
-0.846542 -0.001727 0.532321 -217.183975 0.049112 0.995475 0.081335 -3.934625 -0.530054 0.094997 -0.842627 168.307800
-0.844751 -0.000263 0.535160 -216.509995 0.051938 0.995238 0.082473 -3.851070 -0.532634 0.097465 -0.840715 167.267502
-0.843156 -0.002786 0.537662 -215.829346 0.050521 0.995152 0.084382 -3.760946 -0.535291 0.098312 -0.838927 166.238266
-0.841747 -0.005338 0.539847 -215.138428 0.048121 0.995229 0.084874 -3.667044 -0.537725 0.097421 -0.837473 165.201706
-0.840408 -0.007785 0.541900 -214.432449 0.044742 0.995486 0.083691 -3.574146 -0.540106 0.094581 -0.836266 164.174469
-0.838514 -0.009109 0.544804 -213.742310 0.043882 0.995483 0.084184 -3.481505 -0.543111 0.094496 -0.834326 163.138535
-0.836500 -0.008972 0.547895 -213.063766 0.045124 0.995341 0.085191 -3.408943 -0.546107 0.095986 -0.832199 162.121689
-0.834569 -0.004994 0.550881 -212.380157 0.046606 0.995734 0.079634 -3.318059 -0.548929 0.092135 -0.830777 161.108383
-0.832932 -0.002264 0.553372 -211.681366 0.046685 0.996139 0.074347 -3.227295 -0.551404 0.087760 -0.829609 160.102417
-0.831212 -0.003338 0.555946 -210.999771 0.044785 0.996329 0.072943 -3.143227 -0.554150 0.085530 -0.828011 159.105469
-0.830144 -0.005518 0.557523 -210.329529 0.044576 0.996092 0.076231 -3.067611 -0.555765 0.088135 -0.826655 158.144440
-0.828548 -0.006113 0.559885 -209.646500 0.045222 0.995943 0.077794 -2.969385 -0.558090 0.089776 -0.824910 157.172119
-0.826946 -0.006712 0.562242 -208.960709 0.045871 0.995790 0.079355 -2.869312 -0.560408 0.091413 -0.823156 156.201935
-0.824588 -0.007510 0.565685 -208.241608 0.044547 0.995945 0.078156 -2.799042 -0.563979 0.089647 -0.820910 155.213181
-0.821648 -0.006419 0.569960 -207.546051 0.045724 0.995971 0.077135 -2.712408 -0.568159 0.089439 -0.818044 154.220535
-0.819091 -0.009669 0.573584 -206.844681 0.043865 0.995874 0.079429 -2.633775 -0.571986 0.090220 -0.815287 153.246094
-0.816926 -0.011443 0.576630 -206.120361 0.044190 0.995622 0.082363 -2.547790 -0.575049 0.092765 -0.812843 152.254562
-0.814512 -0.011205 0.580040 -205.401093 0.046024 0.995414 0.083859 -2.455845 -0.578320 0.095000 -0.810261 151.265900
-0.811457 -0.005713 0.584384 -204.678207 0.052496 0.995196 0.082623 -2.366526 -0.582051 0.097723 -0.807260 150.252502
-0.808387 -0.003711 0.588640 -203.958176 0.054930 0.995141 0.081712 -2.282243 -0.586084 0.098390 -0.804255 149.270996
-0.805672 -0.005003 0.592343 -203.230972 0.055150 0.994987 0.083414 -2.199631 -0.589791 0.099872 -0.801357 148.307053
-0.803430 -0.008801 0.595335 -202.487610 0.052459 0.994955 0.085505 -2.114346 -0.593085 0.099928 -0.798915 147.355560
-0.801604 -0.011022 0.597754 -201.715744 0.050007 0.995090 0.085410 -2.025153 -0.595762 0.098357 -0.797117 146.400009
-0.798556 -0.007535 0.601873 -200.976044 0.053198 0.995124 0.083042 -1.931895 -0.599565 0.098332 -0.794262 145.415466
-0.796589 -0.003198 0.604513 -200.235352 0.055701 0.995343 0.078666 -1.836626 -0.601951 0.096337 -0.792702 144.473053
-0.794597 0.000316 0.607137 -199.480331 0.058473 0.995391 0.076009 -1.751452 -0.604316 0.095898 -0.790954 143.503891
-0.792547 0.001027 0.609811 -198.717331 0.059350 0.995381 0.075458 -1.658654 -0.606917 0.095995 -0.788947 142.523895
-0.791037 0.000940 0.611769 -197.930908 0.059700 0.995344 0.075665 -1.571129 -0.608851 0.096376 -0.787409 141.556976
-0.790023 -0.000147 0.613077 -197.150085 0.059883 0.995200 0.077406 -1.497137 -0.610146 0.097865 -0.786222 140.588409
-0.788477 -0.000521 0.615066 -196.372787 0.061176 0.994974 0.079269 -1.415487 -0.612016 0.100130 -0.784482 139.616684
-0.785661 0.000378 0.618657 -195.592804 0.063543 0.994760 0.080089 -1.333126 -0.615387 0.102235 -0.781568 138.624329
-0.783683 0.003822 0.621149 -194.798004 0.066827 0.994696 0.078195 -1.247247 -0.617556 0.102790 -0.779782 137.646759
-0.780921 0.007276 0.624588 -193.995865 0.067116 0.995120 0.072323 -1.146982 -0.621015 0.098399 -0.777598 136.656036
-0.777403 0.006956 0.628964 -193.185928 0.066359 0.995265 0.071013 -1.065715 -0.625493 0.096943 -0.774184 135.634766
-0.774226 0.005248 0.632889 -192.377335 0.064140 0.995468 0.070209 -0.981025 -0.629653 0.094951 -0.771053 134.630966
-0.772142 0.002406 0.635446 -191.504745 0.060771 0.995688 0.070076 -0.890347 -0.632538 0.092726 -0.768959 133.621231
-0.769629 0.002213 0.638488 -190.660858 0.059533 0.995886 0.068310 -0.802032 -0.635711 0.090584 -0.766594 132.617294
-0.767317 0.000864 0.641269 -189.829208 0.059136 0.995833 0.069419 -0.730376 -0.638538 0.091189 -0.764170 131.643372
-0.763915 0.000683 0.645317 -189.003113 0.061248 0.995561 0.071450 -0.653188 -0.642404 0.094106 -0.760566 130.649673
-0.761894 -0.000574 0.647702 -188.173447 0.061967 0.995348 0.073775 -0.578037 -0.644731 0.096345 -0.758314 129.685059
-0.759717 -0.000390 0.650254 -187.319244 0.061297 0.995503 0.072213 -0.490936 -0.647359 0.094721 -0.756277 128.713882
-0.758472 0.000530 0.651707 -186.447815 0.062351 0.995471 0.071757 -0.411835 -0.648717 0.095060 -0.755070 127.770554
-0.755844 -0.000087 0.654752 -185.585968 0.062457 0.995430 0.072231 -0.322127 -0.651767 0.095489 -0.752385 126.798477
-0.753893 -0.002133 0.656995 -184.692383 0.061152 0.995425 0.073402 -0.238786 -0.654147 0.095515 -0.750314 125.836525
-0.751205 -0.000555 0.660070 -183.830383 0.061345 0.995613 0.070652 -0.155811 -0.657214 0.093566 -0.747875 124.878181
-0.747714 0.002120 0.664019 -182.973465 0.063869 0.995587 0.068740 -0.080314 -0.660944 0.093808 -0.744550 123.902199
-0.744658 0.003448 0.667439 -182.098862 0.065663 0.995513 0.068116 -0.003478 -0.664210 0.094550 -0.741543 122.929077
-0.741877 0.001596 0.670535 -181.218109 0.066895 0.995184 0.071644 0.059422 -0.667192 0.098007 -0.738411 121.960983
-0.739244 -0.001359 0.673437 -180.336761 0.065769 0.995072 0.074203 0.144274 -0.670219 0.099146 -0.735511 121.008904
-0.736749 -0.004477 0.676152 -179.434769 0.063247 0.995136 0.075506 0.229813 -0.673203 0.098395 -0.732883 120.045128
-0.734589 -0.007310 0.678473 -178.543549 0.057476 0.995677 0.072957 0.317424 -0.676075 0.092589 -0.730992 119.112259
-0.732527 -0.008466 0.680686 -177.633057 0.053721 0.996085 0.070202 0.404746 -0.678616 0.087993 -0.729205 118.155838
-0.730550 -0.010150 0.682784 -176.717651 0.050211 0.996384 0.068536 0.490600 -0.681012 0.084353 -0.727398 117.197624
-0.728975 -0.010505 0.684460 -175.806992 0.050424 0.996342 0.068995 0.572273 -0.682681 0.084810 -0.725778 116.242477
-0.727268 -0.010520 0.686274 -174.882385 0.051558 0.996219 0.069908 0.646687 -0.684417 0.086225 -0.723976 115.259262
-0.725313 -0.009117 0.688360 -173.950455 0.054018 0.996075 0.070110 0.744263 -0.686298 0.088036 -0.721973 114.259628
-0.724049 -0.008909 0.689692 -173.027634 0.056222 0.995827 0.071886 0.819832 -0.687454 0.090825 -0.720526 113.291260
-0.723076 -0.009458 0.690705 -172.097000 0.056328 0.995769 0.072602 0.903913 -0.688470 0.091403 -0.719483 112.333649
-0.722016 -0.012969 0.691754 -171.170029 0.052361 0.995932 0.073324 0.984745 -0.689893 0.089163 -0.718400 111.387054
-0.721380 -0.014069 0.692397 -170.230804 0.050073 0.996117 0.072410 1.067600 -0.690729 0.086905 -0.717874 110.433586
-0.721177 -0.015904 0.692570 -169.296829 0.044009 0.996664 0.068714 1.151547 -0.691354 0.080034 -0.718071 109.501373
-0.720316 -0.018194 0.693408 -168.358505 0.041969 0.996680 0.069750 1.223558 -0.692377 0.079344 -0.717161 108.537621
-0.719469 -0.021823 0.694182 -167.415909 0.041433 0.996377 0.074264 1.297361 -0.693289 0.082192 -0.715959 107.566849
-0.719744 -0.026666 0.693728 -166.467941 0.037996 0.996251 0.077716 1.378414 -0.693200 0.082295 -0.716032 106.608780
-0.720772 -0.031919 0.692438 -165.509857 0.032315 0.996305 0.079564 1.469940 -0.692420 0.079724 -0.717077 105.666733
-0.722025 -0.033529 0.691054 -164.566025 0.030071 0.996360 0.079761 1.561224 -0.691214 0.078370 -0.718389 104.717026
-0.723866 -0.028197 0.689365 -163.636932 0.035263 0.996346 0.077780 1.647380 -0.689040 0.080612 -0.720227 103.756859
-0.724982 -0.020496 0.688463 -162.726990 0.043112 0.996246 0.075058 1.728652 -0.687418 0.084097 -0.721378 102.790871
-0.725084 -0.011727 0.688561 -161.821472 0.055130 0.995657 0.075012 1.815463 -0.686450 0.092350 -0.721289 101.802811
-0.725398 -0.007274 0.688292 -160.910706 0.063182 0.995019 0.077103 1.888755 -0.685425 0.099418 -0.721325 100.819267
-0.726197 -0.002889 0.687482 -159.995834 0.068778 0.994669 0.076832 1.977786 -0.684039 0.103079 -0.722126 99.831894
-0.727083 0.000281 0.686550 -159.078354 0.071801 0.994547 0.075633 2.066745 -0.682786 0.104287 -0.723138 98.846573
-0.727805 -0.002076 0.685782 -158.161972 0.069504 0.994622 0.076775 2.150421 -0.682254 0.103542 -0.723747 97.882065
-0.728935 -0.005860 0.684559 -157.233627 0.066250 0.994666 0.079060 2.240789 -0.681371 0.102982 -0.724658 96.907913
-0.730299 -0.006665 0.683096 -156.287994 0.062464 0.995111 0.076490 2.332685 -0.680267 0.098529 -0.726312 95.954529
-0.730427 -0.007104 0.682955 -155.366943 0.059176 0.995526 0.073645 2.437330 -0.680423 0.094207 -0.726739 94.957947
-0.731000 -0.007451 0.682337 -154.472824 0.057565 0.995702 0.072543 2.507549 -0.679946 0.092308 -0.727429 94.015190
-0.732031 -0.004817 0.681255 -153.557495 0.059561 0.995693 0.071041 2.586442 -0.678664 0.092580 -0.728592 93.070282
-0.733505 -0.002294 0.679681 -152.624374 0.058476 0.996073 0.066469 2.668536 -0.677165 0.088500 -0.730491 92.131393
-0.733613 0.001082 0.679567 -151.725876 0.061773 0.995964 0.065101 2.733045 -0.676755 0.089737 -0.730719 91.161720
-0.733471 0.003535 0.679713 -150.827698 0.064691 0.995809 0.064628 2.810786 -0.676636 0.091374 -0.730626 90.194626
-0.733937 0.005135 0.679199 -149.928085 0.067946 0.995510 0.065897 2.895017 -0.675812 0.094513 -0.730990 89.253174
-0.733589 0.006301 0.679565 -149.025238 0.071692 0.995094 0.068167 2.968840 -0.675803 0.098727 -0.730441 88.287056
-0.733543 0.008688 0.679588 -148.129303 0.074221 0.994961 0.067396 3.043782 -0.675579 0.099878 -0.730491 87.333916
-0.733058 0.010254 0.680090 -147.222229 0.074438 0.995089 0.065233 3.125888 -0.676082 0.098445 -0.730221 86.372375
-0.733561 0.008629 0.679569 -146.279709 0.073053 0.995126 0.066221 3.191547 -0.675687 0.098222 -0.730616 85.418915
-0.733074 0.006209 0.680121 -145.368225 0.070371 0.995283 0.066764 3.293725 -0.676500 0.096804 -0.730053 84.446960
-0.733564 0.002456 0.679616 -144.446518 0.068070 0.995230 0.069877 3.369402 -0.676204 0.097521 -0.730232 83.490059
-0.732670 0.001344 0.680582 -143.527008 0.066855 0.995303 0.070007 3.452622 -0.677293 0.096792 -0.729319 82.488235
-0.733017 0.001581 0.680209 -142.612793 0.065685 0.995488 0.068471 3.535578 -0.677033 0.094870 -0.729813 81.527443
-0.733190 0.004046 0.680011 -141.709091 0.066814 0.995572 0.066116 3.613669 -0.676734 0.093911 -0.730215 80.563652
-0.732642 0.006111 0.680587 -140.798996 0.067298 0.995709 0.063505 3.711070 -0.677280 0.092329 -0.729909 79.562126
-0.732223 0.008039 0.681019 -139.907120 0.070327 0.995477 0.063864 3.778722 -0.677426 0.094657 -0.729476 78.579430
-0.732235 0.006750 0.681019 -138.993866 0.069542 0.995465 0.064905 3.859042 -0.677493 0.094885 -0.729384 77.601326
-0.732971 0.005056 0.680242 -138.073318 0.067937 0.995516 0.065804 3.925917 -0.676860 0.094446 -0.730028 76.647987
-0.732148 0.005486 0.681125 -137.197495 0.067778 0.995591 0.064837 3.995978 -0.677766 0.093635 -0.729291 75.676949
-0.733056 0.006388 0.680139 -136.294022 0.066664 0.995816 0.062498 4.062493 -0.676895 0.091157 -0.730414 74.729759
-0.732505 0.007797 0.680718 -135.396286 0.064989 0.996168 0.058523 4.130790 -0.677654 0.087108 -0.730205 73.763596
-0.732677 0.009180 0.680516 -134.493301 0.065137 0.996264 0.056690 4.201056 -0.677453 0.085862 -0.730537 72.801590
-0.732822 0.007474 0.680380 -133.594086 0.063525 0.996323 0.057477 4.261296 -0.677450 0.085341 -0.730602 71.846169
-0.733095 0.006160 0.680099 -132.691620 0.063443 0.996218 0.059364 4.320877 -0.677162 0.086667 -0.730712 70.889992
-0.733187 0.003667 0.680017 -131.791962 0.062300 0.996141 0.061799 4.383417 -0.677168 0.087675 -0.730587 69.927788
-0.733380 0.000202 0.679819 -130.903183 0.059725 0.996152 0.064137 4.440834 -0.677191 0.087639 -0.730570 68.979416
-0.733419 -0.004828 0.679761 -129.994659 0.056071 0.996137 0.067574 4.504620 -0.677462 0.087676 -0.730314 68.010208
-0.734205 -0.008803 0.678871 -129.080658 0.051969 0.996253 0.069124 4.572768 -0.676936 0.086032 -0.730997 67.058296
-0.733900 -0.010168 0.679183 -128.168304 0.047801 0.996635 0.066572 4.660923 -0.677575 0.081323 -0.730944 66.076576
-0.733969 -0.010933 0.679096 -127.269211 0.044080 0.996995 0.063692 4.736279 -0.677751 0.076682 -0.731282 65.120262
-0.733949 -0.011344 0.679111 -126.362511 0.041539 0.997239 0.061551 4.807477 -0.677935 0.073385 -0.731451 64.149132
-0.734700 -0.012691 0.678275 -125.469582 0.038776 0.997404 0.060665 4.865407 -0.677284 0.070871 -0.732300 63.227207
-0.735052 -0.014094 0.677865 -124.563210 0.037746 0.997382 0.061668 4.915422 -0.676959 0.070916 -0.732596 62.272461
-0.735230 -0.014793 0.677657 -123.663567 0.037885 0.997302 0.062875 4.985154 -0.676759 0.071900 -0.732686 61.307201
-0.735038 -0.017559 0.677799 -122.763786 0.036232 0.997219 0.065125 5.056789 -0.677058 0.072428 -0.732358 60.345303
-0.734973 -0.017965 0.677859 -121.866150 0.037426 0.997050 0.067003 5.120266 -0.677064 0.074616 -0.732133 59.380951
-0.736112 -0.016623 0.676657 -120.932060 0.037116 0.997203 0.064875 5.191069 -0.675843 0.072869 -0.733435 58.437881
-0.735883 -0.013314 0.676979 -120.050949 0.039273 0.997284 0.062302 5.259717 -0.675970 0.072434 -0.733361 57.480762
-0.735259 -0.009993 0.677713 -119.150215 0.043493 0.997134 0.061889 5.325130 -0.676391 0.074981 -0.732717 56.490376
-0.735142 -0.006061 0.677886 -118.265472 0.047872 0.996999 0.060830 5.384009 -0.676222 0.077171 -0.732645 55.531128
-0.735367 -0.004535 0.677655 -117.356277 0.048403 0.997071 0.059196 5.443680 -0.675940 0.076332 -0.732994 54.576771
-0.735599 -0.004363 0.677404 -116.451157 0.050833 0.996804 0.061621 5.520034 -0.675508 0.079763 -0.733026 53.616875
-0.735181 -0.009339 0.677808 -115.546005 0.049331 0.996516 0.067237 5.600485 -0.676075 0.082869 -0.732158 52.642483
-0.736791 -0.009971 0.676048 -114.576118 0.051253 0.996190 0.070552 5.694360 -0.674175 0.086632 -0.733473 51.677010
-0.736818 -0.009459 0.676026 -113.662254 0.051379 0.996227 0.069940 5.770000 -0.674137 0.086267 -0.733552 50.716938
-0.736288 -0.005601 0.676645 -112.785027 0.053370 0.996369 0.066322 5.839535 -0.674561 0.084945 -0.733316 49.765797
-0.735883 -0.004393 0.677095 -111.879021 0.053809 0.996436 0.064947 5.902100 -0.674968 0.084227 -0.733025 48.795525
-0.735627 -0.002826 0.677382 -110.969505 0.056540 0.996245 0.065558 5.991917 -0.675024 0.086527 -0.732705 47.810066
-0.735148 -0.004044 0.677896 -110.071945 0.058356 0.995892 0.069223 6.058832 -0.675392 0.090449 -0.731891 46.837204
-0.734276 -0.004432 0.678838 -109.169548 0.061045 0.995496 0.072530 6.131702 -0.676102 0.094698 -0.730698 45.853638
-0.733214 -0.001510 0.679997 -108.268166 0.064320 0.995360 0.071565 6.213125 -0.676950 0.096209 -0.729714 44.868484
-0.733065 0.003827 0.680149 -107.353493 0.065937 0.995674 0.065466 6.291952 -0.676956 0.092838 -0.730145 43.897388
-0.732684 0.007264 0.680531 -106.445305 0.065151 0.996098 0.059512 6.362026 -0.677445 0.087940 -0.730298 42.915188
-0.732384 0.005735 0.680868 -105.548096 0.061374 0.996450 0.057625 6.435392 -0.678121 0.083991 -0.730135 41.944038
-0.732525 0.002891 0.680734 -104.644981 0.060676 0.996288 0.061062 6.500209 -0.678031 0.086035 -0.729981 40.971008
-0.732986 0.000544 0.680244 -103.725800 0.061344 0.995978 0.065303 6.560684 -0.677473 0.089595 -0.730071 39.988201
-0.733266 0.004009 0.679930 -102.810600 0.064278 0.995912 0.063448 6.631757 -0.676897 0.090229 -0.730527 39.013073
-0.734176 0.009207 0.678897 -101.904671 0.067413 0.995955 0.059396 6.704936 -0.675605 0.089375 -0.731827 38.055019
-0.734351 0.010887 0.678683 -101.001640 0.068455 0.995961 0.058093 6.766861 -0.675310 0.089121 -0.732130 37.083015
-0.735258 0.009311 0.677724 -100.089027 0.065751 0.996169 0.057647 6.827734 -0.674591 0.086946 -0.733053 36.124069
-0.736019 0.007424 0.676920 -99.173233 0.063663 0.996266 0.058296 6.885475 -0.673962 0.086003 -0.733744 35.155769
-0.736829 0.003759 0.676069 -98.259232 0.061619 0.996196 0.061619 6.962669 -0.673267 0.087061 -0.734258 34.185940
-0.737747 0.000849 0.675077 -97.328682 0.061148 0.995972 0.065572 7.035149 -0.672303 0.089656 -0.734828 33.213428
-0.737444 0.000962 0.675408 -96.419113 0.061310 0.995965 0.065522 7.106662 -0.672622 0.089728 -0.734527 32.219162
-0.737567 0.003575 0.675264 -95.507324 0.060998 0.996250 0.061352 7.182984 -0.672513 0.086441 -0.735020 31.238962
-0.737347 0.004294 0.675500 -94.593330 0.060210 0.996416 0.059389 7.253363 -0.672826 0.084463 -0.734965 30.245045
-0.737619 0.003449 0.675208 -93.691887 0.059931 0.996374 0.060381 7.317955 -0.672553 0.085004 -0.735151 29.275801
-0.737263 0.003075 0.675600 -92.793312 0.060888 0.996222 0.061911 7.374235 -0.672858 0.086781 -0.734665 28.294296
-0.737509 0.002415 0.675335 -91.876831 0.061166 0.996122 0.063235 7.438568 -0.672563 0.087943 -0.734796 27.322397
-0.736686 0.001588 0.676234 -90.964607 0.061325 0.996034 0.064468 7.511735 -0.673450 0.088963 -0.733860 26.315086
-0.736631 0.001209 0.676294 -90.041267 0.061402 0.995987 0.065100 7.569694 -0.673503 0.089481 -0.733750 25.320032
-0.735947 0.000634 0.677039 -89.167900 0.060255 0.996092 0.064565 7.630035 -0.674353 0.088311 -0.733110 24.355042
-0.735822 -0.001358 0.677175 -88.251236 0.056595 0.996376 0.063494 7.705838 -0.674807 0.085045 -0.733079 23.379860
-0.735525 -0.003666 0.677488 -87.342674 0.053753 0.996517 0.063750 7.771178 -0.675364 0.083307 -0.732766 22.409853
-0.735624 -0.006437 0.677360 -86.426514 0.051528 0.996525 0.065432 7.832970 -0.675428 0.083037 -0.732736 21.440365
-0.735881 -0.007214 0.677073 -85.494461 0.051607 0.996437 0.066705 7.914101 -0.675143 0.084029 -0.732886 20.459314
-0.735168 -0.008978 0.677825 -84.581207 0.051110 0.996331 0.068632 7.989067 -0.675956 0.085100 -0.732013 19.464233
-0.734868 -0.011405 0.678115 -83.681915 0.047920 0.996485 0.068691 8.068254 -0.676517 0.082974 -0.731739 18.501101
-0.734499 -0.013047 0.678485 -82.779671 0.045716 0.996593 0.068653 8.141824 -0.677069 0.081443 -0.731399 17.531410
-0.735801 -0.013962 0.677055 -81.856163 0.044797 0.996594 0.069235 8.214646 -0.675716 0.081273 -0.732668 16.580189
-0.737101 -0.014328 0.675631 -80.955780 0.045162 0.996495 0.070405 8.284933 -0.674272 0.082409 -0.733871 15.627955
-0.738397 -0.014691 0.674207 -80.058975 0.045525 0.996395 0.071571 8.356610 -0.672829 0.083542 -0.735066 14.675937
-0.739570 -0.011895 0.672975 -79.169098 0.047802 0.996390 0.070144 8.431520 -0.671381 0.084047 -0.736331 13.716715
-0.740383 -0.007182 0.672147 -78.291962 0.052437 0.996278 0.068406 8.518950 -0.670138 0.085892 -0.737251 12.745348
-0.741150 -0.004280 0.671326 -77.418167 0.054792 0.996257 0.066842 8.586995 -0.669101 0.086323 -0.738142 11.781527
-0.742220 -0.001371 0.670156 -76.556694 0.058158 0.996093 0.066450 8.654029 -0.667630 0.088296 -0.739240 10.831729
-0.742664 -0.000043 0.669665 -75.715614 0.061746 0.995735 0.068541 8.722600 -0.666813 0.092253 -0.739493 9.874936
-0.743785 -0.002840 0.668414 -74.824211 0.060807 0.995556 0.071894 8.789830 -0.665648 0.094118 -0.740307 8.909612
-0.743550 -0.000536 0.668681 -73.930954 0.063423 0.995434 0.071321 8.893085 -0.665668 0.095440 -0.740121 7.863733
-0.744609 0.002139 0.667498 -73.075470 0.064073 0.995606 0.068284 8.962566 -0.664419 0.093614 -0.741474 6.909451
-0.746038 0.007284 0.665863 -72.183228 0.065912 0.995836 0.062957 9.026217 -0.662633 0.090856 -0.743413 5.941911
-0.746520 0.010615 0.665278 -71.294121 0.066911 0.996001 0.059190 9.082757 -0.661991 0.088700 -0.744246 4.972794
-0.747931 0.011557 0.663676 -70.421967 0.068765 0.995817 0.060155 9.146374 -0.660206 0.090630 -0.745598 4.033671
-0.747765 0.010494 0.663882 -69.578712 0.069807 0.995576 0.062890 9.210060 -0.660285 0.093371 -0.745189 3.071775
-0.748014 0.010082 0.663608 -68.740700 0.070144 0.995485 0.063942 9.268373 -0.659968 0.094377 -0.745344 2.128308
-0.747825 0.009628 0.663827 -67.924149 0.070106 0.995449 0.064539 9.330173 -0.660185 0.094802 -0.745096 1.188784
-0.747884 0.007511 0.663787 -67.102539 0.069452 0.995334 0.066988 9.383066 -0.660187 0.096200 -0.744916 0.260866
-0.748204 0.005367 0.663448 -66.263100 0.067787 0.995353 0.068396 9.446482 -0.659997 0.096148 -0.745090 -0.668589
-0.749622 0.004574 0.661850 -65.335754 0.066105 0.995492 0.067992 9.531836 -0.658557 0.094720 -0.746546 -1.608604
-0.749972 0.004030 0.661457 -64.524513 0.064525 0.995658 0.067093 9.594985 -0.658316 0.092999 -0.746975 -2.501925
-0.750773 0.001733 0.660559 -63.677383 0.060797 0.995932 0.066488 9.658651 -0.657758 0.090077 -0.747825 -3.391422
-0.749796 -0.001347 0.661668 -62.883011 0.057724 0.996052 0.067442 9.723887 -0.659146 0.088761 -0.746758 -4.282160
-0.749188 -0.004071 0.662345 -62.093258 0.056295 0.995971 0.069799 9.785000 -0.659962 0.089580 -0.745940 -5.157453
-0.748802 -0.006869 0.662760 -61.306786 0.053857 0.996008 0.071173 9.843131 -0.660603 0.088988 -0.745443 -6.010307
-0.747722 -0.008407 0.663959 -60.547302 0.050398 0.996317 0.069372 9.893981 -0.662097 0.085332 -0.744545 -6.854663
-0.746431 -0.007476 0.665421 -59.798710 0.048059 0.996720 0.065110 9.952024 -0.663726 0.080579 -0.743624 -7.694262
-0.745153 -0.006437 0.666863 -59.048660 0.047639 0.996884 0.062856 10.003830 -0.665190 0.078607 -0.742525 -8.532513
-0.744258 -0.006235 0.667864 -58.293396 0.047604 0.996917 0.062358 10.057406 -0.666195 0.078204 -0.741667 -9.355650
-0.743719 -0.004349 0.668480 -57.539135 0.050707 0.996730 0.062899 10.112761 -0.666568 0.080677 -0.741067 -10.171511
-0.742894 -0.001782 0.669408 -56.802380 0.054210 0.996552 0.062815 10.163926 -0.667213 0.082954 -0.740235 -10.974905
-0.741784 0.001507 0.670638 -56.097771 0.058576 0.996320 0.062552 10.215150 -0.668077 0.085684 -0.739143 -11.761935
-0.740837 0.002494 0.671679 -55.393375 0.060574 0.996166 0.063112 10.257441 -0.668948 0.087442 -0.738149 -12.528844
-0.739836 0.002151 0.672784 -54.702690 0.060511 0.996154 0.063357 10.296463 -0.670061 0.087585 -0.737122 -13.277865
-0.738276 0.002294 0.674495 -54.018291 0.060095 0.996240 0.062390 10.336496 -0.671818 0.086594 -0.735639 -14.015017
-0.736281 -0.000071 0.676676 -53.362785 0.058014 0.996311 0.063229 10.370340 -0.674186 0.085812 -0.733560 -14.709269
-0.733332 -0.003044 0.679865 -52.707733 0.056532 0.996254 0.065439 10.416553 -0.677518 0.086422 -0.730412 -15.410125
-0.730131 -0.006786 0.683274 -52.070770 0.053762 0.996279 0.067345 10.458956 -0.681190 0.085905 -0.727050 -16.073050
-0.726154 -0.009912 0.687461 -51.440689 0.051436 0.996311 0.068697 10.496154 -0.685606 0.085246 -0.722964 -16.729540
-0.722654 -0.009954 0.691139 -50.823936 0.050531 0.996460 0.067188 10.539661 -0.689362 0.083477 -0.719592 -17.342497
-0.717310 -0.009699 0.696687 -50.213295 0.049568 0.996658 0.064910 10.577727 -0.694989 0.081094 -0.714433 -17.944284
-0.709030 -0.010345 0.705103 -49.615910 0.048574 0.996800 0.063470 10.610454 -0.703505 0.079252 -0.706259 -18.540701
-0.699589 -0.010700 0.714466 -49.010899 0.048596 0.996860 0.062513 10.642817 -0.712892 0.078453 -0.696872 -19.107216
-0.687728 -0.011837 0.725873 -48.396603 0.049695 0.996754 0.063337 10.674476 -0.724267 0.079631 -0.684907 -19.667273
-0.674448 -0.013838 0.738193 -47.798046 0.049026 0.996778 0.063478 10.715500 -0.736693 0.079003 -0.671597 -20.172131
-0.659374 -0.015973 0.751646 -47.197552 0.047764 0.996864 0.063085 10.742195 -0.750298 0.077499 -0.656543 -20.651693
-0.640774 -0.017910 0.767522 -46.589497 0.046832 0.996954 0.062361 10.774426 -0.766301 0.075904 -0.637983 -21.138208
-0.619070 -0.019258 0.785100 -45.978699 0.047271 0.996972 0.061729 10.810102 -0.783913 0.075328 -0.616285 -21.611269
-0.596106 -0.022020 0.802604 -45.361919 0.048626 0.996799 0.063464 10.816552 -0.801433 0.076859 -0.593127 -22.016243
-0.570583 -0.025436 0.820847 -44.726349 0.049348 0.996652 0.065186 10.833253 -0.819757 0.077701 -0.567416 -22.418030
-0.540549 -0.027929 0.840849 -44.100510 0.047386 0.996851 0.063572 10.861863 -0.839978 0.074209 -0.537523 -22.786406
-0.505831 -0.029751 0.862120 -43.452328 0.044582 0.997167 0.060569 10.898313 -0.861481 0.069074 -0.503072 -23.140081
-0.467742 -0.031758 0.883295 -42.805779 0.044670 0.997227 0.059510 10.936619 -0.882736 0.067292 -0.465026 -23.452818
-0.426913 -0.035044 0.903614 -42.135590 0.042276 0.997383 0.058654 10.972331 -0.903304 0.063242 -0.424314 -23.748960
-0.384912 -0.038231 0.922162 -41.467598 0.038988 0.997575 0.057631 10.998155 -0.922130 0.058136 -0.382488 -24.008617
-0.340464 -0.040081 0.939403 -40.767433 0.038973 0.997631 0.056691 11.032284 -0.939451 0.055913 -0.338095 -24.247137
-0.295302 -0.040854 0.954530 -40.097820 0.041129 0.997615 0.055422 11.052806 -0.954519 0.055625 -0.292917 -24.409830
-0.246362 -0.042131 0.968262 -39.411697 0.043373 0.997574 0.054442 11.085985 -0.968208 0.055409 -0.243936 -24.550972
-0.195500 -0.046359 0.979608 -38.732399 0.043750 0.997475 0.055935 11.110198 -0.979728 0.053794 -0.192978 -24.654560
-0.143049 -0.048423 0.988531 -38.039948 0.045562 0.997421 0.055452 11.139883 -0.988667 0.052972 -0.140472 -24.726061
-0.089415 -0.046316 0.994917 -37.352283 0.046460 0.997636 0.050618 11.169186 -0.994910 0.050751 -0.087050 -24.764782
-0.036401 -0.046302 0.998265 -36.684410 0.048401 0.997672 0.048040 11.169724 -0.998165 0.050065 -0.034075 -24.759678
0.016855 -0.043685 0.998904 -36.019798 0.049923 0.997835 0.042797 11.187144 -0.998612 0.049147 0.019000 -24.716902
0.069641 -0.041606 0.996704 -35.353867 0.051429 0.997951 0.038064 11.203152 -0.996246 0.048608 0.071638 -24.637022
0.122369 -0.042340 0.991582 -34.700470 0.052172 0.997982 0.036176 11.219541 -0.991113 0.047306 0.124332 -24.523857
0.174109 -0.043291 0.983775 -34.045025 0.049351 0.998161 0.035190 11.236798 -0.983489 0.042423 0.175926 -24.364775
0.223931 -0.045002 0.973566 -33.413754 0.047966 0.998231 0.035110 11.251206 -0.973424 0.038836 0.225694 -24.187792
0.271482 -0.046455 0.961322 -32.778728 0.046932 0.998284 0.034988 11.264881 -0.961298 0.035618 0.273198 -23.987671
0.314543 -0.045543 0.948150 -32.167076 0.045491 0.998424 0.032867 11.273759 -0.948152 0.032795 0.316119 -23.753462
0.352882 -0.040988 0.934770 -31.568737 0.040720 0.998765 0.028421 11.285132 -0.934782 0.028035 0.354116 -23.497011
0.383829 -0.034219 0.922771 -30.973289 0.034958 0.999135 0.022509 11.292746 -0.922743 0.023618 0.384694 -23.221966
0.407260 -0.027012 0.912913 -30.383051 0.028720 0.999447 0.016760 11.302171 -0.912861 0.019394 0.407811 -22.927568
0.424781 -0.022103 0.905026 -29.800209 0.025658 0.999594 0.012371 11.312022 -0.904933 0.017966 0.425177 -22.642218
0.436284 -0.021080 0.899562 -29.218904 0.026066 0.999602 0.010783 11.316507 -0.899432 0.018744 0.436661 -22.350597
0.443252 -0.022317 0.896120 -28.646061 0.027728 0.999553 0.011178 11.314810 -0.895968 0.019894 0.443673 -22.060379
0.447500 -0.023573 0.893974 -28.070814 0.029140 0.999506 0.011769 11.315616 -0.893809 0.020784 0.447967 -21.774586
0.448500 -0.025816 0.893410 -27.500296 0.032729 0.999386 0.012449 11.316368 -0.893183 0.023657 0.449071 -21.484610
0.449184 -0.027361 0.893020 -26.940407 0.034518 0.999316 0.013256 11.315444 -0.892772 0.024872 0.449822 -21.205420
0.448968 -0.029053 0.893076 -26.371048 0.036908 0.999221 0.013953 11.311336 -0.892786 0.026698 0.449690 -20.921618
0.446743 -0.031071 0.894124 -25.818306 0.039375 0.999111 0.015045 11.313876 -0.893796 0.028485 0.447570 -20.645782
0.442574 -0.031951 0.896164 -25.265429 0.041278 0.999031 0.015233 11.317492 -0.895782 0.030251 0.443464 -20.376680
0.436446 -0.033011 0.899125 -24.720436 0.042527 0.998967 0.016034 11.320221 -0.898726 0.031239 0.437400 -20.109203
0.429812 -0.034876 0.902245 -24.181477 0.045020 0.998838 0.017163 11.325678 -0.901796 0.033242 0.430884 -19.861019
0.423879 -0.036623 0.904978 -23.629713 0.048713 0.998657 0.017597 11.324356 -0.904409 0.036624 0.425095 -19.625118
0.416932 -0.036923 0.908188 -23.102749 0.051554 0.998526 0.016928 11.328538 -0.907474 0.039762 0.418222 -19.373493
0.410388 -0.037116 0.911156 -22.581429 0.053516 0.998429 0.016568 11.332955 -0.910339 0.041963 0.411730 -19.141939
0.403681 -0.036529 0.914170 -22.077005 0.054450 0.998390 0.015850 11.337488 -0.913278 0.043379 0.405022 -18.915319
0.397405 -0.036846 0.916904 -21.586357 0.055825 0.998313 0.015923 11.338409 -0.915944 0.044859 0.398793 -18.701681
0.391421 -0.036945 0.919471 -21.106325 0.057456 0.998225 0.015650 11.342578 -0.918417 0.046703 0.392849 -18.498880
0.385444 -0.038720 0.921919 -20.640491 0.061257 0.997989 0.016304 11.347426 -0.920696 0.050190 0.387041 -18.315311
0.379392 -0.040918 0.924331 -20.190538 0.064088 0.997784 0.017865 11.348864 -0.923014 0.052461 0.381174 -18.135611
0.374058 -0.042650 0.926425 -19.750050 0.065279 0.997675 0.019572 11.348395 -0.925106 0.053155 0.375973 -17.961998
0.368641 -0.042998 0.928577 -19.320923 0.062979 0.997790 0.021201 11.354807 -0.927436 0.050664 0.370535 -17.787022
0.363801 -0.043650 0.930454 -18.914156 0.062494 0.997794 0.022376 11.360956 -0.929379 0.050007 0.365728 -17.634335
0.358958 -0.044231 0.932305 -18.527620 0.062964 0.997749 0.023094 11.360408 -0.931228 0.050411 0.360936 -17.487940
0.354774 -0.045384 0.933850 -18.158489 0.065230 0.997588 0.023701 11.359152 -0.932674 0.052506 0.356879 -17.354815
0.350638 -0.045958 0.935383 -17.808992 0.066903 0.997472 0.023930 11.364046 -0.934119 0.054189 0.352827 -17.227999
0.346208 -0.046430 0.937009 -17.486305 0.068326 0.997369 0.024175 11.364485 -0.935667 0.055653 0.348472 -17.108307
0.342834 -0.046108 0.938264 -17.185797 0.068640 0.997354 0.023932 11.363771 -0.936885 0.056197 0.345093 -16.999096
0.339798 -0.043905 0.939473 -16.906528 0.067869 0.997450 0.022068 11.366950 -0.938046 0.056263 0.341912 -16.894224
0.337839 -0.041453 0.940291 -16.646999 0.066980 0.997555 0.019914 11.370713 -0.938818 0.056253 0.339790 -16.795761
0.337295 -0.038043 0.940630 -16.398956 0.066992 0.997620 0.016326 11.372975 -0.939013 0.057508 0.339041 -16.707382
0.337729 -0.035281 0.940582 -16.153471 0.069508 0.997503 0.012458 11.371921 -0.938674 0.061170 0.339339 -16.620037
0.340160 -0.034619 0.939730 -15.911085 0.072126 0.997338 0.010633 11.368550 -0.937598 0.064163 0.341752 -16.532774
0.344895 -0.035247 0.937979 -15.669699 0.073156 0.997264 0.010576 11.366700 -0.935787 0.064972 0.346531 -16.437323
0.352925 -0.036281 0.934948 -15.434315 0.072929 0.997274 0.011170 11.364747 -0.932805 0.064243 0.354609 -16.342550
0.363059 -0.033509 0.931164 -15.209706 0.070650 0.997466 0.008350 11.363020 -0.929084 0.062756 0.364507 -16.240019
0.374854 -0.029343 0.926620 -14.991388 0.069781 0.997557 0.003361 11.357205 -0.924454 0.063400 0.375986 -16.138454
0.389082 -0.026095 0.920834 -14.772684 0.069896 0.997553 -0.001264 11.353007 -0.918548 0.064855 0.389956 -16.038141
0.405425 -0.025010 0.913787 -14.554869 0.070766 0.997484 -0.004096 11.348058 -0.911385 0.066326 0.406175 -15.934916
0.422898 -0.025088 0.905831 -14.346569 0.070707 0.997482 -0.005384 11.346418 -0.903415 0.066325 0.423608 -15.821521
0.441058 -0.024832 0.897135 -14.146652 0.069375 0.997569 -0.006495 11.338208 -0.894794 0.065103 0.441710 -15.702110
0.460780 -0.023840 0.887195 -13.946422 0.069406 0.997545 -0.009242 11.334202 -0.884797 0.065836 0.461304 -15.575879
0.482839 -0.021064 0.875456 -13.735806 0.070049 0.997435 -0.014634 11.331057 -0.872903 0.068391 0.483078 -15.440918
0.505490 -0.019987 0.862601 -13.514798 0.072592 0.997172 -0.019434 11.326461 -0.859774 0.072442 0.505512 -15.296225
0.528975 -0.020173 0.848397 -13.279459 0.073173 0.997077 -0.021915 11.322134 -0.845477 0.073672 0.528907 -15.135475
0.553010 -0.020246 0.832929 -13.041508 0.069452 0.997345 -0.021869 11.317375 -0.830274 0.069942 0.552950 -14.948400
0.577448 -0.022735 0.816112 -12.799236 0.065200 0.997704 -0.018339 11.304488 -0.813820 0.063800 0.577605 -14.743935
0.601781 -0.027486 0.798188 -12.551132 0.063416 0.997896 -0.013449 11.287818 -0.796140 0.058711 0.602259 -14.525767
0.626006 -0.033045 0.779118 -12.290617 0.066734 0.997706 -0.011304 11.280184 -0.776957 0.059070 0.626777 -14.300002
0.650373 -0.035694 0.758776 -12.030300 0.068005 0.997620 -0.011360 11.270422 -0.756565 0.058988 0.651254 -14.057016
0.674746 -0.037114 0.737118 -11.781693 0.067791 0.997629 -0.011824 11.255769 -0.734931 0.057948 0.675663 -13.793561
0.699597 -0.036990 0.713581 -11.528718 0.064703 0.997836 -0.011708 11.246730 -0.711602 0.054362 0.700477 -13.505979
0.723299 -0.039004 0.689433 -11.267522 0.065096 0.997809 -0.011843 11.239639 -0.687460 0.053446 0.724254 -13.200420
0.746523 -0.041258 0.664080 -11.014917 0.067536 0.997619 -0.013940 11.226916 -0.661924 0.055257 0.747532 -12.881482
0.769651 -0.044093 0.636941 -10.761957 0.072567 0.997188 -0.018653 11.222832 -0.634327 0.060578 0.770688 -12.547016
0.792566 -0.046590 0.608003 -10.507317 0.075136 0.996940 -0.021550 11.219369 -0.605139 0.062763 0.793642 -12.185465
0.814915 -0.049068 0.577501 -10.257936 0.075224 0.996936 -0.021442 11.209446 -0.574678 0.060916 0.816110 -11.798550
0.836338 -0.049115 0.546011 -10.020623 0.072098 0.997181 -0.020736 11.193994 -0.543453 0.056708 0.837522 -11.383873
0.856895 -0.048927 0.513165 -9.785996 0.069837 0.997326 -0.021526 11.182856 -0.510739 0.054284 0.858021 -10.939635
0.875666 -0.054557 0.479826 -9.560641 0.073316 0.997099 -0.020426 11.166269 -0.477319 0.053065 0.877127 -10.482899
0.893269 -0.062301 0.445185 -9.330104 0.079340 0.996652 -0.019720 11.147918 -0.442467 0.052936 0.895221 -9.987720
0.909578 -0.071433 0.409347 -9.112473 0.087483 0.995953 -0.020588 11.126438 -0.406220 0.054538 0.912147 -9.473424
0.925026 -0.076899 0.372042 -8.910028 0.092199 0.995463 -0.023479 11.110806 -0.368548 0.056021 0.927920 -8.934761
0.939338 -0.078183 0.333963 -8.716627 0.092672 0.995312 -0.027646 11.096270 -0.330235 0.056918 0.942181 -8.350858
0.951667 -0.077070 0.297308 -8.548643 0.090402 0.995412 -0.031334 11.076023 -0.293529 0.056696 0.954268 -7.752691
0.961385 -0.076475 0.264370 -8.405777 0.088974 0.995396 -0.035614 11.052068 -0.260429 0.057761 0.963764 -7.139652
0.969154 -0.077031 0.234113 -8.262699 0.088547 0.995306 -0.039063 11.025491 -0.230004 0.058587 0.971425 -6.490519
0.975064 -0.079760 0.207095 -8.132715 0.090116 0.995084 -0.041045 10.994591 -0.202803 0.058684 0.977460 -5.817445
0.980016 -0.080649 0.181839 -8.009116 0.089857 0.995027 -0.042968 10.960166 -0.177469 0.058448 0.982389 -5.115756
0.984082 -0.080168 0.158609 -7.899071 0.088485 0.995010 -0.046081 10.929068 -0.154122 0.059383 0.986266 -4.398572
0.987288 -0.078772 0.138054 -7.805114 0.085958 0.995195 -0.046875 10.895782 -0.133698 0.058146 0.989315 -3.649425
0.989798 -0.077264 0.119712 -7.722350 0.083226 0.995485 -0.045633 10.855954 -0.115645 0.055130 0.991760 -2.878031
0.991406 -0.077011 0.105755 -7.647292 0.082050 0.995649 -0.044158 10.821734 -0.101893 0.052455 0.993412 -2.097903
0.992692 -0.071687 0.097083 -7.581677 0.076228 0.996123 -0.043892 10.782534 -0.093559 0.050971 0.994309 -1.284772
0.993376 -0.067075 0.093301 -7.520912 0.071645 0.996343 -0.046526 10.743001 -0.089838 0.052903 0.994551 -0.462742
0.993535 -0.066813 0.091779 -7.440958 0.071435 0.996287 -0.048042 10.707220 -0.088227 0.054287 0.994620 0.382471
0.993377 -0.069694 0.091352 -7.359746 0.074287 0.996086 -0.047879 10.661077 -0.087657 0.054349 0.994668 1.233703
0.993290 -0.071034 0.091270 -7.283701 0.075488 0.996070 -0.046313 10.620205 -0.087622 0.052893 0.994749 2.109078
0.993422 -0.069592 0.090945 -7.208661 0.074043 0.996169 -0.046519 10.568274 -0.087358 0.052946 0.994769 2.998220
0.993600 -0.067640 0.090475 -7.126127 0.072404 0.996098 -0.050451 10.531963 -0.086709 0.056678 0.994620 3.903177
0.993812 -0.064173 0.090669 -7.055593 0.069115 0.996227 -0.052468 10.480679 -0.086959 0.058410 0.994498 4.824771
0.994031 -0.060568 0.090745 -6.984496 0.065557 0.996437 -0.053052 10.430335 -0.087207 0.058684 0.994461 5.764597
0.994088 -0.060102 0.090436 -6.912845 0.064912 0.996576 -0.051220 10.378164 -0.087048 0.056787 0.994585 6.717685
0.994102 -0.062575 0.088584 -6.824871 0.067108 0.996534 -0.049151 10.322547 -0.085200 0.054805 0.994855 7.669922
0.994253 -0.062722 0.086764 -6.751997 0.067082 0.996579 -0.048265 10.276101 -0.083439 0.053808 0.995060 8.643784
0.994394 -0.064616 0.083706 -6.674442 0.068905 0.996400 -0.049394 10.215055 -0.080212 0.054885 0.995266 9.602357
0.994633 -0.066795 0.079013 -6.583383 0.070956 0.996170 -0.051082 10.162129 -0.075298 0.056414 0.995564 10.592303
0.994701 -0.070308 0.075013 -6.505070 0.074204 0.995964 -0.050487 10.104504 -0.071159 0.055785 0.995904 11.582447
0.994930 -0.070899 0.071339 -6.440166 0.074409 0.996081 -0.047803 10.045891 -0.067670 0.052869 0.996307 12.615117
0.995153 -0.071534 0.067485 -6.374104 0.074618 0.996225 -0.044340 9.988714 -0.064058 0.049161 0.996735 13.635886
0.995325 -0.072298 0.064053 -6.314923 0.074972 0.996367 -0.040381 9.935814 -0.060901 0.044995 0.997130 14.674035
0.995534 -0.071899 0.061180 -6.259596 0.074354 0.996475 -0.038835 9.884426 -0.058171 0.043210 0.997372 15.727563
0.995777 -0.070412 0.058907 -6.199220 0.072979 0.996422 -0.042605 9.833843 -0.055695 0.046724 0.997355 16.778959
0.995935 -0.068715 0.058254 -6.155740 0.071542 0.996286 -0.047910 9.782282 -0.054746 0.051882 0.997152 17.847734
0.995970 -0.069357 0.056869 -6.094715 0.072251 0.996106 -0.050509 9.729383 -0.053143 0.054415 0.997104 18.915380
0.996031 -0.069824 0.055197 -6.040470 0.072371 0.996334 -0.045593 9.664875 -0.051810 0.049407 0.997434 20.019295
0.995939 -0.072624 0.053220 -5.981673 0.074788 0.996401 -0.039866 9.611611 -0.050133 0.043685 0.997788 21.139715
0.995513 -0.078818 0.052377 -5.927424 0.080912 0.995952 -0.039128 9.557795 -0.049079 0.043190 0.997862 22.239365
0.995346 -0.081239 0.051837 -5.876376 0.083470 0.995607 -0.042420 9.507431 -0.048162 0.046549 0.997755 23.341259
0.995501 -0.079531 0.051508 -5.825764 0.082012 0.995475 -0.047976 9.456040 -0.047458 0.051985 0.997520 24.449114
0.995597 -0.077981 0.052028 -5.781247 0.080557 0.995523 -0.049424 9.393601 -0.047940 0.053397 0.997423 25.552217
0.995849 -0.073642 0.053512 -5.735582 0.076212 0.995951 -0.047672 9.325451 -0.049784 0.051552 0.997429 26.664589
0.996028 -0.070123 0.054879 -5.680829 0.072690 0.996281 -0.046259 9.267437 -0.051430 0.050065 0.997422 27.798977
0.996006 -0.069457 0.056123 -5.620009 0.072003 0.996402 -0.044695 9.218133 -0.052816 0.048558 0.997424 28.934927
0.995925 -0.069906 0.056974 -5.553041 0.072355 0.996489 -0.042120 9.158832 -0.053829 0.046071 0.997487 30.072104
0.996287 -0.063568 0.058062 -5.495950 0.065861 0.997087 -0.038466 9.097460 -0.055447 0.042147 0.997572 31.220369
0.996286 -0.060473 0.061305 -5.449882 0.062882 0.997291 -0.038161 9.039327 -0.058829 0.041874 0.997390 32.364384
0.996224 -0.058542 0.064121 -5.391985 0.061202 0.997309 -0.040343 8.979969 -0.061587 0.044115 0.997127 33.507805
0.996219 -0.055192 0.067101 -5.329867 0.058187 0.997356 -0.043536 8.923616 -0.064520 0.047276 0.996796 34.655651
0.995988 -0.055211 0.070429 -5.287436 0.058389 0.997327 -0.043895 8.870790 -0.067816 0.047832 0.996551 35.815914
0.995781 -0.056625 0.072206 -5.202569 0.059756 0.997330 -0.041960 8.811919 -0.069636 0.046097 0.996508 36.949615
0.995588 -0.056037 0.075272 -5.140950 0.059336 0.997339 -0.042333 8.748523 -0.072698 0.046612 0.996264 38.099361
0.995559 -0.054021 0.077105 -5.053782 0.057674 0.997276 -0.045960 8.671125 -0.074411 0.050203 0.995964 39.279400
0.995484 -0.054336 0.077842 -4.969922 0.058344 0.997035 -0.050174 8.613612 -0.074884 0.054489 0.995703 40.415363
0.995337 -0.056123 0.078461 -4.899153 0.060073 0.996995 -0.048907 8.545849 -0.075479 0.053392 0.995718 41.609081
0.995143 -0.059191 0.078660 -4.817732 0.062943 0.996951 -0.046102 8.481968 -0.075690 0.050829 0.995836 42.773903
0.994917 -0.062772 0.078744 -4.725172 0.066475 0.996758 -0.045314 8.420790 -0.075643 0.050318 0.995865 43.923309
0.994609 -0.066445 0.079625 -4.634245 0.070298 0.996437 -0.046590 8.354740 -0.076246 0.051936 0.995736 45.085613
0.994470 -0.067675 0.080315 -4.545123 0.071583 0.996335 -0.046818 8.294706 -0.076851 0.052309 0.995670 46.248898
0.993960 -0.073157 0.081805 -4.456258 0.076883 0.996097 -0.043348 8.228271 -0.078314 0.049375 0.995706 47.429199
0.993655 -0.075160 0.083683 -4.382488 0.078485 0.996222 -0.037168 8.175229 -0.080573 0.043500 0.995799 48.613117
0.993489 -0.075850 0.085014 -4.287233 0.079135 0.996215 -0.035944 8.117101 -0.081966 0.042438 0.995732 49.797688
0.993711 -0.072056 0.085711 -4.197950 0.075880 0.996222 -0.042224 8.057631 -0.082344 0.048462 0.995425 50.966225
0.993820 -0.068554 0.087306 -4.118300 0.073137 0.996046 -0.050420 7.997953 -0.083504 0.056494 0.994905 52.165131
0.994181 -0.062624 0.087660 -4.026132 0.067483 0.996279 -0.053607 7.922822 -0.083975 0.059210 0.994707 53.359741
0.994369 -0.059519 0.087687 -3.926719 0.064215 0.996594 -0.051734 7.841804 -0.084309 0.057073 0.994805 54.524399
0.994391 -0.058240 0.088291 -3.841163 0.062820 0.996771 -0.050006 7.771097 -0.085094 0.055272 0.994839 55.744370
0.994435 -0.057931 0.087997 -3.744590 0.062194 0.996980 -0.046500 7.699056 -0.085037 0.051714 0.995036 56.959087
0.994412 -0.058897 0.087612 -3.648532 0.062993 0.997009 -0.044749 7.629366 -0.084714 0.050018 0.995149 58.167557
0.994330 -0.059504 0.088132 -3.554568 0.063477 0.997057 -0.042981 7.558831 -0.085315 0.048331 0.995182 59.334126
0.994329 -0.057695 0.089338 -3.487537 0.061479 0.997299 -0.040196 7.505775 -0.086776 0.045460 0.995190 60.546925
0.994464 -0.056179 0.088810 -3.374798 0.059685 0.997519 -0.037317 7.451098 -0.086493 0.042411 0.995350 61.753223
0.994511 -0.053628 0.089847 -3.283924 0.057672 0.997407 -0.043035 7.394996 -0.087305 0.047980 0.995025 62.959286
0.994582 -0.051703 0.090180 -3.181884 0.056648 0.996978 -0.053156 7.335995 -0.087159 0.057976 0.994507 64.148323
0.994497 -0.050644 0.091721 -3.097965 0.056070 0.996765 -0.057567 7.266810 -0.088507 0.062393 0.994120 65.339790
0.994296 -0.053897 0.092046 -2.990379 0.059491 0.996474 -0.059153 7.210645 -0.088533 0.064292 0.993997 66.565796
0.993867 -0.060352 0.092675 -2.873884 0.066341 0.995808 -0.062956 7.138669 -0.088486 0.068719 0.993705 67.770912
0.993777 -0.059327 0.094276 -2.772554 0.065556 0.995768 -0.064403 7.061275 -0.090056 0.070182 0.993462 68.985321
0.993284 -0.066427 0.094733 -2.656729 0.072264 0.995603 -0.059587 6.987047 -0.090357 0.066033 0.993719 70.185043
0.993134 -0.068349 0.094941 -2.546614 0.073588 0.995888 -0.052818 6.906600 -0.090939 0.059442 0.994081 71.374229
0.993061 -0.066342 0.097097 -2.463467 0.071296 0.996276 -0.048469 6.830406 -0.093520 0.055056 0.994095 72.571747
0.993003 -0.064507 0.098924 -2.366919 0.069247 0.996572 -0.045246 6.756449 -0.095665 0.051780 0.994066 73.741676
0.993063 -0.060804 0.100641 -2.267627 0.065447 0.996908 -0.043488 6.692945 -0.097685 0.049773 0.993972 74.901283
0.993156 -0.056624 0.102149 -2.157085 0.061472 0.997095 -0.044949 6.627956 -0.099307 0.050921 0.993754 76.073997
0.993328 -0.051603 0.103144 -2.049854 0.057087 0.997069 -0.050937 6.554180 -0.100213 0.056485 0.993361 77.221626
0.993536 -0.047683 0.103026 -1.934067 0.053735 0.996938 -0.056791 6.486788 -0.100001 0.061961 0.993056 78.358704
0.993342 -0.051301 0.103146 -1.806931 0.057336 0.996759 -0.056426 6.408758 -0.099917 0.061965 0.993065 79.498962
0.993219 -0.052061 0.103957 -1.688026 0.057703 0.996978 -0.052011 6.338416 -0.100935 0.057657 0.993222 80.647751
0.992781 -0.057231 0.105404 -1.568732 0.062379 0.996982 -0.046205 6.268910 -0.102442 0.052447 0.993355 81.805145
0.992426 -0.063238 0.105325 -1.437196 0.068114 0.996734 -0.043350 6.207685 -0.102239 0.050196 0.993493 82.953522
0.992011 -0.067764 0.106403 -1.311112 0.072821 0.996357 -0.044368 6.143117 -0.103008 0.051762 0.993333 84.100227
0.991567 -0.070370 0.108827 -1.211738 0.075866 0.995999 -0.047205 6.080450 -0.105069 0.055064 0.992940 85.230759
0.991350 -0.071455 0.110087 -1.092003 0.077510 0.995648 -0.051728 6.013766 -0.105910 0.059814 0.992576 86.361862
0.991253 -0.071283 0.111080 -0.970700 0.077813 0.995416 -0.055599 5.941854 -0.106606 0.063757 0.992256 87.493584
