1.000001 0.000000 0.000001 0.000000 0.000000 0.999999 0.000000 0.000000 0.000001 0.000000 1.000001 0.000000
0.999991 -0.002539 -0.003323 -0.002284 0.002532 0.999994 -0.002028 -0.007402 0.003329 0.002020 0.999993 0.687679
0.999972 -0.001196 -0.007511 -0.012093 0.001168 0.999991 -0.003846 -0.007327 0.007516 0.003838 0.999964 1.399355
0.999935 -0.001217 -0.011373 -0.027874 0.001155 0.999984 -0.005439 -0.008027 0.011381 0.005426 0.999921 2.123168
0.999866 -0.000477 -0.016405 -0.042591 0.000382 0.999983 -0.005836 -0.013635 0.016407 0.005830 0.999849 2.864203
0.999789 -0.001228 -0.020542 -0.064788 0.001095 0.999978 -0.006525 -0.018794 0.020550 0.006501 0.999768 3.619712
0.999685 0.000158 -0.025106 -0.090723 -0.000361 0.999967 -0.008104 -0.022547 0.025104 0.008111 0.999652 4.403886
0.999557 0.003067 -0.029624 -0.127504 -0.003310 0.999960 -0.008149 -0.038334 0.029598 0.008243 0.999528 5.185787
0.999424 0.003354 -0.033771 -0.162661 -0.003557 0.999976 -0.005942 -0.053526 0.033751 0.006059 0.999412 5.988719
0.999262 0.002401 -0.038347 -0.193856 -0.002529 0.999991 -0.003282 -0.060950 0.038340 0.003376 0.999259 6.805501
0.999136 0.002039 -0.041532 -0.235137 -0.002056 0.999998 -0.000356 -0.072224 0.041532 0.000441 0.999137 7.630872
0.999047 0.003625 -0.043495 -0.286453 -0.003680 0.999992 -0.001187 -0.078271 0.043491 0.001346 0.999053 8.456149
0.999016 0.003275 -0.044240 -0.352611 -0.003382 0.999991 -0.002359 -0.072135 0.044233 0.002506 0.999019 9.293414
0.998994 0.000172 -0.044869 -0.399918 -0.000300 0.999996 -0.002856 -0.080494 0.044869 0.002866 0.998989 10.126330
0.998951 0.000165 -0.045793 -0.453440 -0.000255 0.999998 -0.001975 -0.091127 0.045794 0.001985 0.998949 10.975697
0.998887 -0.001484 -0.047145 -0.492707 0.001382 0.999996 -0.002202 -0.101619 0.047149 0.002135 0.998886 11.843018
0.998832 0.001071 -0.048310 -0.551036 -0.001300 0.999988 -0.004727 -0.109061 0.048304 0.004785 0.998822 12.710927
0.998804 0.001166 -0.048884 -0.606189 -0.001519 0.999973 -0.007188 -0.122201 0.048876 0.007254 0.998779 13.593943
0.998716 0.005357 -0.050377 -0.661920 -0.005800 0.999945 -0.008679 -0.133835 0.050329 0.008960 0.998693 14.476857
0.998697 0.006276 -0.050656 -0.724529 -0.006727 0.999938 -0.008753 -0.142285 0.050598 0.009082 0.998679 15.371593
0.998619 0.005379 -0.052270 -0.765439 -0.005780 0.999955 -0.007556 -0.151470 0.052227 0.007848 0.998604 16.293596
0.998556 0.006157 -0.053373 -0.822083 -0.006493 0.999960 -0.006129 -0.164952 0.053334 0.006467 0.998556 17.224413
0.998582 0.006338 -0.052867 -0.884890 -0.006683 0.999957 -0.006357 -0.173086 0.052826 0.006701 0.998581 18.136515
0.998544 0.005791 -0.053629 -0.945380 -0.006157 0.999958 -0.006669 -0.192986 0.053590 0.006989 0.998539 19.055092
0.998505 0.004209 -0.054514 -0.996391 -0.004633 0.999959 -0.007664 -0.201021 0.054480 0.007904 0.998484 19.985697
0.998497 0.003468 -0.054699 -1.050676 -0.003768 0.999978 -0.005386 -0.221616 0.054680 0.005584 0.998488 20.907431
0.998480 0.003999 -0.054976 -1.098908 -0.004086 0.999990 -0.001459 -0.242068 0.054970 0.001682 0.998487 21.835201
0.998505 0.004658 -0.054474 -1.151188 -0.004532 0.999986 0.002418 -0.254235 0.054485 -0.002168 0.998512 22.775923
0.998589 0.003167 -0.053009 -1.200785 -0.002885 0.999981 0.005379 -0.261421 0.053026 -0.005219 0.998580 23.722061
0.998714 0.003574 -0.050568 -1.265385 -0.003266 0.999975 0.006184 -0.267869 0.050589 -0.006011 0.998701 24.689672
0.998795 0.004541 -0.048868 -1.319276 -0.004403 0.999986 0.002924 -0.270889 0.048881 -0.002705 0.998801 25.645121
0.998895 0.005357 -0.046709 -1.387947 -0.005437 0.999984 -0.001624 -0.279585 0.046700 0.001876 0.998908 26.613329
0.998966 0.002853 -0.045386 -1.438847 -0.003023 0.999988 -0.003687 -0.292660 0.045375 0.003821 0.998963 27.587999
0.999021 -0.000282 -0.044246 -1.484674 0.000211 0.999998 -0.001595 -0.316581 0.044247 0.001585 0.999020 28.565907
0.999050 -0.001913 -0.043550 -1.540296 0.002082 0.999990 0.003816 -0.335001 0.043543 -0.003903 0.999044 29.558405
0.999017 -0.006260 -0.043890 -1.589327 0.006603 0.999948 0.007669 -0.346456 0.043841 -0.007951 0.999007 30.562037
0.998916 -0.013086 -0.044673 -1.630319 0.013386 0.999889 0.006410 -0.344720 0.044585 -0.007001 0.998982 31.551340
0.998817 -0.015669 -0.046041 -1.669737 0.015814 0.999871 0.002766 -0.351395 0.045992 -0.003490 0.998936 32.535053
0.998819 -0.015408 -0.046076 -1.746498 0.015355 0.999881 -0.001518 -0.353206 0.046095 0.000809 0.998937 33.539158
0.998716 -0.014213 -0.048639 -1.795570 0.014123 0.999897 -0.002189 -0.363845 0.048666 0.001498 0.998815 34.535427
0.998753 -0.013763 -0.047998 -1.878556 0.013732 0.999905 -0.000996 -0.373185 0.048008 0.000336 0.998847 35.567493
0.998742 -0.010472 -0.049062 -1.944723 0.010506 0.999944 0.000423 -0.363775 0.049054 -0.000937 0.998796 36.606289
0.998731 -0.009975 -0.049367 -2.009657 0.010030 0.999949 0.000853 -0.366639 0.049357 -0.001346 0.998781 37.614754
0.998747 -0.008529 -0.049321 -2.080804 0.008683 0.999957 0.002914 -0.367835 0.049294 -0.003339 0.998779 38.648186
0.998817 -0.008808 -0.047841 -2.152625 0.009080 0.999943 0.005463 -0.370352 0.047791 -0.005891 0.998841 39.670151
0.998836 -0.002896 -0.048149 -2.211861 0.003274 0.999964 0.007792 -0.379423 0.048126 -0.007941 0.998810 40.689560
0.998842 -0.003521 -0.047995 -2.263049 0.003878 0.999965 0.007351 -0.387144 0.047968 -0.007529 0.998821 41.703892
0.998897 -0.004048 -0.046789 -2.322854 0.004332 0.999972 0.005979 -0.393356 0.046765 -0.006175 0.998887 42.699787
0.998931 -0.001435 -0.046211 -2.386561 0.001616 0.999991 0.003875 -0.402972 0.046205 -0.003944 0.998925 43.704479
0.998867 -0.001925 -0.047556 -2.428113 0.002125 0.999988 0.004167 -0.415988 0.047548 -0.004263 0.998860 44.715790
0.998830 -0.003995 -0.048209 -2.492743 0.004271 0.999975 0.005621 -0.425272 0.048186 -0.005820 0.998821 45.731945
0.998833 -0.003525 -0.048195 -2.556520 0.003843 0.999971 0.006493 -0.432749 0.048171 -0.006670 0.998817 46.734383
0.998858 -0.001160 -0.047756 -2.634744 0.001280 0.999996 0.002484 -0.432297 0.047753 -0.002542 0.998856 47.748775
0.998864 -0.001137 -0.047643 -2.708724 0.001057 0.999997 -0.001706 -0.436579 0.047646 0.001655 0.998863 48.749126
0.998917 -0.000492 -0.046538 -2.782454 0.000370 0.999996 -0.002660 -0.450751 0.046539 0.002640 0.998914 49.734921
0.998923 -0.001809 -0.046361 -2.835725 0.001820 0.999997 0.000195 -0.459801 0.046361 -0.000279 0.998925 50.732822
0.998988 -0.002828 -0.044909 -2.902878 0.002963 0.999990 0.002950 -0.470955 0.044902 -0.003080 0.998987 51.708168
0.999002 -0.005075 -0.044387 -2.955274 0.005213 0.999982 0.002987 -0.478349 0.044371 -0.003215 0.999011 52.680229
0.998994 -0.008166 -0.044101 -3.001652 0.008251 0.999964 0.001742 -0.489708 0.044086 -0.002105 0.999026 53.663254
0.998923 -0.010689 -0.045162 -3.031398 0.010643 0.999942 -0.001247 -0.473426 0.045173 0.000764 0.998979 54.657001
0.998879 -0.011501 -0.045917 -3.073958 0.011469 0.999933 -0.000989 -0.472155 0.045926 0.000460 0.998946 55.625450
0.998817 -0.014790 -0.046335 -3.124022 0.014977 0.999881 0.003666 -0.489777 0.046277 -0.004355 0.998920 56.593517
0.998815 -0.015977 -0.045988 -3.178432 0.016402 0.999825 0.008869 -0.499272 0.045838 -0.009613 0.998903 57.560207
0.998852 -0.014514 -0.045663 -3.235601 0.015042 0.999823 0.011222 -0.505914 0.045493 -0.011897 0.998894 58.522972
0.998846 -0.013317 -0.046163 -3.293246 0.013685 0.999877 0.007670 -0.516530 0.046057 -0.008292 0.998905 59.471153
0.998810 -0.011308 -0.047442 -3.339905 0.011333 0.999935 0.000245 -0.527482 0.047438 -0.000783 0.998875 60.415771
0.998801 -0.009227 -0.048091 -3.393169 0.009021 0.999949 -0.004527 -0.544876 0.048132 0.004089 0.998833 61.338184
0.998815 -0.004228 -0.048493 -3.454831 0.004028 0.999982 -0.004245 -0.549254 0.048511 0.004044 0.998815 62.260063
0.998776 -0.001785 -0.049453 -3.505527 0.001680 0.999995 -0.002194 -0.566022 0.049458 0.002108 0.998775 63.168018
0.998742 0.001171 -0.050141 -3.564505 -0.001217 0.999998 -0.000879 -0.581893 0.050140 0.000940 0.998743 64.064720
0.998697 0.001981 -0.051020 -3.620252 -0.002055 0.999996 -0.001395 -0.593488 0.051017 0.001498 0.998697 64.941940
0.998604 0.004136 -0.052670 -3.670508 -0.004161 0.999991 -0.000352 -0.612198 0.052668 0.000571 0.998613 65.790680
0.998537 0.004935 -0.053858 -3.723952 -0.004932 0.999988 0.000202 -0.627199 0.053858 0.000065 0.998549 66.651855
0.998521 0.004942 -0.054142 -3.778432 -0.004908 0.999987 0.000761 -0.641718 0.054146 -0.000494 0.998534 67.512993
0.998447 0.005532 -0.055459 -3.831558 -0.005447 0.999983 0.001682 -0.655541 0.055468 -0.001377 0.998460 68.373909
0.998332 0.008380 -0.057135 -3.885390 -0.008142 0.999957 0.004399 -0.665972 0.057170 -0.003925 0.998357 69.187218
0.998252 0.009586 -0.058323 -3.938353 -0.009097 0.999921 0.008633 -0.675641 0.058401 -0.008086 0.998261 69.997551
0.998132 0.012772 -0.059745 -3.998718 -0.012207 0.999877 0.009817 -0.675248 0.059865 -0.009070 0.998166 70.796593
0.998063 0.015926 -0.060146 -4.069031 -0.015619 0.999862 0.005564 -0.679989 0.060227 -0.004614 0.998174 71.572670
0.998016 0.015962 -0.060918 -4.127799 -0.016122 0.999868 -0.002144 -0.686145 0.060877 0.003123 0.998141 72.315887
0.997970 0.015335 -0.061814 -4.183841 -0.015868 0.999840 -0.008135 -0.693128 0.061680 0.009099 0.998055 73.041527
0.997909 0.016364 -0.062528 -4.227098 -0.016957 0.999816 -0.008960 -0.708302 0.062370 0.010002 0.998004 73.756805
0.997845 0.018677 -0.062921 -4.280783 -0.019035 0.999806 -0.005099 -0.727232 0.062814 0.006285 0.998006 74.452072
0.997780 0.018930 -0.063846 -4.336077 -0.019142 0.999812 -0.002716 -0.749790 0.063783 0.003933 0.997956 75.125938
0.997791 0.016024 -0.064482 -4.388844 -0.016457 0.999845 -0.006204 -0.761870 0.064373 0.007252 0.997900 75.778915
0.997937 0.008196 -0.063676 -4.437132 -0.008977 0.999887 -0.011987 -0.769361 0.063571 0.012535 0.997899 76.412086
0.998052 0.004173 -0.062255 -4.483138 -0.005271 0.999832 -0.017499 -0.774165 0.062172 0.017793 0.997907 77.035416
0.998262 0.006445 -0.058591 -4.534273 -0.007532 0.999803 -0.018346 -0.779152 0.058462 0.018755 0.998114 77.642136
0.998495 0.011311 -0.053685 -4.586200 -0.012148 0.999809 -0.015278 -0.795323 0.053503 0.015907 0.998442 78.231201
0.998751 0.009594 -0.049049 -4.608662 -0.010267 0.999855 -0.013486 -0.793037 0.048913 0.013974 0.998706 78.805107
0.999054 0.005663 -0.043133 -4.623390 -0.006090 0.999933 -0.009765 -0.802063 0.043075 0.010018 0.999022 79.369362
0.999405 0.001016 -0.034485 -4.637530 -0.001248 0.999976 -0.006708 -0.815659 0.034477 0.006747 0.999383 79.918068
0.999712 0.004567 -0.023558 -4.652354 -0.004743 0.999961 -0.007420 -0.821352 0.023524 0.007530 0.999695 80.454086
0.999919 0.009735 -0.008229 -4.660943 -0.009797 0.999922 -0.007677 -0.836546 0.008155 0.007757 0.999937 80.973236
0.999839 0.014712 0.010343 -4.660007 -0.014641 0.999869 -0.006884 -0.850325 -0.010442 0.006732 0.999923 81.481682
0.999379 0.013221 0.032688 -4.630426 -0.013031 0.999897 -0.005985 -0.863408 -0.032763 0.005555 0.999448 81.975204
0.998177 0.009793 0.059551 -4.589418 -0.009481 0.999939 -0.005516 -0.867596 -0.059601 0.004942 0.998211 82.457527
0.995914 0.008553 0.089901 -4.538287 -0.008227 0.999958 -0.003999 -0.875324 -0.089930 0.003243 0.995943 82.931465
0.992370 0.007497 0.123074 -4.463231 -0.007204 0.999970 -0.002824 -0.881399 -0.123091 0.001916 0.992394 83.388077
0.986901 0.007572 0.161153 -4.375434 -0.007236 0.999969 -0.002671 -0.883811 -0.161168 0.001471 0.986927 83.833160
0.979239 0.007440 0.202575 -4.262064 -0.007006 0.999971 -0.002855 -0.890417 -0.202590 0.001377 0.979263 84.264221
0.968878 0.006903 0.247444 -4.127165 -0.006342 0.999975 -0.003062 -0.897016 -0.247459 0.001398 0.968898 84.682152
0.955001 0.008921 0.296472 -3.978130 -0.007735 0.999957 -0.005173 -0.906629 -0.296504 0.002646 0.955028 85.090309
0.937027 0.009970 0.349114 -3.800756 -0.007450 0.999935 -0.008561 -0.908100 -0.349177 0.005421 0.937041 85.478943
0.914561 0.010390 0.404315 -3.600057 -0.006359 0.999915 -0.011311 -0.909674 -0.404398 0.007774 0.914551 85.853844
0.887157 0.010570 0.461347 -3.386843 -0.005411 0.999907 -0.012503 -0.921141 -0.461436 0.008596 0.887132 86.207985
0.855143 0.011010 0.518277 -3.152532 -0.004132 0.999887 -0.014422 -0.925478 -0.518377 0.010191 0.855092 86.533340
0.819539 0.009684 0.572943 -2.880966 -0.000480 0.999868 -0.016212 -0.932146 -0.573024 0.013012 0.819436 86.828018
0.780343 0.009749 0.625276 -2.595801 0.001733 0.999840 -0.017753 -0.935688 -0.625349 0.014937 0.780203 87.115173
0.738234 0.008673 0.674490 -2.299570 0.003728 0.999849 -0.016939 -0.940166 -0.674534 0.015020 0.738091 87.378174
0.692930 0.009148 0.720948 -1.987361 0.002733 0.999878 -0.015313 -0.939859 -0.721000 0.012581 0.692821 87.638054
0.645555 0.008016 0.763672 -1.663763 0.004661 0.999885 -0.014435 -0.946854 -0.763699 0.012878 0.645444 87.860802
0.597225 0.006431 0.802048 -1.330717 0.008706 0.999857 -0.014499 -0.960464 -0.802026 0.015642 0.597085 88.053337
0.548223 0.003592 0.836325 -0.991870 0.014764 0.999793 -0.013971 -0.975817 -0.836202 0.020007 0.548057 88.222916
0.499610 0.004626 0.866239 -0.651230 0.013424 0.999824 -0.013082 -0.996429 -0.866147 0.018165 0.499461 88.379608
0.450104 0.007019 0.892949 -0.306466 0.010072 0.999865 -0.012937 -1.009026 -0.892920 0.014817 0.449973 88.529900
0.403750 0.009114 0.914825 0.047074 0.009336 0.999857 -0.014081 -1.019821 -0.914822 0.014226 0.403607 88.644112
0.360462 0.006550 0.932752 0.411563 0.016992 0.999763 -0.013586 -1.028191 -0.932619 0.020746 0.360265 88.737152
0.318964 -0.000336 0.947767 0.779572 0.031958 0.999435 -0.010401 -1.032693 -0.947228 0.033607 0.318795 88.816795
0.283985 -0.004188 0.958820 1.161086 0.036612 0.999308 -0.006479 -1.036523 -0.958129 0.036943 0.283942 88.879318
0.250899 0.000064 0.968014 1.541449 0.034120 0.999377 -0.008910 -1.040902 -0.967412 0.035265 0.250742 88.953217
0.219673 0.006668 0.975551 1.922765 0.023767 0.999643 -0.012185 -1.057661 -0.975284 0.025862 0.219437 89.033577
0.190970 0.010881 0.981536 2.315032 0.019928 0.999689 -0.014959 -1.069473 -0.981394 0.022416 0.190695 89.100700
0.164893 0.012830 0.986228 2.716960 0.022086 0.999616 -0.016697 -1.078279 -0.986064 0.024535 0.164547 89.151657
0.140742 0.014513 0.989940 3.129776 0.028541 0.999417 -0.018710 -1.089922 -0.989635 0.030888 0.140247 89.191223
0.120413 0.021466 0.992492 3.545966 0.035816 0.999021 -0.025953 -1.087108 -0.992078 0.038672 0.119527 89.216400
0.100162 0.028485 0.994564 3.976891 0.037786 0.998759 -0.032410 -1.086730 -0.994253 0.040827 0.098963 89.254105
0.082324 0.029344 0.996174 4.435980 0.035000 0.998865 -0.032316 -1.097224 -0.995992 0.037526 0.081203 89.296165
0.066047 0.025284 0.997497 4.912337 0.033607 0.999054 -0.027549 -1.107813 -0.997251 0.035342 0.065136 89.328911
0.051451 0.021988 0.998434 5.380733 0.033634 0.999152 -0.023736 -1.128564 -0.998109 0.034804 0.050668 89.344803
0.037432 0.019392 0.999111 5.883851 0.035928 0.999138 -0.020739 -1.145764 -0.998654 0.036673 0.036705 89.365021
0.025571 0.019229 0.999489 6.385326 0.040076 0.998991 -0.020244 -1.154042 -0.998870 0.040574 0.024775 89.367249
0.015364 0.021128 0.999659 6.914569 0.042962 0.998839 -0.021770 -1.155577 -0.998959 0.043282 0.014440 89.365372
0.007918 0.022094 0.999725 7.451677 0.045198 0.998725 -0.022430 -1.168109 -0.998947 0.045364 0.006910 89.357399
0.002339 0.022312 0.999748 8.007269 0.047285 0.998630 -0.022397 -1.184912 -0.998879 0.047326 0.001281 89.351952
-0.002376 0.024059 0.999708 8.578650 0.048778 0.998522 -0.023915 -1.191924 -0.998807 0.048707 -0.003544 89.335014
-0.008541 0.024906 0.999654 9.170574 0.049393 0.998480 -0.024454 -1.205019 -0.998743 0.049167 -0.009757 89.327568
-0.012653 0.025264 0.999601 9.778154 0.052231 0.998332 -0.024571 -1.220903 -0.998555 0.051899 -0.013951 89.309692
-0.015890 0.025161 0.999557 10.396903 0.053855 0.998253 -0.024272 -1.239396 -0.998423 0.053445 -0.017217 89.300194
-0.019234 0.024895 0.999505 11.038315 0.054569 0.998225 -0.023814 -1.254774 -0.998325 0.054084 -0.020559 89.287094
-0.021679 0.024558 0.999464 11.693557 0.056603 0.998125 -0.023297 -1.271121 -0.998162 0.056068 -0.023028 89.269531
-0.022338 0.024282 0.999456 12.367225 0.061091 0.997869 -0.022878 -1.292929 -0.997882 0.060547 -0.023773 89.249130
-0.021542 0.024231 0.999474 13.061135 0.064786 0.997639 -0.022790 -1.312480 -0.997667 0.064262 -0.023060 89.232780
-0.019036 0.023777 0.999536 13.777679 0.066699 0.997520 -0.022458 -1.337691 -0.997592 0.066240 -0.020574 89.216339
-0.014275 0.024932 0.999588 14.526090 0.069002 0.997330 -0.023890 -1.340487 -0.997515 0.068633 -0.015956 89.185410
-0.009558 0.024752 0.999648 15.281865 0.069607 0.997284 -0.024028 -1.357919 -0.997529 0.069353 -0.011253 89.169716
-0.005300 0.022965 0.999723 16.054882 0.071625 0.997176 -0.022527 -1.380939 -0.997417 0.071486 -0.006929 89.160225
-0.001222 0.021352 0.999772 16.836103 0.072074 0.997173 -0.021208 -1.403348 -0.997399 0.072032 -0.002756 89.157936
0.002717 0.018978 0.999816 17.637846 0.069421 0.997403 -0.019120 -1.426125 -0.997584 0.069461 0.001392 89.168182
0.005878 0.017748 0.999825 18.446848 0.068809 0.997465 -0.018110 -1.449834 -0.997613 0.068904 0.004642 89.187752
0.010985 0.018795 0.999763 19.269583 0.066494 0.997596 -0.019484 -1.466984 -0.997726 0.066693 0.009710 89.180992
0.013378 0.023147 0.999643 20.100153 0.065029 0.997595 -0.023970 -1.487614 -0.997794 0.065326 0.011841 89.213470
0.014074 0.028572 0.999493 20.934343 0.060545 0.997733 -0.029375 -1.503701 -0.998067 0.060928 0.012313 89.244125
0.014201 0.032248 0.999380 21.779400 0.057741 0.997785 -0.033016 -1.524157 -0.998231 0.058175 0.012308 89.259262
0.015247 0.032240 0.999364 22.614058 0.055643 0.997903 -0.033041 -1.549190 -0.998335 0.056112 0.013422 89.258133
0.015376 0.030108 0.999429 23.450144 0.052894 0.998122 -0.030883 -1.589343 -0.998482 0.053339 0.013756 89.273727
0.015017 0.029178 0.999462 24.285059 0.053854 0.998100 -0.029947 -1.622823 -0.998436 0.054275 0.013418 89.289238
0.014060 0.028175 0.999505 25.123585 0.051708 0.998244 -0.028866 -1.662405 -0.998564 0.052088 0.012579 89.329079
0.013500 0.028686 0.999497 25.959265 0.049801 0.998328 -0.029324 -1.694117 -0.998669 0.050172 0.012049 89.355690
0.013841 0.029300 0.999475 26.792326 0.046868 0.998452 -0.029918 -1.727938 -0.998805 0.047258 0.012446 89.371834
0.011652 0.031082 0.999449 27.637871 0.043887 0.998537 -0.031565 -1.756672 -0.998969 0.044230 0.010272 89.408592
0.008184 0.030767 0.999493 28.468811 0.040786 0.998684 -0.031076 -1.789306 -0.999135 0.041019 0.006919 89.428818
0.004546 0.029213 0.999563 29.288504 0.038691 0.998819 -0.029367 -1.825647 -0.999242 0.038808 0.003412 89.434616
-0.000101 0.026600 0.999647 30.115208 0.036928 0.998964 -0.026578 -1.861842 -0.999318 0.036912 -0.001083 89.433876
-0.005966 0.023789 0.999699 30.929611 0.035351 0.999097 -0.023563 -1.901638 -0.999358 0.035200 -0.006800 89.425468
-0.013385 0.023704 0.999629 31.736254 0.034901 0.999121 -0.023224 -1.938252 -0.999301 0.034578 -0.014199 89.411240
-0.022123 0.024907 0.999446 32.561672 0.034364 0.999117 -0.024138 -1.965712 -0.999165 0.033811 -0.022959 89.400429
-0.031915 0.025364 0.999169 33.372059 0.034810 0.999099 -0.024250 -1.995685 -0.998885 0.034008 -0.032769 89.370125
-0.041411 0.024291 0.998847 34.181503 0.036905 0.999059 -0.022766 -2.021918 -0.998461 0.035920 -0.042267 89.324104
-0.052660 0.023573 0.998335 34.987579 0.035171 0.999145 -0.021737 -2.051823 -0.997994 0.033968 -0.053443 89.288963
-0.064064 0.023272 0.997674 35.791420 0.036918 0.999098 -0.020935 -2.073340 -0.997263 0.035491 -0.064865 89.243973
-0.074416 0.022707 0.996969 36.581608 0.036432 0.999135 -0.020037 -2.114225 -0.996562 0.034831 -0.075179 89.170807
-0.084985 0.023207 0.996112 37.369431 0.036770 0.999120 -0.020140 -2.142884 -0.995704 0.034916 -0.085763 89.097145
-0.095475 0.024291 0.995136 38.151550 0.036300 0.999122 -0.020905 -2.170895 -0.994770 0.034126 -0.096273 89.021286
-0.105904 0.025493 0.994050 38.935043 0.037226 0.999072 -0.021656 -2.198047 -0.993680 0.034712 -0.106755 88.941002
-0.115053 0.026382 0.993010 39.707687 0.037990 0.999032 -0.022140 -2.224238 -0.992633 0.035177 -0.115944 88.841591
-0.124850 0.027272 0.991802 40.467518 0.038569 0.999000 -0.022614 -2.246682 -0.991427 0.035430 -0.125776 88.746109
-0.136102 0.027694 0.990308 41.220165 0.039435 0.998968 -0.022516 -2.274662 -0.989910 0.035988 -0.137053 88.666473
-0.144941 0.027105 0.989070 41.960270 0.040575 0.998946 -0.021430 -2.303192 -0.988609 0.037027 -0.145888 88.558701
-0.152419 0.025925 0.987977 42.692059 0.042137 0.998917 -0.019711 -2.332901 -0.987418 0.038627 -0.153346 88.444511
-0.158007 0.024718 0.987129 43.417477 0.045093 0.998824 -0.017793 -2.355362 -0.986409 0.041702 -0.158936 88.329597
-0.162255 0.023440 0.986471 44.131031 0.048095 0.998717 -0.015820 -2.374743 -0.985577 0.044878 -0.163174 88.217651
-0.166061 0.022283 0.985864 44.836597 0.049714 0.998663 -0.014198 -2.399650 -0.984862 0.046654 -0.166946 88.110779
-0.167770 0.021366 0.985595 45.532005 0.049825 0.998671 -0.013167 -2.421258 -0.984567 0.046898 -0.168611 87.993011
-0.168218 0.021306 0.985520 46.205593 0.051662 0.998582 -0.012769 -2.451147 -0.984396 0.048766 -0.169079 87.864822
-0.167698 0.022555 0.985580 46.865078 0.052256 0.998535 -0.013960 -2.469637 -0.984453 0.049162 -0.168630 87.757591
-0.164647 0.024662 0.986044 47.516140 0.053758 0.998425 -0.015994 -2.484010 -0.984887 0.050374 -0.165714 87.650642
-0.159450 0.025576 0.986875 48.150921 0.053572 0.998415 -0.017219 -2.494586 -0.985751 0.050124 -0.160567 87.552162
-0.151295 0.026231 0.988141 48.742016 0.052887 0.998430 -0.018406 -2.516495 -0.987074 0.049475 -0.152444 87.461769
-0.140432 0.025589 0.989760 49.311348 0.051415 0.998505 -0.018520 -2.546797 -0.988755 0.048289 -0.141537 87.391983
-0.127244 0.025638 0.991541 49.872620 0.051104 0.998507 -0.019259 -2.573194 -0.990555 0.048222 -0.128364 87.333260
-0.109994 0.026802 0.993571 50.419548 0.050104 0.998515 -0.021387 -2.595296 -0.992669 0.047429 -0.111173 87.285446
-0.089244 0.029335 0.995578 50.956833 0.048618 0.998503 -0.025063 -2.613560 -0.994823 0.046166 -0.090536 87.255493
-0.064713 0.033080 0.997356 51.479313 0.046522 0.998464 -0.030098 -2.627597 -0.996819 0.044451 -0.066151 87.239212
-0.037064 0.035945 0.998667 52.049454 0.042989 0.998485 -0.034342 -2.636951 -0.998388 0.041659 -0.038553 87.251228
-0.005012 0.035949 0.999341 52.559456 0.040374 0.998546 -0.035718 -2.658450 -0.999173 0.040168 -0.006456 87.281403
0.033251 0.033834 0.998875 53.071808 0.038697 0.998634 -0.035114 -2.682064 -0.998698 0.039821 0.031898 87.317673
0.075211 0.030341 0.996706 53.584564 0.036026 0.998801 -0.033122 -2.706428 -0.996517 0.038398 0.074029 87.384651
0.121078 0.026153 0.992299 54.092110 0.033236 0.998985 -0.030384 -2.731008 -0.992087 0.036658 0.120086 87.466934
0.169041 0.022993 0.985341 54.574165 0.028216 0.999205 -0.028158 -2.752807 -0.985206 0.032563 0.168258 87.589897
0.221421 0.021972 0.974931 55.052582 0.024514 0.999304 -0.028088 -2.769167 -0.974870 0.030119 0.220729 87.727303
0.277082 0.021377 0.960609 55.521038 0.023307 0.999309 -0.028960 -2.793431 -0.960564 0.030414 0.276393 87.894257
0.336237 0.022391 0.941512 55.963917 0.024135 0.999184 -0.032381 -2.816329 -0.941468 0.033611 0.335422 88.085716
0.397256 0.025452 0.917355 56.392403 0.024896 0.998948 -0.038498 -2.842167 -0.917370 0.038132 0.396204 88.311989
0.459305 0.030418 0.887758 56.790939 0.025024 0.998573 -0.047161 -2.848930 -0.887926 0.043876 0.457889 88.548691
0.521009 0.037133 0.852744 57.172714 0.018352 0.998335 -0.054686 -2.859676 -0.853354 0.044142 0.519460 88.812149
0.578856 0.039421 0.814477 57.525543 0.012992 0.998258 -0.057548 -2.893456 -0.815326 0.043894 0.577336 89.128227
0.634180 0.040018 0.772150 57.857082 0.010154 0.998142 -0.060070 -2.922011 -0.773119 0.045935 0.632597 89.452499
0.686009 0.038104 0.726595 58.173782 0.008236 0.998157 -0.060120 -2.950226 -0.727545 0.047228 0.684432 89.799530
0.733818 0.034895 0.678450 58.459652 0.004076 0.998435 -0.055761 -2.978357 -0.679334 0.043685 0.732528 90.171471
0.778631 0.029737 0.626777 58.733749 0.001803 0.998765 -0.049627 -3.002243 -0.627479 0.039772 0.777618 90.556435
0.818491 0.026739 0.573897 58.981510 -0.002054 0.999046 -0.043618 -3.029608 -0.574515 0.034523 0.817766 90.964073
0.852652 0.024887 0.521887 59.195351 -0.005511 0.999237 -0.038646 -3.036523 -0.522450 0.030076 0.852140 91.377533
0.880727 0.026358 0.472890 59.374832 -0.011362 0.999338 -0.034539 -3.050864 -0.473487 0.025047 0.880445 91.802109
0.903336 0.027972 0.428021 59.543537 -0.016254 0.999387 -0.031009 -3.075749 -0.428626 0.021054 0.903237 92.240585
0.920894 0.033534 0.388369 59.699039 -0.024333 0.999295 -0.028585 -3.092222 -0.389054 0.016873 0.921061 92.694695
0.934526 0.037772 0.353886 59.839592 -0.029265 0.999139 -0.029361 -3.109835 -0.354691 0.017083 0.934828 93.165367
0.945430 0.039731 0.323396 59.977779 -0.032010 0.999061 -0.029161 -3.124573 -0.324251 0.017219 0.945815 93.628906
0.952649 0.034890 0.302065 60.112499 -0.027152 0.999187 -0.029778 -3.138955 -0.302859 0.020167 0.952822 94.080086
0.957644 0.031783 0.286199 60.256035 -0.024704 0.999294 -0.028312 -3.172689 -0.286896 0.020043 0.957753 94.548431
0.961272 0.035889 0.273255 60.386311 -0.029322 0.999175 -0.028081 -3.199416 -0.274037 0.018981 0.961533 95.030693
0.963795 0.041376 0.263416 60.509495 -0.035351 0.998994 -0.027571 -3.215797 -0.264291 0.017261 0.964288 95.534554
0.965173 0.048482 0.257082 60.633041 -0.042448 0.998678 -0.028968 -3.228603 -0.258146 0.017047 0.965956 96.042763
0.965688 0.054912 0.253835 60.757721 -0.048409 0.998320 -0.031800 -3.260629 -0.255154 0.018422 0.966726 96.561378
0.965651 0.057024 0.253511 60.890034 -0.049865 0.998157 -0.034578 -3.287062 -0.255015 0.020749 0.966715 97.097870
0.965146 0.055313 0.255802 61.034660 -0.046819 0.998135 -0.039181 -3.300447 -0.257491 0.025839 0.965935 97.660118
0.964189 0.054455 0.259567 61.183464 -0.044037 0.997979 -0.045788 -3.323961 -0.261535 0.032718 0.964640 98.222626
0.962992 0.055211 0.263818 61.336178 -0.043340 0.997777 -0.050610 -3.350276 -0.266025 0.037303 0.963245 98.781052
0.960878 0.059850 0.270431 61.455582 -0.048062 0.997591 -0.050008 -3.381811 -0.272773 0.035054 0.961441 99.397980
0.958915 0.063094 0.276588 61.607903 -0.052439 0.997574 -0.045758 -3.414048 -0.278803 0.029375 0.959899 100.011032
0.957861 0.059685 0.280963 61.790543 -0.050100 0.997894 -0.041179 -3.448241 -0.282828 0.025367 0.958835 100.612419
0.957094 0.054634 0.284584 61.980137 -0.046413 0.998288 -0.035557 -3.477618 -0.286039 0.020823 0.957992 101.221222
0.956131 0.052059 0.288277 62.168209 -0.045040 0.998505 -0.030933 -3.508841 -0.289456 0.016592 0.957048 101.847298
0.955511 0.046939 0.291199 62.365555 -0.039975 0.998755 -0.029820 -3.538299 -0.292235 0.016852 0.956198 102.469780
0.955669 0.043954 0.291145 62.570724 -0.035697 0.998797 -0.033616 -3.561725 -0.292271 0.021732 0.956089 103.105431
0.955849 0.043764 0.290582 62.769947 -0.033324 0.998612 -0.040778 -3.588115 -0.291962 0.029294 0.955981 103.753960
0.956030 0.046342 0.289585 62.966721 -0.033911 0.998280 -0.047800 -3.616099 -0.291302 0.035879 0.955959 104.409676
0.956421 0.050322 0.287621 63.153214 -0.036942 0.997975 -0.051765 -3.645133 -0.289643 0.038885 0.956344 105.083511
0.957149 0.048664 0.285479 63.356110 -0.036501 0.998190 -0.047773 -3.676835 -0.287287 0.035306 0.957194 105.774620
0.957712 0.044672 0.284242 63.572849 -0.034388 0.998564 -0.041068 -3.704570 -0.285667 0.029557 0.957873 106.481445
0.958625 0.044083 0.281239 63.795353 -0.035475 0.998734 -0.035631 -3.737059 -0.282453 0.024180 0.958976 107.192802
0.958927 0.047203 0.279700 63.998959 -0.038494 0.998589 -0.036556 -3.771158 -0.281030 0.024288 0.959392 107.919334
0.959234 0.052700 0.277659 64.193336 -0.042937 0.998230 -0.041129 -3.803773 -0.279335 0.027531 0.959800 108.644974
0.960348 0.054052 0.273517 64.399086 -0.043008 0.998004 -0.046219 -3.838487 -0.275468 0.032622 0.960757 109.383987
0.961631 0.052532 0.269273 64.610352 -0.040842 0.997971 -0.048836 -3.877765 -0.271292 0.035964 0.961826 110.134285
0.962741 0.049878 0.265787 64.818237 -0.038769 0.998147 -0.046884 -3.921420 -0.267633 0.034833 0.962892 110.907204
0.963811 0.045851 0.262615 65.031265 -0.035237 0.998365 -0.044986 -3.963345 -0.264248 0.034105 0.963852 111.688240
0.964437 0.044644 0.260519 65.247040 -0.034817 0.998501 -0.042214 -4.005461 -0.262012 0.031643 0.964547 112.486488
0.964711 0.041695 0.259988 65.450310 -0.032300 0.998665 -0.040306 -4.041086 -0.261321 0.030486 0.964771 113.289215
0.964895 0.036495 0.260090 65.664452 -0.027204 0.998859 -0.039231 -4.079383 -0.261224 0.030778 0.964788 114.086273
0.965048 0.037133 0.259432 65.877846 -0.028348 0.998893 -0.037521 -4.118877 -0.260538 0.028855 0.965033 114.901901
0.964688 0.042639 0.259925 66.084740 -0.033510 0.998659 -0.039455 -4.159705 -0.261259 0.029352 0.964823 115.717659
0.964179 0.048479 0.260786 66.286522 -0.038468 0.998319 -0.043357 -4.191748 -0.262449 0.031772 0.964424 116.544800
0.963387 0.057351 0.261912 66.489319 -0.047161 0.997871 -0.045031 -4.230462 -0.263936 0.031030 0.964042 117.368912
0.962067 0.063528 0.265317 66.693787 -0.053562 0.997566 -0.044638 -4.272725 -0.267507 0.028734 0.963128 118.215698
0.961053 0.065138 0.268582 66.910820 -0.055571 0.997525 -0.043075 -4.311647 -0.270723 0.026473 0.962294 119.051468
0.960210 0.065706 0.271443 67.133278 -0.055768 0.997465 -0.044171 -4.356291 -0.273656 0.027275 0.961441 119.895119
0.959624 0.064774 0.273726 67.360313 -0.053857 0.997432 -0.047218 -4.398338 -0.276082 0.030569 0.960648 120.733047
0.959611 0.057623 0.275366 67.595421 -0.046574 0.997831 -0.046503 -4.433147 -0.277448 0.031801 0.960215 121.578598
0.959978 0.050503 0.275485 67.844757 -0.038643 0.998084 -0.048315 -4.481637 -0.277397 0.035736 0.960091 122.413513
0.959618 0.049903 0.276844 68.081497 -0.037871 0.998097 -0.048642 -4.531291 -0.278744 0.036193 0.959683 123.245605
0.959052 0.051834 0.278447 68.316322 -0.040396 0.998093 -0.046665 -4.565202 -0.280334 0.033507 0.959318 124.075844
0.958649 0.053432 0.279533 68.554207 -0.043630 0.998199 -0.041170 -4.611338 -0.281228 0.027272 0.959254 124.917236
0.958089 0.056492 0.280849 68.784348 -0.048023 0.998162 -0.036948 -4.661766 -0.282420 0.021912 0.959041 125.744469
0.957756 0.055641 0.282151 69.018318 -0.045129 0.998028 -0.043624 -4.707608 -0.284020 0.029048 0.958378 126.566513
0.957976 0.051857 0.282123 69.257080 -0.036928 0.997634 -0.057981 -4.757924 -0.284462 0.045126 0.957626 127.374130
0.958367 0.050217 0.281087 69.504921 -0.032537 0.997207 -0.067221 -4.805726 -0.283677 0.055277 0.957326 128.179001
0.958965 0.046534 0.279680 69.758476 -0.031526 0.997822 -0.057923 -4.859392 -0.281766 0.046729 0.958345 129.011322
0.959628 0.037820 0.278719 70.007362 -0.028505 0.998893 -0.037402 -4.907904 -0.279825 0.027947 0.959645 129.855698
0.960063 0.033548 0.277765 70.246445 -0.028303 0.999338 -0.022873 -4.954688 -0.278347 0.014099 0.960377 130.701233
0.961104 0.038497 0.273492 70.495445 -0.033079 0.999154 -0.024393 -5.028038 -0.274200 0.014398 0.961566 131.515976
0.961239 0.047311 0.271630 70.705254 -0.037585 0.998456 -0.040899 -5.053593 -0.273145 0.029105 0.961533 132.318222
0.961344 0.048001 0.271134 70.913719 -0.035888 0.998131 -0.049461 -5.079731 -0.273001 0.037819 0.961271 133.129044
0.961997 0.044172 0.269463 71.137405 -0.031604 0.998208 -0.050800 -5.125978 -0.271224 0.040354 0.961670 133.936798
0.962504 0.043610 0.267740 71.341949 -0.031393 0.998269 -0.049740 -5.175133 -0.269445 0.039471 0.962207 134.771805
0.963627 0.043377 0.263707 71.555298 -0.031035 0.998226 -0.050793 -5.225459 -0.265442 0.040763 0.963265 135.583237
0.964911 0.044653 0.258753 71.763916 -0.032148 0.998110 -0.052360 -5.274924 -0.260602 0.042204 0.964524 136.384659
0.965536 0.049626 0.255496 71.967575 -0.037434 0.997926 -0.052363 -5.328599 -0.257563 0.040994 0.965392 137.184753
0.965829 0.055933 0.253072 72.169846 -0.044323 0.997696 -0.051350 -5.400184 -0.255360 0.038380 0.966084 138.000717
0.966233 0.057160 0.251252 72.374794 -0.046139 0.997706 -0.049542 -5.448708 -0.253507 0.036276 0.966654 138.801270
0.966582 0.054858 0.250421 72.575325 -0.045040 0.997980 -0.044778 -5.498519 -0.252372 0.032003 0.967101 139.605301
0.967014 0.053780 0.248983 72.774139 -0.044058 0.998039 -0.044462 -5.554381 -0.250885 0.032027 0.967488 140.409698
0.967896 0.052142 0.245883 72.978912 -0.041677 0.997997 -0.047572 -5.601918 -0.247871 0.035798 0.968132 141.192398
0.969457 0.047548 0.240609 73.189468 -0.036181 0.998019 -0.051445 -5.653312 -0.242578 0.041168 0.969258 141.980713
0.971338 0.045064 0.233394 73.400726 -0.033701 0.998054 -0.052453 -5.701091 -0.235304 0.043084 0.970967 142.763000
0.972753 0.042903 0.227840 73.564995 -0.032942 0.998334 -0.047345 -5.743116 -0.229492 0.038550 0.972548 143.576385
0.974407 0.040177 0.221174 73.763710 -0.032101 0.998684 -0.039992 -5.772401 -0.222488 0.031868 0.974415 144.402771
0.975683 0.036896 0.216063 73.968773 -0.030908 0.999040 -0.031033 -5.804321 -0.217000 0.023601 0.975887 145.198059
0.976330 0.043401 0.211889 74.134506 -0.038094 0.998850 -0.029068 -5.831188 -0.212906 0.020309 0.976862 146.005508
0.977181 0.045973 0.207377 74.286499 -0.039895 0.998645 -0.033403 -5.872962 -0.208631 0.024368 0.977691 146.803070
0.978753 0.046726 0.199648 74.449219 -0.038744 0.998293 -0.043700 -5.910054 -0.201349 0.035036 0.978893 147.590698
0.980183 0.044137 0.193117 74.605927 -0.035216 0.998158 -0.049386 -5.945566 -0.194940 0.041607 0.979933 148.384628
0.981369 0.043068 0.187245 74.745659 -0.034554 0.998225 -0.048502 -5.985509 -0.189001 0.041129 0.981116 149.187210
0.982619 0.048888 0.179087 74.890869 -0.041443 0.998123 -0.045084 -6.029858 -0.180954 0.036879 0.982800 149.994080
0.983678 0.054406 0.171518 75.008904 -0.047050 0.997802 -0.046666 -6.075042 -0.173679 0.037834 0.984076 150.807693
0.985105 0.057208 0.162160 75.127380 -0.049253 0.997396 -0.052666 -6.117685 -0.164751 0.043896 0.985359 151.611389
0.986509 0.055871 0.153879 75.248886 -0.047949 0.997349 -0.054720 -6.168017 -0.156528 0.046604 0.986573 152.430756
0.987720 0.055683 0.145977 75.363152 -0.048574 0.997474 -0.051816 -6.217158 -0.148494 0.044089 0.987931 153.251419
0.988751 0.057674 0.138005 75.471573 -0.052004 0.997661 -0.044352 -6.268240 -0.140241 0.036677 0.989438 154.078857
0.989614 0.061077 0.130140 75.565094 -0.056452 0.997645 -0.038940 -6.308926 -0.132211 0.031190 0.990731 154.910019
0.990631 0.059969 0.122701 75.661964 -0.055969 0.997791 -0.035791 -6.349289 -0.124576 0.028587 0.991799 155.736984
0.991396 0.059875 0.116399 75.757820 -0.056250 0.997831 -0.034180 -6.380998 -0.118192 0.027339 0.992614 156.555222
0.991961 0.058858 0.112031 75.842873 -0.055142 0.997829 -0.035990 -6.420286 -0.113905 0.029523 0.993053 157.388626
0.992171 0.063857 0.107328 75.918617 -0.059714 0.997357 -0.041379 -6.462459 -0.109686 0.034646 0.993363 158.208862
0.992147 0.070159 0.103556 75.987656 -0.065477 0.996701 -0.047938 -6.506657 -0.106578 0.040782 0.993468 159.027374
0.992074 0.076405 0.099761 76.053230 -0.071230 0.995973 -0.054441 -6.555902 -0.103519 0.046905 0.993521 159.841934
0.992225 0.077846 0.097113 76.120773 -0.073363 0.996104 -0.048911 -6.596483 -0.100541 0.041407 0.994071 160.676132
0.992288 0.079035 0.095499 76.187675 -0.075649 0.996388 -0.038560 -6.637996 -0.098202 0.031039 0.994683 161.509613
0.992511 0.079952 0.092359 76.256004 -0.077404 0.996521 -0.030855 -6.686347 -0.094504 0.023475 0.995248 162.346497
0.993290 0.076532 0.086707 76.336952 -0.073816 0.996688 -0.034101 -6.728674 -0.089029 0.027472 0.995651 163.167297
0.994630 0.064822 0.080687 76.414536 -0.061434 0.997150 -0.043780 -6.770776 -0.083295 0.038588 0.995778 163.979034
0.995280 0.062761 0.074019 76.470642 -0.059264 0.997061 -0.048536 -6.804893 -0.076847 0.043920 0.996076 164.790054
0.995543 0.066434 0.066942 76.518730 -0.063351 0.996875 -0.047172 -6.847122 -0.069866 0.042721 0.996642 165.620346
0.996194 0.063861 0.059345 76.569138 -0.061477 0.997259 -0.041161 -6.887138 -0.061811 0.037356 0.997389 166.457443
0.996910 0.058409 0.052537 76.608879 -0.056477 0.997698 -0.037536 -6.929781 -0.054608 0.034452 0.997914 167.291122
0.997685 0.049312 0.046830 76.654823 -0.047753 0.998286 -0.033825 -6.959640 -0.048417 0.031511 0.998330 168.143494
0.998187 0.045054 0.039917 76.700302 -0.043723 0.998479 -0.033576 -7.005908 -0.041368 0.031771 0.998639 168.988129
0.998540 0.041967 0.034015 76.717072 -0.040573 0.998349 -0.040651 -7.046493 -0.035664 0.039211 0.998594 169.834686
0.999100 0.033373 0.026177 76.747284 -0.032014 0.998199 -0.050725 -7.088109 -0.027821 0.049841 0.998370 170.667877
0.999535 0.023200 0.019829 76.773781 -0.022084 0.998253 -0.054791 -7.130702 -0.021065 0.054328 0.998302 171.507019
0.999545 0.026970 0.013536 76.777908 -0.026306 0.998546 -0.047049 -7.179960 -0.014785 0.046671 0.998801 172.366333
0.999274 0.037059 0.008809 76.766838 -0.036742 0.998755 -0.033719 -7.223890 -0.010046 0.033371 0.999393 173.229691
0.999139 0.041311 0.003691 76.768852 -0.041202 0.998816 -0.025849 -7.267457 -0.004753 0.025674 0.999660 174.069855
0.999178 0.040546 -0.000183 76.762337 -0.040534 0.998769 -0.028596 -7.308250 -0.000976 0.028581 0.999592 174.918869
0.999108 0.042188 -0.002319 76.749435 -0.042246 0.998338 -0.039186 -7.346132 0.000663 0.039249 0.999229 175.759842
0.998578 0.053040 -0.005367 76.725006 -0.053239 0.997409 -0.048378 -7.384694 0.002787 0.048595 0.998815 176.606735
0.998620 0.051948 -0.007680 76.714836 -0.052275 0.997295 -0.051652 -7.433203 0.004977 0.051983 0.998636 177.445618
0.998874 0.046274 -0.010535 76.720032 -0.046717 0.997817 -0.046677 -7.482955 0.008353 0.047118 0.998855 178.306564
0.998891 0.045988 -0.010150 76.705750 -0.046341 0.998209 -0.037810 -7.528994 0.008393 0.038238 0.999234 179.177246
0.998833 0.047287 -0.009852 76.689766 -0.047583 0.998341 -0.032419 -7.569523 0.008304 0.032850 0.999426 180.043686
0.998820 0.047125 -0.011755 76.676407 -0.047498 0.998299 -0.033797 -7.606364 0.010144 0.034316 0.999360 180.906342
0.998928 0.043963 -0.014536 76.670517 -0.044550 0.998088 -0.042822 -7.649013 0.012627 0.043425 0.998977 181.749069
0.999280 0.033609 -0.017634 76.676125 -0.034521 0.997929 -0.054270 -7.698856 0.015775 0.054840 0.998371 182.599503
0.999531 0.022858 -0.020357 76.679756 -0.024009 0.998013 -0.058244 -7.748389 0.018986 0.058706 0.998095 183.461746
0.999461 0.025209 -0.021057 76.652313 -0.026307 0.998214 -0.053623 -7.800823 0.019668 0.054148 0.998339 184.337524
0.999278 0.030779 -0.022297 76.622360 -0.031708 0.998589 -0.042580 -7.856899 0.020955 0.043257 0.998845 185.204697
0.999218 0.031039 -0.024489 76.606041 -0.031985 0.998717 -0.039232 -7.904479 0.023241 0.039985 0.998931 186.065659
0.999202 0.031002 -0.025175 76.568237 -0.032059 0.998569 -0.042787 -7.957779 0.023812 0.043560 0.998768 186.930862
0.999181 0.031211 -0.025763 76.547279 -0.032439 0.998285 -0.048722 -8.005817 0.024199 0.049517 0.998480 187.779938
0.998934 0.037796 -0.026506 76.519302 -0.039068 0.998022 -0.049245 -8.052608 0.024593 0.050228 0.998435 188.624512
0.998844 0.039726 -0.027088 76.498253 -0.040930 0.998128 -0.045437 -8.107156 0.025233 0.046493 0.998600 189.464401
0.998690 0.043471 -0.026994 76.455597 -0.044578 0.998128 -0.041866 -8.159094 0.025123 0.043015 0.998759 190.305908
0.998580 0.045875 -0.027086 76.426971 -0.046900 0.998155 -0.038528 -8.207726 0.025270 0.039744 0.998891 191.145493
0.998327 0.051015 -0.027241 76.385078 -0.052079 0.997845 -0.039891 -8.239781 0.025148 0.041244 0.998833 191.963211
0.998429 0.048877 -0.027420 76.353294 -0.050035 0.997810 -0.043264 -8.292922 0.025245 0.044568 0.998688 192.779907
0.998285 0.051099 -0.028562 76.324425 -0.052440 0.997452 -0.048377 -8.339327 0.026018 0.049792 0.998421 193.596863
0.998200 0.052225 -0.029482 76.288986 -0.053598 0.997412 -0.047914 -8.382041 0.026905 0.049408 0.998416 194.403091
0.998147 0.052440 -0.030881 76.258728 -0.053600 0.997838 -0.038030 -8.426507 0.028821 0.039616 0.998799 195.206161
0.998210 0.050704 -0.031700 76.227425 -0.051638 0.998233 -0.029398 -8.467624 0.030154 0.030983 0.999065 196.004089
0.998480 0.044869 -0.032040 76.205070 -0.045762 0.998568 -0.027719 -8.510944 0.030751 0.029144 0.999103 196.782043
0.998528 0.043306 -0.032678 76.167091 -0.044435 0.998409 -0.034700 -8.544915 0.031124 0.036101 0.998864 197.556427
0.998459 0.045128 -0.032306 76.137466 -0.046396 0.998136 -0.039621 -8.581414 0.030459 0.041059 0.998693 198.300995
0.998561 0.043402 -0.031516 76.106743 -0.044801 0.997974 -0.045157 -8.620414 0.029493 0.046504 0.998483 199.027283
0.998683 0.040210 -0.031872 76.095718 -0.041733 0.997942 -0.048668 -8.663083 0.029850 0.049935 0.998307 199.732697
0.998887 0.037173 -0.029018 76.075226 -0.038675 0.997841 -0.053075 -8.710032 0.026983 0.054138 0.998169 200.414200
0.999086 0.035039 -0.024473 76.056366 -0.036332 0.997845 -0.054626 -8.748020 0.022507 0.055465 0.998207 201.099899
0.999098 0.037761 -0.019442 76.046295 -0.038690 0.998007 -0.049856 -8.796947 0.017521 0.050564 0.998567 201.765747
0.999034 0.041953 -0.013092 76.030281 -0.042458 0.998255 -0.041021 -8.837168 0.011349 0.041538 0.999073 202.453705
0.998809 0.048212 -0.007526 76.021080 -0.048457 0.998150 -0.036684 -8.879162 0.005744 0.037005 0.999299 203.129990
0.998782 0.049315 -0.001978 76.025543 -0.049354 0.998043 -0.038383 -8.920692 0.000083 0.038434 0.999261 203.786682
0.998826 0.048200 0.004845 76.030113 -0.047923 0.997775 -0.046352 -8.964723 -0.007068 0.046066 0.998914 204.437561
0.998705 0.049517 0.011773 76.037689 -0.048793 0.997272 -0.055378 -9.005758 -0.014482 0.054732 0.998397 205.085388
0.998458 0.052244 0.018765 76.043571 -0.051015 0.996843 -0.060839 -9.042435 -0.021884 0.059788 0.997972 205.737396
0.998285 0.052285 0.026347 76.061920 -0.050638 0.996930 -0.059714 -9.089371 -0.029388 0.058278 0.997868 206.379913
0.998302 0.048211 0.032707 76.084160 -0.046377 0.997427 -0.054656 -9.133773 -0.035257 0.053047 0.997970 207.039993
0.998429 0.040518 0.038700 76.124191 -0.038602 0.998051 -0.049032 -9.182473 -0.040611 0.047462 0.998047 207.698959
0.998412 0.034558 0.044497 76.162140 -0.032418 0.998323 -0.047940 -9.225256 -0.046078 0.046422 0.997859 208.343781
0.998175 0.036077 0.048436 76.186768 -0.033809 0.998330 -0.046843 -9.267661 -0.050045 0.045120 0.997728 208.991470
0.997985 0.039168 0.049924 76.205284 -0.036908 0.998286 -0.045416 -9.300757 -0.051616 0.043482 0.997720 209.641739
0.997938 0.039584 0.050533 76.224182 -0.037379 0.998338 -0.043847 -9.329846 -0.052184 0.041868 0.997760 210.295807
0.997973 0.039417 0.049988 76.249512 -0.037379 0.998457 -0.041055 -9.367769 -0.051528 0.039104 0.997907 210.957047
0.997911 0.040802 0.050096 76.280266 -0.038838 0.998460 -0.039583 -9.400099 -0.051633 0.037555 0.997960 211.614563
0.997848 0.042188 0.050206 76.311089 -0.040296 0.998460 -0.038111 -9.431463 -0.051735 0.036006 0.998012 212.272324
0.997700 0.047227 0.048638 76.335342 -0.044952 0.997889 -0.046853 -9.466036 -0.050748 0.044559 0.997718 212.927567
0.997922 0.045506 0.045621 76.371933 -0.042961 0.997545 -0.055287 -9.505218 -0.048025 0.053212 0.997428 213.587692
0.998357 0.039658 0.041379 76.411835 -0.037138 0.997507 -0.059985 -9.537748 -0.043654 0.058350 0.997342 214.249847
0.998435 0.041548 0.037430 76.436348 -0.039490 0.997751 -0.054149 -9.572788 -0.039595 0.052586 0.997832 214.921677
0.998289 0.047843 0.033623 76.447800 -0.046420 0.998044 -0.041871 -9.609526 -0.035560 0.040239 0.998558 215.610687
0.998661 0.042325 0.029747 76.470886 -0.041524 0.998771 -0.027039 -9.649363 -0.030854 0.025767 0.999192 216.302460
0.999038 0.035475 0.025804 76.496170 -0.035007 0.999218 -0.018368 -9.672317 -0.026435 0.017446 0.999498 216.992584
0.999185 0.033361 0.022730 76.514214 -0.032918 0.999265 -0.019602 -9.703300 -0.023367 0.018837 0.999550 217.680832
0.999069 0.037779 0.020852 76.510841 -0.037243 0.998980 -0.025547 -9.733109 -0.021795 0.024747 0.999457 218.359879
0.999178 0.036712 0.017197 76.515068 -0.036104 0.998757 -0.034349 -9.755128 -0.018437 0.033700 0.999263 219.041367
0.999492 0.028400 0.014479 76.539429 -0.027818 0.998854 -0.038931 -9.779714 -0.015566 0.038509 0.999138 219.733536
0.999687 0.020493 0.014416 76.549278 -0.020000 0.999237 -0.033532 -9.812537 -0.015091 0.033233 0.999334 220.435165
0.999817 0.013728 0.013298 76.559120 -0.013331 0.999476 -0.029470 -9.848245 -0.013695 0.029288 0.999478 221.145004
0.999877 0.010378 0.011811 76.572441 -0.010063 0.999597 -0.026515 -9.884980 -0.012082 0.026393 0.999579 221.860489
0.999903 0.008368 0.011195 76.575264 -0.008029 0.999519 -0.029945 -9.914474 -0.011441 0.029852 0.999490 222.565170
0.999941 0.002398 0.010579 76.587189 -0.002035 0.999410 -0.034256 -9.947691 -0.010655 0.034232 0.999358 223.263718
0.999931 -0.006220 0.010011 76.603287 0.006579 0.999324 -0.036143 -9.971421 -0.009779 0.036206 0.999297 223.973007
0.999926 -0.008298 0.008873 76.614189 0.008586 0.999418 -0.033001 -10.001463 -0.008593 0.033075 0.999416 224.684341
0.999918 -0.010031 0.008104 76.620422 0.010262 0.999528 -0.028943 -10.028914 -0.007809 0.029024 0.999549 225.402267
0.999909 -0.011305 0.007380 76.624207 0.011496 0.999589 -0.026246 -10.058686 -0.007079 0.026329 0.999628 226.110504
0.999887 -0.013347 0.006924 76.630341 0.013539 0.999505 -0.028388 -10.090202 -0.006541 0.028479 0.999573 226.821701
0.999851 -0.015513 0.007579 76.633278 0.015773 0.999244 -0.035529 -10.125281 -0.007022 0.035643 0.999340 227.505539
0.999837 -0.016407 0.007559 76.637779 0.016733 0.998835 -0.045247 -10.156623 -0.006808 0.045366 0.998948 228.184174
0.999868 -0.014448 0.007529 76.642113 0.014813 0.998598 -0.050810 -10.193544 -0.006784 0.050916 0.998680 228.856018
0.999898 -0.011754 0.008187 76.638718 0.012146 0.998701 -0.049465 -10.231425 -0.007594 0.049560 0.998743 229.524734
0.999871 -0.013951 0.008051 76.646446 0.014283 0.998982 -0.042776 -10.274093 -0.007446 0.042885 0.999053 230.193390
0.999841 -0.016221 0.007538 76.654648 0.016474 0.999259 -0.034760 -10.313184 -0.006968 0.034879 0.999368 230.837814
0.999838 -0.016348 0.007641 76.659294 0.016570 0.999411 -0.030037 -10.346276 -0.007145 0.030159 0.999520 231.470291
0.999862 -0.014859 0.007476 76.655128 0.015060 0.999507 -0.027502 -10.366376 -0.007063 0.027611 0.999594 232.091476
0.999843 -0.017078 0.004903 76.660423 0.017195 0.999542 -0.024897 -10.391921 -0.004475 0.024977 0.999679 232.706863
0.999713 -0.023950 0.000671 76.659782 0.023959 0.999398 -0.025075 -10.422236 -0.000070 0.025084 0.999685 233.285370
0.999576 -0.028262 -0.006979 76.652138 0.028063 0.999231 -0.027377 -10.444274 0.007748 0.027170 0.999601 233.847046
0.999358 -0.031320 -0.017393 76.636604 0.030762 0.999031 -0.031471 -10.466952 0.018363 0.030916 0.999354 234.395538
0.999025 -0.031826 -0.030591 76.597481 0.030738 0.998899 -0.035421 -10.490824 0.031685 0.034447 0.998905 234.913315
0.998229 -0.032871 -0.049591 76.560471 0.030988 0.998786 -0.038277 -10.510357 0.050790 0.036673 0.998036 235.439896
0.996703 -0.036790 -0.072334 76.526772 0.034189 0.998734 -0.036881 -10.539921 0.073600 0.034287 0.996698 235.954361
0.994774 -0.034257 -0.096195 76.446907 0.031053 0.998918 -0.034606 -10.565643 0.097277 0.031438 0.994761 236.456009
0.991698 -0.033783 -0.124069 76.368523 0.030102 0.999053 -0.031425 -10.600270 0.125013 0.027429 0.991777 236.933472
0.986971 -0.035932 -0.156835 76.292107 0.031456 0.999026 -0.030931 -10.641059 0.157794 0.025594 0.987141 237.414795
0.981055 -0.032877 -0.190923 76.161583 0.027029 0.999084 -0.033159 -10.686614 0.191839 0.027370 0.981045 237.841415
0.972750 -0.028946 -0.230044 76.024399 0.020957 0.999092 -0.037093 -10.708764 0.230909 0.031262 0.972473 238.256485
0.961681 -0.024848 -0.273044 75.864548 0.014298 0.999074 -0.040563 -10.727059 0.273801 0.035105 0.961146 238.690979
0.948104 -0.019464 -0.317367 75.676483 0.006628 0.999118 -0.041475 -10.746093 0.317894 0.037219 0.947396 239.096710
0.930989 -0.009255 -0.364930 75.473190 -0.006609 0.999087 -0.042197 -10.766627 0.364988 0.041698 0.930078 239.501709
0.910446 0.004026 -0.413609 75.252083 -0.023049 0.998892 -0.041015 -10.796994 0.412986 0.046875 0.909531 239.871857
0.886157 0.016588 -0.463089 75.003471 -0.038445 0.998545 -0.037800 -10.820773 0.461789 0.051300 0.885506 240.230835
0.857835 0.025402 -0.513299 74.746834 -0.049891 0.998176 -0.033980 -10.831155 0.511500 0.054758 0.857537 240.570679
0.825765 0.032234 -0.563094 74.474846 -0.058424 0.997883 -0.028554 -10.841070 0.560982 0.056476 0.825900 240.895996
0.790863 0.040244 -0.610669 74.191940 -0.064299 0.997777 -0.017517 -10.859860 0.608606 0.053120 0.791692 241.201904
0.754091 0.051952 -0.654712 73.876877 -0.070213 0.997530 -0.001717 -10.870721 0.653008 0.047263 0.755876 241.500458
0.715156 0.063849 -0.696042 73.548485 -0.076593 0.996980 0.012759 -10.870883 0.694756 0.044187 0.717887 241.779678
0.673896 0.072738 -0.735238 73.208122 -0.081249 0.996402 0.024103 -10.873629 0.734346 0.043495 0.677381 242.045410
0.631193 0.076348 -0.771860 72.857986 -0.082451 0.996109 0.031105 -10.860642 0.771233 0.044008 0.635032 242.288239
0.586028 0.079131 -0.806419 72.502716 -0.082484 0.995875 0.037781 -10.853125 0.806082 0.044376 0.590138 242.498016
0.539365 0.076344 -0.838604 72.137299 -0.076561 0.996202 0.041450 -10.843014 0.838586 0.041848 0.543161 242.687820
0.490420 0.070257 -0.868650 71.764824 -0.069673 0.996715 0.041278 -10.822652 0.868698 0.040277 0.493703 242.863434
0.438387 0.062098 -0.896639 71.380569 -0.062531 0.997300 0.038497 -10.788890 0.896609 0.039192 0.441086 243.031693
0.385882 0.056446 -0.920820 70.975327 -0.059742 0.997560 0.036114 -10.758670 0.920613 0.041077 0.388312 243.168503
0.335562 0.054417 -0.940445 70.545441 -0.059399 0.997565 0.036529 -10.735292 0.940144 0.043604 0.337977 243.283508
0.286354 0.055494 -0.956516 70.102562 -0.057632 0.997510 0.040618 -10.741232 0.956390 0.043495 0.288839 243.386841
0.241386 0.055980 -0.968814 69.643051 -0.056533 0.997450 0.043549 -10.712355 0.968781 0.044259 0.243934 243.451202
0.198315 0.054823 -0.978604 69.172150 -0.054550 0.997504 0.044827 -10.689703 0.978620 0.044494 0.200810 243.521759
0.158303 0.053354 -0.985948 68.692490 -0.053824 0.997520 0.045338 -10.662371 0.985923 0.045890 0.160782 243.571198
0.122611 0.051649 -0.991110 68.186913 -0.053370 0.997542 0.045382 -10.637961 0.991020 0.047332 0.125065 243.628448
0.094179 0.048985 -0.994350 67.681152 -0.054094 0.997565 0.044020 -10.613183 0.994085 0.049643 0.096600 243.637512
0.067820 0.046177 -0.996629 67.171181 -0.053558 0.997656 0.042581 -10.577479 0.996260 0.050489 0.070134 243.685699
0.044406 0.045205 -0.997990 66.640533 -0.054708 0.997586 0.042753 -10.557854 0.997515 0.052700 0.046771 243.706116
0.024687 0.042972 -0.998771 66.094482 -0.056334 0.997548 0.041528 -10.528438 0.998108 0.055238 0.027047 243.726990
0.009366 0.042613 -0.999049 65.528465 -0.059635 0.997337 0.041981 -10.513869 0.998177 0.059184 0.011883 243.730438
-0.001264 0.040896 -0.999163 64.956535 -0.060879 0.997306 0.040897 -10.492619 0.998145 0.060880 0.001229 243.729675
-0.008060 0.038879 -0.999211 64.361954 -0.061029 0.997362 0.039299 -10.468648 0.998103 0.061298 -0.005667 243.729233
-0.012084 0.038745 -0.999177 63.747433 -0.061310 0.997340 0.039415 -10.450130 0.998046 0.061736 -0.009677 243.723358
-0.014422 0.039073 -0.999133 63.121593 -0.060621 0.997364 0.039878 -10.427374 0.998057 0.061144 -0.012016 243.721649
-0.015489 0.039031 -0.999118 62.465843 -0.059997 0.997401 0.039894 -10.390235 0.998079 0.060563 -0.013108 243.706070
-0.015722 0.039570 -0.999094 61.800732 -0.059453 0.997411 0.040439 -10.367611 0.998108 0.060036 -0.013330 243.700912
-0.015223 0.040110 -0.999080 61.118107 -0.058448 0.997450 0.040935 -10.349113 0.998175 0.059018 -0.012841 243.694077
-0.015075 0.038111 -0.999160 60.409607 -0.056539 0.997642 0.038906 -10.325822 0.998287 0.057078 -0.012885 243.690765
-0.014638 0.035349 -0.999268 59.679943 -0.054104 0.997882 0.036092 -10.298950 0.998428 0.054594 -0.012695 243.688202
-0.013448 0.033768 -0.999339 58.931095 -0.052866 0.998007 0.034434 -10.267207 0.998511 0.053295 -0.011636 243.680191
-0.012342 0.033089 -0.999376 58.160473 -0.053647 0.997990 0.033705 -10.240982 0.998484 0.054029 -0.010543 243.664795
-0.010683 0.033338 -0.999387 57.368519 -0.053970 0.997967 0.033868 -10.220140 0.998486 0.054299 -0.008863 243.645981
-0.010884 0.033853 -0.999368 56.537907 -0.052848 0.998010 0.034382 -10.186752 0.998543 0.053189 -0.009073 243.674957
-0.009431 0.034069 -0.999375 55.707664 -0.050495 0.998128 0.034502 -10.158065 0.998680 0.050789 -0.007694 243.672028
-0.007427 0.034302 -0.999384 54.865822 -0.046962 0.998297 0.034614 -10.137104 0.998870 0.047190 -0.005804 243.668839
-0.006849 0.034994 -0.999365 53.987473 -0.045618 0.998336 0.035271 -10.111094 0.998935 0.045831 -0.005242 243.677750
-0.006248 0.036599 -0.999311 53.105331 -0.045320 0.998293 0.036845 -10.070411 0.998953 0.045519 -0.004579 243.681320
-0.006183 0.041254 -0.999130 52.205105 -0.043244 0.998203 0.041483 -10.043411 0.999046 0.043463 -0.004389 243.689819
-0.005571 0.045526 -0.998949 51.307987 -0.042220 0.998061 0.045720 -10.010618 0.999093 0.042431 -0.003639 243.688446
-0.006684 0.046279 -0.998906 50.407967 -0.041398 0.998058 0.046516 -9.978753 0.999121 0.041665 -0.004756 243.706268
-0.007410 0.043228 -0.999038 49.524349 -0.042107 0.998165 0.043502 -9.949534 0.999086 0.042389 -0.005578 243.695953
-0.009196 0.038533 -0.999216 48.646408 -0.040244 0.998433 0.038873 -9.921364 0.999148 0.040569 -0.007632 243.687042
-0.010820 0.037549 -0.999236 47.751259 -0.037904 0.998561 0.037934 -9.895463 0.999223 0.038286 -0.009381 243.673233
-0.012765 0.042473 -0.999016 46.858597 -0.035582 0.998445 0.042903 -9.868575 0.999285 0.036094 -0.011235 243.655212
-0.015810 0.049002 -0.998674 45.964733 -0.033406 0.998214 0.049508 -9.848897 0.999317 0.034146 -0.014146 243.638092
-0.019464 0.052751 -0.998418 45.065453 -0.031520 0.998078 0.053347 -9.812420 0.999314 0.032508 -0.017764 243.632355
-0.022369 0.052447 -0.998374 44.166939 -0.029492 0.998153 0.053095 -9.774060 0.999315 0.030632 -0.020782 243.616669
-0.025346 0.050605 -0.998397 43.270542 -0.028704 0.998269 0.051327 -9.739094 0.999267 0.029959 -0.023850 243.598969
-0.028415 0.047949 -0.998446 42.382832 -0.030495 0.998342 0.048811 -9.708214 0.999131 0.031836 -0.026907 243.574875
-0.031142 0.045834 -0.998464 41.498985 -0.031587 0.998403 0.046816 -9.671800 0.999016 0.032997 -0.029645 243.551422
-0.032056 0.044986 -0.998474 40.622684 -0.031102 0.998457 0.045983 -9.636077 0.999003 0.032528 -0.030609 243.507690
-0.032976 0.044135 -0.998481 39.742233 -0.030614 0.998511 0.045147 -9.600927 0.998987 0.032056 -0.031576 243.462921
-0.034141 0.040938 -0.998579 38.857166 -0.034654 0.998511 0.042120 -9.577062 0.998816 0.036043 -0.032672 243.429413
-0.033864 0.037388 -0.998727 37.977192 -0.036479 0.998588 0.038620 -9.544132 0.998761 0.037741 -0.032454 243.380402
-0.033782 0.036386 -0.998767 37.096378 -0.038228 0.998558 0.037671 -9.518392 0.998698 0.039454 -0.032343 243.363144
-0.031964 0.036447 -0.998825 36.243465 -0.038340 0.998554 0.037663 -9.494386 0.998754 0.039499 -0.030520 243.326706
-0.030114 0.036194 -0.998891 35.388298 -0.037109 0.998614 0.037301 -9.475850 0.998858 0.038191 -0.028730 243.297394
-0.028025 0.037271 -0.998912 34.529236 -0.035806 0.998625 0.038265 -9.451032 0.998966 0.036840 -0.026652 243.269867
-0.027144 0.038994 -0.998871 33.670895 -0.033052 0.998657 0.039883 -9.425412 0.999086 0.034098 -0.025820 243.244156
-0.025348 0.040786 -0.998847 32.813896 -0.027512 0.998760 0.041481 -9.402366 0.999301 0.028532 -0.024196 243.226974
-0.024080 0.041031 -0.998868 31.956585 -0.021735 0.998899 0.041556 -9.377913 0.999474 0.022711 -0.023162 243.211227
-0.022699 0.039470 -0.998963 31.093676 -0.022559 0.998945 0.039982 -9.355073 0.999488 0.023442 -0.021785 243.200882
-0.021702 0.038516 -0.999023 30.234924 -0.022584 0.998983 0.039004 -9.326049 0.999510 0.023409 -0.020811 243.192810
-0.022579 0.038235 -0.999014 29.380295 -0.018650 0.999078 0.038660 -9.287412 0.999572 0.019505 -0.021846 243.212936
-0.023456 0.037961 -0.999004 28.525391 -0.014714 0.999157 0.038312 -9.248910 0.999617 0.015599 -0.022878 243.232178
-0.024819 0.041947 -0.998812 27.675135 -0.016690 0.998962 0.042368 -9.224759 0.999553 0.017721 -0.024094 243.217133
-0.026681 0.044941 -0.998634 26.833891 -0.018214 0.998800 0.045436 -9.212143 0.999478 0.019401 -0.025831 243.202637
-0.029320 0.043275 -0.998633 26.002970 -0.019148 0.998854 0.043847 -9.188032 0.999387 0.020407 -0.028458 243.178009
-0.033165 0.040309 -0.998637 25.168957 -0.019550 0.998968 0.040972 -9.164557 0.999259 0.020882 -0.032344 243.163391
-0.036568 0.037630 -0.998623 24.352562 -0.020471 0.999052 0.038396 -9.147867 0.999121 0.021847 -0.035764 243.127594
-0.041316 0.035903 -0.998501 23.546764 -0.021362 0.999093 0.036808 -9.123957 0.998918 0.022851 -0.040513 243.093124
-0.045713 0.035288 -0.998331 22.743399 -0.022906 0.999076 0.036363 -9.106891 0.998693 0.024530 -0.044864 243.041702
-0.050704 0.036348 -0.998052 21.935764 -0.024829 0.998982 0.037643 -9.091016 0.998405 0.026689 -0.049750 242.998474
-0.056797 0.037224 -0.997692 21.126740 -0.026895 0.998884 0.038799 -9.064487 0.998024 0.029038 -0.055733 242.970215
-0.062731 0.039728 -0.997239 20.321608 -0.029256 0.998705 0.041627 -9.040500 0.997602 0.031786 -0.061488 242.936508
-0.067162 0.040831 -0.996907 19.523012 -0.034084 0.998485 0.043192 -9.020528 0.997160 0.036881 -0.065669 242.874557
-0.070240 0.041262 -0.996677 18.734379 -0.037935 0.998311 0.044003 -9.004224 0.996809 0.040900 -0.068557 242.804596
-0.071697 0.039623 -0.996639 17.951340 -0.042455 0.998183 0.042738 -8.977081 0.996523 0.045377 -0.069886 242.726547
-0.072979 0.038384 -0.996595 17.175211 -0.047644 0.997984 0.041926 -8.946720 0.996196 0.050541 -0.071003 242.654099
-0.073437 0.038783 -0.996546 16.401720 -0.051000 0.997789 0.042590 -8.926401 0.995995 0.053952 -0.071298 242.577515
-0.073745 0.039061 -0.996512 15.641284 -0.053348 0.997647 0.043053 -8.899651 0.995850 0.056336 -0.071488 242.510696
-0.074423 0.038578 -0.996481 14.907526 -0.056476 0.997484 0.042834 -8.876133 0.995627 0.059464 -0.072057 242.452789
-0.073918 0.038631 -0.996516 14.191297 -0.059237 0.997315 0.043056 -8.857795 0.995504 0.062214 -0.071433 242.390656
-0.073780 0.038322 -0.996538 13.481670 -0.061546 0.997181 0.042904 -8.830736 0.995374 0.064498 -0.071213 242.342133
-0.072232 0.039319 -0.996613 12.800554 -0.062562 0.997076 0.043872 -8.815000 0.995424 0.065519 -0.069561 242.281418
-0.069701 0.041386 -0.996709 12.124869 -0.062098 0.997021 0.045742 -8.809539 0.995633 0.065083 -0.066924 242.234756
-0.067017 0.041656 -0.996883 11.449597 -0.063637 0.996915 0.045934 -8.788247 0.995721 0.066518 -0.064161 242.195969
-0.064269 0.040363 -0.997116 10.806860 -0.065581 0.996850 0.044579 -8.770235 0.995776 0.068258 -0.061420 242.149750
-0.061543 0.039409 -0.997327 10.179393 -0.065809 0.996886 0.043452 -8.755931 0.995933 0.068308 -0.058759 242.113556
-0.058990 0.038735 -0.997507 9.568840 -0.063745 0.997060 0.042487 -8.741004 0.996221 0.066092 -0.056348 242.084076
-0.056360 0.038133 -0.997683 8.957692 -0.061527 0.997238 0.041591 -8.722243 0.996514 0.063730 -0.053859 242.065079
-0.052163 0.037269 -0.997943 8.356334 -0.061993 0.997255 0.040484 -8.665112 0.996713 0.063977 -0.049710 242.008148
-0.047964 0.036406 -0.998185 7.754506 -0.062452 0.997270 0.039374 -8.608623 0.996895 0.064228 -0.045560 241.953735
-0.044194 0.036142 -0.998370 7.211232 -0.063643 0.997213 0.038917 -8.594251 0.996994 0.065259 -0.041772 241.934616
-0.039668 0.036070 -0.998562 6.660429 -0.062947 0.997272 0.038523 -8.587358 0.997229 0.064385 -0.037290 241.914062
-0.035783 0.036324 -0.998699 6.123680 -0.061560 0.997361 0.038481 -8.572626 0.997462 0.062857 -0.033453 241.910675
-0.032009 0.037219 -0.998794 5.596478 -0.061053 0.997367 0.039123 -8.563441 0.997622 0.062232 -0.029653 241.902649
-0.028163 0.038180 -0.998875 5.095315 -0.058749 0.997479 0.039782 -8.558029 0.997876 0.059803 -0.025851 241.904633
-0.024100 0.039226 -0.998940 4.632831 -0.059009 0.997431 0.040591 -8.548522 0.997967 0.059925 -0.021724 241.899994
-0.018391 0.040631 -0.999005 4.174725 -0.059029 0.997386 0.041651 -8.533274 0.998087 0.059736 -0.015945 241.884171
-0.013622 0.042048 -0.999023 3.747201 -0.058911 0.997345 0.042780 -8.528790 0.998171 0.059436 -0.011110 241.885483
-0.008189 0.042611 -0.999058 3.319391 -0.058110 0.997383 0.043016 -8.520591 0.998277 0.058409 -0.005693 241.883667
-0.002240 0.042939 -0.999076 2.909467 -0.057279 0.997431 0.042997 -8.506429 0.998356 0.057323 0.000226 241.888016
0.003762 0.041886 -0.999116 2.520250 -0.055332 0.997600 0.041614 -8.488544 0.998461 0.055126 0.006070 241.897079
0.010390 0.041175 -0.999098 2.154889 -0.053521 0.997742 0.040562 -8.487956 0.998513 0.053051 0.012570 241.898911
0.016285 0.040342 -0.999054 1.802860 -0.052499 0.997841 0.039437 -8.478461 0.998488 0.051807 0.018366 241.909439
0.022183 0.039117 -0.998988 1.472996 -0.051591 0.997948 0.037930 -8.467896 0.998423 0.050698 0.024154 241.912918
0.027397 0.038889 -0.998868 1.164278 -0.051724 0.997959 0.037434 -8.457990 0.998286 0.050639 0.029353 241.920868
0.031358 0.039770 -0.998717 0.879178 -0.051126 0.997964 0.038135 -8.457072 0.998200 0.049865 0.033327 241.946106
0.034840 0.039719 -0.998604 0.627453 -0.050859 0.997985 0.037920 -8.453439 0.998098 0.049467 0.036789 241.970932
0.038422 0.037955 -0.998540 0.402591 -0.048987 0.998148 0.036055 -8.451824 0.998060 0.047531 0.040210 241.987152
0.041423 0.032810 -0.998603 0.204198 -0.047022 0.998416 0.030852 -8.447681 0.998035 0.045678 0.042900 242.004425
0.044517 0.029076 -0.998586 0.032579 -0.045303 0.998607 0.027057 -8.445644 0.997981 0.044035 0.045772 242.011688
0.046850 0.029297 -0.998473 -0.116601 -0.045115 0.998611 0.027184 -8.441799 0.997883 0.043772 0.048106 242.018433
0.048594 0.031020 -0.998338 -0.238251 -0.045328 0.998556 0.028821 -8.441804 0.997790 0.043852 0.049929 242.019318
0.049641 0.030207 -0.998311 -0.332550 -0.045242 0.998583 0.027966 -8.440772 0.997742 0.043778 0.050937 242.025146
0.050355 0.027927 -0.998342 -0.408931 -0.044935 0.998659 0.025669 -8.440087 0.997720 0.043568 0.051541 242.033707
0.051171 0.026286 -0.998345 -0.470260 -0.044226 0.998732 0.024030 -8.439604 0.997711 0.042923 0.052268 242.035767
0.051195 0.025777 -0.998356 -0.521915 -0.044191 0.998746 0.023521 -8.440972 0.997711 0.042915 0.052269 242.041351
0.051446 0.024703 -0.998371 -0.562911 -0.044221 0.998770 0.022434 -8.422503 0.997697 0.042995 0.052474 242.043045
0.051461 0.024447 -0.998376 -0.585569 -0.044522 0.998762 0.022162 -8.418221 0.997683 0.043308 0.052485 242.044617
0.051505 0.023779 -0.998390 -0.602560 -0.044691 0.998770 0.021483 -8.407409 0.997673 0.043512 0.052504 242.043198
0.051589 0.023795 -0.998385 -0.608690 -0.044659 0.998770 0.021497 -8.407416 0.997670 0.043478 0.052587 242.042725
0.051657 0.023779 -0.998382 -0.605379 -0.044816 0.998764 0.021469 -8.409776 0.997660 0.043634 0.052657 242.041275
0.051635 0.022606 -0.998411 -0.602849 -0.045136 0.998774 0.020279 -8.411870 0.997646 0.044018 0.052591 242.040588
0.051821 0.021509 -0.998425 -0.603028 -0.045502 0.998780 0.019155 -8.424273 0.997619 0.044437 0.052737 242.036896
0.051991 0.021365 -0.998419 -0.603987 -0.045639 0.998777 0.018995 -8.427201 0.997605 0.044580 0.052901 242.033249
0.051616 0.021566 -0.998434 -0.605382 -0.045156 0.998794 0.019240 -8.422992 0.997646 0.044093 0.052527 242.042526
0.051684 0.021324 -0.998436 -0.605261 -0.044922 0.998809 0.019005 -8.423669 0.997653 0.043870 0.052579 242.041016
0.051635 0.021059 -0.998445 -0.606060 -0.045117 0.998805 0.018734 -8.423974 0.997647 0.044080 0.052523 242.041168
0.051689 0.020867 -0.998445 -0.611084 -0.045203 0.998805 0.018534 -8.423869 0.997640 0.044174 0.052570 242.040115
0.051607 0.020418 -0.998459 -0.614099 -0.044911 0.998826 0.018105 -8.424468 0.997658 0.043908 0.052464 242.047531
0.051580 0.020297 -0.998463 -0.625490 -0.044895 0.998830 0.017985 -8.423738 0.997660 0.043899 0.052430 242.048904
0.051465 0.019924 -0.998476 -0.641709 -0.044620 0.998847 0.017631 -8.417009 0.997678 0.043646 0.052295 242.051285
0.051970 0.019078 -0.998467 -0.661209 -0.044546 0.998866 0.016767 -8.401613 0.997655 0.043606 0.052760 242.043091
0.052346 0.018685 -0.998455 -0.679719 -0.044437 0.998877 0.016363 -8.394626 0.997640 0.043512 0.053117 242.039078
0.052525 0.018108 -0.998456 -0.710757 -0.044379 0.998890 0.015782 -8.397957 0.997634 0.043482 0.053269 242.040054
0.053417 0.016458 -0.998437 -0.757049 -0.044628 0.998904 0.014078 -8.403620 0.997575 0.043807 0.054092 242.035294
0.053799 0.013004 -0.998468 -0.809467 -0.044068 0.998972 0.010636 -8.391379 0.997579 0.043428 0.054315 242.049454
0.055466 0.010102 -0.998410 -0.888886 -0.043831 0.999009 0.007672 -8.377398 0.997498 0.043336 0.055853 242.048187
0.057483 0.009212 -0.998304 -0.988404 -0.043590 0.999026 0.006708 -8.380487 0.997395 0.043131 0.057829 242.061707
0.061170 0.008022 -0.998095 -1.110146 -0.043113 0.999055 0.005387 -8.379342 0.997196 0.042701 0.061458 242.073898
0.066835 0.006302 -0.997744 -1.248333 -0.042486 0.999090 0.003465 -8.382772 0.996859 0.042159 0.067042 242.085968
0.074638 0.004819 -0.997199 -1.414251 -0.042398 0.999099 0.001655 -8.380781 0.996310 0.042156 0.074775 242.101212
0.084678 0.004517 -0.996398 -1.599679 -0.042954 0.999076 0.000879 -8.379847 0.995482 0.042725 0.084794 242.119141
0.096766 0.004255 -0.995299 -1.800158 -0.044066 0.999028 -0.000014 -8.376571 0.994332 0.043860 0.096859 242.140930
0.111006 0.002892 -0.993816 -2.017089 -0.045195 0.998976 -0.002141 -8.365810 0.992792 0.045153 0.111023 242.176865
0.127980 0.003679 -0.991771 -2.249398 -0.045597 0.998957 -0.002179 -8.361485 0.990729 0.045500 0.128013 242.209641
0.147754 0.008405 -0.988989 -2.493799 -0.044416 0.999011 0.001853 -8.364434 0.988027 0.043654 0.147982 242.258362
0.170703 0.013167 -0.985235 -2.749905 -0.045004 0.998971 0.005553 -8.368863 0.984295 0.043392 0.171119 242.309982
0.194844 0.013554 -0.980741 -3.009051 -0.045840 0.998937 0.004698 -8.366245 0.979763 0.044041 0.195257 242.375977
0.221410 0.012319 -0.975104 -3.272552 -0.042960 0.999072 0.002866 -8.366684 0.974235 0.041257 0.221733 242.459778
0.251882 0.011458 -0.967690 -3.547601 -0.040276 0.999187 0.001348 -8.361216 0.966920 0.038636 0.252138 242.553116
0.285085 0.010699 -0.958443 -3.823243 -0.035746 0.999361 0.000523 -8.357843 0.957837 0.034112 0.285284 242.665558
0.320771 0.010568 -0.947098 -4.101184 -0.030766 0.999526 0.000733 -8.353618 0.946657 0.028903 0.320944 242.797928
0.360704 0.014333 -0.932571 -4.386740 -0.028622 0.999581 0.004292 -8.357899 0.932242 0.025143 0.360962 242.937057
0.402941 0.019346 -0.915022 -4.680984 -0.029653 0.999527 0.008075 -8.357939 0.914746 0.023880 0.403324 243.091476
0.446779 0.023227 -0.894343 -4.969209 -0.034039 0.999380 0.008950 -8.346808 0.893997 0.026444 0.447292 243.273529
0.492845 0.026738 -0.869707 -5.258311 -0.037981 0.999235 0.009197 -8.352239 0.869289 0.028500 0.493483 243.466492
0.539447 0.027871 -0.841559 -5.542624 -0.036705 0.999280 0.009566 -8.353358 0.841220 0.025729 0.540081 243.688644
0.586092 0.027036 -0.809795 -5.815329 -0.033218 0.999404 0.009323 -8.356894 0.809564 0.021436 0.586640 243.941116
0.633363 0.023905 -0.773486 -6.086854 -0.029206 0.999549 0.006977 -8.366271 0.773305 0.018171 0.633775 244.208664
0.679830 0.020069 -0.733095 -6.353165 -0.028104 0.999604 0.001302 -8.363937 0.732831 0.019718 0.680125 244.494858
0.725440 0.015358 -0.688114 -6.610051 -0.027044 0.999615 -0.006199 -8.364049 0.687754 0.023106 0.725576 244.811829
0.769130 0.014222 -0.638935 -6.855177 -0.028689 0.999513 -0.012288 -8.361506 0.638450 0.027782 0.769163 245.151855
0.810337 0.013907 -0.585800 -7.090292 -0.028636 0.999463 -0.015886 -8.359416 0.585267 0.029648 0.810300 245.523758
0.847305 0.013301 -0.530941 -7.308737 -0.025715 0.999541 -0.016000 -8.357912 0.530485 0.027210 0.847257 245.932983
0.879067 0.009563 -0.476604 -7.505488 -0.019784 0.999669 -0.016433 -8.360993 0.476289 0.023876 0.878965 246.374573
0.906398 0.005187 -0.422394 -7.663676 -0.013185 0.999784 -0.016020 -8.375253 0.422220 0.020090 0.906271 246.824707
0.929727 0.001628 -0.368246 -7.826498 -0.008436 0.999821 -0.016878 -8.382227 0.368154 0.018798 0.929575 247.305252
0.948832 -0.001195 -0.315780 -7.977674 -0.005245 0.999795 -0.019542 -8.391803 0.315739 0.020198 0.948632 247.797714
0.963709 -0.001430 -0.266953 -8.090299 -0.004979 0.999715 -0.023332 -8.407616 0.266911 0.023814 0.963427 248.304199
0.975372 -0.002575 -0.220555 -8.210298 -0.003333 0.999646 -0.026411 -8.404013 0.220546 0.026496 0.975018 248.869858
0.983924 -0.004770 -0.178529 -8.286826 0.000046 0.999649 -0.026456 -8.399949 0.178593 0.026023 0.983579 249.435028
0.989855 -0.005208 -0.141988 -8.341797 0.001626 0.999677 -0.025330 -8.414182 0.142074 0.024841 0.989544 250.033722
0.993792 -0.004960 -0.111144 -8.368253 0.002360 0.999720 -0.023517 -8.448950 0.111230 0.023110 0.993526 250.640198
0.996438 -0.007712 -0.083974 -8.409344 0.005771 0.999710 -0.023336 -8.460347 0.084130 0.022769 0.996196 251.249954
0.998020 -0.011319 -0.061880 -8.455920 0.009844 0.999661 -0.024095 -8.453424 0.062132 0.023439 0.997793 251.894852
0.998916 -0.012842 -0.044745 -8.486938 0.011799 0.999654 -0.023475 -8.469510 0.045032 0.022921 0.998723 252.537628
0.999401 -0.013916 -0.031684 -8.506167 0.013182 0.999642 -0.023237 -8.486321 0.031998 0.022805 0.999228 253.199860
0.999656 -0.014496 -0.021908 -8.521945 0.013971 0.999616 -0.023932 -8.503963 0.022247 0.023618 0.999474 253.874496
0.999813 -0.013759 -0.013578 -8.535398 0.013413 0.999590 -0.025296 -8.520549 0.013921 0.025110 0.999588 254.564926
0.999888 -0.013783 -0.005909 -8.559524 0.013616 0.999527 -0.027539 -8.529582 0.006287 0.027455 0.999603 255.278229
0.999897 -0.014275 -0.001615 -8.558113 0.014224 0.999503 -0.028139 -8.557076 0.002016 0.028114 0.999603 255.991455
0.999897 -0.014273 0.001504 -8.564287 0.014309 0.999520 -0.027460 -8.587494 -0.001110 0.027479 0.999622 256.735809
0.999887 -0.014595 0.003614 -8.560850 0.014685 0.999546 -0.026305 -8.611910 -0.003228 0.026356 0.999647 257.483826
0.999882 -0.014709 0.004566 -8.550647 0.014815 0.999593 -0.024368 -8.627011 -0.004205 0.024433 0.999693 258.259277
0.999869 -0.015117 0.005832 -8.556300 0.015240 0.999651 -0.021529 -8.655765 -0.005504 0.021615 0.999752 259.052246
0.999862 -0.015789 0.005246 -8.547847 0.015896 0.999655 -0.020893 -8.681302 -0.004914 0.020974 0.999768 259.862183
0.999844 -0.017169 0.004228 -8.550675 0.017258 0.999611 -0.021876 -8.707074 -0.003850 0.021945 0.999753 260.673096
0.999831 -0.018099 0.003244 -8.567115 0.018178 0.999499 -0.025900 -8.725974 -0.002773 0.025954 0.999660 261.516785
0.999869 -0.015998 0.002778 -8.587826 0.016080 0.999337 -0.032638 -8.737742 -0.002254 0.032679 0.999464 262.371246
0.999905 -0.013733 0.001646 -8.579682 0.013785 0.999236 -0.036537 -8.767685 -0.001142 0.036556 0.999331 263.238098
0.999930 -0.011834 0.001028 -8.576804 0.011863 0.999264 -0.036475 -8.794513 -0.000595 0.036485 0.999335 264.125366
0.999925 -0.012137 0.001502 -8.587008 0.012175 0.999503 -0.029059 -8.838453 -0.001148 0.029075 0.999578 265.008636
0.999909 -0.013006 0.003797 -8.625721 0.013077 0.999726 -0.019392 -8.870148 -0.003544 0.019440 0.999805 265.903564
0.999878 -0.015081 0.004272 -8.631404 0.015142 0.999778 -0.014610 -8.892235 -0.004050 0.014673 0.999885 266.807526
0.999819 -0.018463 0.004798 -8.649464 0.018543 0.999682 -0.017070 -8.916493 -0.004480 0.017156 0.999843 267.717560
0.999771 -0.020891 0.004731 -8.666191 0.021001 0.999480 -0.024453 -8.937718 -0.004218 0.024547 0.999690 268.650848
0.999732 -0.022685 0.004605 -8.675989 0.022821 0.999230 -0.031874 -8.961905 -0.003878 0.031972 0.999482 269.591949
0.999731 -0.022884 0.003923 -8.683009 0.023011 0.999090 -0.035882 -9.001388 -0.003098 0.035963 0.999349 270.543243
0.999742 -0.022355 0.004053 -8.688210 0.022491 0.999052 -0.037264 -9.039066 -0.003216 0.037347 0.999298 271.509552
0.999792 -0.019917 0.004569 -8.704145 0.020065 0.999181 -0.035109 -9.082967 -0.003866 0.035193 0.999374 272.490509
0.999808 -0.019008 0.004883 -8.709694 0.019138 0.999424 -0.028007 -9.125467 -0.004347 0.028096 0.999596 273.486481
0.999821 -0.018466 0.004244 -8.696435 0.018553 0.999603 -0.021173 -9.160114 -0.003851 0.021248 0.999767 274.501740
0.999801 -0.019151 0.005758 -8.707520 0.019250 0.999657 -0.017749 -9.187204 -0.005415 0.017857 0.999826 275.515228
0.999769 -0.020469 0.006689 -8.710127 0.020598 0.999590 -0.019894 -9.211845 -0.006278 0.020028 0.999780 276.535950
0.999735 -0.021703 0.007778 -8.716010 0.021885 0.999471 -0.024073 -9.239892 -0.007250 0.024236 0.999680 277.560394
0.999716 -0.022670 0.007383 -8.707387 0.022867 0.999355 -0.027673 -9.271734 -0.006750 0.027835 0.999590 278.592987
0.999694 -0.023667 0.007188 -8.701450 0.023867 0.999294 -0.029017 -9.308366 -0.006496 0.029180 0.999553 279.621948
0.999699 -0.023764 0.006059 -8.692503 0.023928 0.999298 -0.028798 -9.345060 -0.005369 0.028934 0.999567 280.668610
0.999658 -0.025659 0.005212 -8.693028 0.025787 0.999325 -0.026126 -9.374762 -0.004537 0.026252 0.999645 281.736816
0.999641 -0.026131 0.005919 -8.750150 0.026262 0.999390 -0.023020 -9.405938 -0.005313 0.023168 0.999718 282.828583
0.999591 -0.028190 0.004744 -8.754197 0.028300 0.999293 -0.024724 -9.445342 -0.004044 0.024847 0.999684 283.899506
0.999535 -0.030309 0.003385 -8.746363 0.030398 0.999073 -0.030444 -9.485456 -0.002459 0.030533 0.999531 284.960236
0.999566 -0.029332 0.002666 -8.754352 0.029406 0.998981 -0.034221 -9.533307 -0.001659 0.034284 0.999411 286.035370
0.999584 -0.028779 0.001702 -8.762899 0.028822 0.998946 -0.035703 -9.572976 -0.000673 0.035737 0.999362 287.105591
0.999644 -0.026672 0.001518 -8.798314 0.026709 0.999051 -0.034391 -9.619466 -0.000599 0.034420 0.999408 288.188843
0.999678 -0.025361 0.000258 -8.807453 0.025358 0.999213 -0.030484 -9.671540 0.000515 0.030481 0.999536 289.263550
0.999725 -0.023460 -0.000587 -8.826262 0.023438 0.999393 -0.025751 -9.714018 0.001192 0.025731 0.999669 290.345337
0.999778 -0.021072 0.000227 -8.884609 0.021072 0.999544 -0.021621 -9.764367 0.000229 0.021621 0.999767 291.426208
0.999823 -0.018823 0.000018 -8.906137 0.018819 0.999598 -0.021166 -9.799644 0.000381 0.021163 0.999776 292.493103
0.999831 -0.018436 0.000194 -8.910747 0.018436 0.999580 -0.022303 -9.840703 0.000218 0.022302 0.999752 293.558990
0.999809 -0.019551 0.001404 -8.923673 0.019579 0.999518 -0.024060 -9.880595 -0.000932 0.024084 0.999710 294.609680
0.999823 -0.018608 0.003083 -8.964751 0.018688 0.999430 -0.028077 -9.913036 -0.002558 0.028130 0.999602 295.679810
0.999795 -0.020004 0.003039 -8.965636 0.020091 0.999282 -0.032113 -9.951415 -0.002394 0.032167 0.999480 296.738892
0.999803 -0.019498 0.003917 -8.980233 0.019616 0.999264 -0.032928 -10.006711 -0.003272 0.032998 0.999451 297.786743
0.999804 -0.019327 0.004390 -8.974565 0.019453 0.999332 -0.030903 -10.060590 -0.003789 0.030982 0.999513 298.849762
0.999836 -0.017093 0.006046 -8.996321 0.017256 0.999459 -0.027958 -10.103810 -0.005564 0.028058 0.999591 299.892914
0.999852 -0.015067 0.008397 -9.020887 0.015288 0.999522 -0.026844 -10.143452 -0.007988 0.026969 0.999605 300.939423
0.999866 -0.013270 0.009602 -9.027435 0.013516 0.999571 -0.025980 -10.182481 -0.009253 0.026106 0.999617 301.971344
0.999878 -0.011545 0.010555 -9.028005 0.011780 0.999678 -0.022438 -10.217494 -0.010292 0.022560 0.999693 303.022125
0.999892 -0.009843 0.010970 -9.015600 0.010039 0.999789 -0.017921 -10.248282 -0.010791 0.018029 0.999780 304.061066
0.999912 -0.007484 0.011041 -9.008480 0.007677 0.999817 -0.017492 -10.290060 -0.010907 0.017574 0.999787 305.108337
0.999928 -0.004535 0.011126 -9.007093 0.004782 0.999740 -0.022248 -10.326728 -0.011021 0.022300 0.999691 306.150940
0.999932 -0.002244 0.011525 -8.997671 0.002553 0.999636 -0.026832 -10.360166 -0.011460 0.026860 0.999574 307.174927
0.999912 -0.000311 0.013318 -9.028305 0.000715 0.999539 -0.030339 -10.371856 -0.013302 0.030347 0.999452 308.242310
0.999892 0.003023 0.014461 -9.033727 -0.002565 0.999498 -0.031583 -10.414075 -0.014550 0.031542 0.999397 309.280151
0.999869 0.004945 0.015453 -9.035210 -0.004437 0.999453 -0.032747 -10.456379 -0.015606 0.032675 0.999345 310.316772
0.999842 0.006092 0.016736 -9.045938 -0.005540 0.999442 -0.032907 -10.488223 -0.016927 0.032809 0.999319 311.357117
0.999818 0.006258 0.018045 -9.046698 -0.005698 0.999506 -0.030888 -10.526935 -0.018229 0.030780 0.999361 312.392426
0.999810 0.005187 0.018832 -9.038414 -0.004636 0.999563 -0.029200 -10.569116 -0.018975 0.029108 0.999396 313.428406
0.999847 0.004884 0.016780 -8.990641 -0.004412 0.999597 -0.028020 -10.621222 -0.016910 0.027942 0.999467 314.481445
0.999835 0.005628 0.017337 -8.984036 -0.005149 0.999606 -0.027579 -10.672280 -0.017484 0.027485 0.999470 315.532684
0.999791 0.005299 0.019757 -8.993892 -0.004765 0.999624 -0.026986 -10.713264 -0.019892 0.026887 0.999441 316.582703
0.999761 0.004815 0.021332 -8.980929 -0.004245 0.999635 -0.026675 -10.755614 -0.021452 0.026578 0.999417 317.633362
0.999766 0.003961 0.021256 -8.949159 -0.003393 0.999638 -0.026664 -10.799139 -0.021354 0.026586 0.999419 318.687775
0.999727 0.004568 0.022912 -8.940728 -0.003956 0.999636 -0.026670 -10.839335 -0.023025 0.026572 0.999382 319.755035
0.999694 0.004495 0.024332 -8.927097 -0.003885 0.999679 -0.025034 -10.878116 -0.024437 0.024932 0.999391 320.815735
0.999676 0.003585 0.025222 -8.910241 -0.002914 0.999642 -0.026566 -10.920246 -0.025307 0.026485 0.999329 321.885773
0.999682 0.005609 0.024582 -8.880332 -0.004831 0.999489 -0.031572 -10.957341 -0.024747 0.031443 0.999200 322.968323
0.999702 0.004303 0.024068 -8.844480 -0.003470 0.999396 -0.034552 -11.002149 -0.024202 0.034458 0.999114 324.049683
0.999684 0.002366 0.025032 -8.831056 -0.001570 0.999494 -0.031748 -11.045984 -0.025094 0.031699 0.999182 325.116089
0.999672 0.002588 0.025508 -8.816055 -0.001912 0.999647 -0.026496 -11.096995 -0.025567 0.026439 0.999323 326.222900
0.999667 0.003179 0.025637 -8.791027 -0.002578 0.999721 -0.023417 -11.142209 -0.025703 0.023343 0.999398 327.319122
0.999661 0.003770 0.025766 -8.765868 -0.003246 0.999787 -0.020337 -11.184049 -0.025836 0.020247 0.999461 328.415558
0.999660 0.004691 0.025654 -8.737455 -0.004220 0.999822 -0.018384 -11.221038 -0.025735 0.018269 0.999502 329.496552
0.999665 0.002382 0.025759 -8.714680 -0.001909 0.999829 -0.018364 -11.254824 -0.025798 0.018309 0.999500 330.593689
0.999597 -0.000678 0.028411 -8.744443 0.001285 0.999771 -0.021344 -11.267379 -0.028389 0.021373 0.999369 331.717804
0.999582 -0.001376 0.028887 -8.729616 0.002063 0.999714 -0.023786 -11.309744 -0.028845 0.023836 0.999300 332.796631
0.999556 -0.003607 0.029601 -8.715209 0.004342 0.999682 -0.024797 -11.352277 -0.029502 0.024915 0.999254 333.890656
0.999560 -0.004133 0.029378 -8.680916 0.004797 0.999733 -0.022557 -11.413545 -0.029276 0.022689 0.999314 334.960571
0.999558 -0.006835 0.028957 -8.638426 0.007408 0.999777 -0.019735 -11.454121 -0.028816 0.019941 0.999386 336.027710
0.999542 -0.009238 0.028839 -8.615224 0.009711 0.999820 -0.016294 -11.487973 -0.028682 0.016566 0.999452 337.108948
0.999475 -0.012460 0.029914 -8.608132 0.012918 0.999801 -0.015176 -11.521453 -0.029719 0.015554 0.999438 338.180115
0.999418 -0.014538 0.030875 -8.607827 0.015121 0.999710 -0.018717 -11.547708 -0.030593 0.019174 0.999349 339.270538
0.999395 -0.017801 0.029889 -8.552083 0.018480 0.999574 -0.022561 -11.593036 -0.029473 0.023101 0.999299 340.331726
0.999343 -0.018931 0.030892 -8.547751 0.019681 0.999513 -0.024168 -11.623796 -0.030419 0.024760 0.999231 341.375214
0.999321 -0.019704 0.031142 -8.538518 0.020438 0.999517 -0.023407 -11.660812 -0.030665 0.024027 0.999241 342.449249
0.999289 -0.021810 0.030787 -8.524801 0.022484 0.999511 -0.021728 -11.694228 -0.030298 0.022405 0.999290 343.517914
0.999221 -0.023507 0.031711 -8.526881 0.024115 0.999530 -0.018918 -11.733415 -0.031252 0.019669 0.999318 344.568970
0.999182 -0.025606 0.031300 -8.500005 0.026135 0.999520 -0.016593 -11.762551 -0.030859 0.017398 0.999373 345.604767
0.999141 -0.027825 0.030718 -8.479953 0.028310 0.999479 -0.015461 -11.793728 -0.030271 0.016318 0.999409 346.631409
0.999075 -0.029807 0.030994 -8.471176 0.030343 0.999396 -0.016950 -11.821862 -0.030470 0.017875 0.999376 347.641327
0.999060 -0.031327 0.029952 -8.440439 0.031882 0.999325 -0.018214 -11.858150 -0.029360 0.019151 0.999386 348.639587
0.999030 -0.031212 0.031067 -8.443169 0.031858 0.999281 -0.020532 -11.880409 -0.030403 0.021503 0.999307 349.648071
0.999049 -0.030276 0.031383 -8.435931 0.030941 0.999302 -0.020928 -11.917403 -0.030727 0.021880 0.999289 350.635223
0.999116 -0.029651 0.029820 -8.397744 0.030294 0.999312 -0.021367 -11.944790 -0.029166 0.022252 0.999328 351.582092
0.999143 -0.029278 0.029284 -8.368478 0.029885 0.999343 -0.020473 -11.981410 -0.028664 0.021331 0.999362 352.540710
0.999222 -0.027298 0.028475 -8.342319 0.027865 0.999418 -0.019686 -12.010987 -0.027920 0.020464 0.999401 353.480591
0.999267 -0.024993 0.029015 -8.334994 0.025602 0.999455 -0.020808 -12.048280 -0.028478 0.021535 0.999363 354.412750
0.999253 -0.024425 0.029971 -8.330483 0.025121 0.999419 -0.023020 -12.079666 -0.029391 0.023755 0.999286 355.333252
0.999209 -0.024633 0.031232 -8.309358 0.025419 0.999364 -0.024996 -12.105058 -0.030596 0.025770 0.999200 356.238647
0.999176 -0.023703 0.032978 -8.299180 0.024511 0.999404 -0.024293 -12.136578 -0.032382 0.025082 0.999161 357.128876
0.999127 -0.022913 0.034969 -8.277154 0.023743 0.999442 -0.023507 -12.178004 -0.034410 0.024316 0.999113 358.002869
0.999006 -0.024456 0.037262 -8.251280 0.025293 0.999435 -0.022122 -12.209829 -0.036699 0.023042 0.999061 358.848206
0.998900 -0.026700 0.038555 -8.210176 0.027557 0.999380 -0.021859 -12.239967 -0.037946 0.022898 0.999018 359.662109
0.998807 -0.027410 0.040432 -8.173274 0.028271 0.999382 -0.020877 -12.266210 -0.039834 0.021995 0.998965 360.455109
0.998615 -0.030091 0.043183 -8.149863 0.030933 0.999342 -0.018947 -12.298083 -0.042585 0.020256 0.998888 361.235626
0.998493 -0.030932 0.045356 -8.129220 0.031736 0.999349 -0.017123 -12.326994 -0.044796 0.018537 0.998824 362.009186
0.998440 -0.029277 0.047569 -8.103889 0.030060 0.999422 -0.015825 -12.350797 -0.047078 0.017230 0.998743 362.749908
0.998325 -0.029289 0.049919 -8.080648 0.030103 0.999424 -0.015632 -12.377042 -0.049432 0.017109 0.998632 363.453064
0.998198 -0.028879 0.052608 -8.065935 0.029942 0.999361 -0.019518 -12.399722 -0.052010 0.021059 0.998425 364.135162
0.998104 -0.028658 0.054471 -8.033403 0.030034 0.999246 -0.024606 -12.431638 -0.053724 0.026196 0.998212 364.796234
0.998026 -0.028205 0.056115 -8.001194 0.029752 0.999194 -0.026930 -12.457570 -0.055309 0.028546 0.998062 365.444885
0.997926 -0.027877 0.058030 -7.984571 0.029451 0.999216 -0.026424 -12.476131 -0.057248 0.028078 0.997965 366.076782
0.997841 -0.028387 0.059228 -7.963231 0.029815 0.999282 -0.023371 -12.497367 -0.058522 0.025087 0.997971 366.674561
0.997807 -0.028815 0.059596 -7.945432 0.030083 0.999337 -0.020482 -12.520106 -0.058965 0.022230 0.998013 367.255249
0.997923 -0.028733 0.057648 -7.918885 0.029881 0.999370 -0.019148 -12.549062 -0.057061 0.020831 0.998154 367.816498
0.998172 -0.026778 0.054188 -7.898674 0.028003 0.999365 -0.021988 -12.568468 -0.053565 0.023466 0.998289 368.354462
0.998481 -0.025742 0.048734 -7.882588 0.027023 0.999301 -0.025810 -12.586953 -0.048035 0.027088 0.998479 368.871094
0.998874 -0.024784 0.040470 -7.873780 0.025945 0.999259 -0.028420 -12.604393 -0.039735 0.029438 0.998777 369.357330
0.999313 -0.024357 0.027941 -7.857895 0.025200 0.999225 -0.030217 -12.613297 -0.027183 0.030900 0.999153 369.831787
0.999638 -0.023878 0.012461 -7.873476 0.024263 0.999202 -0.031724 -12.626443 -0.011693 0.032015 0.999420 370.298492
0.999737 -0.021976 -0.006575 -7.892386 0.021746 0.999214 -0.033135 -12.644669 0.007298 0.032984 0.999429 370.762726
0.999406 -0.019030 -0.028742 -7.916571 0.018093 0.999306 -0.032561 -12.669011 0.029343 0.032022 0.999056 371.211639
0.998378 -0.016340 -0.054544 -7.964147 0.014690 0.999427 -0.030500 -12.691094 0.055012 0.029650 0.998046 371.662811
0.996230 -0.017012 -0.085077 -8.014002 0.014685 0.999502 -0.027908 -12.694966 0.085510 0.026553 0.995984 372.102142
0.992507 -0.018214 -0.120828 -8.073178 0.015072 0.999524 -0.026869 -12.711167 0.121260 0.024847 0.992310 372.534576
0.986861 -0.017853 -0.160585 -8.170257 0.013724 0.999547 -0.026787 -12.733978 0.160990 0.024232 0.986659 372.953094
0.978855 -0.014437 -0.204050 -8.280917 0.009396 0.999626 -0.025652 -12.748103 0.204345 0.023192 0.978625 373.367645
0.968488 -0.010149 -0.248858 -8.413604 0.004741 0.999739 -0.022324 -12.766022 0.249020 0.020440 0.968283 373.767242
0.955823 -0.006685 -0.293868 -8.583610 0.001551 0.999842 -0.017699 -12.782634 0.293941 0.016462 0.955682 374.150940
0.940531 -0.006364 -0.339651 -8.779432 0.001765 0.999902 -0.013848 -12.789210 0.339706 0.012425 0.940450 374.522644
0.922080 -0.002308 -0.386992 -8.973761 -0.001662 0.999949 -0.009925 -12.800919 0.386995 0.009795 0.922030 374.872559
0.899618 0.004905 -0.436651 -9.193187 -0.008804 0.999937 -0.006905 -12.812610 0.436591 0.010056 0.899605 375.216827
0.873237 0.012490 -0.487136 -9.434953 -0.015722 0.999873 -0.002548 -12.819074 0.487043 0.009883 0.873323 375.560028
0.843534 0.016605 -0.536819 -9.699073 -0.017648 0.999838 0.003197 -12.819802 0.536786 0.006777 0.843692 375.892212
0.809691 0.017025 -0.586610 -9.983233 -0.014727 0.999853 0.008691 -12.823306 0.586673 0.001601 0.809823 376.231781
0.772171 0.014409 -0.635252 -10.289907 -0.009144 0.999891 0.011565 -12.824299 0.635351 -0.003121 0.772218 376.554657
0.730839 0.013736 -0.682412 -10.627672 -0.003793 0.999863 0.016064 -12.824607 0.682541 -0.009151 0.730791 376.872406
0.685983 0.013478 -0.727492 -10.995425 0.000519 0.999819 0.019012 -12.821198 0.727618 -0.013419 0.685852 377.172607
0.635755 0.009374 -0.771834 -11.383576 0.007389 0.999806 0.018229 -12.813363 0.771857 -0.017292 0.635563 377.469727
0.581195 0.004305 -0.813754 -11.780936 0.014117 0.999782 0.015370 -12.802469 0.813643 -0.020421 0.581007 377.739014
0.523832 0.002682 -0.851817 -12.230701 0.013290 0.999848 0.011320 -12.797287 0.851719 -0.017251 0.523717 377.980499
0.463040 0.001306 -0.886336 -12.702130 0.011804 0.999900 0.007639 -12.791715 0.886260 -0.013999 0.462978 378.188385
0.400899 -0.002569 -0.916119 -13.187332 0.014391 0.999889 0.003494 -12.793157 0.916009 -0.014584 0.400892 378.355164
0.337998 -0.007391 -0.941118 -13.698020 0.024924 0.999689 0.001100 -12.786626 0.940817 -0.023828 0.338077 378.506256
0.275143 -0.003123 -0.961399 -14.243084 0.024431 0.999694 0.003745 -12.766053 0.961094 -0.024518 0.275135 378.642914
0.215729 0.007515 -0.976425 -14.796900 0.015891 0.999810 0.011206 -12.764852 0.976325 -0.017933 0.215567 378.723877
0.162201 0.017171 -0.986609 -15.366286 0.004102 0.999828 0.018075 -12.765478 0.986750 -0.006978 0.162102 378.774536
0.115176 0.022314 -0.993095 -15.947289 -0.007277 0.999739 0.021619 -12.759988 0.993319 0.004737 0.115308 378.795166
0.074557 0.024212 -0.996923 -16.536400 -0.013017 0.999643 0.023305 -12.739538 0.997132 0.011239 0.074844 378.818970
0.043544 0.032371 -0.998527 -17.129271 -0.017740 0.999342 0.031624 -12.732630 0.998895 0.016337 0.044090 378.828979
0.021590 0.038152 -0.999039 -17.746374 -0.019221 0.999102 0.037738 -12.711625 0.999582 0.018387 0.022304 378.830658
0.005094 0.040480 -0.999167 -18.367914 -0.021908 0.998944 0.040359 -12.696746 0.999747 0.021684 0.005975 378.823853
-0.004773 0.035342 -0.999364 -18.978611 -0.027367 0.998996 0.035460 -12.677520 0.999615 0.027520 -0.003802 378.804230
-0.009540 0.023738 -0.999673 -19.601448 -0.031262 0.999222 0.024025 -12.658254 0.999466 0.031482 -0.008791 378.777710
-0.011453 0.010729 -0.999877 -20.236292 -0.032026 0.999425 0.011091 -12.631528 0.999422 0.032149 -0.011104 378.761444
-0.011579 0.006082 -0.999915 -20.885740 -0.029066 0.999556 0.006416 -12.621753 0.999511 0.029138 -0.011398 378.756866
-0.010073 0.009359 -0.999906 -21.559570 -0.025874 0.999619 0.009617 -12.617066 0.999615 0.025969 -0.009828 378.754272
-0.008583 0.014398 -0.999860 -22.244246 -0.022911 0.999631 0.014591 -12.616491 0.999701 0.023034 -0.008250 378.746643
-0.007530 0.015809 -0.999847 -22.936680 -0.024747 0.999565 0.015991 -12.607240 0.999666 0.024864 -0.007136 378.736877
-0.008041 0.014869 -0.999857 -23.650412 -0.028215 0.999487 0.015091 -12.594226 0.999570 0.028333 -0.007618 378.746765
-0.006136 0.014306 -0.999879 -24.368256 -0.031879 0.999386 0.014494 -12.586564 0.999474 0.031965 -0.005676 378.733582
-0.002521 0.012633 -0.999917 -25.099932 -0.036402 0.999256 0.012716 -12.581445 0.999334 0.036431 -0.002060 378.719147
0.001863 0.011389 -0.999934 -25.837875 -0.039468 0.999157 0.011307 -12.573564 0.999220 0.039444 0.002311 378.726715
0.006488 0.011860 -0.999909 -26.605927 -0.041953 0.999052 0.011578 -12.565589 0.999099 0.041873 0.006979 378.725647
0.011389 0.015019 -0.999823 -27.386705 -0.043809 0.998934 0.014507 -12.559114 0.998975 0.043637 0.012035 378.725555
0.016224 0.018682 -0.999694 -28.197014 -0.046786 0.998744 0.017905 -12.550538 0.998774 0.046482 0.017077 378.724060
0.020088 0.020403 -0.999590 -29.012949 -0.047824 0.998667 0.019422 -12.542296 0.998654 0.047414 0.021036 378.731262
0.022954 0.018484 -0.999566 -29.837448 -0.048095 0.998691 0.017363 -12.529897 0.998580 0.047676 0.023812 378.749786
0.026728 0.015536 -0.999522 -30.683533 -0.046796 0.998801 0.014273 -12.512419 0.998547 0.046393 0.027423 378.760742
0.030076 0.015962 -0.999421 -31.550686 -0.044177 0.998916 0.014623 -12.494188 0.998572 0.043711 0.030747 378.791962
0.032861 0.020626 -0.999248 -32.415936 -0.044261 0.998836 0.019161 -12.488144 0.998479 0.043599 0.033736 378.827972
0.035640 0.025848 -0.999031 -33.317612 -0.043412 0.998761 0.024292 -12.475600 0.998422 0.042505 0.036717 378.866333
0.037238 0.031203 -0.998819 -34.224689 -0.041754 0.998688 0.029643 -12.465886 0.998434 0.040601 0.038491 378.920837
0.040444 0.032650 -0.998649 -35.129276 -0.040429 0.998700 0.031014 -12.446852 0.998364 0.039120 0.041711 378.958130
0.042147 0.031718 -0.998609 -36.035675 -0.042297 0.998656 0.029933 -12.432204 0.998217 0.040978 0.043431 379.005188
0.042085 0.027864 -0.998726 -36.943031 -0.044238 0.998682 0.025998 -12.417944 0.998135 0.043088 0.043262 379.061066
0.042031 0.024008 -0.998828 -37.850880 -0.046179 0.998689 0.022061 -12.407290 0.998049 0.045197 0.043084 379.116821
0.041128 0.023780 -0.998872 -38.765846 -0.046231 0.998690 0.021872 -12.394612 0.998084 0.045280 0.042173 379.164764
0.040012 0.024217 -0.998906 -39.701202 -0.045459 0.998714 0.022392 -12.381510 0.998165 0.044514 0.041062 379.215149
0.038889 0.025919 -0.998908 -40.630768 -0.044035 0.998736 0.024200 -12.378383 0.998273 0.043046 0.039980 379.250000
0.036744 0.026791 -0.998966 -41.562931 -0.043573 0.998732 0.025181 -12.365958 0.998375 0.042603 0.037864 379.297119
0.035232 0.027859 -0.998991 -42.504078 -0.044458 0.998665 0.026282 -12.358335 0.998390 0.043488 0.036423 379.331085
0.033562 0.028722 -0.999025 -43.418346 -0.045897 0.998576 0.027167 -12.347744 0.998383 0.044941 0.034832 379.362427
0.033039 0.027762 -0.999069 -44.337608 -0.048631 0.998475 0.026137 -12.311084 0.998271 0.047723 0.034338 379.379639
0.032235 0.027627 -0.999099 -45.267925 -0.047941 0.998510 0.026065 -12.292363 0.998330 0.047057 0.033511 379.403198
0.030340 0.026436 -0.999191 -46.185024 -0.050730 0.998402 0.024874 -12.272449 0.998252 0.049934 0.031632 379.435852
0.028775 0.024545 -0.999285 -47.096672 -0.050003 0.998481 0.023085 -12.262391 0.998335 0.049303 0.029958 379.459290
0.025508 0.022685 -0.999417 -48.005230 -0.048429 0.998596 0.021430 -12.249455 0.998502 0.047854 0.026571 379.485718
0.021650 0.025432 -0.999442 -48.924007 -0.048833 0.998510 0.024350 -12.241184 0.998573 0.048279 0.022859 379.504089
0.017499 0.029503 -0.999412 -49.844063 -0.051769 0.998250 0.028562 -12.230209 0.998506 0.051238 0.018995 379.519043
0.013984 0.031650 -0.999401 -50.753773 -0.053405 0.998096 0.030861 -12.216323 0.998476 0.052941 0.015647 379.517914
0.010724 0.029631 -0.999504 -51.665878 -0.058607 0.997861 0.028954 -12.195942 0.998224 0.058268 0.012437 379.517670
0.008401 0.027279 -0.999593 -52.577496 -0.062081 0.997713 0.026706 -12.166698 0.998036 0.061832 0.010074 379.518250
0.005387 0.022756 -0.999727 -53.493866 -0.061685 0.997844 0.022381 -12.159142 0.998081 0.061547 0.006778 379.528656
0.002894 0.020518 -0.999785 -54.393028 -0.058686 0.998069 0.020313 -12.158693 0.998273 0.058615 0.004092 379.550842
0.001695 0.022947 -0.999735 -55.300388 -0.058623 0.998019 0.022808 -12.154106 0.998279 0.058569 0.003036 379.554443
0.001044 0.025269 -0.999681 -56.213284 -0.058996 0.997941 0.025163 -12.147417 0.998258 0.058950 0.002533 379.556793
0.001622 0.027052 -0.999633 -57.128590 -0.058118 0.997946 0.026911 -12.141124 0.998309 0.058053 0.003190 379.557129
0.004329 0.024476 -0.999691 -58.021770 -0.059526 0.997933 0.024175 -12.152476 0.998218 0.059403 0.005777 379.532990
0.006505 0.023530 -0.999703 -58.900352 -0.060787 0.997883 0.023091 -12.146773 0.998130 0.060618 0.007921 379.547791
0.008419 0.024594 -0.999663 -59.800182 -0.063529 0.997691 0.024010 -12.146025 0.997945 0.063306 0.009961 379.575043
0.012849 0.026555 -0.999566 -60.697365 -0.063853 0.997629 0.025682 -12.130565 0.997877 0.063495 0.014514 379.584381
0.016739 0.028567 -0.999452 -61.597752 -0.064593 0.997535 0.027431 -12.124125 0.997772 0.064098 0.018543 379.604828
0.021044 0.029430 -0.999346 -62.489704 -0.064510 0.997523 0.028017 -12.110038 0.997695 0.063878 0.022890 379.634003
0.025331 0.030461 -0.999215 -63.379681 -0.063470 0.997567 0.028801 -12.101633 0.997663 0.062691 0.027203 379.670227
0.030015 0.030630 -0.999080 -64.272301 -0.062588 0.997626 0.028705 -12.086874 0.997588 0.061669 0.031860 379.701172
0.034919 0.029506 -0.998955 -65.166603 -0.061308 0.997744 0.027327 -12.077846 0.997508 0.060290 0.036649 379.738556
0.039975 0.027552 -0.998822 -66.046265 -0.062081 0.997756 0.025039 -12.064401 0.997270 0.061007 0.041596 379.768921
0.043540 0.024613 -0.998749 -66.925713 -0.061567 0.997862 0.021907 -12.045671 0.997154 0.060536 0.044961 379.827972
0.048152 0.024007 -0.998552 -67.800774 -0.062358 0.997833 0.020983 -12.041310 0.996892 0.061257 0.049544 379.864502
0.053118 0.025342 -0.998267 -68.681068 -0.062642 0.997793 0.021997 -12.039571 0.996622 0.061365 0.054588 379.905701
0.058005 0.027067 -0.997950 -69.566696 -0.063603 0.997702 0.023363 -12.031127 0.996289 0.062117 0.059592 379.951050
0.062355 0.028468 -0.997648 -70.429100 -0.064055 0.997646 0.024464 -12.017139 0.995997 0.062378 0.064030 380.001740
0.066322 0.030750 -0.997324 -71.302528 -0.063797 0.997610 0.026516 -12.004210 0.995757 0.061868 0.068124 380.060516
0.069547 0.031811 -0.997072 -72.170235 -0.062645 0.997657 0.027460 -11.988896 0.995611 0.060551 0.071377 380.128143
0.072304 0.031673 -0.996880 -73.020218 -0.060161 0.997814 0.027339 -11.979451 0.995567 0.057997 0.074051 380.194336
0.074049 0.029840 -0.996809 -73.860420 -0.057456 0.998019 0.025609 -11.969807 0.995598 0.055377 0.075616 380.270111
0.074859 0.027484 -0.996816 -74.686745 -0.055046 0.998210 0.023389 -11.962609 0.995674 0.053121 0.076237 380.349365
0.075654 0.026798 -0.996774 -75.484863 -0.051902 0.998389 0.022903 -11.953036 0.995783 0.050002 0.076923 380.416840
0.075487 0.025886 -0.996811 -76.261597 -0.049738 0.998516 0.022164 -11.947593 0.995906 0.047907 0.076662 380.487488
0.075515 0.024162 -0.996852 -77.009071 -0.046922 0.998684 0.020651 -11.953236 0.996041 0.045216 0.076549 380.539062
0.074873 0.023349 -0.996920 -77.738457 -0.045277 0.998774 0.019991 -11.954721 0.996165 0.043641 0.075838 380.587585
0.072537 0.022743 -0.997106 -78.447212 -0.042533 0.998900 0.019688 -11.950148 0.996459 0.040983 0.073425 380.642670
0.068825 0.024404 -0.997331 -79.133865 -0.040813 0.998933 0.021626 -11.943346 0.996794 0.039216 0.069747 380.696442
0.064586 0.026637 -0.997557 -79.803673 -0.038204 0.998976 0.024202 -11.945522 0.997181 0.036548 0.065537 380.741882
0.059147 0.027790 -0.997863 -80.445702 -0.037044 0.998984 0.025625 -11.944721 0.997562 0.035449 0.060116 380.779358
0.052905 0.027504 -0.998221 -81.065819 -0.034857 0.999062 0.025680 -11.940784 0.997991 0.033437 0.053813 380.818665
0.045214 0.025624 -0.998649 -81.676338 -0.035146 0.999092 0.024043 -11.936862 0.998359 0.034012 0.046073 380.853668
0.037879 0.023886 -0.998998 -82.279747 -0.033828 0.999171 0.022606 -11.942090 0.998710 0.032937 0.038656 380.872559
0.029303 0.023763 -0.999288 -82.881714 -0.034156 0.999157 0.022758 -11.932910 0.998987 0.033465 0.030089 380.896545
0.021489 0.024454 -0.999471 -83.482834 -0.032917 0.999175 0.023739 -11.922608 0.999228 0.032390 0.022276 380.918121
0.013776 0.024713 -0.999600 -84.086472 -0.033610 0.999141 0.024239 -11.915359 0.999341 0.033262 0.014595 380.928253
0.005793 0.022137 -0.999738 -84.685921 -0.034083 0.999178 0.021926 -11.909215 0.999403 0.033948 0.006542 380.943268
-0.001409 0.018288 -0.999832 -85.282974 -0.035613 0.999198 0.018325 -11.900248 0.999365 0.035632 -0.000757 380.940094
-0.007437 0.014881 -0.999862 -85.872177 -0.035042 0.999271 0.015133 -11.892387 0.999359 0.035150 -0.006910 380.922791
-0.013764 0.012179 -0.999831 -86.459915 -0.035034 0.999305 0.012655 -11.888526 0.999291 0.035203 -0.013328 380.908203
-0.019337 0.009970 -0.999764 -87.053642 -0.035254 0.999321 0.010648 -11.889264 0.999192 0.035451 -0.018973 380.890533
-0.025137 0.008928 -0.999645 -87.654419 -0.037396 0.999251 0.009865 -11.888301 0.998984 0.037631 -0.024785 380.872986
-0.029927 0.008708 -0.999515 -88.261887 -0.039287 0.999179 0.009881 -11.892851 0.998781 0.039564 -0.029561 380.846405
-0.034929 0.008357 -0.999356 -88.875038 -0.038706 0.999203 0.009709 -11.897861 0.998641 0.039020 -0.034577 380.825287
-0.039856 0.008019 -0.999174 -89.495857 -0.037689 0.999243 0.009523 -11.894096 0.998495 0.038038 -0.039524 380.806854
-0.043557 0.006930 -0.999027 -90.117516 -0.038966 0.999203 0.008631 -11.891002 0.998291 0.039304 -0.043253 380.772125
-0.046989 0.005528 -0.998880 -90.746452 -0.044060 0.999000 0.007601 -11.896729 0.997924 0.044368 -0.046700 380.731262
-0.049458 0.004627 -0.998766 -91.384239 -0.046879 0.998876 0.006949 -11.897386 0.997676 0.047164 -0.049186 380.691345
-0.051320 0.004055 -0.998675 -92.031754 -0.047320 0.998858 0.006487 -11.898087 0.997561 0.047591 -0.051071 380.659058
-0.052384 0.003523 -0.998621 -92.683380 -0.045654 0.998939 0.005918 -11.896466 0.997584 0.045902 -0.052168 380.631653
-0.053047 0.004700 -0.998581 -93.350563 -0.046920 0.998873 0.007194 -11.890340 0.997490 0.047235 -0.052767 380.598022
-0.052341 0.008812 -0.998591 -94.030800 -0.046454 0.998857 0.011250 -11.887620 0.997549 0.046978 -0.051872 380.553497
-0.052784 0.014419 -0.998502 -94.725815 -0.049748 0.998615 0.017051 -11.883183 0.997366 0.050573 -0.051994 380.517334
-0.052674 0.026814 -0.998252 -95.440018 -0.051322 0.998245 0.029521 -11.872017 0.997292 0.052788 -0.051206 380.486115
-0.051732 0.037127 -0.997971 -96.159866 -0.054590 0.997709 0.039947 -11.852965 0.997168 0.056545 -0.049588 380.454376
-0.049194 0.039806 -0.997996 -96.892509 -0.056176 0.997513 0.042555 -11.834553 0.997208 0.058157 -0.046836 380.411957
-0.046941 0.031029 -0.998416 -97.614983 -0.060810 0.997575 0.033862 -11.822488 0.997045 0.062303 -0.044942 380.379700
-0.042713 0.014586 -0.998982 -98.353874 -0.062945 0.997868 0.017260 -11.798792 0.997103 0.063619 -0.041704 380.339081
-0.039681 0.010525 -0.999157 -99.113297 -0.065172 0.997788 0.013099 -11.768209 0.997085 0.065637 -0.038908 380.311798
-0.035540 0.020420 -0.999160 -99.895439 -0.063485 0.997725 0.022649 -11.744160 0.997351 0.064238 -0.034164 380.287720
-0.031335 0.039506 -0.998728 -100.702896 -0.064528 0.997054 0.041464 -11.737933 0.997424 0.065746 -0.028693 380.259735
-0.027062 0.042792 -0.998718 -101.536957 -0.062532 0.997053 0.044415 -11.701771 0.997676 0.063654 -0.024307 380.231873
-0.024335 0.032968 -0.999160 -102.360672 -0.062019 0.997481 0.034423 -11.680700 0.997779 0.062805 -0.022230 380.214935
-0.020277 0.015730 -0.999671 -103.190193 -0.062710 0.997887 0.016974 -11.665224 0.997826 0.063035 -0.019248 380.191711
-0.016037 0.005818 -0.999855 -104.054672 -0.065564 0.997825 0.006857 -11.641831 0.997720 0.065664 -0.015621 380.160431
-0.011622 0.010754 -0.999875 -104.943314 -0.071726 0.997357 0.011559 -11.643048 0.997357 0.071852 -0.010820 380.126160
-0.007281 0.021827 -0.999736 -105.823578 -0.077626 0.996732 0.022326 -11.640628 0.996956 0.077768 -0.005563 380.132050
-0.000825 0.024846 -0.999691 -106.727936 -0.080862 0.996415 0.024831 -11.622610 0.996725 0.080858 0.001185 380.121857
0.005950 0.015470 -0.999863 -107.631271 -0.083041 0.996434 0.014922 -11.609187 0.996529 0.082941 0.007212 380.123474
0.013946 0.001786 -0.999901 -108.557686 -0.080372 0.996765 0.000660 -11.611360 0.996667 0.080356 0.014043 380.123260
0.020714 -0.006164 -0.999767 -109.507538 -0.072891 0.997310 -0.007659 -11.618829 0.997125 0.073033 0.020208 380.153381
0.026192 -0.001378 -0.999657 -110.494980 -0.068593 0.997640 -0.003173 -11.627789 0.997302 0.068652 0.026035 380.214691
0.033318 0.010678 -0.999389 -111.474983 -0.065439 0.997821 0.008480 -11.629572 0.997300 0.065116 0.033943 380.250275
0.039403 0.020826 -0.999006 -112.476799 -0.062835 0.997855 0.018323 -11.632700 0.997246 0.062051 0.040626 380.294006
0.044204 0.021747 -0.998787 -113.473137 -0.061423 0.997931 0.019010 -11.623844 0.997133 0.060509 0.045448 380.344666
0.047401 0.017798 -0.998718 -114.473274 -0.060519 0.998055 0.014913 -11.613751 0.997042 0.059735 0.048385 380.397858
0.047781 0.014265 -0.998756 -115.475304 -0.058803 0.998204 0.011443 -11.606308 0.997126 0.058183 0.048534 380.464813
0.048000 0.014219 -0.998747 -116.472725 -0.056867 0.998315 0.011479 -11.595676 0.997228 0.056245 0.048727 380.518829
0.048065 0.014849 -0.998734 -117.471123 -0.054812 0.998422 0.012206 -11.587977 0.997340 0.054155 0.048802 380.567322
0.046219 0.015723 -0.998808 -118.476089 -0.055519 0.998371 0.013147 -11.580018 0.997387 0.054846 0.047016 380.625854
0.042255 0.018374 -0.998939 -119.493057 -0.056347 0.998283 0.015978 -11.572088 0.997517 0.055612 0.043218 380.696564
0.039004 0.022311 -0.998991 -120.501717 -0.056520 0.998199 0.020087 -11.561853 0.997640 0.055680 0.040195 380.733643
0.035517 0.021919 -0.999129 -121.506241 -0.056598 0.998198 0.019887 -11.552740 0.997765 0.055842 0.036693 380.766907
0.032800 0.014157 -0.999362 -122.504951 -0.053488 0.998492 0.012388 -11.545220 0.998030 0.053048 0.033508 380.794647
0.028698 0.005510 -0.999574 -123.506622 -0.048812 0.998799 0.004103 -11.539728 0.998396 0.048674 0.028931 380.834656
0.024317 0.003452 -0.999699 -124.498909 -0.043918 0.999032 0.002381 -11.539140 0.998740 0.043848 0.024445 380.872528
0.020791 0.009303 -0.999741 -125.488541 -0.041182 0.999115 0.008440 -11.546686 0.998935 0.040996 0.021155 380.887909
0.018531 0.015873 -0.999703 -126.489532 -0.040570 0.999062 0.015110 -11.558562 0.999006 0.040279 0.019157 380.895142
0.016217 0.017100 -0.999722 -127.484726 -0.043115 0.998935 0.016387 -11.556421 0.998939 0.042837 0.016936 380.897919
0.014428 0.013998 -0.999798 -128.470291 -0.047194 0.998797 0.013303 -11.550933 0.998782 0.046993 0.015071 380.894714
0.011750 0.010438 -0.999877 -129.446243 -0.051522 0.998623 0.009819 -11.551907 0.998604 0.051400 0.012271 380.897949
0.007663 0.007528 -0.999943 -130.434280 -0.052448 0.998598 0.007116 -11.550960 0.998595 0.052390 0.008046 380.927551
0.006941 0.007603 -0.999947 -131.418610 -0.050996 0.998672 0.007239 -11.564206 0.998675 0.050944 0.007318 380.916595
0.004561 0.010131 -0.999939 -132.415573 -0.049743 0.998713 0.009890 -11.565735 0.998752 0.049694 0.005059 380.927704
0.002334 0.015015 -0.999885 -133.396255 -0.046237 0.998819 0.014891 -11.566241 0.998928 0.046197 0.003025 380.928162
-0.001337 0.021963 -0.999759 -134.375839 -0.045559 0.998718 0.022001 -11.555674 0.998961 0.045578 -0.000336 380.929352
-0.004966 0.026452 -0.999638 -135.351974 -0.040771 0.998813 0.026633 -11.565630 0.999157 0.040888 -0.003883 380.930328
-0.008573 0.030957 -0.999484 -136.327682 -0.035967 0.998864 0.031245 -11.571055 0.999317 0.036216 -0.007450 380.927979
-0.011869 0.024003 -0.999642 -137.295578 -0.038752 0.998950 0.024447 -11.559122 0.999179 0.039028 -0.010927 380.909332
-0.014363 0.018477 -0.999727 -138.256912 -0.039511 0.999038 0.019032 -11.547937 0.999116 0.039774 -0.013620 380.891235
-0.017400 0.019009 -0.999668 -139.220337 -0.035485 0.999177 0.019617 -11.538072 0.999219 0.035814 -0.016712 380.892639
-0.019534 0.024082 -0.999520 -140.184250 -0.033777 0.999123 0.024732 -11.532233 0.999239 0.034244 -0.018704 380.875854
-0.021368 0.028687 -0.999360 -141.157074 -0.031996 0.999056 0.029363 -11.518994 0.999260 0.032603 -0.020430 380.863678
-0.023340 0.030540 -0.999261 -142.120132 -0.029195 0.999086 0.031216 -11.500510 0.999302 0.029901 -0.022428 380.857635
-0.023000 0.033003 -0.999191 -143.059326 -0.028158 0.999037 0.033646 -11.492559 0.999339 0.028908 -0.022049 380.818207
-0.024114 0.034198 -0.999124 -144.005554 -0.028545 0.998983 0.034882 -11.477788 0.999302 0.029361 -0.023113 380.808533
-0.022792 0.033934 -0.999164 -144.961594 -0.031801 0.998893 0.034651 -11.460408 0.999235 0.032565 -0.021688 380.767090
-0.022259 0.032276 -0.999232 -145.912827 -0.036163 0.998798 0.033068 -11.443242 0.999098 0.036871 -0.021065 380.736389
-0.021179 0.030631 -0.999307 -146.833267 -0.038938 0.998746 0.031439 -11.438747 0.999017 0.039577 -0.019960 380.702850
-0.019089 0.027506 -0.999440 -147.778473 -0.038304 0.998867 0.028221 -11.420565 0.999085 0.038820 -0.018015 380.676514
-0.018584 0.024305 -0.999532 -148.720566 -0.036542 0.999020 0.024972 -11.405000 0.999159 0.036989 -0.017678 380.674347
-0.017081 0.024583 -0.999552 -149.657608 -0.036802 0.999004 0.025198 -11.393428 0.999177 0.037216 -0.016160 380.659332
-0.016673 0.028578 -0.999453 -150.593384 -0.035701 0.998937 0.029159 -11.368484 0.999224 0.036168 -0.015636 380.652710
-0.016845 0.034378 -0.999267 -151.536072 -0.032922 0.998847 0.034918 -11.349328 0.999317 0.033487 -0.015695 380.663727
-0.016508 0.037187 -0.999173 -152.458649 -0.031963 0.998777 0.037700 -11.326588 0.999353 0.032560 -0.015300 380.661713
-0.015317 0.036620 -0.999212 -153.362305 -0.033209 0.998758 0.037112 -11.303515 0.999331 0.033751 -0.014083 380.649384
-0.014168 0.035782 -0.999260 -154.244965 -0.032526 0.998814 0.036226 -11.295076 0.999371 0.033015 -0.012987 380.633881
-0.014228 0.032970 -0.999355 -155.114227 -0.032828 0.998901 0.033423 -11.275329 0.999360 0.033282 -0.013130 380.632629
-0.014861 0.032797 -0.999352 -155.987274 -0.035579 0.998811 0.033308 -11.240743 0.999257 0.036052 -0.013677 380.641937
-0.015494 0.032621 -0.999348 -156.860519 -0.038331 0.998713 0.033194 -11.206306 0.999145 0.038820 -0.014224 380.650757
-0.016128 0.032444 -0.999344 -157.734619 -0.041084 0.998607 0.033082 -11.171991 0.999026 0.041591 -0.014773 380.659149
-0.016159 0.028009 -0.999478 -158.538483 -0.036049 0.998941 0.028577 -11.166823 0.999220 0.036492 -0.015133 380.652100
-0.015580 0.020866 -0.999661 -159.327515 -0.033470 0.999211 0.021378 -11.158887 0.999319 0.033791 -0.014869 380.638000
-0.015794 0.017187 -0.999727 -160.093475 -0.032317 0.999320 0.017691 -11.147058 0.999353 0.032589 -0.015228 380.626617
-0.016561 0.022184 -0.999617 -160.852219 -0.028629 0.999333 0.022652 -11.138696 0.999453 0.028994 -0.015915 380.622894
-0.017125 0.030005 -0.999403 -161.583755 -0.022172 0.999292 0.030381 -11.143125 0.999607 0.022679 -0.016448 380.612671
-0.018604 0.033113 -0.999278 -162.299637 -0.022882 0.999175 0.033536 -11.136962 0.999566 0.023490 -0.017831 380.597748
-0.020784 0.029307 -0.999355 -163.001724 -0.023347 0.999283 0.029791 -11.134364 0.999512 0.023952 -0.020085 380.591675
-0.024044 0.020514 -0.999501 -163.668182 -0.026545 0.999423 0.021151 -11.124636 0.999359 0.027040 -0.023486 380.578796
-0.025768 0.014218 -0.999567 -164.299484 -0.027195 0.999519 0.014917 -11.122040 0.999298 0.027568 -0.025369 380.551239
-0.028229 0.013557 -0.999510 -164.942657 -0.031683 0.999393 0.014450 -11.119711 0.999100 0.032076 -0.027783 380.517151
-0.032211 0.015588 -0.999360 -165.580307 -0.033725 0.999291 0.016673 -11.094692 0.998913 0.034240 -0.031663 380.480621
-0.037775 0.020667 -0.999073 -166.205444 -0.034425 0.999165 0.021971 -11.105667 0.998694 0.035222 -0.037032 380.460144
-0.043615 0.022418 -0.998797 -166.805695 -0.034055 0.999134 0.023912 -11.100065 0.998468 0.035057 -0.042815 380.427124
-0.052637 0.023314 -0.998342 -167.394897 -0.033438 0.999125 0.025095 -11.093226 0.998054 0.034704 -0.051812 380.398041
-0.065166 0.022881 -0.997612 -167.964676 -0.031155 0.999203 0.024953 -11.090331 0.997389 0.032707 -0.064401 380.357483
-0.082637 0.021643 -0.996345 -168.530319 -0.028411 0.999307 0.024063 -11.083371 0.996175 0.030296 -0.081965 380.323273
-0.104023 0.020100 -0.994372 -169.079208 -0.026814 0.999376 0.023007 -11.078337 0.994213 0.029057 -0.103419 380.262299
-0.130411 0.019332 -0.991272 -169.618118 -0.025351 0.999417 0.022825 -11.072827 0.991136 0.028107 -0.129847 380.183563
-0.161943 0.018669 -0.986624 -170.162781 -0.025021 0.999421 0.023018 -11.067273 0.986484 0.028414 -0.161382 380.087952
-0.198142 0.019244 -0.979984 -170.682724 -0.025296 0.999373 0.024739 -11.061913 0.979847 0.029692 -0.197532 379.973541
-0.238674 0.020513 -0.970883 -171.192947 -0.023255 0.999369 0.026831 -11.064199 0.970821 0.028981 -0.238047 379.832764
-0.284005 0.021105 -0.958591 -171.694046 -0.020925 0.999383 0.028202 -11.056533 0.958594 0.028068 -0.283389 379.669830
-0.333036 0.022147 -0.942654 -172.182892 -0.017758 0.999399 0.029754 -11.056350 0.942747 0.026649 -0.332444 379.484406
-0.382992 0.024001 -0.923441 -172.635941 -0.015173 0.999364 0.032267 -11.051497 0.923627 0.026370 -0.382385 379.259094
-0.433473 0.024743 -0.900827 -173.058365 -0.013963 0.999318 0.034166 -11.042601 0.901059 0.027388 -0.432832 379.006805
-0.484414 0.025875 -0.874456 -173.472076 -0.012620 0.999251 0.036558 -11.031839 0.874748 0.028745 -0.483725 378.733459
-0.535694 0.026131 -0.844008 -173.868744 -0.013265 0.999137 0.039354 -11.017115 0.844308 0.032277 -0.534886 378.430664
-0.588448 0.026605 -0.808098 -174.255173 -0.013815 0.998981 0.042949 -11.003909 0.808417 0.036437 -0.587482 378.100861
-0.640850 0.027796 -0.767164 -174.629837 -0.012819 0.998817 0.046898 -10.991160 0.767560 0.039889 -0.639736 377.745270
-0.691603 0.025715 -0.721820 -174.978134 -0.012003 0.998819 0.047082 -10.955398 0.722178 0.041226 -0.690479 377.363922
-0.739918 0.025255 -0.672224 -175.303192 -0.009754 0.998787 0.048260 -10.924166 0.672627 0.042267 -0.738774 376.963409
-0.784631 0.025119 -0.619456 -175.589737 -0.008418 0.998655 0.051160 -10.898336 0.619907 0.045357 -0.783363 376.535156
-0.825910 0.021807 -0.563382 -175.853638 -0.010109 0.998518 0.053469 -10.870351 0.563712 0.049856 -0.824466 376.074982
-0.862708 0.020027 -0.505307 -176.087921 -0.009906 0.998354 0.056480 -10.842456 0.505606 0.053731 -0.861090 375.581482
-0.895807 0.019352 -0.444021 -176.311264 -0.007671 0.998229 0.058981 -10.808406 0.444375 0.056242 -0.894074 375.058868
-0.924066 0.024327 -0.381459 -176.507126 0.000631 0.998068 0.062119 -10.776613 0.382233 0.057161 -0.922297 374.526184
-0.946772 0.026736 -0.320794 -176.662247 0.006159 0.997866 0.064986 -10.746756 0.321847 0.059551 -0.944917 373.981384
-0.964000 0.027051 -0.264527 -176.779938 0.010087 0.997816 0.065276 -10.709984 0.265714 0.060257 -0.962168 373.418121
-0.976906 0.024015 -0.212319 -176.880875 0.010587 0.997884 0.064149 -10.670514 0.213410 0.060421 -0.975093 372.837189
-0.985520 0.019133 -0.168476 -176.931549 0.008437 0.997916 0.063972 -10.639976 0.169348 0.061625 -0.983628 372.248230
-0.991165 0.012979 -0.131998 -176.973938 0.004736 0.998029 0.062571 -10.602309 0.132549 0.061393 -0.989273 371.641205
-0.994654 0.008857 -0.102887 -177.012573 0.002190 0.997900 0.064733 -10.561858 0.103243 0.064162 -0.992585 371.019135
-0.996637 0.009494 -0.081396 -177.045776 0.004076 0.997779 0.066485 -10.521825 0.081846 0.065930 -0.994463 370.392517
-0.997889 0.010226 -0.064136 -177.073654 0.006004 0.997822 0.065683 -10.488170 0.064667 0.065159 -0.995778 369.751068
-0.998783 0.012270 -0.047774 -177.107864 0.009368 0.998124 0.060504 -10.461059 0.048427 0.059984 -0.997024 369.103302
-0.999304 0.016717 -0.033365 -177.124741 0.014930 0.998477 0.053093 -10.430051 0.034201 0.052558 -0.998032 368.446167
-0.999637 0.019428 -0.018700 -177.132736 0.018580 0.998837 0.044489 -10.390241 0.019542 0.044125 -0.998835 367.782928
-0.999843 0.017577 -0.002741 -177.129807 0.017447 0.998968 0.041917 -10.359789 0.003474 0.041863 -0.999118 367.091278
-0.999812 0.015361 0.011820 -177.123657 0.015853 0.998963 0.042679 -10.345117 -0.011152 0.042858 -0.999020 366.392792
-0.999630 0.014403 0.023086 -177.096817 0.015406 0.998918 0.043862 -10.318721 -0.022431 0.044202 -0.998771 365.671112
-0.999425 0.015497 0.030142 -177.041916 0.016778 0.998945 0.042748 -10.287923 -0.029449 0.043229 -0.998632 364.936676
-0.999265 0.013388 0.035928 -177.008820 0.014902 0.998996 0.042251 -10.256713 -0.035327 0.042756 -0.998461 364.188263
-0.999132 0.009428 0.040585 -176.970825 0.011165 0.999022 0.042784 -10.234240 -0.040142 0.043200 -0.998260 363.445038
-0.998895 0.008169 0.046282 -176.954590 0.010137 0.999048 0.042433 -10.212075 -0.045892 0.042855 -0.998027 362.700317
-0.998691 0.008304 0.050495 -176.910065 0.010520 0.998986 0.043784 -10.184811 -0.050080 0.044258 -0.997765 361.919495
-0.998365 0.009242 0.056409 -176.870865 0.011837 0.998878 0.045854 -10.160199 -0.055924 0.046447 -0.997355 361.122559
-0.998112 0.007881 0.060914 -176.810349 0.010910 0.998710 0.049573 -10.127984 -0.060446 0.050144 -0.996911 360.320923
-0.997763 0.004177 0.066728 -176.749283 0.007568 0.998688 0.050642 -10.093302 -0.066430 0.051034 -0.996486 359.509674
-0.997423 0.003184 0.071689 -176.681793 0.006915 0.998629 0.051867 -10.055370 -0.071427 0.052230 -0.996078 358.676788
-0.997123 0.002236 0.075766 -176.616180 0.006055 0.998720 0.050218 -10.016214 -0.075557 0.050533 -0.995860 357.843475
-0.996885 0.000538 0.078881 -176.548294 0.004207 0.998916 0.046348 -9.977422 -0.078771 0.046536 -0.995807 356.993896
-0.996911 -0.002532 0.078514 -176.454163 0.000841 0.999079 0.042900 -9.942189 -0.078551 0.042834 -0.995990 356.115448
-0.996901 -0.003562 0.078592 -176.381683 -0.000416 0.999198 0.040018 -9.906506 -0.078672 0.039862 -0.996104 355.239868
-0.997055 -0.002856 0.076637 -176.302826 0.000351 0.999126 0.041786 -9.878535 -0.076689 0.041690 -0.996183 354.352753
-0.997265 -0.004041 0.073801 -176.220123 -0.000710 0.998981 0.045117 -9.853998 -0.073909 0.044942 -0.996252 353.449310
-0.997391 -0.007307 0.071824 -176.153854 -0.003984 0.998919 0.046289 -9.815206 -0.072085 0.045882 -0.996343 352.534851
-0.997557 -0.008509 0.069349 -176.063492 -0.005345 0.998940 0.045688 -9.761207 -0.069665 0.045207 -0.996546 351.544495
-0.997692 -0.010041 0.067162 -175.996674 -0.006866 0.998855 0.047349 -9.730268 -0.067561 0.046779 -0.996619 350.606262
-0.997803 -0.012368 0.065088 -175.941177 -0.009211 0.998776 0.048599 -9.690047 -0.065610 0.047893 -0.996695 349.656708
-0.997888 -0.012493 0.063746 -175.901260 -0.009160 0.998588 0.052320 -9.659434 -0.064311 0.051626 -0.996594 348.668274
-0.998052 -0.013040 0.061014 -175.833038 -0.009546 0.998317 0.057191 -9.615657 -0.061658 0.056497 -0.996497 347.710663
-0.998129 -0.013795 0.059572 -175.792023 -0.009988 0.997916 0.063733 -9.560661 -0.060328 0.063019 -0.996188 346.756104
-0.998257 -0.014475 0.057216 -175.728241 -0.010643 0.997715 0.066717 -9.509557 -0.058052 0.065991 -0.996131 345.822723
-0.998339 -0.016516 0.055191 -175.671494 -0.012929 0.997817 0.064746 -9.455918 -0.056141 0.063926 -0.996374 344.885193
-0.998394 -0.019090 0.053349 -175.615555 -0.015840 0.998029 0.060703 -9.403165 -0.054402 0.059761 -0.996730 343.949310
-0.998516 -0.018261 0.051304 -175.562485 -0.015233 0.998153 0.058797 -9.350375 -0.052284 0.057928 -0.996951 343.009827
-0.998558 -0.019439 0.050049 -175.521027 -0.016400 0.998035 0.060458 -9.312364 -0.051126 0.059549 -0.996916 342.065643
-0.998705 -0.017077 0.047916 -175.474182 -0.014199 0.998110 0.059785 -9.263398 -0.048848 0.059028 -0.997061 341.119751
-0.998786 -0.015874 0.046647 -175.428650 -0.013165 0.998238 0.057845 -9.215304 -0.047484 0.057161 -0.997236 340.182953
-0.998840 -0.016049 0.045396 -175.391968 -0.013483 0.998323 0.056283 -9.169144 -0.046223 0.055606 -0.997383 339.245361
-0.998856 -0.020171 0.043352 -175.339294 -0.017743 0.998289 0.055703 -9.126424 -0.044402 0.054870 -0.997506 338.314819
-0.998859 -0.024248 0.041147 -175.277771 -0.022036 0.998332 0.053365 -9.078656 -0.042373 0.052397 -0.997728 337.365631
-0.998852 -0.028094 0.038805 -175.232895 -0.026037 0.998280 0.052527 -9.023789 -0.040215 0.051457 -0.997866 336.411224
-0.998904 -0.030638 0.035409 -175.173538 -0.028754 0.998204 0.052546 -8.959377 -0.036956 0.051471 -0.997991 335.459351
-0.998846 -0.035104 0.032791 -175.122849 -0.033275 0.997943 0.054771 -8.917018 -0.034647 0.053616 -0.997961 334.490082
-0.998874 -0.035409 0.031585 -175.096252 -0.033571 0.997812 0.056951 -8.873145 -0.033534 0.055827 -0.997877 333.526764
-0.999175 -0.028643 0.028814 -175.058502 -0.026991 0.998054 0.056205 -8.820792 -0.030368 0.055382 -0.998004 332.550476
-0.999387 -0.021508 0.027622 -175.043106 -0.020012 0.998375 0.053355 -8.786332 -0.028726 0.052769 -0.998194 331.581299
-0.999393 -0.022246 0.026836 -175.016708 -0.020872 0.998508 0.050448 -8.738351 -0.027919 0.049857 -0.998367 330.623993
-0.999399 -0.022630 0.026258 -174.992371 -0.021154 0.998248 0.055246 -8.696570 -0.027464 0.054658 -0.998128 329.654510
-0.999436 -0.019950 0.027022 -174.987686 -0.018209 0.997834 0.063203 -8.645052 -0.028225 0.062676 -0.997635 328.684692
-0.999452 -0.019062 0.027065 -174.959732 -0.017273 0.997745 0.064845 -8.600678 -0.028241 0.064342 -0.997529 327.712250
-0.999278 -0.025752 0.027939 -174.922501 -0.024043 0.997915 0.059882 -8.547202 -0.029424 0.059167 -0.997815 326.742889
-0.999098 -0.029882 0.030193 -174.892487 -0.028282 0.998240 0.052121 -8.499722 -0.031698 0.051220 -0.998184 325.785980
-0.999113 -0.026552 0.032697 -174.870087 -0.024971 0.998542 0.047847 -8.463504 -0.033921 0.046988 -0.998320 324.831512
-0.999076 -0.026198 0.034084 -174.833572 -0.024606 0.998623 0.046312 -8.424021 -0.035252 0.045431 -0.998346 323.873657
-0.999089 -0.025580 0.034169 -174.792679 -0.023931 0.998568 0.047841 -8.389426 -0.035345 0.046980 -0.998271 322.928741
-0.999119 -0.023937 0.034482 -174.756943 -0.022208 0.998519 0.049657 -8.357768 -0.035621 0.048846 -0.998171 321.980042
-0.999178 -0.024633 0.032206 -174.704666 -0.023007 0.998487 0.049931 -8.323822 -0.033388 0.049149 -0.998234 321.036530
-0.999250 -0.025332 0.029308 -174.663834 -0.023876 0.998513 0.049007 -8.289492 -0.030507 0.048271 -0.998369 320.091339
-0.999321 -0.025499 0.026612 -174.630020 -0.024215 0.998578 0.047476 -8.242269 -0.027785 0.046799 -0.998518 319.130920
-0.999430 -0.024038 0.023726 -174.602219 -0.022841 0.998512 0.049500 -8.191160 -0.024881 0.048930 -0.998493 318.167389
-0.999485 -0.024279 0.020992 -174.576859 -0.023255 0.998587 0.047770 -8.145181 -0.022122 0.047257 -0.998638 317.217651
-0.999507 -0.025633 0.018143 -174.545532 -0.024815 0.998724 0.043992 -8.119037 -0.019247 0.043520 -0.998868 316.265137
-0.999626 -0.022459 0.015592 -174.511017 -0.021818 0.998956 0.040139 -8.075701 -0.016477 0.039784 -0.999072 315.310547
-0.999623 -0.022558 0.015671 -174.508835 -0.021860 0.998820 0.043362 -8.042151 -0.016632 0.043004 -0.998937 314.353485
-0.999641 -0.022021 0.015322 -174.491211 -0.021264 0.998621 0.047980 -8.004883 -0.016358 0.047638 -0.998731 313.389160
-0.999672 -0.020624 0.015220 -174.469788 -0.019875 0.998656 0.047856 -7.963258 -0.016187 0.047538 -0.998739 312.445770
-0.999664 -0.020046 0.016472 -174.466324 -0.019303 0.998839 0.044119 -7.929517 -0.017338 0.043787 -0.998891 311.501038
-0.999680 -0.017832 0.017986 -174.445312 -0.017093 0.999037 0.040404 -7.898517 -0.018690 0.040083 -0.999022 310.572388
-0.999674 -0.013083 0.021957 -174.445328 -0.012200 0.999128 0.039903 -7.862409 -0.022461 0.039622 -0.998962 309.624420
-0.999628 -0.008377 0.025966 -174.425354 -0.007259 0.999054 0.042865 -7.845914 -0.026301 0.042660 -0.998744 308.674469
-0.999508 -0.004624 0.031044 -174.405640 -0.003294 0.999081 0.042743 -7.816338 -0.031214 0.042620 -0.998604 307.730408
-0.999315 -0.009251 0.035834 -174.364258 -0.007804 0.999155 0.040325 -7.784076 -0.036177 0.040018 -0.998544 306.787659
-0.999091 -0.014030 0.040278 -174.329651 -0.012516 0.999213 0.037614 -7.752034 -0.040774 0.037076 -0.998480 305.853119
-0.998985 -0.014152 0.042786 -174.290863 -0.012355 0.999043 0.041959 -7.723096 -0.043339 0.041388 -0.998203 304.892792
-0.998941 -0.014965 0.043532 -174.245636 -0.012920 0.998817 0.046867 -7.688908 -0.044182 0.046255 -0.997953 303.934967
-0.998901 -0.016042 0.044047 -174.200577 -0.013788 0.998603 0.050992 -7.657225 -0.044804 0.050329 -0.997727 302.981567
-0.998840 -0.014161 0.046021 -174.151840 -0.012205 0.999022 0.042489 -7.594318 -0.046578 0.041878 -0.998037 301.972931
-0.998860 -0.007440 0.047166 -174.112701 -0.005785 0.999366 0.035132 -7.564632 -0.047399 0.034819 -0.998270 301.010132
-0.998855 -0.004191 0.047659 -174.062775 -0.002746 0.999536 0.030332 -7.515652 -0.047764 0.030166 -0.998403 300.019287
-0.998772 -0.006869 0.049072 -174.035416 -0.005043 0.999293 0.037235 -7.511171 -0.049294 0.036942 -0.998101 299.056854
-0.998742 -0.008711 0.049393 -173.985580 -0.006517 0.998991 0.044421 -7.486266 -0.049731 0.044043 -0.997791 298.085968
-0.998717 -0.010910 0.049457 -173.940552 -0.008485 0.998764 0.048959 -7.453537 -0.049931 0.048477 -0.997575 297.106201
-0.998797 -0.009025 0.048199 -173.900940 -0.006658 0.998774 0.049055 -7.416346 -0.048583 0.048675 -0.997633 296.130035
-0.998857 -0.007289 0.047233 -173.877075 -0.005226 0.999033 0.043655 -7.368766 -0.047507 0.043358 -0.997930 295.159363
-0.998981 -0.006157 0.044713 -173.832443 -0.004232 0.999065 0.043020 -7.341861 -0.044937 0.042788 -0.998074 294.166168
-0.999060 -0.004962 0.043076 -173.802170 -0.003069 0.999031 0.043902 -7.301722 -0.043253 0.043729 -0.998108 293.182007
-0.999176 -0.000400 0.040592 -173.765564 0.001605 0.998778 0.049369 -7.256785 -0.040564 0.049393 -0.997956 292.188171
-0.999265 0.004214 0.038112 -173.731110 0.006304 0.998472 0.054893 -7.205963 -0.037823 0.055092 -0.997765 291.185852
-0.999320 0.003702 0.036699 -173.693314 0.005717 0.998472 0.054953 -7.168702 -0.036440 0.055125 -0.997815 290.211792
-0.999340 0.000318 0.036333 -173.634552 0.002228 0.998616 0.052541 -7.120294 -0.036266 0.052588 -0.997958 289.241852
-0.999283 0.003889 0.037684 -173.597916 0.005836 0.998644 0.051711 -7.077522 -0.037432 0.051894 -0.997951 288.253998
-0.999152 0.006470 0.040669 -173.566452 0.008576 0.998619 0.051820 -7.040945 -0.040278 0.052125 -0.997829 287.271027
-0.999049 0.004992 0.043307 -173.512527 0.007248 0.998615 0.052097 -7.004566 -0.042988 0.052362 -0.997703 286.291077
-0.998858 0.004520 0.047578 -173.469269 0.007191 0.998398 0.056110 -6.967878 -0.047249 0.056388 -0.997291 285.329315
-0.998692 0.003734 0.051014 -173.414993 0.006734 0.998249 0.058765 -6.925055 -0.050706 0.059032 -0.996968 284.338043
-0.998604 0.004446 0.052638 -173.363846 0.007374 0.998428 0.055553 -6.875329 -0.052308 0.055864 -0.997067 283.340454
-0.998546 0.004461 0.053728 -173.312256 0.007095 0.998777 0.048922 -6.829943 -0.053445 0.049232 -0.997357 282.357269
-0.998487 0.003969 0.054857 -173.245316 0.006368 0.999026 0.043631 -6.788074 -0.054632 0.043914 -0.997541 281.371277
-0.998395 0.002004 0.056609 -173.171844 0.004479 0.999037 0.043618 -6.745664 -0.056468 0.043801 -0.997443 280.357513
-0.998308 0.001647 0.058140 -173.108292 0.004500 0.998789 0.048972 -6.716553 -0.057990 0.049151 -0.997107 279.356812
-0.998218 -0.005092 0.059459 -173.021255 -0.001815 0.998481 0.055057 -6.669374 -0.059649 0.054851 -0.996712 278.331573
-0.998074 -0.007013 0.061648 -172.954147 -0.003751 0.998594 0.052882 -6.623580 -0.061932 0.052549 -0.996697 277.333557
-0.997903 -0.005364 0.064501 -172.895416 -0.002348 0.998904 0.046741 -6.579358 -0.064682 0.046491 -0.996823 276.331665
-0.997771 -0.001825 0.066712 -172.826096 0.000322 0.999483 0.032160 -6.544484 -0.066737 0.032110 -0.997254 275.327454
-0.997597 0.001694 0.069266 -172.754395 0.003218 0.999754 0.021910 -6.515027 -0.069213 0.022080 -0.997358 274.321564
-0.997371 0.005240 0.072279 -172.698639 0.006921 0.999710 0.023032 -6.502273 -0.072138 0.023471 -0.997119 273.320435
-0.997291 0.005628 0.073349 -172.619598 0.008127 0.999394 0.033818 -6.476726 -0.073114 0.034323 -0.996733 272.305328
-0.997226 0.003650 0.074352 -172.538330 0.006997 0.998970 0.044819 -6.436208 -0.074113 0.045215 -0.996224 271.252777
-0.997225 0.003177 0.074377 -172.459732 0.007024 0.998647 0.051516 -6.396386 -0.074114 0.051896 -0.995899 270.227478
-0.997288 0.002213 0.073570 -172.377365 0.005986 0.998674 0.051115 -6.353602 -0.073360 0.051416 -0.995979 269.223419
-0.997347 0.003223 0.072729 -172.305618 0.006584 0.998918 0.046026 -6.328447 -0.072502 0.046383 -0.996289 268.229736
-0.997432 0.006753 0.071313 -172.233292 0.009722 0.999096 0.041374 -6.288622 -0.070969 0.041961 -0.996596 267.219330
-0.997590 0.009251 0.068766 -172.154083 0.011841 0.999231 0.037360 -6.251724 -0.068368 0.038085 -0.996934 266.213409
-0.997620 0.012698 0.067785 -172.097183 0.015043 0.999300 0.034212 -6.226053 -0.067304 0.035150 -0.997114 265.234039
-0.997657 0.017145 0.066233 -172.036591 0.019381 0.999258 0.033273 -6.198896 -0.065614 0.034479 -0.997250 264.244690
-0.997741 0.017715 0.064812 -171.967804 0.020087 0.999144 0.036151 -6.169428 -0.064117 0.037372 -0.997243 263.243988
-0.997868 0.018392 0.062632 -171.892868 0.020864 0.999019 0.039048 -6.137561 -0.061854 0.040272 -0.997273 262.252808
-0.998007 0.018036 0.060484 -171.817841 0.020492 0.998980 0.040245 -6.111693 -0.059697 0.041404 -0.997358 261.259033
-0.998134 0.017064 0.058643 -171.750931 0.019315 0.999089 0.038033 -6.083498 -0.057941 0.039094 -0.997554 260.274841
-0.998301 0.014369 0.056484 -171.675507 0.016490 0.999169 0.037270 -6.058350 -0.055902 0.038137 -0.997708 259.291199
-0.998259 0.015830 0.056818 -171.634750 0.018020 0.999106 0.038230 -6.035138 -0.056164 0.039188 -0.997652 258.335236
-0.998282 0.016463 0.056230 -171.580032 0.018742 0.999014 0.040240 -6.004677 -0.055513 0.041225 -0.997607 257.369965
-0.998295 0.017290 0.055756 -171.528732 0.019690 0.998889 0.042797 -5.984162 -0.054954 0.043823 -0.997527 256.414429
-0.998078 0.023694 0.057272 -171.513229 0.026349 0.998590 0.046060 -5.942742 -0.056100 0.047480 -0.997296 255.448914
-0.997914 0.026826 0.058726 -171.473450 0.029659 0.998410 0.047915 -5.911501 -0.057348 0.049557 -0.997124 254.522797
-0.997890 0.024925 0.059955 -171.431915 0.027705 0.998558 0.045978 -5.883247 -0.058723 0.047542 -0.997142 253.612076
-0.997861 0.023026 0.061189 -171.389175 0.025746 0.998697 0.044042 -5.856759 -0.060096 0.045524 -0.997154 252.700470
-0.997674 0.027391 0.062424 -171.351242 0.030099 0.998627 0.042868 -5.824552 -0.061164 0.044647 -0.997129 251.805649
-0.997995 0.015878 0.061271 -171.275940 0.018327 0.999047 0.039609 -5.803727 -0.060583 0.040652 -0.997335 250.938431
-0.998244 0.005764 0.058969 -171.199722 0.007781 0.999389 0.034039 -5.779596 -0.058737 0.034438 -0.997680 250.087051
-0.998396 0.006566 0.056238 -171.149933 0.008216 0.999541 0.029166 -5.762058 -0.056021 0.029581 -0.997992 249.238007
-0.998640 0.005947 0.051801 -171.107956 0.007614 0.999456 0.032059 -5.743021 -0.051583 0.032410 -0.998143 248.401520
-0.998896 -0.001287 0.046983 -171.033859 0.000539 0.999245 0.038835 -5.721800 -0.046998 0.038817 -0.998141 247.534470
-0.999071 -0.003708 0.042944 -170.992264 -0.001914 0.999126 0.041740 -5.706742 -0.043061 0.041619 -0.998205 246.720474
-0.999195 -0.003765 0.039950 -170.956894 -0.002035 0.999063 0.043228 -5.683261 -0.040075 0.043112 -0.998267 245.922348
-0.999317 -0.002311 0.036889 -170.929169 -0.000716 0.999066 0.043179 -5.659339 -0.036955 0.043123 -0.998387 245.139099
-0.999453 -0.001509 0.033046 -170.896973 -0.000046 0.999021 0.044242 -5.642600 -0.033081 0.044217 -0.998474 244.373062
-0.999560 -0.001933 0.029617 -170.870895 -0.000621 0.999019 0.044284 -5.618485 -0.029674 0.044246 -0.998580 243.624695
-0.999653 -0.002129 0.026267 -170.849823 -0.000958 0.999009 0.044488 -5.595630 -0.026336 0.044448 -0.998665 242.896820
-0.999730 -0.001180 0.023200 -170.828003 -0.000141 0.998997 0.044770 -5.580693 -0.023230 0.044755 -0.998728 242.194046
-0.999775 0.000641 0.021204 -170.810715 0.001580 0.999017 0.044279 -5.556331 -0.021156 0.044303 -0.998795 241.516922
-0.999785 0.002644 0.020589 -170.799530 0.003555 0.999011 0.044295 -5.539408 -0.020452 0.044360 -0.998807 240.860214
-0.999777 0.005012 0.020539 -170.787811 0.005897 0.999044 0.043289 -5.525742 -0.020303 0.043401 -0.998852 240.224396
-0.999741 0.006746 0.021758 -170.775314 0.007669 0.999061 0.042636 -5.508664 -0.021451 0.042791 -0.998854 239.602173
-0.999651 0.010097 0.024440 -170.759354 0.011109 0.999070 0.041631 -5.491166 -0.023998 0.041889 -0.998834 239.006363
-0.999474 0.013457 0.029550 -170.748581 0.014647 0.999074 0.040456 -5.473962 -0.028979 0.040868 -0.998744 238.431366
-0.999231 0.014687 0.036363 -170.726562 0.016150 0.999059 0.040242 -5.460207 -0.035739 0.040799 -0.998528 237.881744
-0.998913 0.014006 0.044466 -170.692245 0.015822 0.999044 0.040741 -5.444654 -0.043853 0.041400 -0.998180 237.356689
-0.998367 0.014260 0.055319 -170.657318 0.016542 0.999021 0.041014 -5.431896 -0.054680 0.041863 -0.997627 236.858429
-0.997493 0.015552 0.069031 -170.616013 0.018370 0.999015 0.040380 -5.422516 -0.068335 0.041547 -0.996797 236.378311
-0.996097 0.018951 0.086213 -170.565582 0.022383 0.998987 0.039031 -5.416320 -0.085387 0.040808 -0.995512 235.916626
-0.993986 0.020187 0.107629 -170.504578 0.024234 0.999042 0.036428 -5.411188 -0.106792 0.038817 -0.993524 235.466873
-0.990835 0.019824 0.133620 -170.427002 0.024701 0.999084 0.034946 -5.404798 -0.132805 0.037927 -0.990416 235.023758
-0.986093 0.018387 0.165178 -170.331940 0.024383 0.999112 0.034351 -5.394939 -0.164400 0.037901 -0.985665 234.581894
-0.979061 0.018650 0.202711 -170.220947 0.026177 0.999061 0.034512 -5.384649 -0.201878 0.039096 -0.978630 234.153763
-0.969537 0.018068 0.244278 -170.084549 0.027386 0.999019 0.034800 -5.375051 -0.243411 0.040430 -0.969081 233.732071
-0.957405 0.014890 0.288367 -169.933929 0.026199 0.999029 0.035397 -5.372950 -0.287561 0.041444 -0.956866 233.330521
-0.942592 0.009114 0.333823 -169.757309 0.022060 0.999143 0.035012 -5.366916 -0.333218 0.040366 -0.941986 232.945587
-0.925444 0.002654 0.378876 -169.555557 0.016430 0.999316 0.033133 -5.363024 -0.378530 0.036887 -0.924855 232.581223
-0.905925 -0.000460 0.423440 -169.341629 0.014123 0.999409 0.031301 -5.353827 -0.423204 0.034337 -0.905384 232.218826
-0.884486 -0.000505 0.466567 -169.110275 0.014511 0.999485 0.028592 -5.345252 -0.466342 0.032060 -0.884024 231.867249
-0.859422 0.000486 0.511267 -168.861954 0.016598 0.999498 0.026953 -5.331584 -0.510998 0.031649 -0.858999 231.505020
-0.831552 -0.000215 0.555447 -168.584366 0.017849 0.999472 0.027109 -5.319661 -0.555162 0.032457 -0.831109 231.151474
-0.800539 -0.002609 0.599276 -168.276459 0.018508 0.999406 0.029074 -5.307828 -0.598997 0.034366 -0.800014 230.801315
-0.765814 -0.004165 0.643049 -167.948212 0.021645 0.999245 0.032250 -5.298705 -0.642699 0.038617 -0.765145 230.458328
-0.727797 -0.004095 0.685781 -167.580353 0.026809 0.999048 0.034416 -5.285113 -0.685270 0.043433 -0.726994 230.118607
-0.686484 -0.002802 0.727140 -167.190781 0.030715 0.998988 0.032848 -5.272241 -0.726497 0.044884 -0.685703 229.799591
-0.641812 -0.002835 0.766857 -166.765533 0.030925 0.999084 0.029576 -5.261322 -0.766239 0.042698 -0.641136 229.493820
-0.594595 -0.003325 0.804019 -166.313904 0.030180 0.999194 0.026450 -5.248701 -0.803459 0.039992 -0.594015 229.212524
-0.545410 -0.003132 0.838164 -165.830078 0.028589 0.999341 0.022339 -5.229662 -0.837682 0.036147 -0.544961 228.944427
-0.495656 0.002324 0.868517 -165.330521 0.031587 0.999382 0.015352 -5.210959 -0.867945 0.035043 -0.495422 228.704300
-0.445262 0.006188 0.895379 -164.812302 0.033982 0.999372 0.009992 -5.209197 -0.894755 0.034876 -0.445192 228.473572
-0.394259 0.005837 0.918981 -164.269241 0.034690 0.999361 0.008536 -5.209612 -0.918345 0.035245 -0.394209 228.274216
-0.343015 0.002260 0.939328 -163.699203 0.033382 0.999394 0.009786 -5.207199 -0.938737 0.034713 -0.342881 228.118607
-0.290553 -0.001307 0.956858 -163.104614 0.029199 0.999521 0.010231 -5.196573 -0.956414 0.030912 -0.290375 227.983292
-0.238596 -0.004376 0.971109 -162.490433 0.023051 0.999682 0.010168 -5.189627 -0.970846 0.024812 -0.238419 227.872177
-0.189925 -0.009355 0.981755 -161.861496 0.018380 0.999745 0.013083 -5.188383 -0.981627 0.020530 -0.189704 227.781265
-0.147792 -0.013353 0.988928 -161.212158 0.018789 0.999690 0.016307 -5.177849 -0.988841 0.020991 -0.147495 227.707672
-0.112135 -0.012964 0.993609 -160.550644 0.018292 0.999718 0.015108 -5.177689 -0.993525 0.019869 -0.111866 227.652344
-0.082424 -0.007332 0.996571 -159.870590 0.016168 0.999831 0.008694 -5.167408 -0.996467 0.016829 -0.082291 227.622299
-0.058122 -0.000341 0.998310 -159.187073 0.011843 0.999929 0.001031 -5.160900 -0.998240 0.011882 -0.058113 227.604828
-0.038761 0.005892 0.999231 -158.494400 0.008698 0.999946 -0.005559 -5.157340 -0.999211 0.008476 -0.038810 227.597824
-0.023810 0.005942 0.999699 -157.770370 0.008957 0.999943 -0.005730 -5.153604 -0.999677 0.008818 -0.023861 227.604797
-0.013867 -0.000779 0.999904 -157.041016 0.010688 0.999942 0.000927 -5.160769 -0.999847 0.010700 -0.013857 227.599060
-0.007778 -0.005968 0.999952 -156.290848 0.011894 0.999910 0.006060 -5.163626 -0.999900 0.011941 -0.007706 227.607193
-0.002609 -0.006596 0.999975 -155.544250 0.013864 0.999881 0.006632 -5.163146 -0.999901 0.013882 -0.002516 227.607468
0.001325 -0.003551 0.999994 -154.793533 0.015761 0.999869 0.003530 -5.166444 -0.999876 0.015757 0.001381 227.618469
0.005322 0.005770 0.999969 -154.042587 0.017462 0.999830 -0.005862 -5.174265 -0.999834 0.017493 0.005221 227.626465
0.008049 0.013901 0.999871 -153.270370 0.016770 0.999761 -0.014035 -5.179493 -0.999828 0.016880 0.007814 227.644531
0.011082 0.015633 0.999817 -152.500931 0.018156 0.999710 -0.015833 -5.184396 -0.999774 0.018329 0.010795 227.647736
0.012990 0.010074 0.999865 -151.707336 0.020557 0.999734 -0.010340 -5.195181 -0.999704 0.020689 0.012781 227.666092
0.015210 0.001071 0.999884 -150.902313 0.021934 0.999758 -0.001404 -5.212592 -0.999644 0.021954 0.015183 227.681335
0.017478 -0.002132 0.999845 -150.094650 0.023818 0.999715 0.001715 -5.221873 -0.999564 0.023784 0.017523 227.697449
0.020125 -0.001160 0.999798 -149.290298 0.027002 0.999635 0.000617 -5.234508 -0.999433 0.026984 0.020149 227.710526
0.022528 0.001073 0.999746 -148.473602 0.028927 0.999579 -0.001725 -5.237638 -0.999328 0.028958 0.022489 227.734329
0.024808 0.002816 0.999689 -147.640137 0.030860 0.999517 -0.003582 -5.242774 -0.999216 0.030939 0.024709 227.755203
0.026813 0.003159 0.999636 -146.806747 0.031202 0.999505 -0.003995 -5.249459 -0.999153 0.031297 0.026702 227.777908
0.028720 0.004458 0.999578 -145.959473 0.028354 0.999583 -0.005273 -5.262834 -0.999186 0.028493 0.028582 227.810394
0.029687 0.004888 0.999548 -145.092529 0.028080 0.999589 -0.005721 -5.274948 -0.999165 0.028238 0.029539 227.842285
0.032043 0.004332 0.999478 -144.237030 0.029601 0.999547 -0.005282 -5.285497 -0.999049 0.029755 0.031902 227.860748
0.033125 -0.000325 0.999451 -143.353653 0.032539 0.999470 -0.000753 -5.292983 -0.998922 0.032547 0.033119 227.887619
0.034672 -0.004305 0.999390 -142.457123 0.033882 0.999421 0.003129 -5.297324 -0.998824 0.033752 0.034799 227.916306
0.036531 -0.004975 0.999320 -141.549911 0.034366 0.999402 0.003720 -5.309216 -0.998742 0.034207 0.036680 227.958282
0.040896 -0.002541 0.999161 -140.650040 0.039046 0.999236 0.000944 -5.314446 -0.998401 0.038975 0.040964 227.975586
0.046423 -0.001418 0.998921 -139.744644 0.042883 0.999080 -0.000575 -5.316862 -0.998001 0.042863 0.046442 227.998749
0.050987 -0.004113 0.998691 -138.826324 0.043796 0.999039 0.001879 -5.323172 -0.997739 0.043643 0.051118 228.045975
0.055830 -0.007073 0.998416 -137.912460 0.043297 0.999051 0.004656 -5.334150 -0.997501 0.042969 0.056084 228.098587
0.061010 -0.007865 0.998107 -136.992142 0.042783 0.999070 0.005257 -5.342417 -0.997220 0.042381 0.061291 228.163467
0.065708 -0.008019 0.997807 -136.068405 0.044935 0.998976 0.005068 -5.343409 -0.996827 0.044504 0.066002 228.242096
0.070343 -0.012793 0.997441 -135.154846 0.042972 0.999028 0.009783 -5.352963 -0.996598 0.042174 0.070825 228.324600
0.074685 -0.015890 0.997081 -134.237228 0.042686 0.999007 0.012723 -5.357458 -0.996294 0.041611 0.075290 228.409897
0.079246 -0.014523 0.996750 -133.329895 0.042109 0.999050 0.011208 -5.362310 -0.995965 0.041085 0.079783 228.500000
0.084341 -0.006009 0.996419 -132.423370 0.036952 0.999312 0.002899 -5.362396 -0.995752 0.036576 0.084505 228.594040
0.089022 -0.000983 0.996030 -131.532242 0.034634 0.999398 -0.002109 -5.372800 -0.995428 0.034684 0.089003 228.685944
0.092330 -0.001912 0.995727 -130.617661 0.035778 0.999358 -0.001398 -5.377732 -0.995085 0.035754 0.092340 228.792664
0.096428 -0.007819 0.995310 -129.708420 0.031668 0.999486 0.004784 -5.393696 -0.994836 0.031058 0.096627 228.886078
0.098086 -0.012267 0.995103 -128.805878 0.024698 0.999646 0.009888 -5.413433 -0.994872 0.023608 0.098354 228.995026
0.099136 -0.011126 0.995012 -127.915253 0.022079 0.999715 0.008979 -5.427003 -0.994829 0.021079 0.099354 229.092239
0.099757 -0.010373 0.994958 -127.027016 0.020617 0.999752 0.008356 -5.439089 -0.994798 0.019679 0.099947 229.169571
0.099781 -0.008665 0.994972 -126.130333 0.018375 0.999807 0.006865 -5.436697 -0.994840 0.017597 0.099921 229.259094
0.099410 -0.008908 0.995007 -125.247452 0.014148 0.999871 0.007539 -5.441002 -0.994947 0.013328 0.099524 229.353928
0.099353 -0.006239 0.995033 -124.381981 0.007824 0.999954 0.005490 -5.454312 -0.995022 0.007239 0.099398 229.442993
0.097464 -0.005167 0.995226 -123.507843 0.004481 0.999978 0.004754 -5.463321 -0.995230 0.003996 0.097486 229.542007
0.096325 -0.000843 0.995350 -122.663963 0.002599 0.999996 0.000596 -5.476268 -0.995347 0.002530 0.096328 229.623825
0.093933 0.001378 0.995578 -121.804688 -0.001583 0.999998 -0.001233 -5.489623 -0.995578 -0.001461 0.093937 229.720871
0.093038 0.001534 0.995661 -120.957932 -0.002226 0.999996 -0.001332 -5.500905 -0.995661 -0.002092 0.093043 229.801437
0.091055 -0.000232 0.995846 -120.121834 -0.001112 0.999999 0.000335 -5.510882 -0.995846 -0.001138 0.091056 229.880249
0.088376 -0.001973 0.996086 -119.305779 -0.003072 0.999992 0.002254 -5.524848 -0.996083 -0.003260 0.088370 229.959320
0.085839 -0.002090 0.996308 -118.504532 -0.005536 0.999981 0.002576 -5.537775 -0.996294 -0.005737 0.085827 230.034943
0.083227 -0.002230 0.996528 -117.706802 -0.010248 0.999942 0.003095 -5.543104 -0.996478 -0.010469 0.083200 230.108932
0.078888 -0.002789 0.996880 -116.936989 -0.012433 0.999915 0.003781 -5.558194 -0.996806 -0.012692 0.078847 230.182861
0.074293 -0.002073 0.997235 -116.183342 -0.011556 0.999929 0.002940 -5.566225 -0.997169 -0.011744 0.074264 230.237076
0.068756 0.000835 0.997634 -115.432899 -0.012320 0.999923 0.000012 -5.573027 -0.997558 -0.012292 0.068762 230.291351
0.062163 0.003367 0.998061 -114.707642 -0.012025 0.999924 -0.002624 -5.575282 -0.997994 -0.011838 0.062199 230.341476
0.056402 0.003420 0.998403 -114.028381 -0.010141 0.999944 -0.002852 -5.589957 -0.998357 -0.009964 0.056435 230.376328
0.050741 0.002140 0.998710 -113.363029 -0.008031 0.999966 -0.001734 -5.610309 -0.998680 -0.007932 0.050757 230.411652
0.044909 0.003200 0.998986 -112.725899 -0.004485 0.999985 -0.003002 -5.623394 -0.998981 -0.004346 0.044923 230.435089
0.039351 0.004603 0.999215 -112.097252 -0.001533 0.999987 -0.004545 -5.633657 -0.999225 -0.001354 0.039358 230.450256
0.034288 0.006361 0.999392 -111.479126 -0.001798 0.999978 -0.006304 -5.646814 -0.999410 -0.001581 0.034300 230.466309
0.028431 0.009941 0.999546 -110.855759 0.000566 0.999950 -0.009960 -5.654469 -0.999596 0.000849 0.028424 230.478119
0.023017 0.010620 0.999679 -110.236580 0.000747 0.999942 -0.010639 -5.675485 -0.999735 0.000991 0.023009 230.492584
0.018234 0.011201 0.999771 -109.622559 -0.000309 0.999936 -0.011197 -5.693260 -0.999834 -0.000105 0.018237 230.504211
0.013434 0.011597 0.999843 -109.010513 -0.002580 0.999930 -0.011563 -5.698981 -0.999907 -0.002424 0.013464 230.513977
0.009186 0.007336 0.999932 -108.387558 -0.001197 0.999972 -0.007326 -5.714931 -0.999958 -0.001130 0.009194 230.533035
0.007733 -0.000891 0.999970 -107.765015 0.001412 0.999998 0.000881 -5.722921 -0.999969 0.001405 0.007734 230.539124
0.006607 -0.006299 0.999959 -107.159790 0.002811 0.999976 0.006281 -5.733053 -0.999975 0.002770 0.006624 230.544647
0.007179 -0.009514 0.999929 -106.562134 0.002644 0.999951 0.009495 -5.740180 -0.999971 0.002575 0.007204 230.554596
0.009956 -0.016269 0.999818 -105.960899 -0.001016 0.999866 0.016280 -5.740023 -0.999950 -0.001177 0.009940 230.568771
0.012289 -0.021103 0.999702 -105.355209 -0.001170 0.999776 0.021120 -5.737228 -0.999924 -0.001429 0.012262 230.589127
0.016981 -0.019293 0.999670 -104.756958 0.004672 0.999804 0.019216 -5.737290 -0.999845 0.004345 0.017069 230.607315
0.024884 -0.016157 0.999560 -104.172569 0.012725 0.999793 0.015844 -5.741886 -0.999610 0.012325 0.025084 230.621231
0.036744 -0.010081 0.999274 -103.585831 0.018100 0.999791 0.009421 -5.732045 -0.999162 0.017740 0.036919 230.643402
0.053193 -0.001317 0.998584 -103.009338 0.023729 0.999718 0.000056 -5.724487 -0.998303 0.023692 0.053210 230.679077
0.073194 0.000521 0.997318 -102.430481 0.027821 0.999609 -0.002564 -5.729134 -0.996930 0.027934 0.073151 230.732925
0.096314 -0.001682 0.995350 -101.838341 0.031901 0.999490 -0.001398 -5.739192 -0.994840 0.031888 0.096319 230.789520
0.120225 -0.000885 0.992747 -101.264595 0.031464 0.999500 -0.002920 -5.750598 -0.992249 0.031588 0.120193 230.873260
0.146594 0.003126 0.989193 -100.700302 0.031628 0.999468 -0.007845 -5.761357 -0.988691 0.032437 0.146418 230.967224
0.176859 0.002566 0.984233 -100.136864 0.031858 0.999458 -0.008330 -5.776606 -0.983720 0.032829 0.176682 231.083588
0.210530 0.000105 0.977587 -99.585205 0.031418 0.999482 -0.006873 -5.787339 -0.977082 0.032161 0.210419 231.217697
0.246626 -0.002236 0.969108 -99.038597 0.030169 0.999530 -0.005371 -5.796209 -0.968641 0.030562 0.246579 231.380859
0.285158 -0.006708 0.958458 -98.507561 0.025672 0.999669 -0.000642 -5.809409 -0.958137 0.024788 0.285237 231.574875
0.327320 -0.010622 0.944854 -97.985550 0.022675 0.999736 0.003385 -5.816470 -0.944641 0.020316 0.327475 231.790405
0.371683 -0.010777 0.928298 -97.487274 0.022497 0.999743 0.002598 -5.823549 -0.928087 0.019918 0.371831 232.019623
0.417065 -0.011150 0.908809 -97.004036 0.022508 0.999744 0.001936 -5.833247 -0.908598 0.019648 0.417211 232.270264
0.464145 -0.011714 0.885683 -96.539536 0.022893 0.999737 0.001226 -5.847988 -0.885464 0.019707 0.464291 232.542831
0.511446 -0.009959 0.859258 -96.088333 0.022568 0.999743 -0.001844 -5.852907 -0.859019 0.020335 0.511540 232.845169
0.557611 -0.005980 0.830081 -95.662994 0.024047 0.999670 -0.008951 -5.864347 -0.829753 0.024952 0.557573 233.164276
0.602747 -0.001705 0.797931 -95.256546 0.024090 0.999580 -0.016061 -5.874224 -0.797569 0.028904 0.602535 233.510391
0.646495 0.001279 0.762918 -94.873596 0.022622 0.999526 -0.020845 -5.885734 -0.762584 0.030736 0.646160 233.879471
0.687754 0.000188 0.725944 -94.508217 0.025085 0.999396 -0.024024 -5.897614 -0.725511 0.034733 0.687335 234.263779
0.726082 -0.006957 0.687573 -94.155746 0.031976 0.999208 -0.023656 -5.915485 -0.686864 0.039162 0.725731 234.666748
0.761660 -0.013709 0.647833 -93.818176 0.035068 0.999183 -0.020084 -5.933140 -0.647028 0.038016 0.761519 235.094635
0.794120 -0.017343 0.607514 -93.519386 0.035396 0.999215 -0.017743 -5.943264 -0.606730 0.035594 0.794111 235.538925
0.823929 -0.016713 0.566446 -93.251373 0.032810 0.999294 -0.018240 -5.962454 -0.565742 0.033614 0.823897 235.999252
0.851373 -0.018647 0.524231 -93.006447 0.034911 0.999166 -0.021155 -5.977962 -0.523399 0.036311 0.851315 236.456604
0.876175 -0.018457 0.481642 -92.785782 0.034186 0.999130 -0.023902 -5.996106 -0.480781 0.037407 0.876043 236.928131
0.898074 -0.017511 0.439496 -92.589958 0.031816 0.999175 -0.025203 -6.011015 -0.438693 0.036617 0.897892 237.401474
0.917522 -0.013568 0.397454 -92.415375 0.025999 0.999326 -0.025904 -6.022814 -0.396835 0.034102 0.917257 237.891968
0.934423 -0.008839 0.356055 -92.269501 0.018939 0.999510 -0.024892 -6.039072 -0.355660 0.030004 0.934134 238.388596
0.948085 -0.004833 0.317983 -92.140213 0.012944 0.999642 -0.023402 -6.059953 -0.317756 0.026303 0.947808 238.888596
0.958715 -0.000058 0.284372 -92.020500 0.005981 0.999783 -0.019957 -6.088409 -0.284308 0.020834 0.958507 239.389694
0.966226 0.007596 0.257587 -91.928177 -0.003152 0.999839 -0.017657 -6.105115 -0.257679 0.016248 0.966094 239.911255
0.971445 0.019550 0.236461 -91.840027 -0.016068 0.999732 -0.016642 -6.120533 -0.236722 0.012368 0.971499 240.434509
0.974522 0.028449 0.222481 -91.769806 -0.025572 0.999548 -0.015799 -6.128558 -0.222829 0.009707 0.974810 240.965591
0.976937 0.029681 0.211458 -91.663986 -0.026962 0.999513 -0.015731 -6.147228 -0.211821 0.009667 0.977262 241.469284
0.978660 0.030283 0.203241 -91.554840 -0.027446 0.999482 -0.016764 -6.166018 -0.203643 0.010829 0.978986 241.966293
0.979647 0.028773 0.198657 -91.447433 -0.025641 0.999503 -0.018319 -6.179351 -0.199086 0.012853 0.979898 242.469543
0.979521 0.033088 0.198609 -91.361610 -0.029987 0.999376 -0.018600 -6.194643 -0.199100 0.012263 0.979903 242.983093
0.979019 0.036121 0.200543 -91.266617 -0.032605 0.999251 -0.020803 -6.194087 -0.201143 0.013829 0.979465 243.496063
0.978351 0.032486 0.204391 -91.152390 -0.028343 0.999330 -0.023157 -6.210959 -0.205005 0.016863 0.978616 243.990311
0.976354 0.027603 0.214411 -91.030533 -0.022592 0.999412 -0.025784 -6.222852 -0.214996 0.020331 0.976404 244.479706
0.972722 0.023552 0.230778 -90.901154 -0.017809 0.999478 -0.026940 -6.221657 -0.231291 0.022095 0.972634 244.969162
0.967386 0.023061 0.252258 -90.779488 -0.017405 0.999545 -0.024625 -6.241679 -0.252710 0.019430 0.967347 245.439499
0.959515 0.025049 0.280544 -90.646126 -0.019860 0.999575 -0.021320 -6.253161 -0.280958 0.014885 0.959605 245.909012
0.949030 0.023066 0.314341 -90.486649 -0.019576 0.999706 -0.014252 -6.267238 -0.314577 0.007372 0.949204 246.359573
0.935854 0.015254 0.352058 -90.322533 -0.014531 0.999882 -0.004698 -6.287016 -0.352088 -0.000718 0.935967 246.785782
0.920332 -0.004455 0.391115 -90.098412 0.005724 0.999981 -0.002079 -6.313841 -0.391097 0.004152 0.920340 247.172058
0.900444 -0.014990 0.434716 -89.883659 0.019780 0.999782 -0.006495 -6.322826 -0.434524 0.014448 0.900545 247.530823
0.876390 -0.014059 0.481397 -89.662308 0.023841 0.999614 -0.014209 -6.346877 -0.481010 0.023929 0.876388 247.861435
0.848235 -0.002005 0.529616 -89.440254 0.016366 0.999614 -0.022428 -6.358956 -0.529367 0.027692 0.847941 248.199051
0.816043 0.012075 0.577865 -89.198250 0.003896 0.999643 -0.026389 -6.362728 -0.577979 0.023786 0.815706 248.513947
0.778926 0.016348 0.626903 -88.939552 -0.001813 0.999714 -0.023818 -6.362772 -0.627114 0.017416 0.778734 248.812927
0.739383 0.007807 0.673241 -88.641151 0.004990 0.999842 -0.017074 -6.365365 -0.673267 0.015984 0.739227 249.080673
0.697523 -0.004884 0.716547 -88.323738 0.017093 0.999805 -0.009824 -6.376829 -0.716359 0.019101 0.697472 249.315872
0.653267 -0.009529 0.757068 -87.999519 0.023846 0.999683 -0.007992 -6.375717 -0.756752 0.023275 0.653288 249.533661
0.606711 -0.009794 0.794863 -87.677513 0.026839 0.999606 -0.008169 -6.389149 -0.794470 0.026290 0.606735 249.728760
0.558722 -0.008381 0.829313 -87.345268 0.029755 0.999507 -0.009945 -6.396933 -0.828821 0.030233 0.558696 249.913025
0.512118 -0.006805 0.858889 -87.006760 0.031469 0.999446 -0.010844 -6.405073 -0.858338 0.032583 0.512049 250.066574
0.469687 -0.004893 0.882820 -86.661682 0.030303 0.999485 -0.010582 -6.409894 -0.882313 0.031723 0.469594 250.197754
0.428514 -0.004611 0.903524 -86.313919 0.027996 0.999574 -0.008176 -6.406812 -0.903102 0.028798 0.428460 250.347839
0.387922 -0.003654 0.921686 -85.958000 0.023298 0.999711 -0.005842 -6.406082 -0.921398 0.023740 0.387895 250.466080
0.347066 -0.005196 0.937827 -85.578964 0.023176 0.999726 -0.003037 -6.411704 -0.937554 0.022790 0.347093 250.578659
0.307683 -0.009256 0.951444 -85.178787 0.025917 0.999662 0.001344 -6.416982 -0.951136 0.024244 0.307820 250.682159
0.271118 -0.013162 0.962457 -84.759727 0.029631 0.999546 0.005323 -6.420209 -0.962090 0.027075 0.271386 250.768219
0.237357 -0.013385 0.971331 -84.329880 0.032569 0.999452 0.005814 -6.418633 -0.970877 0.030254 0.237664 250.845001
0.208186 -0.010822 0.978030 -83.888199 0.034257 0.999405 0.003767 -6.416015 -0.977489 0.032720 0.208433 250.922577
0.185507 -0.007507 0.982614 -83.428001 0.035897 0.999355 0.000858 -6.420263 -0.981987 0.035114 0.185658 250.995651
0.166712 -0.002809 0.986002 -82.966354 0.034833 0.999388 -0.003042 -6.417370 -0.985391 0.034852 0.166709 251.067291
0.150624 0.001385 0.988591 -82.481071 0.033091 0.999431 -0.006443 -6.420313 -0.988038 0.033684 0.150493 251.142014
0.135529 0.005380 0.990759 -81.986183 0.032047 0.999437 -0.009810 -6.422980 -0.990255 0.033081 0.135282 251.205139
0.120039 0.007853 0.992739 -81.474022 0.031592 0.999432 -0.011726 -6.432116 -0.992267 0.032771 0.119723 251.263992
0.104501 0.010323 0.994471 -80.960510 0.031167 0.999421 -0.013650 -6.442256 -0.994037 0.032421 0.104120 251.314850
0.093053 0.009694 0.995615 -80.403915 0.034855 0.999307 -0.012987 -6.446514 -0.995051 0.035911 0.092652 251.356400
0.085902 0.007940 0.996272 -79.840385 0.037346 0.999239 -0.011184 -6.457162 -0.995603 0.038168 0.085542 251.390762
0.081836 0.005375 0.996632 -79.246529 0.039807 0.999170 -0.008656 -6.466846 -0.995851 0.040381 0.081555 251.449966
0.081347 0.002692 0.996683 -78.642418 0.039839 0.999188 -0.005951 -6.471591 -0.995890 0.040191 0.081174 251.499557
0.080868 -0.000646 0.996725 -78.011940 0.038818 0.999243 -0.002503 -6.484708 -0.995969 0.038894 0.080833 251.550095
0.078969 -0.001146 0.996877 -77.382172 0.038376 0.999261 -0.001890 -6.489196 -0.996139 0.038405 0.078955 251.597305
0.077895 -0.001097 0.996961 -76.740288 0.037490 0.999295 -0.001829 -6.496672 -0.996256 0.037519 0.077883 251.642700
0.076271 -0.000761 0.997087 -76.079956 0.036588 0.999328 -0.002036 -6.501645 -0.996416 0.036636 0.076249 251.697037
0.073439 0.001418 0.997299 -75.408257 0.036444 0.999327 -0.004106 -6.504103 -0.996634 0.036648 0.073338 251.753586
0.070727 0.003712 0.997489 -74.722939 0.036141 0.999326 -0.006282 -6.512757 -0.996841 0.036494 0.070546 251.806107
0.067497 0.005671 0.997704 -74.020538 0.035339 0.999342 -0.008072 -6.521186 -0.997094 0.035803 0.067253 251.861221
0.064340 0.007196 0.997902 -73.301788 0.034329 0.999366 -0.009420 -6.528665 -0.997337 0.034863 0.064054 251.917389
0.061566 0.007130 0.998078 -72.567497 0.032102 0.999442 -0.009119 -6.535610 -0.997587 0.032602 0.061303 251.975510
0.058836 0.007275 0.998242 -71.810623 0.031313 0.999468 -0.009129 -6.542384 -0.997777 0.031795 0.058577 252.029800
0.056955 0.005885 0.998360 -71.039566 0.031603 0.999471 -0.007695 -6.554772 -0.997877 0.031990 0.056739 252.071838
0.054226 0.004713 0.998518 -70.256531 0.031743 0.999474 -0.006441 -6.565551 -0.998024 0.032045 0.054048 252.118515
0.051011 0.003779 0.998691 -69.462608 0.032138 0.999468 -0.005422 -6.574512 -0.998181 0.032372 0.050863 252.161758
0.047819 0.003053 0.998852 -68.650436 0.032822 0.999450 -0.004627 -6.583554 -0.998317 0.033006 0.047692 252.211426
0.047284 0.004074 0.998873 -67.836983 0.033407 0.999425 -0.005659 -6.585843 -0.998323 0.033636 0.047122 252.222397
0.045203 0.003715 0.998971 -67.025215 0.036729 0.999310 -0.005378 -6.595326 -0.998302 0.036934 0.045037 252.257751
0.043370 0.004300 0.999050 -66.178780 0.038428 0.999243 -0.005969 -6.597497 -0.998321 0.038651 0.043173 252.309601
0.041774 0.005563 0.999112 -65.321167 0.040744 0.999143 -0.007266 -6.593331 -0.998296 0.041011 0.041512 252.355194
0.038269 0.005843 0.999251 -64.479820 0.040426 0.999155 -0.007391 -6.624764 -0.998450 0.040678 0.038001 252.417297
0.035504 0.008755 0.999331 -63.632366 0.040287 0.999136 -0.010184 -6.642333 -0.998558 0.040621 0.035121 252.465561
0.033043 0.011369 0.999390 -62.757175 0.038596 0.999175 -0.012642 -6.649792 -0.998709 0.038991 0.032578 252.505386
0.030861 0.014125 0.999424 -61.899395 0.036395 0.999220 -0.015245 -6.653661 -0.998861 0.036845 0.030324 252.543854
0.028719 0.014063 0.999489 -61.036880 0.035984 0.999238 -0.015093 -6.664232 -0.998940 0.036399 0.028193 252.581726
0.026572 0.013999 0.999549 -60.171791 0.035572 0.999255 -0.014941 -6.674697 -0.999014 0.035953 0.026055 252.617859
0.027252 0.010137 0.999577 -59.281914 0.036612 0.999267 -0.011132 -6.705658 -0.998958 0.036901 0.026861 252.646271
0.029814 0.007925 0.999525 -58.394978 0.039245 0.999188 -0.009092 -6.726450 -0.998785 0.039497 0.029479 252.669586
0.032331 0.006107 0.999459 -57.498428 0.042481 0.999069 -0.007479 -6.752418 -0.998575 0.042700 0.032043 252.705444
0.035683 0.006177 0.999344 -56.597485 0.043992 0.999001 -0.007745 -6.766250 -0.998395 0.044240 0.035376 252.742859
0.039084 0.007181 0.999211 -55.716492 0.044406 0.998974 -0.008916 -6.788966 -0.998249 0.044720 0.038726 252.776138
0.042783 0.009780 0.999037 -54.815498 0.043605 0.998980 -0.011647 -6.804801 -0.998133 0.044061 0.042313 252.810196
0.045147 0.011831 0.998910 -53.944206 0.043430 0.998961 -0.013794 -6.829379 -0.998036 0.044005 0.044586 252.859970
0.047357 0.011704 0.998810 -53.037624 0.043573 0.998955 -0.013771 -6.854147 -0.997928 0.044172 0.046799 252.900085
0.048183 0.012962 0.998755 -52.139133 0.041300 0.999034 -0.014957 -6.873871 -0.997985 0.041970 0.047602 252.960907
0.049144 0.012693 0.998712 -51.264160 0.039712 0.999103 -0.014653 -6.898537 -0.998003 0.040380 0.048597 253.012085
0.051272 0.008879 0.998646 -50.356617 0.038080 0.999216 -0.010838 -6.917046 -0.997959 0.038584 0.050894 253.048355
0.052788 -0.000022 0.998606 -49.475212 0.035605 0.999364 -0.001860 -6.941110 -0.997971 0.035654 0.052755 253.102249
0.053474 -0.004912 0.998558 -48.587582 0.041722 0.999125 0.002681 -6.962745 -0.997697 0.041519 0.053633 253.159439
0.055430 -0.001546 0.998462 -47.711300 0.041525 0.999137 -0.000759 -6.979768 -0.997599 0.041504 0.055447 253.211929
0.056085 0.009294 0.998383 -46.837208 0.038329 0.999199 -0.011454 -6.987470 -0.997691 0.038909 0.055684 253.274643
0.057377 0.017603 0.998198 -45.978428 0.038459 0.999063 -0.019828 -7.008937 -0.997612 0.039528 0.056646 253.327866
0.057929 0.017565 0.998167 -45.128876 0.042489 0.998895 -0.020043 -7.033803 -0.997416 0.043573 0.057120 253.372940
0.057548 0.010686 0.998286 -44.264030 0.044790 0.998907 -0.013274 -7.055952 -0.997338 0.045477 0.057008 253.421661
0.056283 0.001879 0.998413 -43.397930 0.042725 0.999077 -0.004288 -7.078383 -0.997500 0.042899 0.056151 253.483139
0.056193 -0.000284 0.998421 -42.553989 0.042589 0.999090 -0.002112 -7.093088 -0.997511 0.042640 0.056154 253.529785
0.056558 0.003999 0.998392 -41.707394 0.045402 0.998946 -0.006574 -7.107558 -0.997367 0.045701 0.056317 253.569870
0.057165 0.008289 0.998331 -40.872173 0.048049 0.998783 -0.011044 -7.121524 -0.997208 0.048600 0.056697 253.617432
0.058202 0.008605 0.998268 -40.026970 0.049678 0.998698 -0.011505 -7.132542 -0.997068 0.050262 0.057699 253.663712
0.060434 0.005420 0.998158 -39.178040 0.048887 0.998768 -0.008384 -7.148586 -0.996974 0.049304 0.060095 253.700256
0.061916 0.003578 0.998075 -38.344322 0.048347 0.998808 -0.006580 -7.167050 -0.996910 0.048661 0.061670 253.748825
0.063445 0.004841 0.997974 -37.513977 0.047724 0.998829 -0.007879 -7.187188 -0.996844 0.048128 0.063140 253.800888
0.064860 0.007575 0.997866 -36.688351 0.047407 0.998818 -0.010664 -7.208932 -0.996768 0.047998 0.064424 253.857803
0.065483 0.009439 0.997810 -35.870510 0.048463 0.998745 -0.012628 -7.233561 -0.996676 0.049183 0.064943 253.922516
0.066605 0.009026 0.997739 -35.054058 0.048530 0.998745 -0.012274 -7.255186 -0.996599 0.049238 0.066084 253.978241
0.067698 0.007233 0.997680 -34.243019 0.049504 0.998717 -0.010600 -7.277217 -0.996477 0.050106 0.067254 254.029694
0.069156 0.005199 0.997593 -33.439011 0.049043 0.998759 -0.008605 -7.296365 -0.996400 0.049521 0.068816 254.083618
0.070271 0.004583 0.997518 -32.636490 0.049555 0.998738 -0.008079 -7.309762 -0.996297 0.050000 0.069956 254.147491
0.070499 0.004675 0.997502 -31.830141 0.051470 0.998639 -0.008319 -7.311844 -0.996183 0.051928 0.070164 254.225464
0.070728 0.004768 0.997484 -31.024591 0.053384 0.998537 -0.008558 -7.314160 -0.996067 0.053854 0.070371 254.303543
0.071267 0.004931 0.997445 -30.262520 0.051329 0.998644 -0.008603 -7.328697 -0.996136 0.051811 0.070918 254.369568
0.071864 0.005141 0.997401 -29.528158 0.048659 0.998778 -0.008654 -7.344571 -0.996227 0.049156 0.071527 254.433304
0.073224 0.005648 0.997300 -28.805683 0.045746 0.998912 -0.009016 -7.365238 -0.996267 0.046282 0.072887 254.490738
0.073911 0.006916 0.997241 -28.090580 0.042362 0.999051 -0.010068 -7.383757 -0.996365 0.042989 0.073548 254.553757
0.074341 0.008429 0.997197 -27.379629 0.039078 0.999172 -0.011359 -7.401991 -0.996467 0.039812 0.073951 254.611588
0.074247 0.009662 0.997193 -26.675175 0.036701 0.999249 -0.012414 -7.419031 -0.996564 0.037519 0.073838 254.667053
0.074228 0.010343 0.997188 -25.967270 0.035854 0.999272 -0.013033 -7.435041 -0.996597 0.036721 0.073804 254.718674
0.074113 0.010458 0.997195 -25.272791 0.032612 0.999385 -0.012903 -7.449273 -0.996717 0.033477 0.073727 254.770172
0.073293 0.008080 0.997278 -24.578632 0.031189 0.999459 -0.010390 -7.473144 -0.996823 0.031867 0.073002 254.823181
0.072778 0.006341 0.997328 -23.883764 0.032776 0.999424 -0.008746 -7.479530 -0.996810 0.033325 0.072529 254.866211
0.071502 0.004126 0.997432 -23.206631 0.034570 0.999379 -0.006612 -7.500820 -0.996842 0.034954 0.071316 254.910095
0.069765 0.004518 0.997554 -22.541929 0.035817 0.999333 -0.007030 -7.516589 -0.996920 0.036220 0.069558 254.950256
0.067319 0.005990 0.997714 -21.886326 0.035504 0.999333 -0.008395 -7.533336 -0.997100 0.035988 0.067063 255.001068
0.064449 0.008709 0.997884 -21.252199 0.035059 0.999325 -0.010987 -7.548091 -0.997305 0.035693 0.064100 255.054901
0.061471 0.010940 0.998049 -20.634377 0.034435 0.999321 -0.013074 -7.565472 -0.997515 0.035172 0.061054 255.099091
0.058054 0.011498 0.998247 -20.028553 0.034526 0.999311 -0.013518 -7.581296 -0.997716 0.035251 0.057618 255.138275
0.054241 0.010763 0.998471 -19.444641 0.032734 0.999385 -0.012552 -7.598582 -0.997991 0.033365 0.053856 255.171143
0.049398 0.010035 0.998729 -18.886793 0.033095 0.999384 -0.011678 -7.613246 -0.998231 0.033629 0.049036 255.195862
0.044268 0.007498 0.998992 -18.350163 0.031728 0.999457 -0.008907 -7.631978 -0.998517 0.032092 0.044006 255.218903
0.037767 0.005830 0.999270 -17.833311 0.030322 0.999516 -0.006978 -7.647878 -0.998827 0.030564 0.037573 255.242035
0.030360 0.006018 0.999521 -17.335802 0.030181 0.999520 -0.006934 -7.661923 -0.999083 0.030377 0.030164 255.256042
0.022549 0.006274 0.999726 -16.854828 0.030437 0.999512 -0.006959 -7.678704 -0.999282 0.030586 0.022349 255.262970
0.014398 0.005839 0.999879 -16.390209 0.031832 0.999473 -0.006295 -7.690891 -0.999390 0.031919 0.014205 255.262848
0.005569 0.005172 0.999971 -15.930599 0.032915 0.999443 -0.005353 -7.699717 -0.999443 0.032945 0.005396 255.256989
-0.003891 0.005296 0.999979 -15.470606 0.033776 0.999415 -0.005161 -7.708104 -0.999422 0.033756 -0.004067 255.247070
-0.013538 0.005806 0.999892 -15.053537 0.034106 0.999403 -0.005341 -7.719279 -0.999327 0.034029 -0.013728 255.238739
-0.023100 0.005021 0.999721 -14.654148 0.034625 0.999390 -0.004219 -7.731455 -0.999134 0.034519 -0.023259 255.223938
-0.033292 0.003766 0.999439 -14.268637 0.034575 0.999398 -0.002615 -7.739112 -0.998847 0.034469 -0.033401 255.206482
-0.043952 0.002708 0.999030 -13.897659 0.033731 0.999430 -0.001225 -7.738278 -0.998465 0.033644 -0.044016 255.187134
-0.055436 0.000981 0.998462 -13.542410 0.034226 0.999413 0.000919 -7.746745 -0.997876 0.034225 -0.055436 255.167389
-0.067188 0.002127 0.997738 -13.210505 0.038558 0.999256 0.000467 -7.757674 -0.996995 0.038502 -0.067220 255.132111
-0.079318 0.004163 0.996841 -12.895656 0.044686 0.999000 -0.000616 -7.765295 -0.995848 0.044496 -0.079425 255.094208
-0.091507 0.004098 0.995796 -12.599361 0.050582 0.998719 0.000538 -7.769364 -0.994520 0.050419 -0.091597 255.050171
-0.103988 0.002125 0.994577 -12.314695 0.051896 0.998647 0.003291 -7.770385 -0.993225 0.051956 -0.103957 255.015808
-0.116966 -0.000017 0.993136 -12.052323 0.051518 0.998653 0.006084 -7.774601 -0.991799 0.051876 -0.116807 254.981262
-0.130291 -0.001199 0.991476 -11.816038 0.048403 0.998799 0.007569 -7.779635 -0.990294 0.048977 -0.130076 254.950470
-0.143883 -0.002298 0.989593 -11.602478 0.046301 0.998886 0.009051 -7.783632 -0.988511 0.047122 -0.143615 254.913513
-0.157458 -0.002878 0.987521 -11.411065 0.045668 0.998905 0.010193 -7.788603 -0.986470 0.046704 -0.157154 254.876144
-0.171185 -0.000987 0.985239 -11.241883 0.046741 0.998865 0.009121 -7.790934 -0.984130 0.047613 -0.170944 254.840591
-0.185168 0.002831 0.982704 -11.081250 0.047452 0.998854 0.006064 -7.794860 -0.981561 0.047754 -0.185091 254.800415
-0.198481 0.005908 0.980087 -10.918978 0.049299 0.998776 0.003963 -7.798376 -0.978865 0.049104 -0.198529 254.759644
-0.212322 0.006160 0.977181 -10.758698 0.053103 0.998575 0.005244 -7.804944 -0.975756 0.053005 -0.212346 254.715042
-0.227521 0.005047 0.973760 -10.594896 0.055780 0.998412 0.007859 -7.810612 -0.972175 0.056104 -0.227441 254.668365
-0.242265 0.004967 0.970198 -10.433027 0.057131 0.998324 0.009156 -7.814044 -0.968527 0.057646 -0.242143 254.616486
-0.256489 0.005631 0.966531 -10.274477 0.056386 0.998367 0.009147 -7.816858 -0.964901 0.056845 -0.256387 254.566803
-0.271722 0.006518 0.962354 -10.117754 0.055292 0.998430 0.008850 -7.818403 -0.960787 0.055615 -0.271655 254.514740
-0.287033 0.007413 0.957893 -9.963340 0.053708 0.998521 0.008366 -7.818058 -0.956414 0.053848 -0.287006 254.454819
-0.302525 0.008979 0.953099 -9.804070 0.052129 0.998614 0.007139 -7.812181 -0.951715 0.051844 -0.302574 254.391617
-0.319786 0.012016 0.947414 -9.639370 0.049893 0.998745 0.004174 -7.812256 -0.946176 0.048603 -0.319984 254.324036
-0.339312 0.016050 0.940537 -9.466398 0.048732 0.998811 0.000536 -7.813887 -0.939412 0.046017 -0.339690 254.246445
-0.360752 0.019457 0.932459 -9.276706 0.048579 0.998817 -0.002048 -7.810475 -0.931396 0.044559 -0.361270 254.151566
-0.385617 0.020625 0.922428 -9.070683 0.047882 0.998850 -0.002316 -7.811348 -0.921417 0.043275 -0.386161 254.041962
-0.414045 0.021496 0.910003 -8.850039 0.048470 0.998823 -0.001541 -7.811948 -0.908966 0.043470 -0.414600 253.913467
-0.446495 0.022270 0.894509 -8.623251 0.048720 0.998812 -0.000548 -7.810549 -0.893459 0.043336 -0.447050 253.772202
-0.481030 0.022436 0.876417 -8.390201 0.048077 0.998843 0.000818 -7.811940 -0.875386 0.042529 -0.481552 253.611359
-0.516015 0.022456 0.856286 -8.147661 0.047576 0.998864 0.002476 -7.809014 -0.855259 0.042017 -0.516497 253.434540
-0.552503 0.022936 0.833196 -7.896940 0.046439 0.998915 0.003297 -7.805374 -0.832217 0.040514 -0.552968 253.234253
-0.591085 0.022443 0.806298 -7.640658 0.042842 0.999075 0.003599 -7.804260 -0.805472 0.036670 -0.591499 253.018021
-0.630299 0.020299 0.776087 -7.374550 0.037782 0.999275 0.004547 -7.803627 -0.775434 0.032189 -0.630609 252.773361
-0.669381 0.017783 0.742707 -7.103752 0.033054 0.999435 0.005861 -7.800577 -0.742184 0.028472 -0.669591 252.503525
-0.707988 0.017932 0.705997 -6.826322 0.031970 0.999466 0.006674 -7.795476 -0.705502 0.027296 -0.708183 252.201309
-0.745832 0.019981 0.665836 -6.569004 0.032905 0.999435 0.006866 -7.790433 -0.665323 0.027031 -0.746067 251.866730
-0.782245 0.022339 0.622571 -6.333968 0.034295 0.999385 0.007232 -7.782531 -0.622028 0.027009 -0.782530 251.500519
-0.817578 0.025424 0.575257 -6.102381 0.035452 0.999352 0.006219 -7.777370 -0.574727 0.025479 -0.817950 251.113571
-0.851005 0.026315 0.524499 -5.887903 0.034091 0.999405 0.005172 -7.773333 -0.524052 0.022282 -0.851396 250.703674
-0.881356 0.025859 0.471745 -5.698275 0.032226 0.999465 0.005423 -7.772911 -0.471353 0.019982 -0.881719 250.276276
-0.907926 0.024179 0.418433 -5.518927 0.030132 0.999516 0.007625 -7.770453 -0.418047 0.019532 -0.908216 249.815552
-0.930175 0.026289 0.366174 -5.373007 0.032001 0.999442 0.009539 -7.768344 -0.365720 0.020591 -0.930498 249.330917
-0.947923 0.032618 0.316826 -5.257188 0.038157 0.999208 0.011291 -7.757487 -0.316207 0.022793 -0.948416 248.812515
-0.962448 0.035169 0.269180 -5.143085 0.040369 0.999088 0.013811 -7.748802 -0.268449 0.024159 -0.962992 248.270233
-0.974060 0.033670 0.223771 -5.036524 0.038643 0.999093 0.017886 -7.732122 -0.222966 0.026069 -0.974478 247.694183
-0.982578 0.031461 0.183170 -4.945033 0.036126 0.999100 0.022181 -7.722479 -0.182309 0.028411 -0.982831 247.092865
-0.988391 0.031268 0.148679 -4.868948 0.035414 0.999051 0.025322 -7.706961 -0.147747 0.030293 -0.988561 246.476471
-0.992216 0.032660 0.120173 -4.806223 0.036239 0.998958 0.027712 -7.690142 -0.119143 0.031851 -0.992366 245.844284
-0.994680 0.034210 0.097168 -4.755716 0.037077 0.998924 0.027857 -7.672740 -0.096112 0.031312 -0.994878 245.188583
-0.996362 0.034806 0.077793 -4.707787 0.037088 0.998917 0.028079 -7.655741 -0.076732 0.030862 -0.996574 244.515961
-0.997585 0.034564 0.060244 -4.673162 0.036360 0.998918 0.028986 -7.635732 -0.059177 0.031106 -0.997763 243.819244
-0.998552 0.031912 0.043312 -4.635831 0.033201 0.999016 0.029386 -7.609383 -0.042331 0.030781 -0.998630 243.100510
-0.999064 0.032161 0.028931 -4.612571 0.033045 0.998982 0.030683 -7.583157 -0.027916 0.031610 -0.999111 242.358658
-0.999207 0.035124 0.018780 -4.611844 0.035725 0.998825 0.032738 -7.558814 -0.017608 0.033384 -0.999288 241.592392
-0.999205 0.038072 0.011824 -4.617817 0.038452 0.998689 0.033775 -7.530910 -0.010524 0.034203 -0.999360 240.812271
-0.999189 0.039775 0.006252 -4.619394 0.039966 0.998620 0.034064 -7.503118 -0.004890 0.034286 -0.999400 240.011688
-0.999196 0.040028 0.002527 -4.619601 0.040090 0.998603 0.034414 -7.478225 -0.001146 0.034487 -0.999405 239.203094
-0.999170 0.040732 0.000348 -4.619078 0.040718 0.998542 0.035423 -7.454155 0.001095 0.035407 -0.999373 238.373199
-0.999090 0.042642 -0.000990 -4.619926 0.042579 0.998455 0.035701 -7.426487 0.002510 0.035626 -0.999363 237.522888
-0.999050 0.043558 -0.000996 -4.627015 0.043493 0.998411 0.035809 -7.398998 0.002553 0.035732 -0.999359 236.651474
-0.998999 0.044731 -0.000217 -4.631704 0.044694 0.998361 0.035713 -7.366371 0.001813 0.035668 -0.999363 235.762177
-0.998952 0.045763 0.000994 -4.629116 0.045769 0.998340 0.034945 -7.336034 0.000606 0.034955 -0.999389 234.856125
-0.998918 0.046443 0.002759 -4.630750 0.046510 0.998341 0.033937 -7.305634 -0.001179 0.034029 -0.999421 233.918793
-0.998784 0.049192 0.003579 -4.623171 0.049282 0.998250 0.032669 -7.277528 -0.001967 0.032807 -0.999460 232.964447
-0.998753 0.049670 0.005044 -4.619345 0.049798 0.998310 0.029948 -7.241802 -0.003548 0.030161 -0.999539 231.983307
-0.998686 0.050916 0.005945 -4.605783 0.051060 0.998318 0.027436 -7.208939 -0.004539 0.027704 -0.999606 231.002136
-0.998520 0.053845 0.007619 -4.589051 0.054034 0.998166 0.027275 -7.186644 -0.006136 0.027647 -0.999599 230.009430
-0.998441 0.054636 0.011501 -4.588449 0.054926 0.998136 0.026591 -7.147714 -0.010027 0.027182 -0.999581 228.987259
-0.998484 0.052972 0.014971 -4.565164 0.053333 0.998266 0.024888 -7.113801 -0.013628 0.025649 -0.999579 227.950897
-0.998470 0.051827 0.019270 -4.548625 0.052276 0.998354 0.023552 -7.089986 -0.018018 0.024524 -0.999537 226.912964
-0.998511 0.049540 0.022826 -4.518550 0.050118 0.998418 0.025477 -7.070542 -0.021528 0.026582 -0.999416 225.860886
-0.998504 0.047722 0.026707 -4.489730 0.048418 0.998485 0.026098 -7.048912 -0.025422 0.027352 -0.999303 224.782578
-0.998448 0.047621 0.028895 -4.451826 0.048357 0.998508 0.025351 -7.028062 -0.027645 0.026710 -0.999261 223.706223
-0.998341 0.047988 0.031851 -4.421603 0.048789 0.998499 0.024861 -6.995511 -0.030611 0.026374 -0.999184 222.603592
-0.998136 0.050015 0.034980 -4.389498 0.050946 0.998355 0.026275 -6.979195 -0.033609 0.028008 -0.999043 221.508636
-0.997951 0.051822 0.037534 -4.354401 0.052859 0.998232 0.027163 -6.954404 -0.036061 0.029091 -0.998927 220.392365
-0.997938 0.050011 0.040257 -4.316456 0.051129 0.998320 0.027237 -6.928616 -0.038827 0.029239 -0.998818 219.276199
-0.997767 0.050792 0.043381 -4.276919 0.051971 0.998295 0.026520 -6.909717 -0.041961 0.028716 -0.998707 218.150711
-0.997708 0.049311 0.046346 -4.233802 0.050561 0.998377 0.026201 -6.879693 -0.044979 0.028484 -0.998582 217.012894
-0.997722 0.047658 0.047758 -4.176792 0.048930 0.998467 0.025842 -6.854034 -0.046453 0.028119 -0.998525 215.874344
-0.997724 0.047017 0.048336 -4.118246 0.048289 0.998508 0.025498 -6.830524 -0.047065 0.027775 -0.998506 214.736252
-0.997700 0.046802 0.049051 -4.065642 0.048094 0.998517 0.025503 -6.803316 -0.047786 0.027803 -0.998471 213.576691
-0.997650 0.047231 0.049641 -4.006408 0.048522 0.998505 0.025160 -6.782052 -0.048379 0.027509 -0.998451 212.415848
-0.997557 0.047955 0.050790 -3.946608 0.049255 0.998481 0.024656 -6.761227 -0.049531 0.027098 -0.998406 211.257233
-0.997521 0.048689 0.050826 -3.880275 0.050037 0.998419 0.025584 -6.746828 -0.049500 0.028064 -0.998380 210.089371
-0.997551 0.047908 0.050971 -3.817315 0.049301 0.998433 0.026451 -6.733012 -0.049625 0.028900 -0.998350 208.930542
-0.997604 0.046996 0.050787 -3.761076 0.048422 0.998456 0.027225 -6.713295 -0.049429 0.029620 -0.998339 207.754120
-0.997687 0.045765 0.050265 -3.698855 0.047232 0.998480 0.028384 -6.696717 -0.048890 0.030692 -0.998333 206.564957
-0.997789 0.043626 0.050140 -3.649796 0.045049 0.998603 0.027580 -6.661647 -0.048867 0.029778 -0.998362 205.368225
-0.997906 0.042723 0.048576 -3.586644 0.044036 0.998684 0.026273 -6.637209 -0.047390 0.028357 -0.998474 204.169495
-0.998009 0.041938 0.047117 -3.531532 0.043158 0.998750 0.025187 -6.615852 -0.046002 0.027171 -0.998572 202.979233
-0.998076 0.041572 0.046009 -3.474862 0.042788 0.998751 0.025773 -6.594311 -0.044882 0.027692 -0.998609 201.788437
-0.998086 0.042499 0.044935 -3.429981 0.043789 0.998645 0.028112 -6.566956 -0.043680 0.030027 -0.998595 200.585037
-0.998108 0.042504 0.044436 -3.392975 0.043894 0.998562 0.030770 -6.525124 -0.043065 0.032662 -0.998539 199.363113
-0.998126 0.043111 0.043435 -3.341189 0.044537 0.998481 0.032426 -6.495378 -0.041972 0.034300 -0.998530 198.153534
-0.998147 0.043874 0.042155 -3.294556 0.045256 0.998448 0.032446 -6.461143 -0.040666 0.034294 -0.998584 196.913925
-0.998239 0.043584 0.040247 -3.240012 0.044840 0.998518 0.030831 -6.427765 -0.038844 0.032582 -0.998714 195.679260
-0.998219 0.045431 0.038662 -3.195632 0.046580 0.998482 0.029359 -6.398689 -0.037271 0.031108 -0.998822 194.435913
-0.998182 0.047585 0.036993 -3.143949 0.048628 0.998429 0.027820 -6.358834 -0.035611 0.029569 -0.998929 193.172684
-0.998122 0.049923 0.035518 -3.099643 0.050884 0.998347 0.026721 -6.333118 -0.034126 0.028478 -0.999012 191.891418
-0.998052 0.052156 0.034238 -3.055368 0.053020 0.998284 0.024852 -6.306874 -0.032884 0.026619 -0.999105 190.620972
-0.997965 0.053970 0.033955 -3.025452 0.054770 0.998231 0.023078 -6.284502 -0.032650 0.024891 -0.999157 189.365189
-0.998013 0.053569 0.033160 -2.983235 0.054294 0.998296 0.021365 -6.269328 -0.031960 0.023123 -0.999222 188.107956
-0.998150 0.051854 0.031765 -2.935414 0.052562 0.998377 0.021896 -6.244047 -0.030578 0.023526 -0.999255 186.828506
-0.998277 0.049594 0.031366 -2.900830 0.050370 0.998431 0.024450 -6.218883 -0.030106 0.025988 -0.999209 185.541626
-0.998414 0.046991 0.031017 -2.860478 0.047809 0.998513 0.026197 -6.194706 -0.029741 0.027639 -0.999176 184.237534
-0.998463 0.046505 0.030182 -2.814972 0.047249 0.998583 0.024440 -6.177359 -0.029003 0.025829 -0.999246 182.959595
-0.998409 0.047043 0.031101 -2.792851 0.047718 0.998632 0.021330 -6.150161 -0.030056 0.022781 -0.999289 181.661255
-0.998360 0.048011 0.031181 -2.751827 0.048605 0.998645 0.018594 -6.130516 -0.030248 0.020079 -0.999341 180.357635
-0.998262 0.049360 0.032194 -2.725307 0.049953 0.998590 0.017883 -6.114079 -0.031266 0.019460 -0.999322 179.043365
-0.998179 0.050799 0.032548 -2.683210 0.051493 0.998455 0.020867 -6.103850 -0.031438 0.022505 -0.999253 177.730438
-0.998147 0.051108 0.033042 -2.637646 0.051916 0.998360 0.024125 -6.098257 -0.031755 0.025796 -0.999163 176.398651
-0.998097 0.051463 0.033991 -2.599514 0.052284 0.998350 0.023704 -6.078717 -0.032715 0.025435 -0.999141 175.090591
-0.998046 0.052355 0.034123 -2.547095 0.053121 0.998346 0.021951 -6.046900 -0.032919 0.023720 -0.999177 173.759567
-0.998030 0.052545 0.034290 -2.490139 0.053286 0.998356 0.021077 -6.032685 -0.033127 0.022862 -0.999190 172.442398
-0.998009 0.052665 0.034727 -2.437933 0.053372 0.998378 0.019760 -6.007185 -0.033630 0.021574 -0.999202 171.130875
-0.997962 0.052707 0.035991 -2.399496 0.053431 0.998381 0.019481 -5.990948 -0.034906 0.021365 -0.999163 169.798737
-0.998004 0.051654 0.036365 -2.346682 0.052420 0.998416 0.020403 -5.984260 -0.035253 0.022269 -0.999131 168.479858
-0.997920 0.051457 0.038832 -2.332386 0.052252 0.998437 0.019772 -5.948226 -0.037755 0.021760 -0.999051 167.133545
-0.997903 0.050672 0.040278 -2.286521 0.051524 0.998463 0.020390 -5.933678 -0.039183 0.022423 -0.998981 165.803177
-0.997888 0.050587 0.040764 -2.220713 0.051494 0.998441 0.021536 -5.925446 -0.039611 0.023590 -0.998938 164.478287
-0.997838 0.050867 0.041615 -2.163783 0.051823 0.998408 0.022240 -5.910573 -0.040417 0.024349 -0.998887 163.148712
-0.997813 0.050402 0.042790 -2.109226 0.051368 0.998441 0.021790 -5.894532 -0.041625 0.023939 -0.998847 161.827362
-0.997775 0.050438 0.043628 -2.049276 0.051365 0.998471 0.020410 -5.878436 -0.042533 0.022607 -0.998839 160.529877
-0.997716 0.050964 0.044351 -1.987971 0.051870 0.998463 0.019518 -5.866449 -0.043289 0.021774 -0.998825 159.227127
-0.997678 0.051075 0.045068 -1.924336 0.051997 0.998456 0.019529 -5.854980 -0.044002 0.021827 -0.998793 157.922882
-0.997611 0.051531 0.046023 -1.860980 0.052472 0.998432 0.019498 -5.847472 -0.044948 0.021866 -0.998751 156.611496
-0.997649 0.050554 0.046279 -1.788006 0.051449 0.998506 0.018369 -5.835122 -0.045282 0.020708 -0.998760 155.307770
-0.997656 0.049494 0.047262 -1.724745 0.050368 0.998577 0.017510 -5.824064 -0.046329 0.019850 -0.998730 154.007706
-0.997576 0.049290 0.049128 -1.674453 0.050274 0.998553 0.019038 -5.800811 -0.048119 0.021462 -0.998612 152.699097
-0.997548 0.048900 0.050084 -1.609466 0.050153 0.998451 0.024077 -5.777303 -0.048830 0.026529 -0.998455 151.394028
-0.997462 0.049641 0.051062 -1.542383 0.051091 0.998314 0.027507 -5.750740 -0.049611 0.030045 -0.998317 150.074173
-0.997366 0.049574 0.052940 -1.499563 0.050992 0.998366 0.025781 -5.717621 -0.051576 0.028413 -0.998265 148.755539
-0.997260 0.050267 0.054288 -1.443490 0.051523 0.998429 0.021984 -5.672972 -0.053098 0.024722 -0.998284 147.446732
-0.997218 0.050130 0.055179 -1.370744 0.051345 0.998463 0.020834 -5.653656 -0.054050 0.023609 -0.998259 146.150894
-0.997133 0.050246 0.056588 -1.301411 0.051511 0.998449 0.021124 -5.634908 -0.055439 0.023978 -0.998174 144.866074
-0.997009 0.051526 0.057597 -1.227743 0.052861 0.998361 0.021907 -5.625733 -0.056375 0.024886 -0.998100 143.603104
-0.996953 0.051840 0.058303 -1.149960 0.053244 0.998321 0.022780 -5.610378 -0.057026 0.025816 -0.998039 142.343445
-0.996839 0.053491 0.058746 -1.078192 0.054914 0.998229 0.022877 -5.601262 -0.057418 0.026031 -0.998012 141.085815
-0.996847 0.052960 0.059093 -0.999762 0.054379 0.998262 0.022687 -5.586726 -0.057789 0.025829 -0.997995 139.843033
-0.996804 0.053783 0.059091 -0.933230 0.054980 0.998310 0.018814 -5.579695 -0.057980 0.022003 -0.998076 138.618805
-0.996895 0.052864 0.058352 -0.859705 0.053865 0.998424 0.015727 -5.568645 -0.057429 0.018821 -0.998172 137.401917
-0.996998 0.050595 0.058616 -0.789962 0.051595 0.998544 0.015671 -5.568799 -0.057738 0.018648 -0.998158 136.173401
-0.997064 0.049716 0.058240 -0.721747 0.050673 0.998601 0.015068 -5.558872 -0.057409 0.017975 -0.998189 134.976654
-0.997089 0.049356 0.058122 -0.663776 0.050248 0.998638 0.014001 -5.546588 -0.057352 0.016880 -0.998212 133.792480
-0.997185 0.048620 0.057087 -0.592029 0.049495 0.998675 0.014004 -5.555753 -0.056331 0.016790 -0.998272 132.640717
-0.997176 0.048835 0.057068 -0.532649 0.049700 0.998668 0.013839 -5.556288 -0.056317 0.016637 -0.998275 131.502167
-0.997240 0.047644 0.056945 -0.475023 0.048523 0.998721 0.014164 -5.559612 -0.056198 0.016888 -0.998277 130.388229
-0.997321 0.046758 0.056254 -0.416295 0.047624 0.998765 0.014162 -5.567878 -0.055523 0.016804 -0.998316 129.296173
-0.997366 0.045787 0.056261 -0.367875 0.046605 0.998824 0.013312 -5.566829 -0.055586 0.015899 -0.998328 128.212585
-0.997364 0.046676 0.055562 -0.310431 0.047439 0.998796 0.012507 -5.571520 -0.054912 0.015110 -0.998378 127.140442
-0.997362 0.046814 0.055478 -0.257108 0.047597 0.998783 0.012873 -5.580964 -0.054808 0.015480 -0.998377 126.097984
-0.997408 0.047219 0.054293 -0.193625 0.047965 0.998770 0.012524 -5.586821 -0.053635 0.015096 -0.998447 125.078575
-0.997465 0.047912 0.052623 -0.128638 0.048663 0.998729 0.013105 -5.594975 -0.051929 0.015632 -0.998529 124.075905
-0.997460 0.048731 0.051949 -0.084623 0.049534 0.998670 0.014280 -5.603211 -0.051184 0.016817 -0.998548 123.078003
-0.997484 0.048689 0.051532 -0.041383 0.049568 0.998644 0.015899 -5.610250 -0.050689 0.018413 -0.998545 122.081993
-0.997557 0.048631 0.050166 0.006351 0.049475 0.998652 0.015721 -5.597929 -0.049335 0.018165 -0.998618 121.129814
-0.997662 0.048066 0.048594 0.057195 0.048924 0.998663 0.016624 -5.602068 -0.047730 0.018963 -0.998680 120.224007
-0.997732 0.048105 0.047095 0.101123 0.048990 0.998639 0.017829 -5.608324 -0.046173 0.020096 -0.998731 119.342384
-0.997858 0.047380 0.045126 0.152617 0.048268 0.998656 0.018805 -5.604981 -0.044174 0.020943 -0.998805 118.498276
-0.997941 0.047058 0.043605 0.199711 0.047971 0.998645 0.020155 -5.603664 -0.042598 0.022205 -0.998846 117.664520
-0.997898 0.048940 0.042492 0.240810 0.049851 0.998542 0.020671 -5.594715 -0.041419 0.022746 -0.998884 116.861076
-0.997752 0.050663 0.043869 0.271235 0.051683 0.998410 0.022459 -5.602403 -0.042663 0.024676 -0.998785 116.088333
-0.997404 0.054035 0.047603 0.306969 0.055141 0.998230 0.022250 -5.599325 -0.046317 0.024818 -0.998619 115.332687
-0.996796 0.057859 0.055233 0.343195 0.059107 0.998025 0.021242 -5.594419 -0.053896 0.024439 -0.998248 114.612915
-0.995751 0.061841 0.068230 0.386082 0.063401 0.997768 0.020943 -5.590730 -0.066783 0.025181 -0.997450 113.906822
-0.994408 0.063263 0.084564 0.456435 0.065223 0.997658 0.020615 -5.589752 -0.083062 0.026015 -0.996205 113.224953
-0.992292 0.065060 0.105479 0.527662 0.067594 0.997499 0.020626 -5.587836 -0.103875 0.027597 -0.994208 112.546432
-0.989151 0.065775 0.131362 0.618513 0.068879 0.997439 0.019231 -5.589591 -0.129761 0.028071 -0.991148 111.901222
-0.984481 0.067763 0.161887 0.722882 0.071476 0.997294 0.017218 -5.590096 -0.160283 0.028522 -0.986660 111.271118
-0.978268 0.067413 0.196085 0.852336 0.071802 0.997300 0.015352 -5.592290 -0.194522 0.029099 -0.980467 110.673798
-0.970275 0.065277 0.233036 1.006377 0.070103 0.997462 0.012483 -5.593988 -0.231631 0.028448 -0.972388 110.103355
-0.960892 0.063168 0.269623 1.181727 0.068299 0.997617 0.009681 -5.597306 -0.268369 0.027717 -0.962917 109.539787
-0.949071 0.057535 0.309767 1.383429 0.063117 0.997973 0.008019 -5.601561 -0.308679 0.027163 -0.950779 109.004257
-0.934559 0.052716 0.351882 1.605793 0.058965 0.998234 0.007058 -5.607480 -0.350888 0.027345 -0.936018 108.491623
-0.917207 0.045077 0.395853 1.857052 0.051728 0.998642 0.006135 -5.607862 -0.395039 0.026104 -0.918294 107.994774
-0.896917 0.035329 0.440787 2.136965 0.042488 0.999076 0.006380 -5.611137 -0.440156 0.024451 -0.897589 107.516327
-0.872931 0.026084 0.487147 2.433986 0.034066 0.999390 0.007533 -5.612383 -0.486655 0.023171 -0.873287 107.060242
-0.845019 0.018193 0.534428 2.748041 0.026640 0.999612 0.008094 -5.604585 -0.534073 0.021077 -0.845176 106.620270
-0.814191 0.011629 0.580481 3.079130 0.021272 0.999725 0.009809 -5.596368 -0.580209 0.020335 -0.814215 106.195206
-0.780581 0.003620 0.625046 3.431875 0.015141 0.999799 0.013118 -5.606375 -0.624873 0.019704 -0.780479 105.805374
-0.742372 -0.000703 0.669988 3.806404 0.012683 0.999805 0.015102 -5.601996 -0.669869 0.019709 -0.742218 105.417175
-0.700090 -0.002169 0.714052 4.199314 0.012484 0.999805 0.015276 -5.590843 -0.713946 0.019609 -0.699926 105.056404
-0.655637 -0.001376 0.755075 4.611870 0.014306 0.999795 0.014244 -5.580976 -0.754942 0.020142 -0.655483 104.734291
-0.608668 -0.000517 0.793425 5.037419 0.015568 0.999799 0.012594 -5.587139 -0.793274 0.020017 -0.608536 104.438286
-0.559679 -0.000483 0.828709 5.484106 0.015070 0.999829 0.010761 -5.590837 -0.828573 0.018512 -0.559575 104.175308
-0.507829 -0.003257 0.861452 5.940445 0.014258 0.999823 0.012186 -5.591473 -0.861340 0.018471 -0.507692 103.930046
-0.455195 -0.005513 0.890375 6.415983 0.012156 0.999848 0.012406 -5.590469 -0.890309 0.016470 -0.455059 103.730392
-0.401369 -0.007608 0.915886 6.903276 0.007732 0.999901 0.011694 -5.588121 -0.915885 0.011775 -0.401270 103.562149
-0.347920 -0.007664 0.937493 7.391490 0.007654 0.999909 0.011015 -5.587498 -0.937494 0.011008 -0.347829 103.417076
-0.295687 -0.005964 0.955267 7.886495 0.008858 0.999920 0.008984 -5.596064 -0.955244 0.011118 -0.295610 103.289886
-0.246903 -0.002634 0.969038 8.388403 0.009384 0.999942 0.005109 -5.597949 -0.968995 0.010355 -0.246863 103.191818
-0.201936 -0.003669 0.979392 8.825876 0.002271 0.999988 0.004215 -5.612324 -0.979396 0.003076 -0.201925 103.130707
-0.161724 -0.004719 0.986825 9.346016 -0.000122 0.999988 0.004763 -5.603214 -0.986837 0.000651 -0.161722 103.076698
-0.126637 -0.004211 0.991941 9.884948 -0.002942 0.999988 0.003869 -5.602008 -0.991945 -0.002428 -0.126648 103.037918
-0.097954 -0.001486 0.995191 10.426255 -0.000216 0.999999 0.001473 -5.608445 -0.995191 -0.000070 -0.097954 103.003685
-0.074433 0.001264 0.997226 10.960040 0.000447 0.999998 -0.001233 -5.617730 -0.997227 0.000354 -0.074433 102.985146
-0.054767 0.005831 0.998483 11.493576 0.000871 0.999982 -0.005792 -5.628472 -0.998499 0.000552 -0.054770 102.979263
-0.039464 0.013156 0.999135 12.032969 -0.000288 0.999913 -0.013178 -5.621296 -0.999221 -0.000807 -0.039456 102.962532
-0.027881 0.015025 0.999499 12.579703 0.002281 0.999885 -0.014968 -5.625970 -0.999609 0.001862 -0.027912 102.949440
-0.018944 0.011552 0.999754 13.152941 0.005849 0.999917 -0.011443 -5.641857 -0.999804 0.005630 -0.019010 102.940559
-0.011764 0.007418 0.999904 13.738100 0.006544 0.999951 -0.007342 -5.654469 -0.999910 0.006457 -0.011812 102.936058
-0.006992 0.004870 0.999964 14.339478 0.006421 0.999968 -0.004824 -5.663194 -0.999955 0.006387 -0.007023 102.934547
-0.005420 0.004698 0.999975 14.949764 0.006441 0.999968 -0.004663 -5.671710 -0.999965 0.006417 -0.005450 102.939346
-0.004797 0.005055 0.999976 15.563149 0.009363 0.999943 -0.005010 -5.681997 -0.999946 0.009339 -0.004843 102.932053
-0.003870 0.005518 0.999977 16.185146 0.013414 0.999894 -0.005465 -5.691689 -0.999903 0.013392 -0.003943 102.926056
-0.003124 0.006565 0.999974 16.827007 0.017308 0.999828 -0.006510 -5.698867 -0.999846 0.017286 -0.003237 102.912277
-0.003746 0.007080 0.999969 17.479698 0.020032 0.999775 -0.007002 -5.704838 -0.999793 0.020005 -0.003886 102.911560
-0.003882 0.006874 0.999969 18.153090 0.021002 0.999756 -0.006791 -5.715412 -0.999772 0.020976 -0.004025 102.909294
-0.003051 0.006531 0.999975 18.839640 0.023271 0.999708 -0.006458 -5.720131 -0.999725 0.023252 -0.003202 102.894371
-0.002889 0.006100 0.999978 19.544403 0.026606 0.999627 -0.006021 -5.733598 -0.999642 0.026588 -0.003050 102.893265
-0.001807 0.006105 0.999980 20.264370 0.032155 0.999464 -0.006044 -5.740840 -0.999482 0.032144 -0.002002 102.884254
0.001284 0.006829 0.999976 21.017008 0.036386 0.999313 -0.006871 -5.741189 -0.999337 0.036393 0.001035 102.869904
0.006390 0.007327 0.999953 21.779015 0.039420 0.999193 -0.007573 -5.740613 -0.999203 0.039468 0.006097 102.855965
0.012613 0.007122 0.999895 22.548967 0.043029 0.999044 -0.007658 -5.753534 -0.998994 0.043122 0.012296 102.865143
0.021297 0.007528 0.999745 23.342268 0.045902 0.998910 -0.008500 -5.750900 -0.998719 0.046072 0.020928 102.869423
0.030901 0.006009 0.999505 24.142891 0.049096 0.998765 -0.007521 -5.758903 -0.998316 0.049304 0.030568 102.889137
0.040666 0.004358 0.999164 24.954866 0.050611 0.998697 -0.006415 -5.773411 -0.997891 0.050830 0.040393 102.927429
0.052615 0.002386 0.998613 25.798761 0.048946 0.998788 -0.004965 -5.772445 -0.997415 0.049139 0.052436 102.955597
0.062491 0.002297 0.998043 26.645575 0.047546 0.998854 -0.005277 -5.784275 -0.996913 0.047784 0.062311 103.028152
0.073111 0.004021 0.997316 27.497976 0.044365 0.998989 -0.007279 -5.793779 -0.996337 0.044778 0.072859 103.102570
0.082910 0.009198 0.996515 28.370199 0.041000 0.999078 -0.012634 -5.800451 -0.995714 0.041904 0.082458 103.198975
0.092244 0.013133 0.995650 29.252155 0.037610 0.999153 -0.016664 -5.820408 -0.995026 0.038983 0.091673 103.283272
0.099428 0.014680 0.994937 30.152193 0.030965 0.999361 -0.017839 -5.835846 -0.994563 0.032582 0.098910 103.383568
0.102491 0.012687 0.994653 31.042400 0.025694 0.999550 -0.015397 -5.862354 -0.994403 0.027135 0.102120 103.488762
0.103050 0.010838 0.994617 31.933075 0.020740 0.999700 -0.013043 -5.887023 -0.994460 0.021973 0.102795 103.593254
0.100701 0.009845 0.994868 32.822937 0.016837 0.999791 -0.011599 -5.909785 -0.994775 0.017918 0.100515 103.693802
0.096516 0.009562 0.995286 33.712498 0.012576 0.999862 -0.010825 -5.923809 -0.995252 0.013562 0.096383 103.793221
0.090352 0.010099 0.995859 34.584057 0.009340 0.999896 -0.010987 -5.947966 -0.995866 0.010295 0.090250 103.878334
0.082156 0.011062 0.996558 35.434212 0.006396 0.999912 -0.011627 -5.970838 -0.996599 0.007329 0.082079 103.951981
0.071698 0.011364 0.997362 36.296261 0.004145 0.999923 -0.011691 -5.994162 -0.997418 0.004973 0.071647 104.023026
0.060681 0.009864 0.998109 37.163025 0.002976 0.999944 -0.010063 -6.013068 -0.998153 0.003581 0.060649 104.080345
0.049016 0.007284 0.998771 38.021000 0.002338 0.999969 -0.007407 -6.034906 -0.998796 0.002698 0.048999 104.123009
0.036962 0.006189 0.999298 38.891949 0.002311 0.999977 -0.006279 -6.042878 -0.999315 0.002541 0.036948 104.159698
0.024716 0.007315 0.999668 39.754787 0.004091 0.999964 -0.007419 -6.059172 -0.999687 0.004273 0.024686 104.185196
0.012633 0.008980 0.999880 40.633526 0.005867 0.999941 -0.009055 -6.072817 -0.999904 0.005981 0.012581 104.201714
0.000751 0.009643 0.999954 41.490417 0.007613 0.999924 -0.009648 -6.090923 -0.999971 0.007620 0.000678 104.195183
-0.011817 0.008779 0.999892 42.356022 0.009176 0.999920 -0.008670 -6.109446 -0.999889 0.009072 -0.011896 104.193871
-0.023216 0.007579 0.999702 43.204456 0.009827 0.999924 -0.007352 -6.130547 -0.999682 0.009654 -0.023288 104.172943
-0.033439 0.007484 0.999414 44.071976 0.012105 0.999901 -0.007082 -6.149446 -0.999368 0.011862 -0.033527 104.149391
-0.042524 0.008245 0.999062 44.926674 0.014722 0.999862 -0.007624 -6.163970 -0.998988 0.014385 -0.042639 104.133629
-0.048208 0.009811 0.998790 45.786541 0.016095 0.999829 -0.009045 -6.182489 -0.998708 0.015641 -0.048358 104.094223
-0.052203 0.012417 0.998559 46.650021 0.016552 0.999795 -0.011567 -6.203789 -0.998499 0.015925 -0.052397 104.053955
-0.054403 0.015085 0.998405 47.506535 0.017675 0.999743 -0.014143 -6.222433 -0.998363 0.016877 -0.054656 104.009171
-0.055414 0.016172 0.998333 48.383110 0.018554 0.999712 -0.015164 -6.251492 -0.998291 0.017682 -0.055698 103.963028
-0.053624 0.016714 0.998421 49.268417 0.019646 0.999684 -0.015680 -6.268336 -0.998368 0.018774 -0.053935 103.900146
-0.051304 0.015741 0.998560 50.165436 0.019618 0.999698 -0.014750 -6.293543 -0.998491 0.018834 -0.051596 103.856796
-0.048484 0.013133 0.998738 51.068733 0.019494 0.999735 -0.012199 -6.318367 -0.998635 0.018878 -0.048727 103.810623
-0.046185 0.010999 0.998873 51.983116 0.019957 0.999749 -0.010086 -6.333780 -0.998734 0.019469 -0.046392 103.772873
-0.043683 0.009855 0.998998 52.911858 0.020080 0.999757 -0.008984 -6.342720 -0.998844 0.019668 -0.043870 103.736481
-0.042332 0.008461 0.999068 53.824722 0.018467 0.999799 -0.007685 -6.357394 -0.998934 0.018124 -0.042479 103.706390
-0.041946 0.008604 0.999084 54.745731 0.015898 0.999841 -0.007943 -6.369981 -0.998994 0.015550 -0.042075 103.676163
-0.042268 0.008783 0.999068 55.665874 0.011618 0.999897 -0.008298 -6.382771 -0.999039 0.011256 -0.042365 103.646339
-0.046271 0.009694 0.998883 56.587021 0.003280 0.999948 -0.009553 -6.389238 -0.998924 0.002834 -0.046299 103.618347
-0.053174 0.009986 0.998536 57.483608 -0.003120 0.999943 -0.010166 -6.411387 -0.998581 -0.003655 -0.053140 103.589264
-0.063956 0.010677 0.997896 58.386173 -0.007893 0.999905 -0.011204 -6.428472 -0.997922 -0.008593 -0.063864 103.555367
-0.077069 0.013551 0.996934 59.283443 -0.011538 0.999828 -0.014482 -6.449955 -0.996959 -0.012619 -0.076899 103.485954
-0.093068 0.017960 0.995498 60.169411 -0.016136 0.999678 -0.019544 -6.466579 -0.995529 -0.017881 -0.092748 103.403694
-0.109787 0.017909 0.993795 61.024216 -0.016700 0.999662 -0.019860 -6.511784 -0.993816 -0.018777 -0.109450 103.285553
-0.129565 0.016112 0.991440 61.936668 -0.014063 0.999737 -0.018085 -6.521629 -0.991471 -0.016286 -0.129305 103.165436
-0.150233 0.011681 0.988582 62.844978 -0.010664 0.999853 -0.013434 -6.541194 -0.988594 -0.012560 -0.150085 103.023773
-0.170559 0.010019 0.985297 63.707970 -0.009379 0.999885 -0.011791 -6.575504 -0.985304 -0.011252 -0.170445 102.855507
-0.190795 0.008387 0.981594 64.566536 -0.008130 0.999915 -0.010124 -6.608294 -0.981597 -0.009912 -0.190710 102.669647
-0.211978 0.011166 0.977211 65.436653 -0.002612 0.999924 -0.011992 -6.624765 -0.977271 -0.005094 -0.211933 102.485649
-0.231723 0.011407 0.972715 66.308922 0.001515 0.999934 -0.011364 -6.632716 -0.972781 -0.001160 -0.231724 102.269714
-0.250978 0.010678 0.967934 67.171738 0.005534 0.999938 -0.009597 -6.663391 -0.967978 0.002949 -0.251021 102.045921
-0.267977 0.012812 0.963340 68.035942 0.009707 0.999896 -0.010597 -6.679924 -0.963377 0.006512 -0.268073 101.813538
-0.284111 0.013535 0.958696 68.897141 0.010346 0.999884 -0.011050 -6.706990 -0.958736 0.006780 -0.284218 101.580795
-0.297192 0.010427 0.954761 69.755478 0.012800 0.999893 -0.006935 -6.732886 -0.954733 0.010161 -0.297293 101.315414
-0.306943 0.001429 0.951727 70.613922 0.014901 0.999883 0.003304 -6.742175 -0.951612 0.015196 -0.306928 101.023308
-0.315242 -0.008890 0.948971 71.467964 0.012985 0.999821 0.013680 -6.745739 -0.948923 0.016636 -0.315070 100.745979
-0.318563 -0.012573 0.947819 72.316788 0.014186 0.999737 0.018030 -6.752065 -0.947796 0.019191 -0.318299 100.436523
-0.319400 -0.005266 0.947606 73.175369 0.016770 0.999796 0.011210 -6.753909 -0.947473 0.019471 -0.319246 100.134590
-0.320164 0.006458 0.947340 74.003639 0.019256 0.999814 -0.000308 -6.759652 -0.947167 0.018143 -0.320228 99.854431
-0.319262 0.014977 0.947549 74.852791 0.020756 0.999745 -0.008809 -6.776513 -0.947440 0.016855 -0.319491 99.566109
-0.318904 0.015909 0.947654 75.703125 0.021652 0.999720 -0.009496 -6.796139 -0.947540 0.017490 -0.319158 99.278877
-0.320445 0.013055 0.947178 76.582092 0.021011 0.999757 -0.006672 -6.804730 -0.947035 0.017763 -0.320641 98.997612
-0.322937 0.008914 0.946378 77.469734 0.021795 0.999760 -0.001978 -6.802929 -0.946170 0.019988 -0.323054 98.704369
-0.328158 0.005011 0.944610 78.351532 0.022457 0.999744 0.002499 -6.809246 -0.944356 0.022033 -0.328186 98.408684
-0.334975 0.002582 0.942225 79.241356 0.022695 0.999728 0.005328 -6.817777 -0.941955 0.023169 -0.334942 98.101883
-0.343703 0.004215 0.939070 80.159790 0.022223 0.999746 0.003646 -6.813505 -0.938816 0.022123 -0.343709 97.780174
-0.354870 0.007940 0.934882 81.069778 0.021341 0.999771 -0.000391 -6.814528 -0.934673 0.019813 -0.354958 97.439285
-0.368559 0.010400 0.929547 81.940598 0.023664 0.999718 -0.001802 -6.821428 -0.929304 0.021333 -0.368701 97.082603
-0.383176 0.012218 0.923595 82.815132 0.023313 0.999722 -0.003553 -6.829558 -0.923382 0.020170 -0.383354 96.723114
-0.397695 0.016342 0.917372 83.702911 0.022574 0.999712 -0.008022 -6.850189 -0.917241 0.017519 -0.397948 96.352539
-0.410404 0.026280 0.911525 84.574013 0.025241 0.999528 -0.017452 -6.867299 -0.911555 0.015846 -0.410874 95.968964
-0.421011 0.030539 0.906542 85.455734 0.027336 0.999406 -0.020973 -6.885907 -0.906644 0.015952 -0.421596 95.560677
-0.429029 0.027839 0.902862 86.348907 0.027499 0.999463 -0.017750 -6.915284 -0.902872 0.017213 -0.429565 95.141815
-0.434642 0.022408 0.900325 87.258362 0.028420 0.999533 -0.011158 -6.939970 -0.900156 0.020737 -0.435075 94.720963
-0.437243 0.021088 0.899097 88.150070 0.028807 0.999540 -0.009434 -6.960243 -0.898882 0.021776 -0.437649 94.290878
-0.438475 0.020799 0.898503 89.045952 0.030743 0.999494 -0.008134 -6.980229 -0.898218 0.024056 -0.438892 93.853104
-0.439246 0.021694 0.898105 89.940651 0.031551 0.999463 -0.008711 -6.997725 -0.897813 0.024509 -0.439694 93.421074
-0.440577 0.019421 0.897505 90.837257 0.030284 0.999518 -0.006763 -7.020099 -0.897204 0.024201 -0.440953 92.991814
-0.441455 0.019302 0.897076 91.739418 0.028549 0.999564 -0.007458 -7.039193 -0.896829 0.022318 -0.441814 92.554893
-0.443038 0.017082 0.896341 92.632217 0.025263 0.999659 -0.006564 -7.056674 -0.896148 0.019735 -0.443318 92.130890
-0.446236 0.016440 0.894765 93.527916 0.021082 0.999747 -0.007854 -7.066685 -0.894668 0.015360 -0.446470 91.710007
-0.451669 0.014370 0.892070 94.425400 0.016948 0.999827 -0.007525 -7.087907 -0.892025 0.011721 -0.451835 91.282562
-0.459012 0.012560 0.888342 95.318192 0.012406 0.999892 -0.007726 -7.111061 -0.888344 0.007475 -0.459117 90.842842
-0.467995 0.006808 0.883705 96.179764 0.005636 0.999972 -0.004719 -7.133356 -0.883714 0.002772 -0.468020 90.402275
-0.478325 0.004647 0.878171 97.050926 0.004685 0.999984 -0.002740 -7.148775 -0.878171 0.002805 -0.478340 89.941055
-0.490321 0.002035 0.871539 97.897873 0.004134 0.999991 -0.000009 -7.169197 -0.871532 0.003599 -0.490325 89.483147
-0.502377 0.001732 0.864648 98.732880 0.002434 0.999996 -0.000589 -7.183574 -0.864646 0.001808 -0.502379 89.006447
-0.514691 0.000203 0.857376 99.566406 0.002181 0.999997 0.001073 -7.196864 -0.857374 0.002422 -0.514688 88.511200
-0.528483 0.001274 0.848944 100.393776 0.002421 0.999996 0.000006 -7.197602 -0.848942 0.002059 -0.528484 88.020508
-0.542063 0.001881 0.840336 101.206261 0.001982 0.999997 -0.000959 -7.215328 -0.840336 0.001146 -0.542065 87.507652
-0.555596 0.004392 0.831441 102.008842 0.001490 0.999989 -0.004286 -7.224363 -0.831452 -0.001142 -0.555596 86.988548
-0.569309 0.006960 0.822095 102.809608 0.002051 0.999972 -0.007046 -7.212908 -0.822122 -0.002326 -0.569308 86.460350
-0.580107 0.005747 0.814520 103.558662 0.002277 0.999982 -0.005434 -7.244121 -0.814538 -0.001297 -0.580110 85.895042
-0.592581 0.003658 0.805503 104.338181 0.002524 0.999992 -0.002684 -7.268186 -0.805508 0.000444 -0.592585 85.333870
-0.605293 0.005115 0.795987 105.108322 0.004601 0.999985 -0.002926 -7.275700 -0.795990 0.001891 -0.605307 84.776833
-0.616102 0.006872 0.787637 105.845238 0.006899 0.999970 -0.003328 -7.290618 -0.787638 0.003383 -0.616130 84.208168
-0.624813 0.008467 0.780728 106.580124 0.009701 0.999948 -0.003080 -7.309382 -0.780715 0.005650 -0.624863 83.630310
-0.631082 0.011559 0.775631 107.291779 0.014955 0.999884 -0.002734 -7.323864 -0.775573 0.009874 -0.631182 83.049927
-0.635371 0.013708 0.772086 108.000259 0.018695 0.999822 -0.002367 -7.332877 -0.771982 0.012930 -0.635513 82.467148
-0.638185 0.015681 0.769724 108.707428 0.021375 0.999767 -0.002645 -7.343831 -0.769588 0.014765 -0.638371 81.888168
-0.639041 0.016672 0.768992 109.402863 0.023815 0.999714 -0.001884 -7.367680 -0.768804 0.017110 -0.639255 81.310921
-0.638500 0.019288 0.769381 110.085136 0.027856 0.999609 -0.001943 -7.381863 -0.769118 0.020191 -0.638787 80.746582
-0.635801 0.020560 0.771579 110.741058 0.030028 0.999546 -0.001891 -7.396772 -0.771270 0.021967 -0.636130 80.202560
-0.632491 0.021426 0.774272 111.402710 0.031648 0.999497 -0.001805 -7.407423 -0.773922 0.023364 -0.632851 79.666779
-0.627641 0.022402 0.778181 112.038795 0.033769 0.999428 -0.001536 -7.425205 -0.777771 0.025314 -0.628039 79.152512
-0.621868 0.023174 0.782780 112.656006 0.035206 0.999379 -0.001618 -7.441201 -0.782331 0.026552 -0.622298 78.657974
-0.616645 0.023241 0.786899 113.261574 0.036042 0.999349 -0.001271 -7.457013 -0.786417 0.027577 -0.617081 78.184395
-0.611533 0.022499 0.790900 113.855309 0.035190 0.999379 -0.001219 -7.469985 -0.790437 0.027087 -0.611945 77.729141
-0.606994 0.021885 0.794405 114.441040 0.035127 0.999382 -0.000691 -7.483286 -0.793930 0.027486 -0.607387 77.284561
-0.603416 0.021351 0.797141 115.006508 0.034945 0.999389 -0.000316 -7.496311 -0.796661 0.027665 -0.603793 76.859619
-0.601592 0.022475 0.798487 115.562279 0.034138 0.999414 -0.002411 -7.513155 -0.798075 0.025808 -0.602007 76.456467
-0.601257 0.025179 0.798659 116.107498 0.033814 0.999410 -0.006052 -7.528464 -0.798340 0.023367 -0.601754 76.049606
-0.602745 0.030666 0.797345 116.648354 0.035708 0.999296 -0.011439 -7.544126 -0.797136 0.021577 -0.603415 75.639366
-0.605407 0.035876 0.795107 117.194931 0.037575 0.999158 -0.016472 -7.559466 -0.795029 0.019903 -0.606245 75.223465
-0.608817 0.036962 0.792450 117.737823 0.039317 0.999092 -0.016394 -7.573501 -0.792337 0.021175 -0.609717 74.802422
-0.613129 0.033057 0.789292 118.280670 0.039363 0.999161 -0.011269 -7.579717 -0.789003 0.024160 -0.613914 74.381798
-0.617287 0.024483 0.786358 118.822052 0.037520 0.999294 -0.001659 -7.591774 -0.785844 0.028481 -0.617769 73.959892
-0.622244 0.017884 0.782619 119.359818 0.035840 0.999341 0.005660 -7.607378 -0.782004 0.031571 -0.622475 73.538086
-0.627565 0.016703 0.778386 119.887344 0.032790 0.999449 0.004991 -7.618090 -0.777874 0.028656 -0.627767 73.123283
-0.631450 0.019607 0.775169 120.416954 0.030734 0.999527 -0.000246 -7.623749 -0.774809 0.023668 -0.631754 72.700836
-0.634427 0.022918 0.772644 120.937309 0.029719 0.999544 -0.005245 -7.635931 -0.772412 0.019635 -0.634819 72.278740
-0.636708 0.023087 0.770760 121.465263 0.026748 0.999611 -0.007846 -7.644304 -0.770642 0.015621 -0.637078 71.851151
-0.639001 0.023032 0.768861 121.991943 0.025151 0.999643 -0.009041 -7.654428 -0.768795 0.013561 -0.639351 71.422035
-0.640782 0.022888 0.767382 122.532669 0.023601 0.999669 -0.010109 -7.665009 -0.767361 0.011633 -0.641111 70.979698
-0.641587 0.022770 0.766713 123.072380 0.022657 0.999685 -0.010730 -7.676332 -0.766717 0.010487 -0.641901 70.536133
-0.641525 0.022484 0.766773 123.618210 0.023217 0.999681 -0.009889 -7.687110 -0.766752 0.011459 -0.641843 70.086655
-0.641040 0.019465 0.767260 124.174744 0.025146 0.999673 -0.004352 -7.696336 -0.767095 0.016504 -0.641321 69.627449
-0.637623 0.012226 0.770252 124.742775 0.023984 0.999704 0.003986 -7.707970 -0.769976 0.021015 -0.637727 69.164436
-0.633060 0.009551 0.774044 125.331070 0.024744 0.999662 0.007901 -7.714676 -0.773708 0.024155 -0.633083 68.703415
-0.626552 0.009235 0.779325 125.922005 0.024086 0.999681 0.007518 -7.720657 -0.779008 0.023481 -0.626574 68.237923
-0.619957 0.009853 0.784574 126.504013 0.021292 0.999763 0.004269 -7.725981 -0.784348 0.019352 -0.620020 67.796104
-0.613187 0.007380 0.789903 127.119934 0.017879 0.999829 0.004537 -7.721176 -0.789737 0.016904 -0.613214 67.329102
-0.606909 0.002555 0.794768 127.751846 0.011021 0.999925 0.005201 -7.722917 -0.794696 0.011916 -0.606891 66.868614
-0.602491 -0.000834 0.798126 128.394211 0.005473 0.999971 0.005176 -7.730748 -0.798108 0.007487 -0.602468 66.413643
-0.599756 -0.001950 0.800181 129.044586 -0.005537 0.999982 -0.001713 -7.725738 -0.800165 -0.005458 -0.599755 65.965401
-0.598848 -0.000349 0.800863 129.705872 -0.014241 0.999846 -0.010213 -7.728372 -0.800737 -0.017521 -0.598761 65.521072
-0.596917 -0.002681 0.802300 130.378494 -0.023145 0.999635 -0.013880 -7.737269 -0.801970 -0.026854 -0.596760 65.053970
-0.594608 -0.002084 0.804014 131.057587 -0.021922 0.999667 -0.013621 -7.743195 -0.803717 -0.025725 -0.594456 64.543045
-0.591840 -0.003585 0.806048 131.749466 -0.020803 0.999724 -0.010827 -7.748917 -0.805789 -0.023176 -0.591751 64.018692
-0.590665 -0.007332 0.806884 132.443542 -0.023046 0.999704 -0.007786 -7.768192 -0.806589 -0.023194 -0.590659 63.517536
-0.589452 -0.007091 0.807773 133.135483 -0.020687 0.999765 -0.006321 -7.781600 -0.807539 -0.020436 -0.589461 63.002506
-0.589608 -0.003487 0.807683 133.801697 -0.016580 0.999832 -0.007786 -7.804699 -0.807520 -0.017982 -0.589567 62.506733
-0.591474 0.000098 0.806324 134.506638 -0.013731 0.999853 -0.010193 -7.818468 -0.806208 -0.017100 -0.591386 61.988716
-0.593209 -0.002389 0.805046 135.239975 -0.016056 0.999831 -0.008863 -7.834013 -0.804890 -0.018182 -0.593147 61.463314
-0.594436 -0.004179 0.804133 135.978607 -0.014612 0.999877 -0.005605 -7.848881 -0.804011 -0.015083 -0.594423 60.923523
-0.596258 -0.005717 0.802773 136.721909 -0.012740 0.999916 -0.002341 -7.861547 -0.802693 -0.011623 -0.596280 60.381420
-0.598008 -0.007052 0.801460 137.494125 -0.016614 0.999855 -0.003600 -7.857227 -0.801318 -0.015468 -0.598038 59.835182
-0.600313 -0.008902 0.799716 138.285980 -0.021183 0.999764 -0.004773 -7.855194 -0.799486 -0.019805 -0.600360 59.280190
-0.600718 -0.008043 0.799422 139.043991 -0.020385 0.999778 -0.005259 -7.869058 -0.799203 -0.019455 -0.600747 58.693466
-0.602178 -0.009469 0.798306 139.820404 -0.018986 0.999816 -0.002463 -7.879883 -0.798137 -0.016639 -0.602247 58.108849
-0.603666 -0.017200 0.797052 140.608078 -0.023131 0.999724 0.004055 -7.886754 -0.796902 -0.015989 -0.603898 57.529343
-0.606170 -0.021500 0.795045 141.403915 -0.022070 0.999704 0.010208 -7.873970 -0.795030 -0.011359 -0.606464 56.949799
-0.606300 -0.025555 0.794825 142.175049 -0.024632 0.999607 0.013349 -7.875833 -0.794855 -0.011485 -0.606691 56.368626
-0.607522 -0.024778 0.793917 142.958893 -0.028271 0.999554 0.009563 -7.876506 -0.793800 -0.016635 -0.607952 55.798176
-0.607246 -0.022558 0.794195 143.732590 -0.032409 0.999468 0.003610 -7.876329 -0.793854 -0.023546 -0.607652 55.220551
-0.605748 -0.021634 0.795362 144.500671 -0.037266 0.999304 -0.001201 -7.880418 -0.794785 -0.030367 -0.606132 54.643959
-0.603152 -0.022311 0.797315 145.268478 -0.036553 0.999331 0.000312 -7.888814 -0.796789 -0.028957 -0.603563 54.056023
-0.601211 -0.021183 0.798810 146.049271 -0.032824 0.999459 0.001800 -7.903905 -0.798417 -0.025138 -0.601580 53.474812
-0.598424 -0.014880 0.801042 146.815811 -0.023508 0.999722 0.001009 -7.909658 -0.800835 -0.018227 -0.598607 52.885906
-0.594178 -0.010270 0.804268 147.585602 -0.019179 0.999814 -0.001401 -7.914641 -0.804106 -0.016258 -0.594265 52.311092
-0.590099 -0.004598 0.807319 148.361481 -0.011483 0.999929 -0.002698 -7.928522 -0.807251 -0.010862 -0.590110 51.734055
-0.586208 0.001853 0.810159 149.115845 -0.000364 0.999996 -0.002550 -7.945937 -0.810162 -0.001790 -0.586205 51.150028
-0.586036 0.000420 0.810285 149.963715 -0.005327 0.999975 -0.004370 -7.945428 -0.810268 -0.006878 -0.586019 50.574718
-0.587180 -0.002819 0.809452 150.755798 -0.007414 0.999970 -0.001896 -7.955768 -0.809424 -0.007114 -0.587184 50.016773
-0.588479 -0.008205 0.808472 151.535416 -0.009731 0.999948 0.003065 -7.969187 -0.808455 -0.006063 -0.588528 49.458420
-0.590124 -0.013881 0.807194 152.323990 -0.015416 0.999863 0.005924 -7.975648 -0.807167 -0.008948 -0.590257 48.902897
-0.591604 -0.016310 0.806064 153.094925 -0.017469 0.999820 0.007410 -7.984711 -0.806040 -0.009696 -0.591782 48.341187
-0.591929 -0.015241 0.805846 153.860870 -0.019897 0.999792 0.004296 -7.996047 -0.805746 -0.013490 -0.592108 47.771290
-0.593414 -0.021581 0.804608 154.644226 -0.028123 0.999586 0.006070 -7.997280 -0.804407 -0.019026 -0.593775 47.219559
-0.594905 -0.014508 0.803666 155.399734 -0.024571 0.999698 -0.000143 -8.006277 -0.803422 -0.019832 -0.595081 46.652134
-0.595451 -0.011255 0.803313 156.149948 -0.025918 0.999650 -0.005205 -8.017505 -0.802974 -0.023920 -0.595534 46.089989
-0.597451 -0.007296 0.801873 156.908264 -0.029230 0.999492 -0.012684 -8.033802 -0.801374 -0.031016 -0.597361 45.537453
-0.598737 -0.006654 0.800918 157.655838 -0.024487 0.999650 -0.010001 -8.056293 -0.800572 -0.025600 -0.598691 44.979008
-0.598756 -0.009743 0.800872 158.405045 -0.023135 0.999719 -0.005135 -8.075788 -0.800598 -0.021603 -0.598813 44.419849
-0.598731 -0.015149 0.800808 159.155807 -0.024021 0.999711 0.000951 -8.093988 -0.800591 -0.018667 -0.598921 43.862980
-0.597892 -0.010007 0.801514 159.905533 -0.018844 0.999821 -0.001575 -8.109901 -0.801356 -0.016045 -0.597974 43.298241
-0.597316 -0.008765 0.801958 160.641922 -0.021555 0.999754 -0.005128 -8.125317 -0.801717 -0.020350 -0.597358 42.759022
-0.596701 -0.003909 0.802454 161.376312 -0.021668 0.999701 -0.011242 -8.146082 -0.802172 -0.024095 -0.596608 42.216385
-0.595575 -0.006410 0.803274 162.098373 -0.024927 0.999634 -0.010504 -8.169678 -0.802914 -0.026279 -0.595516 41.681942
-0.595036 -0.011537 0.803616 162.821198 -0.027063 0.999617 -0.005688 -8.192604 -0.803244 -0.025133 -0.595120 41.148506
-0.595697 -0.014844 0.803073 163.546509 -0.023738 0.999717 0.000872 -8.201242 -0.802860 -0.018544 -0.595881 40.612885
-0.596247 -0.014435 0.802671 164.241104 -0.021819 0.999760 0.001773 -8.220581 -0.802505 -0.016457 -0.596419 40.094711
-0.597980 -0.007152 0.801480 164.911453 -0.021495 0.999743 -0.007116 -8.236942 -0.801223 -0.021484 -0.597980 39.591442
-0.599955 0.004687 0.800021 165.565994 -0.018847 0.999622 -0.019991 -8.252432 -0.799812 -0.027071 -0.599639 39.095589
-0.602921 0.007501 0.797766 166.206238 -0.013884 0.999705 -0.019893 -8.275914 -0.797681 -0.023070 -0.602639 38.600735
-0.605865 0.010331 0.795500 166.844620 -0.008920 0.999764 -0.019778 -8.299257 -0.795519 -0.019078 -0.605630 38.103451
-0.610275 0.000684 0.792189 167.468063 -0.007146 0.999954 -0.006368 -8.330758 -0.792159 -0.009548 -0.610241 37.620312
-0.613839 -0.004964 0.789416 168.074631 -0.009252 0.999956 -0.000906 -8.354489 -0.789378 -0.007860 -0.613858 37.153851
-0.617488 -0.000868 0.786581 168.647430 -0.008655 0.999946 -0.005690 -8.369991 -0.786534 -0.010322 -0.617462 36.704205
-0.620343 0.009460 0.784274 169.198532 -0.004662 0.999865 -0.015748 -8.389762 -0.784317 -0.013426 -0.620215 36.272934
-0.622174 0.016863 0.782698 169.722717 -0.002889 0.999712 -0.023835 -8.407512 -0.782875 -0.017091 -0.621945 35.848969
-0.623059 0.021232 0.781887 170.232941 0.001476 0.999661 -0.025968 -8.431168 -0.782174 -0.015026 -0.622880 35.434753
-0.619689 0.023040 0.784510 170.719803 0.008017 0.999702 -0.023026 -8.455235 -0.784807 -0.007979 -0.619690 35.035011
-0.613319 0.027465 0.789358 171.198151 0.017915 0.999622 -0.020861 -8.478590 -0.789633 0.001347 -0.613578 34.647728
-0.601325 0.028582 0.798494 171.683640 0.023005 0.999564 -0.018455 -8.504657 -0.798674 0.007272 -0.601720 34.287823
-0.583058 0.033949 0.811722 172.167511 0.030820 0.999331 -0.019657 -8.530622 -0.811846 0.013556 -0.583714 33.935436
-0.559216 0.039789 0.828067 172.665634 0.039135 0.999001 -0.021573 -8.550324 -0.828099 0.020342 -0.560215 33.612587
-0.528687 0.043545 0.847699 173.163071 0.045311 0.998707 -0.023042 -8.575136 -0.847607 0.026228 -0.529976 33.313614
-0.493635 0.041594 0.868675 173.673996 0.047002 0.998671 -0.021108 -8.593542 -0.868399 0.030409 -0.494934 33.038952
-0.455893 0.037260 0.889255 174.202698 0.041111 0.998938 -0.020779 -8.613330 -0.889085 0.027085 -0.456941 32.795414
-0.416181 0.034798 0.908616 174.736954 0.035751 0.999120 -0.021888 -8.638131 -0.908580 0.023374 -0.417060 32.583206
-0.376697 0.038135 0.925552 175.271271 0.034784 0.999029 -0.027005 -8.664802 -0.925683 0.022021 -0.377657 32.391003
-0.335665 0.042966 0.941002 175.800522 0.035825 0.998818 -0.032826 -8.690049 -0.941301 0.022693 -0.336807 32.215149
-0.294161 0.047407 0.954580 176.338074 0.034002 0.998656 -0.039117 -8.721426 -0.955152 0.020951 -0.295377 32.066189
-0.252433 0.048538 0.966397 176.896057 0.031693 0.998619 -0.041878 -8.735246 -0.967096 0.020056 -0.253622 31.943918
-0.209524 0.046633 0.976692 177.466537 0.028019 0.998738 -0.041674 -8.750701 -0.977402 0.018635 -0.210566 31.841734
-0.168614 0.041470 0.984810 178.047699 0.025295 0.998967 -0.037736 -8.781210 -0.985358 0.018548 -0.169488 31.769709
-0.131511 0.034590 0.990712 178.640640 0.018226 0.999305 -0.032471 -8.812180 -0.991148 0.013787 -0.132049 31.716890
-0.098719 0.027047 0.994748 179.242188 0.012287 0.999587 -0.025958 -8.837882 -0.995040 0.009659 -0.099010 31.688997
-0.069485 0.024855 0.997274 179.847717 0.007844 0.999672 -0.024368 -8.855800 -0.997552 0.006129 -0.069657 31.678915
-0.045346 0.022900 0.998709 180.461273 0.002355 0.999736 -0.022816 -8.872486 -0.998969 0.001317 -0.045389 31.674047
-0.027916 0.019557 0.999420 181.082596 -0.007059 0.999779 -0.019761 -8.893223 -0.999586 -0.007607 -0.027770 31.686495
-0.015270 0.018433 0.999714 181.710632 -0.019681 0.999631 -0.018731 -8.908440 -0.999690 -0.019961 -0.014901 31.709433
-0.007528 0.020981 0.999752 182.350449 -0.026184 0.999433 -0.021170 -8.923650 -0.999629 -0.026337 -0.006974 31.729189
-0.003620 0.023471 0.999719 182.981644 -0.032648 0.999189 -0.023577 -8.939530 -0.999461 -0.032724 -0.002850 31.745874
-0.002059 0.025753 0.999667 183.631088 -0.034024 0.999088 -0.025808 -8.953540 -0.999420 -0.034066 -0.001181 31.743990
-0.004293 0.024317 0.999696 184.274872 -0.034972 0.999089 -0.024453 -8.970451 -0.999380 -0.035067 -0.003438 31.748701
-0.007485 0.022883 0.999710 184.925964 -0.034729 0.999129 -0.023130 -8.989219 -0.999369 -0.034891 -0.006683 31.736223
-0.012386 0.019001 0.999743 185.589386 -0.035379 0.999184 -0.019428 -9.000073 -0.999298 -0.035612 -0.011703 31.732656
-0.018224 0.020860 0.999617 186.281479 -0.035127 0.999151 -0.021491 -9.022337 -0.999217 -0.035505 -0.017475 31.726267
-0.025287 0.029553 0.999243 186.951141 -0.037909 0.998815 -0.030500 -9.035853 -0.998962 -0.038651 -0.024136 31.728186
-0.032838 0.040294 0.998649 187.650299 -0.037393 0.998437 -0.041515 -9.053200 -0.998761 -0.038705 -0.031279 31.727350
-0.039564 0.045606 0.998176 188.338852 -0.036169 0.998237 -0.047042 -9.080292 -0.998563 -0.037964 -0.037845 31.696550
-0.045519 0.043051 0.998035 189.050568 -0.035167 0.998382 -0.044670 -9.108241 -0.998344 -0.037132 -0.043930 31.663927
-0.053286 0.035383 0.997952 189.768234 -0.037302 0.998603 -0.037397 -9.145586 -0.997883 -0.039219 -0.051891 31.636866
-0.061034 0.027696 0.997751 190.485901 -0.039493 0.998765 -0.030140 -9.177694 -0.997355 -0.041244 -0.059863 31.604082
-0.067587 0.026664 0.997357 191.217163 -0.042843 0.998642 -0.029602 -9.205235 -0.996794 -0.044731 -0.066353 31.569590
-0.073877 0.029515 0.996831 191.941086 -0.046407 0.998377 -0.033000 -9.238873 -0.996187 -0.048698 -0.072387 31.535337
-0.077067 0.031794 0.996519 192.665298 -0.042787 0.998465 -0.035164 -9.270112 -0.996108 -0.045348 -0.075587 31.478861
-0.079604 0.034581 0.996227 193.397049 -0.034826 0.998691 -0.037448 -9.300660 -0.996218 -0.037675 -0.078295 31.417948
-0.080955 0.033208 0.996165 194.140976 -0.031692 0.998854 -0.035873 -9.332589 -0.996215 -0.034474 -0.079809 31.354677
-0.081160 0.031039 0.996218 194.887039 -0.037712 0.998703 -0.034189 -9.359712 -0.995988 -0.040344 -0.079883 31.305090
-0.079633 0.027885 0.996434 195.654465 -0.042363 0.998610 -0.031331 -9.375167 -0.995924 -0.044707 -0.078341 31.256548
-0.077600 0.027771 0.996598 196.423172 -0.038782 0.998771 -0.030851 -9.404871 -0.996230 -0.041044 -0.076428 31.205652
-0.076660 0.028026 0.996664 197.162506 -0.032299 0.999010 -0.030576 -9.441616 -0.996535 -0.034535 -0.075678 31.153605
-0.075954 0.025891 0.996775 197.903183 -0.033687 0.999025 -0.028517 -9.482634 -0.996542 -0.035744 -0.075007 31.100023
-0.076161 0.022449 0.996844 198.685028 -0.037456 0.998976 -0.025359 -9.515122 -0.996393 -0.039270 -0.075241 31.059301
-0.074330 0.018802 0.997057 199.488907 -0.039408 0.998985 -0.021776 -9.549179 -0.996455 -0.040911 -0.073513 31.006483
-0.072811 0.016978 0.997202 200.274689 -0.040738 0.998969 -0.019982 -9.569231 -0.996514 -0.042079 -0.072043 30.952078
-0.072149 0.019033 0.997213 201.040512 -0.039285 0.998987 -0.021909 -9.590703 -0.996620 -0.040756 -0.071328 30.907104
-0.070742 0.023921 0.997208 201.814133 -0.034017 0.999072 -0.026379 -9.623782 -0.996915 -0.035788 -0.069862 30.844181
-0.071499 0.027386 0.997065 202.571564 -0.034625 0.998952 -0.029922 -9.657754 -0.996840 -0.036663 -0.070475 30.801895
-0.070533 0.028580 0.997100 203.348007 -0.039470 0.998726 -0.031419 -9.689151 -0.996729 -0.041572 -0.069314 30.727024
-0.071884 0.025311 0.997092 204.136520 -0.040266 0.998789 -0.028258 -9.720550 -0.996601 -0.042180 -0.070776 30.674612
-0.073287 0.023310 0.997039 204.929718 -0.037005 0.998974 -0.026074 -9.750357 -0.996625 -0.038806 -0.072348 30.624250
-0.074357 0.024897 0.996922 205.723969 -0.039307 0.998838 -0.027876 -9.782385 -0.996457 -0.041259 -0.073291 30.569979
-0.077417 0.030404 0.996535 206.515854 -0.042302 0.998534 -0.033751 -9.806423 -0.996102 -0.044768 -0.076015 30.529852
-0.080557 0.035093 0.996133 207.317734 -0.042239 0.998361 -0.038587 -9.835391 -0.995855 -0.045184 -0.078942 30.476784
-0.084483 0.035528 0.995792 208.114853 -0.044547 0.998230 -0.039393 -9.874883 -0.995429 -0.047687 -0.082750 30.424482
-0.088117 0.036404 0.995445 208.934418 -0.041710 0.998320 -0.040201 -9.911909 -0.995237 -0.045062 -0.086449 30.363577
-0.090000 0.034284 0.995352 209.743210 -0.042002 0.998387 -0.038186 -9.957386 -0.995056 -0.045244 -0.088414 30.299284
-0.092643 0.034185 0.995113 210.564362 -0.036714 0.998613 -0.037723 -9.987239 -0.995023 -0.040029 -0.091259 30.229248
-0.092938 0.030921 0.995192 211.414536 -0.033029 0.998872 -0.034119 -10.020372 -0.995125 -0.036041 -0.091812 30.159401
-0.094224 0.027757 0.995165 212.272217 -0.032507 0.998992 -0.030941 -10.061279 -0.995020 -0.035265 -0.093227 30.099218
-0.095569 0.026839 0.995062 213.115402 -0.028454 0.999154 -0.029682 -10.094111 -0.995016 -0.031150 -0.094725 30.031532
-0.094724 0.028077 0.995108 213.950684 -0.026619 0.999173 -0.030725 -10.126073 -0.995148 -0.029398 -0.093898 29.952007
-0.094730 0.028898 0.995084 214.801254 -0.022977 0.999248 -0.031206 -10.156011 -0.995239 -0.025821 -0.093995 29.876448
-0.093950 0.031025 0.995093 215.654297 -0.016038 0.999337 -0.032671 -10.186172 -0.995448 -0.019029 -0.093390 29.801876
-0.091480 0.032057 0.995291 216.500641 -0.013339 0.999352 -0.033413 -10.220580 -0.995718 -0.016332 -0.090992 29.719511
-0.089225 0.031214 0.995523 217.353973 -0.017537 0.999304 -0.032903 -10.256167 -0.995858 -0.020394 -0.088614 29.654316
-0.085927 0.027846 0.995913 218.206665 -0.022966 0.999288 -0.029922 -10.291191 -0.996037 -0.025444 -0.085226 29.593285
-0.082823 0.026992 0.996199 219.060776 -0.019054 0.999407 -0.028662 -10.327494 -0.996383 -0.021356 -0.082258 29.520321
-0.080481 0.033395 0.996197 219.899963 -0.017991 0.999227 -0.034949 -10.376303 -0.996595 -0.020736 -0.079817 29.457697
-0.079991 0.043727 0.995836 220.748566 -0.020943 0.998743 -0.045536 -10.417032 -0.996576 -0.024498 -0.078975 29.411066
-0.078327 0.044005 0.995957 221.610321 -0.023946 0.998653 -0.046007 -10.450429 -0.996640 -0.027452 -0.077168 29.354731
-0.076674 0.044287 0.996073 222.467209 -0.026932 0.998556 -0.046470 -10.484007 -0.996693 -0.030390 -0.075369 29.300255
-0.075016 0.044574 0.996186 223.326706 -0.029928 0.998449 -0.046928 -10.518043 -0.996734 -0.033334 -0.073565 29.247150
-0.076725 0.044940 0.996039 224.184967 -0.030866 0.998398 -0.047424 -10.567124 -0.996575 -0.034382 -0.075215 29.197943
-0.079085 0.051390 0.995543 225.035370 -0.034039 0.997948 -0.054219 -10.627232 -0.996287 -0.038174 -0.077172 29.148651
-0.080544 0.056121 0.995170 225.886139 -0.042571 0.997308 -0.059686 -10.676575 -0.995842 -0.047172 -0.077937 29.096472
-0.082637 0.056629 0.994970 226.743362 -0.043991 0.997203 -0.060409 -10.725758 -0.995608 -0.048762 -0.079914 29.048595
-0.083925 0.051427 0.995144 227.606049 -0.040585 0.997662 -0.054980 -10.785239 -0.995645 -0.045002 -0.081641 28.987148
-0.084433 0.046022 0.995366 228.479187 -0.039167 0.998007 -0.049466 -10.838701 -0.995660 -0.043162 -0.082463 28.919168
-0.085027 0.044359 0.995391 229.355988 -0.035597 0.998235 -0.047527 -10.890023 -0.995743 -0.039474 -0.083297 28.856325
-0.084942 0.048799 0.995190 230.240494 -0.032088 0.998148 -0.051682 -10.941391 -0.995870 -0.036324 -0.083219 28.787090
-0.084063 0.054199 0.994986 231.115021 -0.029363 0.997950 -0.056841 -10.999908 -0.996028 -0.033994 -0.082299 28.712151
-0.083381 0.057565 0.994854 231.990158 -0.026631 0.997844 -0.059970 -11.059899 -0.996162 -0.031494 -0.081668 28.645237
-0.082122 0.054671 0.995123 232.873962 -0.023832 0.998101 -0.056801 -11.122075 -0.996338 -0.028380 -0.080662 28.574026
-0.081742 0.050630 0.995367 233.762192 -0.020374 0.998415 -0.052458 -11.176762 -0.996446 -0.024568 -0.080580 28.506403
-0.081465 0.049403 0.995451 234.650131 -0.019091 0.998510 -0.051117 -11.225442 -0.996494 -0.023169 -0.080400 28.438623
-0.081571 0.049317 0.995447 235.550369 -0.025913 0.998332 -0.051582 -11.274700 -0.996332 -0.030003 -0.080156 28.384508
-0.082468 0.049591 0.995359 236.444580 -0.029906 0.998188 -0.052209 -11.324412 -0.996145 -0.034073 -0.080835 28.334209
-0.083584 0.048322 0.995329 237.325668 -0.030793 0.998220 -0.051048 -11.385057 -0.996025 -0.034916 -0.081947 28.274836
-0.085030 0.050079 0.995119 238.215958 -0.034451 0.997991 -0.053166 -11.439901 -0.995783 -0.038804 -0.083133 28.207088
-0.087437 0.050613 0.994884 239.113281 -0.037742 0.997823 -0.054080 -11.493048 -0.995456 -0.042277 -0.085336 28.145632
-0.089123 0.048083 0.994859 240.014481 -0.033487 0.998124 -0.051240 -11.551466 -0.995458 -0.037880 -0.087345 28.064548
-0.091047 0.045095 0.994826 240.917831 -0.028084 0.998460 -0.047830 -11.610695 -0.995451 -0.032292 -0.089640 27.982769
-0.092385 0.048122 0.994560 241.822433 -0.029454 0.998262 -0.051037 -11.674313 -0.995288 -0.034009 -0.090805 27.904272
-0.094025 0.055527 0.994020 242.715088 -0.022369 0.998073 -0.057869 -11.732895 -0.995319 -0.027677 -0.092601 27.819174
-0.095193 0.057313 0.993808 243.620193 -0.019589 0.998039 -0.059434 -11.787997 -0.995267 -0.025125 -0.093883 27.736778
-0.098094 0.051628 0.993837 244.522522 -0.027290 0.998138 -0.054544 -11.844369 -0.994803 -0.032472 -0.096501 27.653456
-0.099653 0.042447 0.994117 245.425583 -0.033465 0.998381 -0.045984 -11.904863 -0.994460 -0.037850 -0.098071 27.582994
-0.101776 0.040473 0.993984 246.317215 -0.036677 0.998340 -0.044406 -11.960352 -0.994132 -0.040975 -0.100122 27.509439
-0.104288 0.041538 0.993680 247.206406 -0.038345 0.998216 -0.045751 -12.009748 -0.993808 -0.042874 -0.102509 27.431530
-0.106019 0.048507 0.993181 248.108749 -0.043818 0.997611 -0.053400 -12.056486 -0.993399 -0.049181 -0.103639 27.368608
-0.105612 0.054312 0.992924 248.996979 -0.040113 0.997462 -0.058826 -12.115404 -0.993599 -0.046041 -0.103165 27.276844
-0.105133 0.060778 0.992599 249.881760 -0.035069 0.997283 -0.064779 -12.177139 -0.993840 -0.041619 -0.102716 27.184063
-0.104058 0.057559 0.992905 250.768402 -0.032412 0.997597 -0.061228 -12.237000 -0.994044 -0.038554 -0.101942 27.091030
-0.101533 0.053097 0.993414 251.659714 -0.030314 0.997945 -0.056437 -12.306347 -0.994370 -0.035845 -0.099714 26.991873
-0.099086 0.052655 0.993685 252.540283 -0.032533 0.997893 -0.056121 -12.375165 -0.994548 -0.037889 -0.097164 26.915745
-0.095752 0.060242 0.993581 253.400040 -0.031532 0.997482 -0.063517 -12.425761 -0.994906 -0.037412 -0.093611 26.811575
-0.093032 0.063891 0.993611 254.274277 -0.031024 0.997268 -0.067030 -12.479516 -0.995180 -0.037061 -0.090795 26.728077
-0.091173 0.057801 0.994156 255.163361 -0.031415 0.997649 -0.060884 -12.543460 -0.995340 -0.036781 -0.089142 26.660769
-0.089960 0.050753 0.994652 256.042511 -0.029210 0.998136 -0.053572 -12.611854 -0.995518 -0.033872 -0.088309 26.590206
-0.087932 0.052983 0.994716 256.903412 -0.029667 0.998002 -0.055781 -12.671500 -0.995685 -0.034415 -0.086183 26.523375
-0.085903 0.055217 0.994773 257.765228 -0.030130 0.997862 -0.057990 -12.733113 -0.995848 -0.034954 -0.084055 26.458334
-0.084583 0.059365 0.994647 258.613617 -0.029930 0.997622 -0.062087 -12.785743 -0.995967 -0.035021 -0.082604 26.397221
-0.082637 0.056383 0.994983 259.478058 -0.026549 0.997919 -0.058755 -12.838531 -0.996226 -0.031271 -0.080968 26.325132
-0.081807 0.048566 0.995465 260.327850 -0.029463 0.998257 -0.051124 -12.901212 -0.996213 -0.033512 -0.080233 26.264967
-0.079899 0.045571 0.995761 261.178894 -0.031648 0.998334 -0.048228 -12.956363 -0.996301 -0.035367 -0.078322 26.208361
-0.076935 0.045461 0.996000 262.013977 -0.029021 0.998435 -0.047814 -13.010599 -0.996614 -0.032583 -0.075495 26.149033
-0.074989 0.048659 0.995997 262.840515 -0.023548 0.998444 -0.050551 -13.060321 -0.996907 -0.027244 -0.073726 26.087927
-0.073405 0.050577 0.996019 263.649139 -0.024406 0.998322 -0.052492 -13.112488 -0.997004 -0.028162 -0.072047 26.034369
-0.072358 0.050669 0.996091 264.464417 -0.025138 0.998298 -0.052607 -13.162699 -0.997062 -0.028845 -0.070961 25.983179
-0.071099 0.046868 0.996368 265.275116 -0.026523 0.998453 -0.048858 -13.217583 -0.997117 -0.029901 -0.069746 25.937420
-0.071317 0.040184 0.996645 266.058136 -0.026421 0.998761 -0.042160 -13.265003 -0.997105 -0.029340 -0.070166 25.892565
-0.071448 0.033589 0.996879 266.842529 -0.027087 0.998999 -0.035602 -13.338894 -0.997077 -0.029547 -0.070467 25.839037
-0.071789 0.037666 0.996709 267.578369 -0.026560 0.998860 -0.039660 -13.379849 -0.997066 -0.029320 -0.070706 25.792219
-0.072629 0.044504 0.996366 268.300598 -0.026437 0.998567 -0.046529 -13.413055 -0.997009 -0.029721 -0.071347 25.746033
-0.073363 0.048986 0.996102 268.999237 -0.026818 0.998335 -0.051071 -13.462290 -0.996945 -0.030460 -0.071927 25.691685
-0.074629 0.050469 0.995934 269.698975 -0.026545 0.998264 -0.052576 -13.505794 -0.996859 -0.030361 -0.073159 25.639227
-0.077929 0.049155 0.995747 270.397919 -0.025257 0.998366 -0.051262 -13.557055 -0.996640 -0.029144 -0.076559 25.584665
-0.082797 0.048603 0.995381 271.083282 -0.023818 0.998427 -0.050732 -13.601604 -0.996283 -0.027908 -0.081508 25.528475
-0.090102 0.048484 0.994752 271.765778 -0.024201 0.998413 -0.050853 -13.648821 -0.995640 -0.028656 -0.088784 25.476397
-0.097839 0.049871 0.993953 272.420959 -0.023044 0.998362 -0.052360 -13.698078 -0.994936 -0.028027 -0.096529 25.407293
-0.107668 0.049889 0.992935 273.063965 -0.022672 0.998357 -0.052619 -13.742420 -0.993929 -0.028177 -0.106359 25.337673
-0.119200 0.050352 0.991593 273.706360 -0.021255 0.998355 -0.053250 -13.788333 -0.992643 -0.027424 -0.117933 25.261951
-0.130402 0.047458 0.990325 274.333160 -0.017622 0.998585 -0.050174 -13.829185 -0.991305 -0.023994 -0.129381 25.161549
-0.142215 0.044653 0.988829 274.945831 -0.012717 0.998817 -0.046934 -13.868191 -0.989755 -0.019249 -0.141478 25.056423
-0.154387 0.041476 0.987140 275.549377 -0.007298 0.999043 -0.043116 -13.902093 -0.987984 -0.013861 -0.153936 24.957657
-0.166313 0.036370 0.985403 276.134155 -0.003484 0.999291 -0.037471 -13.941692 -0.986067 -0.009665 -0.166067 24.852427
-0.177008 0.034599 0.983601 276.688995 0.001260 0.999389 -0.034927 -13.975960 -0.984209 -0.004943 -0.176943 24.737509
-0.187481 0.036360 0.981596 277.229218 0.006617 0.999338 -0.035754 -14.007563 -0.982247 -0.000208 -0.187596 24.622131
-0.196669 0.039089 0.979690 277.758392 0.011393 0.999228 -0.037581 -14.040092 -0.980404 0.003771 -0.196962 24.494102
-0.206529 0.042771 0.977506 278.256317 0.015204 0.999063 -0.040502 -14.068884 -0.978323 0.006498 -0.206985 24.377600
-0.216201 0.045772 0.975276 278.735779 0.018493 0.998913 -0.042781 -14.091260 -0.976174 0.008787 -0.216812 24.260883
-0.224361 0.046288 0.973406 279.198456 0.022570 0.998849 -0.042295 -14.116683 -0.974245 0.012481 -0.225147 24.146574
-0.229780 0.045679 0.972170 279.636353 0.025552 0.998836 -0.040892 -14.140778 -0.972908 0.015444 -0.230679 24.026150
-0.234789 0.045521 0.970980 280.059021 0.028636 0.998793 -0.039900 -14.167401 -0.971625 0.018437 -0.235809 23.918724
-0.237988 0.047679 0.970097 280.465851 0.030716 0.998664 -0.041547 -14.182858 -0.970783 0.019911 -0.239134 23.822231
-0.238087 0.048112 0.970052 280.837860 0.032705 0.998603 -0.041501 -14.206404 -0.970694 0.021846 -0.239328 23.725880
-0.235305 0.047942 0.970739 281.192139 0.034576 0.998563 -0.040935 -14.224338 -0.971307 0.023932 -0.236624 23.640699
-0.230478 0.048787 0.971854 281.526733 0.034965 0.998513 -0.041833 -14.239347 -0.972450 0.024340 -0.231840 23.567812
-0.222726 0.049843 0.973607 281.845459 0.033801 0.998486 -0.043384 -14.258017 -0.974296 0.023246 -0.224074 23.501711
-0.211585 0.051634 0.975995 282.141968 0.031914 0.998436 -0.045902 -14.273826 -0.976839 0.021436 -0.212901 23.448029
-0.197994 0.054249 0.978701 282.433105 0.028829 0.998357 -0.049507 -14.292591 -0.979780 0.018413 -0.199232 23.406132
-0.181165 0.058015 0.981741 282.695068 0.027801 0.998161 -0.053855 -14.304709 -0.983060 0.017538 -0.182444 23.364016
-0.161784 0.059619 0.985024 282.962311 0.027370 0.998060 -0.055913 -14.318751 -0.986447 0.017915 -0.163100 23.340935
-0.138745 0.058359 0.988607 283.226135 0.027578 0.998103 -0.055048 -14.335740 -0.989945 0.019626 -0.140091 23.312700
-0.113073 0.057966 0.991895 283.491943 0.026205 0.998123 -0.055342 -14.342921 -0.993242 0.019735 -0.114378 23.301973
-0.083066 0.057668 0.994875 283.754730 0.022495 0.998177 -0.055981 -14.355584 -0.996290 0.017730 -0.084211 23.309536
-0.050329 0.056636 0.997126 284.002380 0.019037 0.998264 -0.055739 -14.368899 -0.998552 0.016176 -0.051318 23.329529
-0.015397 0.051929 0.998532 284.272888 0.015505 0.998542 -0.051689 -14.389206 -0.999762 0.014686 -0.016179 23.349073
0.021041 0.047662 0.998643 284.525604 0.013051 0.998764 -0.047942 -14.404111 -0.999693 0.014041 0.020393 23.385244
0.060286 0.045022 0.997166 284.775513 0.006274 0.998945 -0.045481 -14.416174 -0.998162 0.008999 0.059939 23.435459
0.102543 0.044256 0.993744 285.024200 -0.000254 0.999010 -0.044463 -14.430037 -0.994729 0.004307 0.102454 23.499794
0.147957 0.045003 0.987970 285.273071 -0.010736 0.998978 -0.043896 -14.443701 -0.988936 -0.004112 0.148290 23.583675
0.195993 0.046207 0.979517 285.524750 -0.015882 0.998908 -0.043943 -14.455347 -0.980477 -0.006945 0.196514 23.674732
0.246237 0.048429 0.967999 285.779358 -0.020655 0.998785 -0.044715 -14.467706 -0.968990 -0.008983 0.246940 23.779930
0.298592 0.050430 0.953048 286.042358 -0.024443 0.998679 -0.045186 -14.481795 -0.954068 -0.009803 0.299430 23.894535
0.353883 0.050870 0.933906 286.308655 -0.021415 0.998698 -0.046284 -14.500615 -0.935044 -0.003620 0.354513 24.022749
0.411931 0.050077 0.909839 286.593475 -0.012850 0.998708 -0.049149 -14.520026 -0.911125 0.008555 0.412042 24.150410
0.467052 0.048128 0.882920 286.854340 -0.008741 0.998719 -0.049816 -14.533516 -0.884187 0.015549 0.466875 24.324247
0.521256 0.048037 0.852048 287.102661 -0.014980 0.998775 -0.047145 -14.547739 -0.853269 0.011811 0.521338 24.533400
0.574456 0.052587 0.816845 287.337494 -0.023317 0.998580 -0.047889 -14.559591 -0.818204 0.008463 0.574867 24.768913
0.625540 0.058762 0.777976 287.561523 -0.034245 0.998266 -0.047866 -14.580537 -0.779440 0.003300 0.626468 25.025263
0.675193 0.060659 0.735143 287.796570 -0.041711 0.998158 -0.044052 -14.601542 -0.736461 -0.000919 0.676480 25.316977
0.723752 0.058151 0.687606 288.014252 -0.040462 0.998304 -0.041838 -14.613396 -0.688873 0.002459 0.724879 25.612364
0.767982 0.056627 0.637963 288.232635 -0.042088 0.998392 -0.037953 -14.625470 -0.639087 0.002297 0.769132 25.936979
0.806082 0.057205 0.589034 288.429596 -0.048406 0.998355 -0.030715 -14.633534 -0.589822 -0.003754 0.807526 26.288174
0.839087 0.060189 0.540657 288.613495 -0.056480 0.998128 -0.023461 -14.644471 -0.541056 -0.010851 0.840917 26.663132
0.867471 0.066045 0.493085 288.775116 -0.064242 0.997720 -0.020616 -14.649336 -0.493322 -0.013794 0.869738 27.062912
0.891948 0.069084 0.446830 288.944519 -0.067781 0.997520 -0.018924 -14.649340 -0.447029 -0.013407 0.894420 27.470692
0.911791 0.074850 0.403778 289.102448 -0.074306 0.997089 -0.017040 -14.656660 -0.403877 -0.014466 0.914700 27.900572
0.927411 0.083459 0.364613 289.251434 -0.082723 0.996416 -0.017664 -14.659363 -0.364780 -0.013780 0.930992 28.356878
0.939515 0.090921 0.330222 289.401276 -0.089853 0.995782 -0.018528 -14.660401 -0.330514 -0.012263 0.943722 28.836891
0.949125 0.090390 0.301649 289.541351 -0.089680 0.995837 -0.016233 -14.665522 -0.301860 -0.011645 0.953282 29.336830
0.957321 0.085170 0.276195 289.684479 -0.084466 0.996320 -0.014467 -14.671539 -0.276410 -0.009480 0.960993 29.870934
0.963722 0.084475 0.253189 289.813873 -0.083764 0.996392 -0.013609 -14.677629 -0.253425 -0.008092 0.967322 30.433371
0.969380 0.085814 0.230085 289.926575 -0.085232 0.996282 -0.012485 -14.684447 -0.230300 -0.007507 0.973091 31.014990
0.975045 0.085639 0.204824 290.033783 -0.085670 0.996284 -0.008731 -14.686546 -0.204811 -0.009034 0.978760 31.615870
0.980197 0.084081 0.179292 290.123749 -0.084668 0.996399 -0.004387 -14.687607 -0.179015 -0.010880 0.983787 32.235271
0.984236 0.082441 0.156470 290.197601 -0.082599 0.996567 -0.005499 -14.686008 -0.156387 -0.007513 0.987667 32.856220
0.987073 0.085676 0.135454 290.272644 -0.084978 0.996323 -0.010939 -14.695912 -0.135892 -0.000712 0.990723 33.512016
0.989113 0.089885 0.116514 290.341553 -0.088477 0.995929 -0.017205 -14.690612 -0.117585 0.006708 0.993040 34.185867
0.990374 0.094469 0.101172 290.397736 -0.092672 0.995446 -0.022322 -14.687148 -0.102820 0.012732 0.994619 34.877678
0.991654 0.095104 0.087061 290.451996 -0.094101 0.995441 -0.015564 -14.681021 -0.088144 0.007242 0.996082 35.611935
0.993215 0.089475 0.074287 290.512146 -0.089484 0.995983 -0.003200 -14.692256 -0.074273 -0.003469 0.997232 36.363327
0.994358 0.084645 0.063943 290.567719 -0.085079 0.996365 0.004100 -14.694508 -0.063363 -0.009517 0.997945 37.158569
0.994762 0.085842 0.055510 290.601471 -0.086135 0.996278 0.002922 -14.698619 -0.055051 -0.007687 0.998454 37.937344
0.995094 0.087022 0.047072 290.628601 -0.087201 0.996188 0.001753 -14.703630 -0.046738 -0.005848 0.998891 38.716373
0.994962 0.090393 0.043350 290.647949 -0.090380 0.995904 -0.002267 -14.693536 -0.043376 -0.001662 0.999058 39.543736
0.994738 0.093620 0.041619 290.664154 -0.093673 0.995602 -0.000687 -14.699526 -0.041500 -0.003215 0.999134 40.387104
0.994465 0.096781 0.040910 290.694061 -0.096935 0.995288 0.001812 -14.722278 -0.040542 -0.005767 0.999162 41.208382
0.994734 0.093706 0.041535 290.727203 -0.093781 0.995592 -0.000134 -14.726889 -0.041364 -0.003761 0.999138 42.075577
0.995101 0.089773 0.041426 290.796265 -0.089794 0.995958 -0.001359 -14.744390 -0.041380 -0.002367 0.999141 42.928619
0.994953 0.090747 0.042837 290.840851 -0.090691 0.995873 -0.003246 -14.744399 -0.042953 -0.000656 0.999078 43.820900
0.994802 0.091007 0.045695 290.881439 -0.091191 0.995831 0.001956 -14.772157 -0.045327 -0.006113 0.998954 44.699131
0.995105 0.085393 0.049750 290.922363 -0.085919 0.996265 0.008526 -14.770393 -0.048835 -0.012758 0.998726 45.639000
0.995140 0.083877 0.051579 290.992767 -0.084593 0.996345 0.011866 -14.766067 -0.050394 -0.016172 0.998599 46.591351
0.995117 0.082330 0.054436 291.036316 -0.083026 0.996489 0.010667 -14.765121 -0.053366 -0.015134 0.998461 47.541737
0.995340 0.078358 0.056214 291.091736 -0.078844 0.996865 0.006476 -14.747585 -0.055531 -0.010878 0.998398 48.489201
0.995359 0.076435 0.058475 291.148407 -0.076557 0.997065 -0.000159 -14.753028 -0.058315 -0.004319 0.998289 49.437103
0.995230 0.076177 0.060943 291.201141 -0.075895 0.997091 -0.006939 -14.762414 -0.061294 0.002280 0.998118 50.385601
0.995206 0.075896 0.061685 291.280914 -0.075683 0.997114 -0.005778 -14.784519 -0.061945 0.001082 0.998080 51.319187
0.995334 0.072896 0.063224 291.346252 -0.073174 0.997316 0.002090 -14.798705 -0.062901 -0.006706 0.997997 52.301746
0.995697 0.067663 0.063324 291.439240 -0.068453 0.997600 0.010398 -14.813396 -0.062468 -0.014688 0.997939 53.316132
0.995836 0.066625 0.062223 291.523590 -0.067557 0.997630 0.012989 -14.801116 -0.061209 -0.017138 0.997978 54.299850
0.995746 0.068453 0.061676 291.584930 -0.069246 0.997540 0.010811 -14.804623 -0.060784 -0.015035 0.998038 55.279541
0.995653 0.070279 0.061125 291.645691 -0.070936 0.997443 0.008634 -14.810270 -0.060360 -0.012932 0.998093 56.259254
0.995565 0.072108 0.060422 291.698364 -0.072417 0.997370 0.002924 -14.816703 -0.060052 -0.007287 0.998169 57.265648
0.995290 0.075550 0.060746 291.744415 -0.075947 0.997103 0.004252 -14.811428 -0.060249 -0.008845 0.998144 58.279675
0.995371 0.075484 0.059489 291.813629 -0.076302 0.997016 0.011606 -14.821019 -0.058434 -0.016090 0.998162 59.281612
0.995294 0.075827 0.060342 291.854858 -0.076832 0.996937 0.014524 -14.803025 -0.059055 -0.019091 0.998073 60.281677
0.994901 0.081372 0.059600 291.906769 -0.082409 0.996483 0.015137 -14.802293 -0.058157 -0.019972 0.998108 61.299706
0.994779 0.082925 0.059487 291.953430 -0.084016 0.996335 0.016070 -14.794259 -0.057936 -0.020984 0.998100 62.313023
0.994416 0.087418 0.059136 291.997467 -0.088867 0.995793 0.022322 -14.777597 -0.056935 -0.027452 0.998001 63.327778
0.994325 0.088112 0.059627 292.041290 -0.089923 0.995543 0.028395 -14.770862 -0.056858 -0.033595 0.997817 64.351868
0.994187 0.090832 0.057802 292.091278 -0.092514 0.995341 0.027118 -14.765935 -0.055068 -0.032308 0.997960 65.361671
0.994284 0.090634 0.056432 292.136902 -0.092040 0.995493 0.022827 -14.745635 -0.054108 -0.027890 0.998146 66.379257
0.994536 0.088890 0.054744 292.192963 -0.090267 0.995646 0.023228 -14.737707 -0.052440 -0.028043 0.998231 67.396973
0.994585 0.088685 0.054197 292.245392 -0.089832 0.995773 0.019111 -14.728199 -0.052273 -0.023875 0.998348 68.412865
0.994375 0.091496 0.053362 292.297302 -0.092217 0.995676 0.011198 -14.732566 -0.052106 -0.016056 0.998512 69.425659
0.994855 0.085783 0.053896 292.356140 -0.086450 0.996204 0.010163 -14.727465 -0.052818 -0.014769 0.998495 70.437111
0.994937 0.084065 0.055099 292.412750 -0.085023 0.996261 0.015289 -14.727503 -0.053606 -0.019895 0.998364 71.463013
0.994272 0.089742 0.058050 292.440765 -0.091026 0.995650 0.019854 -14.713710 -0.056014 -0.025025 0.998117 72.506134
0.994219 0.088698 0.060518 292.478455 -0.089919 0.995790 0.017768 -14.697413 -0.058687 -0.023107 0.998010 73.555099
0.993315 0.096758 0.062973 292.512329 -0.097754 0.995126 0.012939 -14.685075 -0.061413 -0.019008 0.997932 74.600098
0.992932 0.098306 0.066508 292.572052 -0.099361 0.994969 0.012757 -14.677562 -0.064918 -0.019275 0.997705 75.620041
0.992288 0.103576 0.068097 292.649536 -0.104963 0.994329 0.017114 -14.662934 -0.065938 -0.024129 0.997532 76.648521
0.992067 0.103315 0.071624 292.715820 -0.105288 0.994144 0.024336 -14.651626 -0.068690 -0.031684 0.997135 77.677849
0.992086 0.101490 0.073930 292.768921 -0.103726 0.994238 0.027048 -14.639092 -0.070759 -0.034502 0.996897 78.713501
0.992710 0.095204 0.073913 292.841675 -0.097105 0.995018 0.022557 -14.621691 -0.071396 -0.029570 0.997010 79.720879
0.993664 0.086064 0.072290 292.918854 -0.087398 0.996052 0.015478 -14.622633 -0.070672 -0.021697 0.997264 80.733658
0.993748 0.086956 0.070024 292.983673 -0.088190 0.995994 0.014726 -14.615258 -0.068463 -0.020809 0.997437 81.749397
0.994015 0.085600 0.067873 293.042572 -0.087292 0.995931 0.022371 -14.604299 -0.065682 -0.028161 0.997443 82.776619
0.994275 0.084260 0.065713 293.099213 -0.086373 0.995810 0.030012 -14.585490 -0.062907 -0.035516 0.997387 83.803848
0.994077 0.087619 0.064291 293.138489 -0.089576 0.995580 0.028224 -14.567805 -0.061533 -0.033816 0.997533 84.829193
0.993868 0.090978 0.062862 293.176300 -0.092785 0.995335 0.026439 -14.551847 -0.060163 -0.032109 0.997672 85.855637
0.993777 0.094252 0.059376 293.227051 -0.095448 0.995277 0.017637 -14.533541 -0.057432 -0.023194 0.998081 86.863632
0.994074 0.092464 0.057183 293.284760 -0.093699 0.995413 0.019317 -14.525853 -0.055134 -0.024560 0.998177 87.863625
0.994079 0.092656 0.056776 293.326477 -0.094285 0.995185 0.026733 -14.511807 -0.054025 -0.031928 0.998030 88.886002
0.993956 0.094284 0.056242 293.370300 -0.096119 0.994891 0.030860 -14.498594 -0.053045 -0.036079 0.997941 89.896255
0.993540 0.099073 0.055344 293.408203 -0.100812 0.994466 0.029553 -14.476410 -0.052110 -0.034942 0.998031 90.908134
0.993314 0.101071 0.055801 293.449280 -0.102654 0.994370 0.026270 -14.465637 -0.052831 -0.031822 0.998097 91.929565
0.992996 0.102995 0.057887 293.488434 -0.104495 0.994246 0.023513 -14.446114 -0.055132 -0.029398 0.998047 92.939468
0.992917 0.102885 0.059431 293.535736 -0.104371 0.994284 0.022474 -14.432491 -0.056779 -0.028517 0.997980 93.962608
0.992834 0.102776 0.060976 293.584686 -0.104246 0.994320 0.021433 -14.419925 -0.058427 -0.027636 0.997910 94.986679
0.992786 0.101924 0.063155 293.640167 -0.103653 0.994306 0.024723 -14.410180 -0.060274 -0.031091 0.997698 95.996986
0.992878 0.099148 0.066045 293.692963 -0.100985 0.994572 0.025075 -14.406402 -0.063200 -0.031565 0.997502 97.005173
0.993236 0.096277 0.064918 293.766754 -0.097560 0.995086 0.016891 -14.399639 -0.062972 -0.023110 0.997748 98.011185
0.993394 0.094049 0.065766 293.827240 -0.095009 0.995408 0.011608 -14.392425 -0.064371 -0.017780 0.997768 99.011040
0.993267 0.093614 0.068247 293.878296 -0.095068 0.995300 0.018383 -14.374518 -0.066206 -0.024747 0.997500 100.046783
0.993400 0.089924 0.071216 293.941437 -0.092341 0.995232 0.031404 -14.363898 -0.068052 -0.037773 0.996967 101.063911
0.993450 0.087879 0.073053 294.011078 -0.090653 0.995246 0.035576 -14.350775 -0.069578 -0.041965 0.996694 102.073380
0.993200 0.090185 0.073631 294.075684 -0.092222 0.995430 0.024763 -14.333286 -0.071061 -0.031384 0.996978 103.078644
0.992963 0.092104 0.074458 294.131500 -0.093055 0.995616 0.009406 -14.315692 -0.073265 -0.016267 0.997181 104.078056
0.992727 0.091862 0.077812 294.183502 -0.092295 0.995729 0.001978 -14.301265 -0.077297 -0.009145 0.996967 105.083626
0.992436 0.090945 0.082471 294.236877 -0.091927 0.995732 0.008173 -14.295581 -0.081375 -0.015693 0.996561 106.122627
0.992289 0.087736 0.087555 294.308868 -0.089722 0.995785 0.019001 -14.282538 -0.085518 -0.026710 0.995978 107.153877
0.992162 0.084648 0.091924 294.391632 -0.087458 0.995802 0.026976 -14.276427 -0.089253 -0.034803 0.995401 108.161606
0.992128 0.081521 0.095064 294.486938 -0.084565 0.996011 0.028441 -14.266988 -0.092365 -0.036256 0.995066 109.160065
0.991861 0.081028 0.098218 294.582764 -0.083656 0.996230 0.022931 -14.253849 -0.095989 -0.030961 0.994901 110.159805
0.991378 0.081386 0.102696 294.670715 -0.083435 0.996387 0.015812 -14.248702 -0.101039 -0.024244 0.994588 111.168411
0.990577 0.084693 0.107632 294.765656 -0.086642 0.996147 0.013549 -14.239222 -0.106068 -0.022747 0.994099 112.170029
0.990094 0.081236 0.114523 294.869019 -0.083439 0.996406 0.014562 -14.241707 -0.112928 -0.023973 0.993314 113.171562
0.989411 0.080153 0.121008 294.990082 -0.082880 0.996402 0.017676 -14.235455 -0.119155 -0.027518 0.992495 114.177353
0.988502 0.081234 0.127543 295.107025 -0.084101 0.996307 0.017259 -14.223171 -0.125668 -0.027786 0.991683 115.181778
0.988236 0.073405 0.134170 295.233002 -0.076808 0.996838 0.020363 -14.208014 -0.132251 -0.030429 0.990749 116.187866
0.987751 0.070207 0.139355 295.368744 -0.074058 0.996996 0.022642 -14.206156 -0.137346 -0.032685 0.989984 117.174515
0.987146 0.063717 0.146573 295.500275 -0.067538 0.997490 0.021242 -14.194964 -0.144851 -0.030869 0.988972 118.167091
0.986612 0.060785 0.151336 295.647339 -0.064418 0.997738 0.019218 -14.186181 -0.149825 -0.028710 0.988296 119.149307
0.985706 0.067601 0.154315 295.791626 -0.071434 0.997255 0.019422 -14.180681 -0.152578 -0.030167 0.987831 120.129906
0.984711 0.072046 0.158605 295.928131 -0.075637 0.996994 0.016716 -14.178212 -0.156924 -0.028457 0.987201 121.110367
0.984296 0.072916 0.160766 296.082611 -0.076005 0.997020 0.013148 -14.173526 -0.159327 -0.025161 0.986905 122.079079
0.983837 0.075058 0.162579 296.232880 -0.078130 0.996863 0.012575 -14.169602 -0.161125 -0.025074 0.986616 123.050423
0.983776 0.074070 0.163396 296.383636 -0.077519 0.996880 0.014820 -14.166490 -0.161788 -0.027245 0.986450 124.014381
0.983986 0.069747 0.164035 296.524811 -0.073405 0.997168 0.016337 -14.162454 -0.162431 -0.028117 0.986320 124.974297
0.984608 0.063686 0.162759 296.675140 -0.066998 0.997641 0.014943 -14.152924 -0.161423 -0.025618 0.986554 125.925339
0.985280 0.058149 0.160758 296.825317 -0.061604 0.997962 0.016592 -14.150561 -0.159465 -0.026250 0.986855 126.879250
0.986054 0.055063 0.157055 296.985596 -0.058708 0.998100 0.018664 -14.139557 -0.155729 -0.027624 0.987414 127.835632
0.986612 0.056030 0.153158 297.126953 -0.059951 0.997978 0.021103 -14.141229 -0.151665 -0.030002 0.987977 128.789185
0.987486 0.055658 0.147565 297.264435 -0.059001 0.998088 0.018371 -14.140540 -0.146259 -0.026847 0.988883 129.742386
0.988017 0.054821 0.144285 297.388245 -0.057208 0.998284 0.012451 -14.143964 -0.143355 -0.020555 0.989459 130.688126
0.988518 0.052452 0.141709 297.521729 -0.054075 0.998507 0.007619 -14.142406 -0.141098 -0.015194 0.989879 131.616714
0.989089 0.048156 0.139231 297.661346 -0.050020 0.998698 0.009917 -14.129313 -0.138572 -0.016773 0.990211 132.549133
0.989526 0.041541 0.138257 297.787231 -0.044309 0.998872 0.017008 -14.125134 -0.137394 -0.022956 0.990251 133.482300
0.989990 0.031214 0.137646 297.927795 -0.035056 0.999058 0.025574 -14.118415 -0.136717 -0.030144 0.990152 134.406952
0.990253 0.020541 0.137760 298.057526 -0.024931 0.999232 0.030218 -14.106599 -0.137032 -0.033357 0.990005 135.312485
0.990347 0.016274 0.137654 298.189545 -0.020531 0.999352 0.029568 -14.095663 -0.137084 -0.032108 0.990040 136.199249
0.990250 0.017269 0.138230 298.321777 -0.020632 0.999524 0.022936 -14.085256 -0.137767 -0.025564 0.990135 137.087738
0.989952 0.019825 0.140008 298.434631 -0.022243 0.999628 0.015732 -14.079975 -0.139644 -0.018688 0.990026 137.954575
0.989532 0.020464 0.142859 298.544800 -0.022656 0.999648 0.013733 -14.066169 -0.142527 -0.016826 0.989648 138.835541
0.988947 0.020611 0.146832 298.661713 -0.023635 0.999542 0.018881 -14.058807 -0.146375 -0.022143 0.988982 139.692001
0.988265 0.020251 0.151405 298.788757 -0.024103 0.999429 0.023653 -14.055984 -0.150839 -0.027025 0.988190 140.540726
0.987387 0.019366 0.157140 298.916809 -0.023452 0.999431 0.024193 -14.049426 -0.156582 -0.027573 0.987281 141.376312
0.986319 0.018489 0.163814 299.048187 -0.022601 0.999473 0.023276 -14.047023 -0.163296 -0.026659 0.986217 142.182266
0.985033 0.017553 0.171469 299.184296 -0.021451 0.999551 0.020906 -14.040958 -0.171023 -0.024271 0.984968 142.991135
0.983689 0.016637 0.179107 299.326508 -0.020284 0.999621 0.018548 -14.036845 -0.178730 -0.021878 0.983655 143.798187
0.981742 0.017649 0.189399 299.450562 -0.021396 0.999613 0.017760 -14.043283 -0.189011 -0.021487 0.981741 144.599609
0.979885 0.021174 0.198439 299.611511 -0.025328 0.999509 0.018423 -14.033985 -0.197951 -0.023078 0.979941 145.350922
0.977814 0.023305 0.208177 299.765747 -0.028443 0.999359 0.021722 -14.034204 -0.207537 -0.027161 0.977851 146.080093
0.975883 0.025427 0.216811 299.926056 -0.030395 0.999345 0.019610 -14.036693 -0.216171 -0.025726 0.976017 146.777832
0.973818 0.029024 0.225470 300.089142 -0.032600 0.999394 0.012151 -14.042052 -0.224980 -0.019183 0.974175 147.449814
0.971523 0.035029 0.234342 300.235291 -0.036946 0.999309 0.003798 -14.038030 -0.234047 -0.012348 0.972147 148.100388
0.969487 0.038976 0.242026 300.392609 -0.040466 0.999180 0.001186 -14.034616 -0.241780 -0.010944 0.970270 148.735062
0.967783 0.040694 0.248480 300.544525 -0.043554 0.999032 0.006021 -14.036083 -0.247994 -0.016649 0.968619 149.335892
0.966270 0.037948 0.254722 300.694397 -0.043742 0.998896 0.017120 -14.046016 -0.253790 -0.027685 0.966864 149.920486
0.965359 0.032978 0.258838 300.849365 -0.040335 0.998918 0.023163 -14.048589 -0.257793 -0.032800 0.965644 150.495071
0.964998 0.025459 0.261020 301.007263 -0.032599 0.999202 0.023058 -14.054589 -0.260224 -0.030759 0.965058 151.042099
0.964575 0.017951 0.263200 301.166412 -0.024867 0.999426 0.022971 -14.060561 -0.262636 -0.028702 0.964469 151.588211
0.964698 0.021156 0.262509 301.297607 -0.026905 0.999469 0.018325 -14.052534 -0.261982 -0.024741 0.964756 152.138458
0.965672 0.026588 0.258404 301.434418 -0.030303 0.999487 0.010406 -14.048594 -0.257994 -0.017878 0.965981 152.677963
0.967358 0.021296 0.252521 301.569275 -0.024000 0.999682 0.007635 -14.047616 -0.252278 -0.013447 0.967562 153.204773
0.969778 0.011203 0.243736 301.704041 -0.013934 0.999858 0.009481 -14.043946 -0.243595 -0.012591 0.969796 153.741623
0.972961 0.006096 0.230890 301.831909 -0.009732 0.999845 0.014619 -14.039522 -0.230764 -0.016470 0.972871 154.281525
0.976564 0.007936 0.215084 301.930756 -0.012380 0.999736 0.019328 -14.024958 -0.214873 -0.021538 0.976405 154.826004
0.980770 0.012204 0.194789 302.007355 -0.017185 0.999566 0.023902 -14.021183 -0.194413 -0.026790 0.980555 155.366989
0.985579 0.010703 0.168884 302.073944 -0.015163 0.999569 0.025137 -14.013506 -0.168542 -0.027335 0.985316 155.904541
0.990422 0.008252 0.137829 302.139008 -0.011481 0.999677 0.022650 -14.011531 -0.137597 -0.024015 0.990198 156.435547
0.994590 0.007991 0.103572 302.175385 -0.009999 0.999771 0.018874 -14.012319 -0.103398 -0.019806 0.994443 156.969803
0.997858 0.009868 0.064683 302.185913 -0.010827 0.999836 0.014482 -14.002596 -0.064529 -0.015151 0.997801 157.504929
0.999714 0.011029 0.021263 302.166382 -0.011281 0.999866 0.011771 -13.986909 -0.021130 -0.012008 0.999705 158.046127
0.999638 0.009278 -0.025247 302.127960 -0.008969 0.999884 0.012293 -13.979005 0.025359 -0.012063 0.999606 158.582840
0.997220 0.009607 -0.073909 302.057007 -0.008400 0.999826 0.016615 -13.978470 0.074057 -0.015948 0.997127 159.119476
0.992073 0.010992 -0.125185 301.957733 -0.008350 0.999732 0.021601 -13.970571 0.125389 -0.020384 0.991899 159.655533
0.983753 0.012239 -0.179110 301.830963 -0.007851 0.999652 0.025190 -13.969562 0.179356 -0.023375 0.983507 160.183151
0.971983 0.014331 -0.234619 301.671783 -0.008126 0.999591 0.027392 -13.958960 0.234916 -0.024718 0.971701 160.714005
0.956651 0.018062 -0.290678 301.476196 -0.009710 0.999497 0.030148 -13.942972 0.291078 -0.026018 0.956346 161.232040
0.937435 0.021320 -0.347506 301.249054 -0.010352 0.999389 0.033388 -13.921849 0.348007 -0.027701 0.937083 161.747391
0.914591 0.022385 -0.403761 300.994263 -0.008106 0.999281 0.037038 -13.903689 0.404301 -0.030602 0.914114 162.251755
0.888148 0.024215 -0.458919 300.709167 -0.005699 0.999114 0.041689 -13.887656 0.459523 -0.034411 0.887499 162.748108
0.857916 0.029168 -0.512964 300.383667 -0.005498 0.998851 0.047599 -13.862027 0.513763 -0.038015 0.857090 163.244019
0.823910 0.035906 -0.565584 300.028381 -0.007618 0.998603 0.052297 -13.840172 0.566671 -0.038779 0.823031 163.705658
0.786411 0.041957 -0.616279 299.640106 -0.010156 0.998434 0.055014 -13.810347 0.617621 -0.037004 0.785605 164.152237
0.746650 0.047192 -0.663542 299.212219 -0.010684 0.998203 0.058971 -13.778735 0.665132 -0.036942 0.745812 164.581711
0.706612 0.049335 -0.705880 298.764252 -0.005203 0.997901 0.064535 -13.744994 0.707584 -0.041928 0.705386 164.987717
0.665202 0.053538 -0.744742 298.280334 -0.005352 0.997742 0.066945 -13.713664 0.746644 -0.040547 0.663987 165.372787
0.622667 0.053582 -0.780650 297.770966 -0.003438 0.997830 0.065746 -13.679523 0.782481 -0.038254 0.621500 165.752213
0.582644 0.051833 -0.811073 297.231842 -0.003160 0.998101 0.061515 -13.650225 0.812721 -0.033278 0.581701 166.097076
0.544055 0.046572 -0.837757 296.679016 -0.003260 0.998568 0.053394 -13.614266 0.839044 -0.026317 0.543428 166.429718
0.510175 0.043925 -0.858948 296.089386 -0.007269 0.998879 0.046763 -13.580926 0.860041 -0.017614 0.509922 166.753403
0.483344 0.048173 -0.874105 295.476440 -0.012887 0.998767 0.047918 -13.546633 0.875337 -0.011896 0.483369 167.065369
0.464106 0.056242 -0.883993 294.841309 -0.018231 0.998376 0.053948 -13.514673 0.885593 -0.008922 0.464377 167.369125
0.450404 0.063391 -0.890572 294.195007 -0.020184 0.997944 0.060826 -13.482881 0.892598 -0.009421 0.450756 167.681381
0.441026 0.068912 -0.894845 293.541992 -0.022970 0.997587 0.065503 -13.445048 0.897201 -0.008333 0.441544 167.994186
0.435600 0.072119 -0.897248 292.885406 -0.026116 0.997378 0.067488 -13.404154 0.899763 -0.005966 0.436340 168.313354
0.435064 0.071576 -0.897551 292.189148 -0.029643 0.997433 0.065173 -13.351427 0.899912 -0.001749 0.436069 168.628860
0.436011 0.072291 -0.897034 291.482635 -0.032635 0.997382 0.064515 -13.311255 0.899350 0.001147 0.437229 168.951157
0.437129 0.071968 -0.896515 290.773621 -0.033163 0.997405 0.063898 -13.263897 0.898788 0.001800 0.438381 169.288330
0.439644 0.071816 -0.895297 290.065674 -0.034758 0.997412 0.062940 -13.218893 0.897500 0.003447 0.441002 169.623062
0.441807 0.072487 -0.894177 289.344879 -0.038772 0.997342 0.061692 -13.178584 0.896272 0.007413 0.443443 169.970398
0.443921 0.072593 -0.893121 288.624237 -0.043134 0.997288 0.059620 -13.136365 0.895028 0.012057 0.445848 170.327255
0.446259 0.070844 -0.892096 287.880951 -0.048880 0.997303 0.054746 -13.084440 0.893569 0.019175 0.448518 170.700699
0.448600 0.069115 -0.891057 287.139954 -0.054601 0.997261 0.049864 -13.036687 0.892064 0.026284 0.451145 171.075638
0.450745 0.069040 -0.889979 286.386444 -0.054341 0.997277 0.049841 -12.993021 0.890998 0.025898 0.453269 171.481644
0.453993 0.071227 -0.888155 285.608978 -0.055375 0.997128 0.051660 -12.950369 0.889284 0.025729 0.456632 171.888931
0.457477 0.073467 -0.886182 284.825531 -0.056182 0.996977 0.053650 -12.912422 0.887445 0.025244 0.460222 172.285706
0.458769 0.072949 -0.885557 284.036469 -0.055697 0.997025 0.053277 -12.866818 0.886809 0.024881 0.461466 172.714767
0.460319 0.070458 -0.884953 283.233734 -0.052439 0.997262 0.052122 -12.826441 0.886204 0.022414 0.462754 173.137817
0.461194 0.068289 -0.884669 282.409424 -0.050635 0.997434 0.050596 -12.787737 0.885854 0.021461 0.463467 173.568069
0.461771 0.067491 -0.884429 281.578888 -0.049846 0.997500 0.050094 -12.749914 0.885598 0.020953 0.463980 174.004532
0.461941 0.071233 -0.884045 280.737915 -0.050309 0.997268 0.054069 -12.713260 0.885483 0.019500 0.464264 174.450623
0.462976 0.076883 -0.883031 279.878387 -0.050623 0.996898 0.060255 -12.672706 0.884925 0.016805 0.465432 174.901718
0.465697 0.079795 -0.881340 279.006073 -0.050814 0.996694 0.063388 -12.615574 0.883485 0.015265 0.468212 175.346756
0.468328 0.075010 -0.880365 278.155029 -0.049395 0.997054 0.058676 -12.559539 0.882174 0.016006 0.470653 175.800903
0.471724 0.067800 -0.879136 277.298187 -0.049212 0.997509 0.050523 -12.505047 0.880373 0.019432 0.473885 176.248154
0.476004 0.063931 -0.877117 276.412994 -0.051673 0.997664 0.044675 -12.454788 0.877925 0.024058 0.478195 176.699142
0.479547 0.065105 -0.875098 275.556396 -0.052538 0.997585 0.045426 -12.417851 0.875943 0.024192 0.481809 177.178955
0.485882 0.069329 -0.871270 274.689117 -0.052063 0.997375 0.050330 -12.375504 0.872473 0.020907 0.488216 177.646286
0.493529 0.074045 -0.866573 273.827209 -0.052886 0.997080 0.055076 -12.331849 0.868121 0.018648 0.496003 178.124863
0.502599 0.075487 -0.861218 272.972015 -0.054823 0.996958 0.055390 -12.282489 0.862781 0.019376 0.505207 178.606064
0.511661 0.072531 -0.856120 272.133942 -0.054479 0.997164 0.051920 -12.239086 0.857459 0.020076 0.514161 179.100830
0.520778 0.068738 -0.850920 271.307404 -0.051434 0.997469 0.049097 -12.203572 0.852142 0.018197 0.522995 179.606293
0.529880 0.067132 -0.845412 270.482330 -0.048631 0.997627 0.048738 -12.168613 0.846678 0.015288 0.531887 180.131866
0.538791 0.067993 -0.839692 269.661926 -0.047936 0.997597 0.050021 -12.137119 0.841075 0.013300 0.540755 180.651443
0.547670 0.067820 -0.833942 268.852081 -0.044408 0.997661 0.051971 -12.100744 0.835516 0.008571 0.549400 181.187363
0.555132 0.066323 -0.829114 268.060852 -0.038265 0.997797 0.054195 -12.067102 0.830882 0.001641 0.556447 181.737244
0.561986 0.067313 -0.824404 267.248688 -0.036267 0.997730 0.056741 -12.026610 0.826353 -0.001988 0.563150 182.285355
0.566742 0.064140 -0.821396 266.446991 -0.031240 0.997920 0.056369 -11.987957 0.823304 -0.006286 0.567567 182.849182
0.569677 0.057078 -0.819885 265.657776 -0.022055 0.998288 0.054172 -11.944521 0.821574 -0.012778 0.569959 183.416779
0.570304 0.052382 -0.819763 264.851501 -0.015441 0.998472 0.053060 -11.895795 0.821290 -0.017601 0.570241 183.993378
0.568540 0.051462 -0.821045 264.049011 -0.011386 0.998438 0.054697 -11.850875 0.822578 -0.021749 0.568238 184.564148
0.566242 0.053704 -0.822487 263.205902 -0.009690 0.998239 0.058508 -11.800369 0.824182 -0.025159 0.565766 185.106033
0.561913 0.052176 -0.825550 262.385834 -0.005593 0.998225 0.059282 -11.752714 0.827178 -0.028694 0.561207 185.657196
0.556017 0.048776 -0.829739 261.557037 0.002024 0.998194 0.060035 -11.694893 0.831169 -0.035059 0.554914 186.239380
0.549003 0.049521 -0.834352 260.711182 -0.000366 0.998257 0.059008 -11.638186 0.835820 -0.032090 0.548064 186.802231
0.541977 0.049945 -0.838908 259.869110 -0.001520 0.998289 0.058452 -11.588894 0.840393 -0.030405 0.541125 187.338196
0.533848 0.044044 -0.844434 259.029816 0.002743 0.998547 0.053815 -11.550406 0.845578 -0.031045 0.532951 187.884125
0.527265 0.038293 -0.848838 258.178040 0.006518 0.998771 0.049105 -11.510066 0.849677 -0.031423 0.526367 188.410858
0.521159 0.034602 -0.852758 257.326050 0.010788 0.998830 0.047122 -11.463908 0.853393 -0.033759 0.520176 188.931854
0.513559 0.039586 -0.857141 256.467560 0.013091 0.998457 0.053956 -11.425915 0.857955 -0.038931 0.512249 189.449081
0.506892 0.042313 -0.860971 255.606033 0.020310 0.997931 0.061002 -11.386657 0.861771 -0.048408 0.504983 189.959473
0.500252 0.041161 -0.864902 254.728104 0.026342 0.997683 0.062715 -11.331578 0.865480 -0.054156 0.498009 190.470764
0.493556 0.039818 -0.868803 253.863632 0.029970 0.997579 0.062745 -11.286550 0.869199 -0.057005 0.491168 190.961700
0.486707 0.038029 -0.872738 252.990387 0.032731 0.997556 0.061721 -11.238482 0.872952 -0.058606 0.484273 191.449570
0.479268 0.032761 -0.877058 252.095886 0.038320 0.997568 0.058202 -11.180710 0.876832 -0.061503 0.476847 191.960632
0.472481 0.028824 -0.880870 251.215729 0.041577 0.997623 0.054946 -11.132368 0.880361 -0.062584 0.470158 192.440414
0.466520 0.027431 -0.884086 250.323395 0.043082 0.997628 0.053688 -11.077186 0.883462 -0.063135 0.464230 192.920578
0.462011 0.028618 -0.886413 249.433105 0.045467 0.997400 0.055899 -11.031740 0.885708 -0.066128 0.459508 193.395645
0.456975 0.032683 -0.888880 248.543945 0.046526 0.997078 0.060580 -10.986458 0.888263 -0.069039 0.454118 193.863419
0.452243 0.036372 -0.891154 247.654266 0.042528 0.997152 0.062281 -10.932420 0.890881 -0.066065 0.449407 194.316315
0.449977 0.037912 -0.892236 246.759323 0.043812 0.996958 0.064457 -10.883693 0.891966 -0.068095 0.446947 194.765610
0.448676 0.039177 -0.892836 245.863495 0.041379 0.997056 0.064545 -10.830818 0.892737 -0.065904 0.445734 195.208954
0.448414 0.038858 -0.892982 244.973145 0.037058 0.997387 0.062010 -10.783522 0.893058 -0.060898 0.445801 195.648621
0.448245 0.032672 -0.893314 244.099304 0.037317 0.997776 0.055217 -10.734841 0.893132 -0.058087 0.446029 196.078537
0.447842 0.029204 -0.893637 243.223694 0.036693 0.998023 0.051004 -10.685878 0.893360 -0.055633 0.445885 196.517761
0.448418 0.027483 -0.893402 242.347504 0.040650 0.997866 0.051100 -10.649142 0.892899 -0.059231 0.446344 196.966736
0.449585 0.026799 -0.892836 241.461884 0.037594 0.998096 0.048888 -10.614443 0.892448 -0.055544 0.447721 197.417496
0.451865 0.025526 -0.891721 240.587387 0.031615 0.998504 0.044603 -10.577037 0.891527 -0.048346 0.450382 197.854309
0.453775 0.022732 -0.890826 239.728287 0.029202 0.998758 0.040361 -10.529948 0.890638 -0.044329 0.452548 198.302933
0.456226 0.027337 -0.889444 238.866119 0.027084 0.998638 0.044585 -10.504292 0.889453 -0.044431 0.454864 198.739410
0.458502 0.033346 -0.888068 237.995117 0.024047 0.998464 0.049907 -10.478438 0.888369 -0.044237 0.456996 199.181000
0.460163 0.035819 -0.887112 237.129929 0.025013 0.998266 0.053281 -10.439779 0.887483 -0.046707 0.458469 199.625885
0.460266 0.037306 -0.886997 236.276230 0.026836 0.998075 0.055903 -10.397548 0.887376 -0.049533 0.458378 200.071335
0.459200 0.037132 -0.887557 235.428055 0.029540 0.997935 0.057032 -10.348293 0.887843 -0.052407 0.457154 200.523865
0.457574 0.036567 -0.888420 234.592255 0.029222 0.997996 0.056127 -10.301934 0.888692 -0.051643 0.455587 200.959747
0.455973 0.033313 -0.889370 233.758850 0.028675 0.998230 0.052092 -10.253252 0.889533 -0.049254 0.454209 201.394043
0.454515 0.031253 -0.890191 232.938416 0.025662 0.998509 0.048159 -10.218001 0.890370 -0.044733 0.453035 201.809525
0.452963 0.032353 -0.890942 232.122818 0.022111 0.998626 0.047505 -10.182003 0.891257 -0.041218 0.451625 202.220032
0.450702 0.034890 -0.891993 231.317551 0.022225 0.998487 0.050285 -10.143401 0.892398 -0.042487 0.449244 202.636948
0.448499 0.037233 -0.893008 230.510406 0.026980 0.998112 0.055165 -10.110643 0.893377 -0.048835 0.446648 203.057922
0.447200 0.037636 -0.893642 229.703064 0.030964 0.997863 0.057520 -10.057433 0.893898 -0.053393 0.445079 203.467972
0.445613 0.039773 -0.894342 228.900803 0.027852 0.997912 0.058256 -10.020202 0.894793 -0.050869 0.443575 203.864182
0.443854 0.034354 -0.895441 228.125031 0.026666 0.998316 0.051519 -9.990029 0.895703 -0.046745 0.442190 204.242432
0.441687 0.023792 -0.896854 227.373871 0.029473 0.998723 0.041008 -9.958402 0.896685 -0.044546 0.440422 204.618988
0.440120 0.019313 -0.897732 226.616440 0.033140 0.998738 0.037733 -9.917330 0.897328 -0.046358 0.438924 204.996078
0.439097 0.026046 -0.898062 225.867233 0.030659 0.998562 0.043952 -9.887583 0.897917 -0.046832 0.437668 205.351135
0.436770 0.035482 -0.898874 225.130463 0.030588 0.998057 0.054260 -9.864294 0.899054 -0.051195 0.434836 205.706390
0.434493 0.037769 -0.899883 224.412735 0.029967 0.997960 0.056354 -9.831178 0.900178 -0.051453 0.432474 206.048126
0.432349 0.033611 -0.901080 223.727264 0.029897 0.998221 0.051579 -9.807561 0.901212 -0.049240 0.430575 206.376205
0.431133 0.030091 -0.901787 223.054291 0.026947 0.998568 0.046204 -9.781472 0.901887 -0.044221 0.429705 206.687485
0.430318 0.030229 -0.902171 222.385498 0.022806 0.998755 0.044344 -9.754500 0.902390 -0.039657 0.429093 206.995575
0.429087 0.032578 -0.902676 221.726944 0.022028 0.998674 0.046513 -9.731388 0.902995 -0.039842 0.427801 207.303299
0.427894 0.034913 -0.903155 221.085800 0.021210 0.998590 0.048651 -9.716116 0.903581 -0.039972 0.426550 207.603745
0.426808 0.039486 -0.903480 220.453979 0.016055 0.998557 0.051225 -9.685044 0.904200 -0.036368 0.425558 207.894257
0.426057 0.044265 -0.903613 219.847275 0.014198 0.998352 0.055600 -9.661387 0.904585 -0.036519 0.424725 208.167892
0.424971 0.045727 -0.904051 219.254044 0.016622 0.998160 0.058300 -9.635726 0.905055 -0.039802 0.423429 208.452957
0.423819 0.042638 -0.904743 218.689621 0.020197 0.998198 0.056503 -9.618639 0.905522 -0.042220 0.422194 208.728012
0.423913 0.038040 -0.904904 218.153625 0.020053 0.998478 0.051367 -9.595567 0.905482 -0.039921 0.422505 208.991791
0.424712 0.035252 -0.904642 217.629181 0.017886 0.998719 0.047314 -9.566963 0.905152 -0.036276 0.423538 209.240005
0.425136 0.035491 -0.904434 217.125717 0.016741 0.998751 0.047060 -9.534894 0.904976 -0.035148 0.424011 209.497116
0.427737 0.036146 -0.903181 216.641342 0.018267 0.998650 0.048618 -9.512151 0.903719 -0.037294 0.426499 209.743195
0.431092 0.037874 -0.901514 216.178436 0.018189 0.998551 0.050648 -9.487657 0.902125 -0.038231 0.429778 209.999374
0.435279 0.037928 -0.899496 215.740952 0.017241 0.998577 0.050449 -9.465925 0.900131 -0.037467 0.434006 210.233154
0.440510 0.035563 -0.897044 215.327881 0.019177 0.998614 0.049007 -9.451501 0.897544 -0.038791 0.439217 210.439407
0.446709 0.033627 -0.894048 214.937424 0.019948 0.998670 0.047528 -9.431325 0.894458 -0.039065 0.445443 210.646622
0.453736 0.035186 -0.890441 214.571457 0.020138 0.998559 0.049720 -9.419411 0.890909 -0.040491 0.452374 210.851822
0.460782 0.040420 -0.886593 214.226166 0.018358 0.998314 0.055055 -9.405806 0.887324 -0.041644 0.459263 211.034653
0.469199 0.045086 -0.881941 213.909088 0.017019 0.998048 0.060075 -9.388667 0.882929 -0.043197 0.467516 211.208298
0.478141 0.047190 -0.877015 213.621567 0.015333 0.997955 0.062056 -9.375995 0.878150 -0.043119 0.476439 211.369247
0.487193 0.047467 -0.872004 213.362823 0.013082 0.998013 0.061634 -9.363562 0.873197 -0.041435 0.485603 211.519150
0.496844 0.046963 -0.866569 213.130280 0.011768 0.998078 0.060837 -9.353654 0.867761 -0.040424 0.495336 211.659241
0.505697 0.045732 -0.861498 212.918701 0.011920 0.998128 0.059982 -9.344882 0.862629 -0.040602 0.504205 211.794678
0.514187 0.042483 -0.856626 212.716141 0.013142 0.998264 0.057395 -9.336654 0.857579 -0.040769 0.512736 211.930176
0.522405 0.039555 -0.851780 212.514084 0.012312 0.998469 0.053917 -9.333437 0.852609 -0.038654 0.521118 212.065704
0.531003 0.038072 -0.846515 212.305725 0.009399 0.998663 0.050809 -9.324686 0.847319 -0.034936 0.529934 212.198334
0.539563 0.036946 -0.841135 212.102142 0.006753 0.998814 0.048203 -9.314964 0.841919 -0.031689 0.538673 212.331696
0.547673 0.035058 -0.835957 211.904922 0.005059 0.998964 0.045209 -9.298221 0.836677 -0.028989 0.546929 212.468903
0.556408 0.030642 -0.830344 211.708969 0.006351 0.999133 0.041125 -9.282213 0.830886 -0.028156 0.555731 212.608047
0.564032 0.028073 -0.825276 211.517365 0.007496 0.999206 0.039112 -9.275693 0.825720 -0.028247 0.563373 212.754730
0.571681 0.027447 -0.820017 211.321671 0.005941 0.999275 0.037588 -9.266361 0.820455 -0.026361 0.571104 212.897903
0.578918 0.029590 -0.814849 211.123932 0.000664 0.999323 0.036760 -9.259260 0.815386 -0.021821 0.578506 213.036621
0.585300 0.033274 -0.810135 210.927292 -0.005287 0.999292 0.037223 -9.249496 0.810800 -0.017503 0.585062 213.181641
0.591959 0.035903 -0.805169 210.726135 -0.009172 0.999243 0.037814 -9.240136 0.805916 -0.014999 0.591840 213.324600
0.598058 0.031351 -0.800839 210.530502 -0.007834 0.999415 0.033275 -9.237819 0.801415 -0.013626 0.597954 213.488190
0.604250 0.021740 -0.796499 210.319931 -0.004316 0.999702 0.024012 -9.230198 0.796784 -0.011071 0.604162 213.667114
0.609675 0.014308 -0.792523 210.091385 -0.001866 0.999859 0.016615 -9.222408 0.792651 -0.008650 0.609615 213.864792
0.614286 0.011972 -0.788994 209.836823 -0.002314 0.999908 0.013370 -9.217044 0.789081 -0.006387 0.614256 214.089722
0.617113 0.014792 -0.786737 209.553177 -0.005827 0.999881 0.014228 -9.200522 0.786854 -0.004196 0.617126 214.342560
0.618684 0.016826 -0.785460 209.238541 -0.007050 0.999849 0.015866 -9.190799 0.785609 -0.004279 0.618709 214.591476
0.617457 0.018807 -0.786380 208.910492 -0.011324 0.999822 0.015020 -9.179818 0.786524 -0.000369 0.617560 214.855789
0.614963 0.019971 -0.788303 208.547501 -0.015656 0.999791 0.013115 -9.169137 0.788401 0.004277 0.615147 215.127365
0.610885 0.021245 -0.791435 208.174133 -0.015478 0.999769 0.014890 -9.159791 0.791569 0.003154 0.611072 215.415421
0.606952 0.021727 -0.794442 207.777039 -0.011028 0.999759 0.018918 -9.158609 0.794663 -0.002721 0.607045 215.718842
0.601879 0.024142 -0.798223 207.356598 -0.008583 0.999681 0.023764 -9.154984 0.798542 -0.007452 0.601894 216.032974
0.595396 0.028801 -0.802917 206.909790 -0.008116 0.999521 0.029835 -9.139747 0.803393 -0.011246 0.595344 216.351349
0.587276 0.036755 -0.808552 206.446075 -0.010246 0.999225 0.037980 -9.119200 0.809323 -0.014021 0.587198 216.674393
0.578303 0.042320 -0.814724 205.968201 -0.011849 0.998983 0.043480 -9.097531 0.815736 -0.015491 0.578217 216.996536
0.568963 0.044861 -0.821139 205.473267 -0.010126 0.998816 0.047552 -9.078386 0.822302 -0.018739 0.568744 217.331924
0.559580 0.043352 -0.827642 204.968140 -0.002534 0.998715 0.050600 -9.052384 0.828773 -0.026217 0.558971 217.686188
0.550316 0.038669 -0.834061 204.443222 0.002348 0.998851 0.047857 -9.023870 0.834955 -0.028295 0.549592 218.026016
0.540690 0.031731 -0.840623 203.908051 0.007746 0.999057 0.042693 -9.000325 0.841187 -0.029594 0.539935 218.367447
0.530160 0.028621 -0.847415 203.343246 0.009466 0.999168 0.039668 -8.971790 0.847846 -0.029052 0.529447 218.712296
0.519679 0.023800 -0.854031 202.760345 0.012755 0.999284 0.035608 -8.934918 0.854268 -0.029398 0.519003 219.061279
0.509070 0.018740 -0.860522 202.179962 0.018636 0.999288 0.032787 -8.915578 0.860525 -0.032727 0.508358 219.406113
0.499078 0.015649 -0.866416 201.581070 0.027077 0.999067 0.033641 -8.897026 0.866135 -0.040250 0.498187 219.762253
0.489795 0.013727 -0.871730 200.968597 0.032204 0.998908 0.033823 -8.875441 0.871244 -0.044640 0.488817 220.109421
0.481694 0.014331 -0.876223 200.344559 0.034726 0.998769 0.035426 -8.860217 0.875652 -0.047492 0.480603 220.442719
0.474580 0.017350 -0.880042 199.688004 0.035249 0.998629 0.038696 -8.836175 0.879507 -0.049384 0.473317 220.781845
0.469364 0.021433 -0.882745 199.029129 0.042415 0.998004 0.046783 -8.821181 0.881986 -0.059401 0.467517 221.128433
0.465843 0.024528 -0.884528 198.364136 0.047412 0.997488 0.052630 -8.791317 0.883598 -0.066454 0.463509 221.467194
0.463616 0.026705 -0.885634 197.684677 0.048094 0.997314 0.055247 -8.766377 0.884731 -0.068208 0.461086 221.810638
0.462889 0.024253 -0.886085 196.996902 0.047364 0.997520 0.052046 -8.729791 0.885151 -0.066060 0.460592 222.144165
0.461647 0.019355 -0.886853 196.302429 0.048802 0.997693 0.047177 -8.692077 0.885722 -0.065060 0.459637 222.501450
0.460861 0.020034 -0.887247 195.599869 0.047245 0.997773 0.047069 -8.657130 0.886215 -0.063611 0.458888 222.857834
0.460712 0.023259 -0.887245 194.879349 0.044950 0.997761 0.049497 -8.626342 0.886411 -0.062686 0.458635 223.220016
0.460738 0.026901 -0.887129 194.149673 0.040408 0.997868 0.051244 -8.595954 0.886616 -0.059457 0.458669 223.574600
0.460201 0.026990 -0.887405 193.416306 0.035072 0.998204 0.048549 -8.564696 0.887122 -0.053465 0.458427 223.939789
0.460062 0.024107 -0.887560 192.680145 0.031960 0.998534 0.043687 -8.531033 0.887312 -0.048464 0.458617 224.307495
0.460547 0.019788 -0.887415 191.934784 0.029397 0.998862 0.037530 -8.497024 0.887150 -0.043372 0.459442 224.675491
0.461000 0.018628 -0.887205 191.157745 0.028209 0.998966 0.035631 -8.461250 0.886952 -0.041454 0.459998 225.064667
0.460627 0.019808 -0.887373 190.392532 0.029988 0.998833 0.037861 -8.434127 0.887088 -0.044050 0.459495 225.474289
0.460117 0.023845 -0.887538 189.616714 0.032084 0.998540 0.043459 -8.406402 0.887279 -0.048472 0.458681 225.896194
0.459564 0.028057 -0.887702 188.838516 0.033770 0.998226 0.049034 -8.368417 0.887503 -0.052512 0.457801 226.315872
0.459833 0.031526 -0.887446 188.051285 0.033664 0.998031 0.052897 -8.331428 0.887368 -0.054198 0.457867 226.721375
0.460774 0.033273 -0.886894 187.255829 0.029112 0.998192 0.052573 -8.303846 0.887041 -0.050044 0.458972 227.114929
0.460982 0.032180 -0.886826 186.470810 0.025345 0.998456 0.049405 -8.262688 0.887048 -0.045252 0.459455 227.528534
0.461175 0.027802 -0.886875 185.679901 0.026197 0.998646 0.044928 -8.221818 0.886923 -0.043954 0.459821 227.946625
0.461703 0.027801 -0.886599 184.894821 0.026111 0.998649 0.044912 -8.192286 0.886651 -0.043887 0.460353 228.345276
0.461872 0.027767 -0.886512 184.094620 0.026593 0.998627 0.045133 -8.157523 0.886548 -0.044422 0.460499 228.750916
0.463207 0.029107 -0.885772 183.315262 0.027419 0.998511 0.047149 -8.129812 0.885826 -0.046126 0.461720 229.130615
0.462373 0.028754 -0.886220 182.545197 0.027862 0.998509 0.046934 -8.099854 0.886249 -0.046392 0.460881 229.540955
0.461987 0.030868 -0.886351 181.764252 0.025080 0.998539 0.047846 -8.065406 0.886533 -0.044334 0.460537 229.939224
0.461843 0.031721 -0.886395 180.988617 0.027008 0.998394 0.049801 -8.029262 0.886551 -0.046940 0.460244 230.343536
0.462081 0.030480 -0.886314 180.216324 0.031067 0.998239 0.050526 -7.999675 0.886294 -0.050882 0.460320 230.744064
0.461140 0.026289 -0.886938 179.447662 0.031030 0.998472 0.045728 -7.969944 0.886786 -0.048609 0.459619 231.147934
0.460610 0.018229 -0.887415 178.679520 0.031706 0.998812 0.036974 -7.946314 0.887037 -0.045167 0.459485 231.540131
0.458548 0.013842 -0.888562 177.918350 0.033836 0.998881 0.033021 -7.918928 0.888026 -0.045207 0.457566 231.939972
0.457641 0.015564 -0.889001 177.144531 0.037405 0.998624 0.036739 -7.893055 0.888350 -0.050066 0.456429 232.342804
0.457059 0.022444 -0.889154 176.379929 0.034770 0.998466 0.043076 -7.875525 0.888757 -0.050604 0.455577 232.730499
0.455853 0.024406 -0.889722 175.626556 0.030758 0.998594 0.043150 -7.851451 0.889525 -0.047036 0.454460 233.117737
0.454169 0.021898 -0.890647 174.905884 0.031259 0.998690 0.040495 -7.827989 0.890368 -0.046233 0.452889 233.488266
0.453337 0.018580 -0.891146 174.195114 0.036317 0.998567 0.039295 -7.804108 0.890599 -0.050178 0.452012 233.852753
0.452342 0.020750 -0.891603 173.482010 0.035780 0.998502 0.041391 -7.782108 0.891128 -0.050625 0.450922 234.213562
0.450793 0.023037 -0.892331 172.799454 0.035969 0.998386 0.043945 -7.762524 0.891904 -0.051907 0.449236 234.557602
0.447848 0.020820 -0.893868 172.137680 0.038982 0.998324 0.042782 -7.739530 0.893261 -0.054004 0.446285 234.897446
0.443553 0.020408 -0.896016 171.496613 0.039720 0.998311 0.042401 -7.717900 0.895369 -0.054397 0.441993 235.225800
0.439563 0.022955 -0.897919 170.863724 0.036437 0.998394 0.043360 -7.696584 0.897473 -0.051776 0.438020 235.521469
0.433498 0.023421 -0.900851 170.252518 0.036128 0.998406 0.043344 -7.675350 0.900431 -0.051336 0.431960 235.809204
0.426210 0.027324 -0.904212 169.669373 0.033248 0.998395 0.045842 -7.664773 0.904014 -0.049602 0.424616 236.072601
0.418632 0.029760 -0.907669 169.106094 0.032328 0.998340 0.047643 -7.658140 0.907582 -0.049288 0.416974 236.315201
0.408874 0.028178 -0.912156 168.545975 0.029542 0.998590 0.044091 -7.641565 0.912113 -0.044975 0.407465 236.556137
0.397341 0.021156 -0.917427 168.002319 0.032411 0.998787 0.037069 -7.626766 0.917099 -0.044464 0.396174 236.785339
0.381706 0.013710 -0.924183 167.471069 0.037997 0.998812 0.030510 -7.623689 0.923504 -0.046762 0.380730 237.008453
0.361571 0.009714 -0.932295 166.922653 0.041071 0.998809 0.026335 -7.609653 0.931440 -0.047813 0.360741 237.214218
0.335881 0.011517 -0.941834 166.375793 0.039784 0.998859 0.026402 -7.596224 0.941064 -0.046338 0.335039 237.390411
0.306459 0.017582 -0.951722 165.811417 0.036029 0.998899 0.030054 -7.577997 0.951202 -0.043499 0.305488 237.550613
0.275195 0.023194 -0.961108 165.242920 0.032521 0.998911 0.033419 -7.564938 0.960838 -0.040452 0.274142 237.687149
0.241829 0.028271 -0.969908 164.684784 0.030479 0.998860 0.036714 -7.559590 0.969841 -0.038440 0.240691 237.801178
0.206517 0.032630 -0.977899 164.124252 0.026494 0.998891 0.038925 -7.544713 0.978085 -0.033947 0.205423 237.893326
0.171089 0.036154 -0.984593 163.568680 0.024425 0.998864 0.040922 -7.535129 0.984953 -0.031050 0.170011 237.961395
0.135613 0.038015 -0.990032 163.016464 0.022294 0.998893 0.041409 -7.520395 0.990511 -0.027688 0.134615 238.015030
0.101462 0.039249 -0.994065 162.462036 0.021753 0.998894 0.041660 -7.505290 0.994602 -0.025850 0.100496 238.048676
0.066282 0.040430 -0.996982 161.874329 0.018931 0.998948 0.041768 -7.479339 0.997621 -0.021642 0.065446 238.070190
0.031110 0.039202 -0.998748 161.307663 0.014018 0.999115 0.039652 -7.460234 0.999418 -0.015234 0.030533 238.063705
-0.001237 0.038888 -0.999243 160.724884 0.007477 0.999216 0.038878 -7.435851 0.999971 -0.007423 -0.001527 238.030731
-0.030014 0.040744 -0.998719 160.114548 0.003397 0.999167 0.040661 -7.409988 0.999544 -0.002172 -0.030128 238.023529
-0.052327 0.044686 -0.997630 159.508926 0.003669 0.998999 0.044554 -7.380088 0.998623 -0.001328 -0.052439 237.977951
-0.070370 0.051560 -0.996188 158.894897 0.002540 0.998669 0.051508 -7.355088 0.997518 0.001094 -0.070408 237.921310
-0.084326 0.058035 -0.994747 158.274124 -0.000583 0.998299 0.058291 -7.329731 0.996438 0.005495 -0.084150 237.855270
-0.096107 0.059261 -0.993606 157.645172 -0.005699 0.998176 0.060084 -7.303281 0.995355 0.011437 -0.095595 237.776047
-0.105828 0.059479 -0.992604 157.001419 -0.009702 0.998100 0.060842 -7.264520 0.994337 0.016069 -0.105050 237.696686
-0.110504 0.060103 -0.992057 156.344437 -0.008735 0.998072 0.061441 -7.230283 0.993838 0.015455 -0.109767 237.618988
-0.113439 0.059051 -0.991789 155.674240 -0.004559 0.998190 0.059953 -7.185729 0.993535 0.011323 -0.112965 237.545959
-0.115690 0.059506 -0.991501 154.986237 0.000777 0.998209 0.059817 -7.154538 0.993285 0.006151 -0.115529 237.471878
-0.116602 0.057088 -0.991537 154.280487 0.002429 0.998359 0.057195 -7.117322 0.993177 0.004261 -0.116550 237.384537
-0.117746 0.052433 -0.991659 153.568481 0.006049 0.998624 0.052083 -7.080021 0.993025 0.000135 -0.117901 237.311432
-0.118633 0.048175 -0.991769 152.848206 0.011482 0.998822 0.047143 -7.046418 0.992873 -0.005795 -0.119046 237.239700
-0.118368 0.045514 -0.991927 152.094833 0.013666 0.998929 0.044204 -7.003551 0.992876 -0.008324 -0.118864 237.149887
-0.118343 0.047054 -0.991858 151.314224 0.013871 0.998857 0.045731 -6.957300 0.992876 -0.008345 -0.118861 237.066437
-0.117259 0.052403 -0.991718 150.524490 0.014102 0.998594 0.051098 -6.920412 0.993001 -0.007993 -0.117834 236.974350
-0.115500 0.055143 -0.991776 149.729553 0.015236 0.998438 0.053739 -6.884984 0.993192 -0.008904 -0.116160 236.885773
-0.112548 0.051038 -0.992335 148.909637 0.012581 0.998672 0.049936 -6.849988 0.993568 -0.006863 -0.113041 236.784073
-0.109349 0.041641 -0.993132 148.078186 0.011206 0.999109 0.040657 -6.806731 0.993941 -0.006683 -0.109719 236.694412
-0.105259 0.036008 -0.993794 147.225067 0.014517 0.999293 0.034669 -6.772686 0.994340 -0.010778 -0.105708 236.603271
-0.101662 0.035607 -0.994182 146.343826 0.020246 0.999225 0.033717 -6.721869 0.994613 -0.016700 -0.102305 236.533524
-0.097334 0.038746 -0.994497 145.435974 0.024875 0.999024 0.036486 -6.695890 0.994941 -0.021186 -0.098204 236.454895
-0.092424 0.041630 -0.994850 144.522873 0.025559 0.998895 0.039425 -6.663915 0.995392 -0.021784 -0.093387 236.363495
-0.088252 0.043951 -0.995128 143.596832 0.028000 0.998740 0.041628 -6.629723 0.995705 -0.024190 -0.089373 236.289490
-0.084881 0.047462 -0.995260 142.673889 0.030746 0.998513 0.044995 -6.589211 0.995917 -0.026781 -0.086215 236.222961
-0.081614 0.049706 -0.995424 141.730408 0.029731 0.998432 0.047418 -6.563370 0.996221 -0.025725 -0.082965 236.143967
-0.078037 0.046467 -0.995867 140.774048 0.036904 0.998362 0.043691 -6.529081 0.996267 -0.033342 -0.079625 236.065323
-0.077336 0.041748 -0.996131 139.814774 0.045614 0.998224 0.038294 -6.490268 0.995962 -0.042477 -0.079104 236.009766
-0.078424 0.032739 -0.996383 138.834518 0.044052 0.998598 0.029344 -6.453906 0.995947 -0.041592 -0.079757 235.943665
-0.078136 0.028285 -0.996542 137.859177 0.048272 0.998532 0.024557 -6.445194 0.995774 -0.046186 -0.079387 235.864273
-0.079097 0.026950 -0.996503 136.864624 0.052089 0.998380 0.022866 -6.425137 0.995506 -0.050098 -0.080373 235.798615
-0.077866 0.034149 -0.996380 135.836716 0.045493 0.998493 0.030667 -6.403593 0.995925 -0.042941 -0.079303 235.698044
-0.078159 0.046692 -0.995847 134.801758 0.041625 0.998184 0.043535 -6.380251 0.996072 -0.038049 -0.079961 235.606781
-0.080914 0.056798 -0.995102 133.775299 0.040223 0.997748 0.053679 -6.352470 0.995909 -0.035683 -0.083017 235.526276
-0.083146 0.057217 -0.994894 132.759689 0.041398 0.997687 0.053918 -6.316450 0.995678 -0.036703 -0.085322 235.436722
-0.085377 0.057638 -0.994681 131.743256 0.042573 0.997624 0.054154 -6.280156 0.995439 -0.037722 -0.087628 235.344757
-0.087608 0.058061 -0.994462 130.727112 0.043749 0.997560 0.054387 -6.243628 0.995195 -0.038742 -0.089936 235.250443
-0.090326 0.054849 -0.994402 129.707306 0.045131 0.997682 0.050930 -6.199906 0.994890 -0.040277 -0.092593 235.152847
-0.092913 0.057041 -0.994039 128.677750 0.045339 0.997563 0.053006 -6.155673 0.994642 -0.040143 -0.095273 235.052094
-0.095691 0.060622 -0.993564 127.663696 0.043201 0.997456 0.056699 -6.110547 0.994473 -0.037498 -0.098068 234.948029
-0.097190 0.067405 -0.992981 126.641281 0.043006 0.997056 0.063472 -6.054427 0.994336 -0.036535 -0.099804 234.842392
-0.098541 0.075782 -0.992243 125.618256 0.041962 0.996525 0.071941 -6.004800 0.994248 -0.034547 -0.101380 234.735931
-0.100550 0.075643 -0.992053 124.597198 0.039227 0.996631 0.072016 -5.942657 0.994158 -0.031674 -0.103180 234.638397
-0.100979 0.068796 -0.992507 123.569427 0.037649 0.997156 0.065288 -5.883337 0.994176 -0.030775 -0.103283 234.514236
-0.101091 0.061887 -0.992951 122.566254 0.039591 0.997522 0.058141 -5.834788 0.994089 -0.033434 -0.103291 234.402405
-0.101913 0.060548 -0.992949 121.562828 0.039148 0.997617 0.056814 -5.787295 0.994023 -0.033082 -0.104041 234.299866
-0.103221 0.065164 -0.992522 120.562088 0.041176 0.997275 0.061193 -5.743965 0.993807 -0.034551 -0.105624 234.215332
-0.102466 0.073439 -0.992022 119.573082 0.041680 0.996711 0.069481 -5.703257 0.993863 -0.034229 -0.105191 234.103210
-0.102009 0.075366 -0.991925 118.569389 0.044373 0.996478 0.071148 -5.651607 0.993794 -0.036756 -0.104994 234.001892
-0.099742 0.072753 -0.992351 117.588905 0.043564 0.996685 0.068692 -5.602048 0.994060 -0.036379 -0.102583 233.886292
-0.098608 0.067352 -0.992845 116.605881 0.042198 0.997092 0.063449 -5.545355 0.994232 -0.035639 -0.101164 233.788498
-0.096862 0.063978 -0.993240 115.628433 0.044724 0.997203 0.059871 -5.504451 0.994293 -0.038623 -0.099454 233.685501
-0.095865 0.056631 -0.993782 114.657921 0.048531 0.997458 0.052159 -5.464409 0.994211 -0.043229 -0.098370 233.592590
-0.093840 0.055750 -0.994025 113.703880 0.049068 0.997476 0.051311 -5.428569 0.994377 -0.043960 -0.096340 233.485092
-0.092525 0.060877 -0.993848 112.729004 0.052242 0.997051 0.056210 -5.378888 0.994339 -0.046720 -0.095433 233.394287
-0.090879 0.068728 -0.993488 111.743401 0.056127 0.996383 0.063793 -5.337228 0.994279 -0.049964 -0.094408 233.304977
-0.088613 0.069069 -0.993669 110.780823 0.055212 0.996399 0.064336 -5.293070 0.994535 -0.049162 -0.092109 233.206818
-0.087592 0.067861 -0.993843 109.816086 0.054766 0.996495 0.063215 -5.240180 0.994651 -0.048892 -0.091002 233.110611
-0.087375 0.067699 -0.993873 108.864502 0.060649 0.996199 0.062525 -5.206411 0.994328 -0.054814 -0.091149 233.030670
-0.087197 0.066270 -0.993985 107.909081 0.062477 0.996183 0.060936 -5.163507 0.994230 -0.056788 -0.091006 232.939941
-0.088166 0.064838 -0.993994 106.949272 0.063340 0.996225 0.059364 -5.115849 0.994090 -0.057726 -0.091940 232.861069
-0.089729 0.068956 -0.993577 105.995979 0.067636 0.995719 0.062997 -5.068286 0.993667 -0.061549 -0.094009 232.782211
-0.091898 0.075042 -0.992937 105.053299 0.070089 0.995171 0.068723 -5.018220 0.993299 -0.063279 -0.096714 232.699066
-0.094068 0.076008 -0.992661 104.118446 0.069115 0.995174 0.069650 -4.969261 0.993164 -0.062056 -0.098867 232.606903
-0.097104 0.074582 -0.992476 103.186058 0.069365 0.995270 0.068006 -4.915250 0.992855 -0.062241 -0.101819 232.515762
-0.100194 0.075405 -0.992107 102.254021 0.069027 0.995247 0.068672 -4.855787 0.992571 -0.061602 -0.104923 232.416046
-0.103390 0.079022 -0.991497 101.324005 0.066269 0.995171 0.072405 -4.801229 0.992432 -0.058220 -0.108128 232.312057
-0.106471 0.079983 -0.991094 100.405571 0.063607 0.995265 0.073487 -4.756335 0.992280 -0.055216 -0.111055 232.202194
-0.109631 0.077184 -0.990971 99.504761 0.061672 0.995587 0.070721 -4.698431 0.992058 -0.053361 -0.113908 232.096649
-0.112356 0.075968 -0.990760 98.623703 0.062584 0.995634 0.069244 -4.654652 0.991695 -0.054225 -0.116620 231.994247
-0.114672 0.074823 -0.990583 97.764984 0.062151 0.995746 0.068018 -4.610163 0.991458 -0.053766 -0.118836 231.892456
-0.115988 0.074639 -0.990443 96.930229 0.059837 0.995886 0.068042 -4.569361 0.991447 -0.051372 -0.119978 231.786087
-0.116374 0.072977 -0.990522 96.124573 0.057490 0.996119 0.066635 -4.525470 0.991541 -0.049190 -0.120118 231.673691
-0.116784 0.074255 -0.990378 95.312790 0.056730 0.996071 0.067992 -4.486485 0.991536 -0.048244 -0.120538 231.575134
-0.116651 0.075014 -0.990336 94.506760 0.052749 0.996204 0.069245 -4.419529 0.991772 -0.044162 -0.120166 231.478683
-0.114976 0.076163 -0.990444 93.743462 0.050348 0.996221 0.070763 -4.386447 0.992092 -0.041731 -0.118376 231.382736
-0.111505 0.077716 -0.990721 93.005272 0.050959 0.996073 0.072400 -4.360612 0.992457 -0.042413 -0.115028 231.289795
-0.107142 0.078782 -0.991118 92.275627 0.051410 0.995961 0.073609 -4.316321 0.992914 -0.043066 -0.110760 231.214844
-0.101327 0.080025 -0.991629 91.575691 0.050403 0.995892 0.075218 -4.277318 0.993576 -0.042359 -0.104945 231.149338
-0.093715 0.080950 -0.992304 90.884705 0.048171 0.995890 0.076693 -4.245189 0.994434 -0.040612 -0.097230 231.089874
-0.083408 0.079972 -0.993302 90.213127 0.045992 0.996021 0.076328 -4.200855 0.995454 -0.039318 -0.086755 231.042923
-0.070155 0.077598 -0.994514 89.567230 0.045442 0.996183 0.074524 -4.163718 0.996501 -0.039964 -0.073415 231.011139
-0.053588 0.074897 -0.995750 88.942284 0.045743 0.996320 0.072478 -4.125986 0.997516 -0.041664 -0.056817 230.990494
-0.033563 0.073899 -0.996701 88.327805 0.048031 0.996229 0.072246 -4.091231 0.998282 -0.045448 -0.036987 230.990250
-0.011745 0.073408 -0.997233 87.723518 0.046878 0.996245 0.072783 -4.046992 0.998832 -0.045893 -0.015143 231.008759
0.014133 0.073892 -0.997167 87.124100 0.044482 0.996232 0.074453 -4.011657 0.998911 -0.045408 0.010792 231.025345
0.042922 0.074737 -0.996280 86.515083 0.040010 0.996269 0.076460 -3.965679 0.998277 -0.043143 0.039771 231.048920
0.074170 0.074871 -0.994431 85.918213 0.036291 0.996314 0.077720 -3.925721 0.996585 -0.041852 0.071178 231.100067
0.108656 0.072276 -0.991449 85.331642 0.034713 0.996469 0.076446 -3.877524 0.993473 -0.042722 0.105762 231.178223
0.145836 0.068151 -0.986959 84.757530 0.028883 0.996905 0.073106 -3.831722 0.988888 -0.039168 0.143415 231.277740
0.185383 0.063331 -0.980624 84.185501 0.020508 0.997454 0.068295 -3.783504 0.982453 -0.032771 0.183611 231.391708
0.226842 0.060012 -0.972081 83.624680 0.013347 0.997814 0.064715 -3.742442 0.973841 -0.027654 0.225545 231.537979
0.272010 0.059289 -0.960467 83.068985 0.004489 0.998010 0.062878 -3.721496 0.962284 -0.021415 0.271202 231.700516
0.321625 0.057617 -0.945113 82.504395 -0.005541 0.998244 0.058970 -3.676305 0.946852 -0.013730 0.321380 231.877274
0.373040 0.056611 -0.926087 81.966759 -0.018483 0.998392 0.053586 -3.633806 0.927632 -0.002873 0.373486 232.089264
0.425160 0.056656 -0.903344 81.456123 -0.018961 0.998377 0.053693 -3.602551 0.904921 -0.005699 0.425544 232.361862
0.479416 0.058523 -0.875634 80.943756 -0.023069 0.998269 0.054087 -3.570193 0.877286 -0.005730 0.479935 232.646149
0.532720 0.061975 -0.844020 80.464577 -0.026884 0.998050 0.056317 -3.537432 0.845865 -0.007309 0.533347 232.980820
0.584383 0.062346 -0.809080 79.993919 -0.027682 0.997995 0.056909 -3.506422 0.811007 -0.010859 0.584938 233.351547
0.632604 0.060607 -0.772101 79.564110 -0.027698 0.998066 0.055650 -3.484554 0.773981 -0.013819 0.633059 233.748154
0.676885 0.055666 -0.733981 79.155006 -0.027934 0.998360 0.049955 -3.465342 0.735559 -0.013310 0.677330 234.165680
0.718163 0.052654 -0.693880 78.766014 -0.033903 0.998596 0.040687 -3.444311 0.695050 -0.005694 0.718940 234.596039
0.756085 0.051030 -0.652481 78.390175 -0.043729 0.998667 0.027433 -3.421890 0.653011 0.007791 0.757308 235.050766
0.790778 0.043999 -0.610521 78.064339 -0.042374 0.998955 0.017107 -3.408619 0.610636 0.012343 0.791816 235.534042
0.823605 0.034475 -0.566117 77.752960 -0.033874 0.999358 0.011579 -3.393518 0.566153 0.009640 0.824243 236.057373
0.853995 0.029699 -0.519432 77.456429 -0.028538 0.999540 0.010230 -3.392004 0.519498 0.006088 0.854450 236.612610
0.880907 0.029264 -0.472384 77.177887 -0.027306 0.999566 0.011003 -3.386873 0.472502 0.003206 0.881324 237.183517
0.904247 0.029027 -0.426023 76.925941 -0.027790 0.999571 0.009120 -3.382751 0.426107 0.003593 0.904667 237.773071
0.924355 0.025800 -0.380661 76.703865 -0.024390 0.999666 0.008529 -3.374410 0.380754 0.001399 0.924676 238.381836
0.941138 0.024717 -0.337121 76.508492 -0.023529 0.999693 0.007609 -3.374711 0.337206 0.000771 0.941431 239.024490
0.955924 0.027561 -0.292320 76.312851 -0.027296 0.999615 0.004985 -3.368769 0.292345 0.003215 0.956308 239.675232
0.967653 0.026440 -0.250895 76.156288 -0.027374 0.999625 -0.000230 -3.368300 0.250795 0.007090 0.968014 240.338898
0.976784 0.015864 -0.213638 76.008232 -0.018496 0.999775 -0.010332 -3.376454 0.213427 0.014044 0.976859 241.029572
0.983147 0.010241 -0.182530 75.882851 -0.014012 0.999713 -0.019384 -3.390822 0.182280 0.021614 0.983009 241.723740
0.987928 0.009343 -0.154632 75.760216 -0.013123 0.999639 -0.023438 -3.389916 0.154358 0.025184 0.987695 242.445877
0.991296 0.010687 -0.131222 75.663147 -0.013287 0.999732 -0.018953 -3.410910 0.130985 0.020532 0.991172 243.147614
0.993695 0.010627 -0.111611 75.537582 -0.011861 0.999875 -0.010405 -3.391120 0.111487 0.011664 0.993698 243.958542
0.995327 0.013347 -0.095639 75.467361 -0.013420 0.999910 -0.000124 -3.413737 0.095629 0.001407 0.995416 244.688126
0.996546 0.010683 -0.082352 75.395721 -0.010417 0.999939 0.003667 -3.429023 0.082386 -0.002796 0.996597 245.444168
0.997249 0.002261 -0.074102 75.350945 -0.002070 0.999994 0.002654 -3.427150 0.074109 -0.002494 0.997248 246.209793
0.997659 -0.003550 -0.068295 75.298584 0.003484 0.999993 -0.001077 -3.431767 0.068300 0.000836 0.997665 246.961914
0.997959 -0.007078 -0.063473 75.237434 0.006830 0.999967 -0.004131 -3.449077 0.063501 0.003689 0.997976 247.717133
0.998075 -0.008172 -0.061493 75.179962 0.007710 0.999940 -0.007758 -3.455477 0.061553 0.007269 0.998078 248.482452
0.998093 -0.009521 -0.060995 75.129555 0.009136 0.999936 -0.006586 -3.464348 0.061055 0.006016 0.998117 249.276199
0.998276 -0.009817 -0.057877 75.047226 0.009607 0.999946 -0.003923 -3.468464 0.057913 0.003360 0.998317 250.078796
0.998276 -0.015985 -0.056472 74.966255 0.015822 0.999869 -0.003346 -3.454729 0.056518 0.002446 0.998399 250.914185
0.998273 -0.017889 -0.055966 74.904556 0.017370 0.999801 -0.009759 -3.464976 0.056130 0.008770 0.998386 251.726242
0.998266 -0.019793 -0.055446 74.843163 0.018922 0.999690 -0.016182 -3.480499 0.055750 0.015106 0.998331 252.539780
0.997920 -0.030160 -0.056987 74.823318 0.028922 0.999329 -0.022440 -3.497168 0.057627 0.020746 0.998123 253.346909
0.997468 -0.040150 -0.058714 74.793800 0.038756 0.998942 -0.024707 -3.527253 0.059645 0.022369 0.997970 254.179489
0.997015 -0.048485 -0.060096 74.759254 0.047036 0.998572 -0.025304 -3.547380 0.061238 0.022402 0.997872 255.018066
0.996590 -0.053970 -0.062420 74.714592 0.052823 0.998406 -0.019873 -3.575579 0.063394 0.016509 0.997853 255.879181
0.996391 -0.053897 -0.065592 74.664055 0.053208 0.998508 -0.012226 -3.598244 0.066154 0.008691 0.997772 256.757233
0.996404 -0.050406 -0.068109 74.594223 0.050290 0.998728 -0.003439 -3.621566 0.068197 0.000002 0.997672 257.654602
0.996727 -0.040397 -0.070028 74.526520 0.040501 0.999179 0.000050 -3.641227 0.069969 -0.002886 0.997545 258.536438
0.996779 -0.036248 -0.071545 74.459808 0.036576 0.999325 0.003272 -3.622592 0.071379 -0.005878 0.997433 259.435303
0.996812 -0.032090 -0.073049 74.391731 0.032652 0.999445 0.006503 -3.601019 0.072801 -0.008867 0.997307 260.334900
0.996840 -0.034499 -0.071552 74.287186 0.034616 0.999400 0.000405 -3.576784 0.071495 -0.002880 0.997437 261.240021
0.996891 -0.032865 -0.071606 74.211884 0.032291 0.999436 -0.009169 -3.588262 0.071868 0.006829 0.997392 262.147003
0.996979 -0.030221 -0.071550 74.151741 0.029182 0.999453 -0.015525 -3.598008 0.071981 0.013391 0.997317 263.067200
0.997097 -0.029242 -0.070309 74.060631 0.028222 0.999482 -0.015439 -3.612869 0.070725 0.013410 0.997406 264.020599
0.997281 -0.024894 -0.069366 73.986382 0.024266 0.999657 -0.009884 -3.632108 0.069589 0.008174 0.997542 264.988190
0.997511 -0.020515 -0.067472 73.907974 0.020199 0.999781 -0.005372 -3.646063 0.067568 0.003996 0.997707 265.952881
0.997698 -0.018484 -0.065243 73.827606 0.018440 0.999829 -0.001276 -3.637924 0.065256 0.000070 0.997869 266.917114
0.997828 -0.015371 -0.064052 73.773026 0.015594 0.999873 0.002973 -3.639788 0.063999 -0.003966 0.997943 267.891571
0.997998 -0.011308 -0.062240 73.688644 0.011605 0.999922 0.004416 -3.666512 0.062186 -0.005129 0.998052 268.910431
0.998076 -0.013076 -0.060621 73.595741 0.012896 0.999911 -0.003346 -3.660031 0.060660 0.002558 0.998155 269.958557
0.998050 -0.014072 -0.060825 73.531418 0.013257 0.999816 -0.013795 -3.676179 0.061008 0.012961 0.998053 270.972290
0.998052 -0.011381 -0.061332 73.483353 0.010381 0.999808 -0.016608 -3.718665 0.061510 0.015939 0.997980 271.978119
0.998075 -0.010637 -0.061096 73.378830 0.010224 0.999922 -0.007075 -3.727807 0.061167 0.006437 0.998107 273.021271
0.997995 -0.010449 -0.062444 73.318146 0.010676 0.999937 0.003297 -3.750019 0.062406 -0.003956 0.998043 274.074188
0.997911 -0.010246 -0.063791 73.255974 0.011141 0.999844 0.013677 -3.761300 0.063642 -0.014359 0.997869 275.128235
0.997860 -0.010171 -0.064588 73.183083 0.010750 0.999904 0.008619 -3.760407 0.064495 -0.009295 0.997875 276.166656
0.997709 -0.013870 -0.066219 73.123917 0.014102 0.999895 0.003028 -3.749742 0.066171 -0.003955 0.997801 277.229553
0.997650 -0.012717 -0.067330 73.039528 0.012812 0.999917 0.000974 -3.746028 0.067313 -0.001834 0.997730 278.306946
0.997579 -0.012880 -0.068341 72.969772 0.013080 0.999911 0.002471 -3.746806 0.068304 -0.003359 0.997659 279.391418
0.997588 -0.013195 -0.068165 72.873116 0.013552 0.999897 0.004780 -3.751483 0.068096 -0.005692 0.997663 280.482422
0.997540 -0.009295 -0.069490 72.810341 0.009828 0.999924 0.007350 -3.759855 0.069417 -0.008015 0.997556 281.562439
0.997496 -0.008331 -0.070236 72.737671 0.009088 0.999903 0.010465 -3.761905 0.070142 -0.011077 0.997475 282.659210
0.997473 -0.008435 -0.070554 72.650948 0.009337 0.999878 0.012469 -3.754334 0.070441 -0.013096 0.997430 283.761780
0.997449 -0.009266 -0.070773 72.573776 0.010151 0.999874 0.012167 -3.759454 0.070652 -0.012854 0.997419 284.846161
0.997426 -0.010097 -0.070992 72.496292 0.010966 0.999869 0.011866 -3.764907 0.070863 -0.012614 0.997406 285.931549
0.997311 -0.010688 -0.072505 72.431328 0.011218 0.999913 0.006904 -3.760964 0.072426 -0.007698 0.997344 286.998535
0.997266 -0.010618 -0.073133 72.346039 0.011175 0.999911 0.007213 -3.768821 0.073050 -0.008010 0.997297 288.075531
0.997090 -0.013671 -0.074999 72.281120 0.014078 0.999889 0.004891 -3.764319 0.074926 -0.005933 0.997172 289.142242
0.997012 -0.013585 -0.076048 72.192093 0.013636 0.999906 0.000144 -3.771862 0.076040 -0.001182 0.997104 290.209564
0.996897 -0.013330 -0.077582 72.112663 0.013266 0.999910 -0.001357 -3.773674 0.077594 0.000323 0.996985 291.286316
0.996801 -0.011991 -0.079023 72.032799 0.012522 0.999902 0.006239 -3.783055 0.078942 -0.007209 0.996854 292.360291
0.996754 -0.011153 -0.079734 71.949890 0.012381 0.999812 0.014934 -3.789375 0.079553 -0.015873 0.996705 293.428589
0.996676 -0.010066 -0.080838 71.879150 0.011248 0.999835 0.014183 -3.780540 0.080682 -0.015045 0.996626 294.493073
0.996712 -0.009188 -0.080513 71.799828 0.009824 0.999923 0.007512 -3.775801 0.080438 -0.008278 0.996725 295.554779
0.996830 -0.006185 -0.079328 71.700447 0.006510 0.999970 0.003844 -3.782432 0.079303 -0.004349 0.996841 296.615692
0.996885 -0.003783 -0.078784 71.622139 0.003987 0.999989 0.002430 -3.787206 0.078775 -0.002737 0.996889 297.666473
0.996924 -0.001231 -0.078370 71.542336 0.001645 0.999985 0.005221 -3.794914 0.078363 -0.005334 0.996911 298.721680
0.996975 0.000409 -0.077718 71.465256 0.000097 0.999979 0.006506 -3.799451 0.077719 -0.006494 0.996955 299.770782
0.997023 0.003759 -0.077024 71.370033 -0.003079 0.999955 0.008939 -3.799204 0.077055 -0.008674 0.996989 300.835388
0.996991 0.003901 -0.077431 71.293495 -0.003440 0.999975 0.006084 -3.801847 0.077453 -0.005799 0.996980 301.878662
0.996968 0.004113 -0.077708 71.213387 -0.003907 0.999988 0.002793 -3.810461 0.077720 -0.002481 0.996973 302.914703
0.996947 0.005822 -0.077878 71.124809 -0.005870 0.999982 -0.000373 -3.816100 0.077875 0.000829 0.996963 303.964172
0.996909 0.007299 -0.078239 71.041344 -0.007114 0.999970 0.002642 -3.826368 0.078256 -0.002078 0.996932 305.014221
0.996914 0.008924 -0.078008 70.955040 -0.008483 0.999945 0.005988 -3.835497 0.078057 -0.005307 0.996935 306.059967
0.996889 0.011169 -0.078036 70.870285 -0.010403 0.999894 0.010194 -3.839782 0.078142 -0.009351 0.996899 307.111206
0.996866 0.012894 -0.078053 70.782967 -0.012148 0.999875 0.010027 -3.847830 0.078174 -0.009047 0.996899 308.144318
0.996810 0.008559 -0.079361 70.710808 -0.007845 0.999926 0.009299 -3.847475 0.079434 -0.008646 0.996803 309.177917
0.996770 0.002794 -0.080264 70.621712 -0.002217 0.999970 0.007284 -3.859243 0.080283 -0.007082 0.996747 310.196625
0.996617 0.002335 -0.082152 70.538712 -0.001865 0.999981 0.005803 -3.860235 0.082165 -0.005630 0.996604 311.223389
0.996323 0.004759 -0.085553 70.456429 -0.004622 0.999987 0.001794 -3.860487 0.085561 -0.001392 0.996333 312.249542
0.996150 0.000841 -0.087671 70.369911 -0.000500 0.999991 0.003910 -3.858961 0.087674 -0.003851 0.996142 313.261566
0.995811 0.005647 -0.091266 70.272911 -0.004488 0.999906 0.012894 -3.864742 0.091331 -0.012430 0.995743 314.294617
0.995568 0.010342 -0.093476 70.154121 -0.008565 0.999775 0.019389 -3.859901 0.093656 -0.018502 0.995433 315.319946
0.995195 0.010759 -0.097326 70.065285 -0.008961 0.999781 0.018890 -3.847256 0.097508 -0.017928 0.995074 316.337921
0.994834 0.008290 -0.101174 69.974083 -0.006893 0.999876 0.014154 -3.844156 0.101280 -0.013384 0.994768 317.349915
0.994537 0.003078 -0.104344 69.869934 -0.002508 0.999981 0.005598 -3.847534 0.104360 -0.005306 0.994526 318.349854
0.994197 -0.000627 -0.107574 69.760391 0.000532 0.999999 -0.000906 -3.857446 0.107575 0.000844 0.994197 319.350006
0.993844 -0.002816 -0.110754 69.646271 0.002803 0.999995 -0.000278 -3.865306 0.110755 -0.000035 0.993849 320.349670
0.993400 -0.003825 -0.114643 69.524918 0.004113 0.999988 0.002277 -3.877679 0.114634 -0.002734 0.993405 321.350830
0.992765 -0.004196 -0.119998 69.401649 0.003925 0.999989 -0.002494 -3.880620 0.120007 0.002005 0.992771 322.348297
0.992180 -0.005637 -0.124686 69.271126 0.004726 0.999960 -0.007600 -3.893807 0.124725 0.006952 0.992167 323.344818
0.991675 -0.001619 -0.128760 69.131744 0.000767 0.999977 -0.006674 -3.911590 0.128768 0.006520 0.991654 324.331116
0.991077 -0.000160 -0.133296 68.978302 0.000326 0.999998 0.001222 -3.927189 0.133296 -0.001255 0.991076 325.344940
0.990362 0.003516 -0.138465 68.828087 -0.003012 0.999988 0.003849 -3.938758 0.138477 -0.003394 0.990361 326.349762
0.989769 0.005098 -0.142586 68.668198 -0.004425 0.999978 0.005030 -3.937258 0.142609 -0.004348 0.989769 327.338379
0.989182 0.007790 -0.146490 68.514519 -0.007287 0.999965 0.003965 -3.948079 0.146517 -0.002855 0.989204 328.326202
0.988468 0.017796 -0.150385 68.372131 -0.017234 0.999838 0.005040 -3.947820 0.150451 -0.002391 0.988615 329.310181
0.988283 0.029132 -0.149835 68.173164 -0.028907 0.999575 0.003678 -3.946921 0.149879 0.000696 0.988705 330.297485
0.987988 0.038180 -0.149740 67.997154 -0.037769 0.999270 0.005584 -3.958030 0.149846 0.000139 0.988710 331.277161
0.987865 0.043649 -0.149056 67.838837 -0.043946 0.999032 0.001298 -3.972575 0.148970 0.005268 0.988829 332.252563
0.988042 0.046004 -0.147166 67.673981 -0.046770 0.998903 -0.001752 -3.980388 0.146925 0.008614 0.989110 333.239929
0.988355 0.047142 -0.144687 67.523026 -0.048200 0.998830 -0.003812 -3.996641 0.144338 0.010741 0.989470 334.233704
0.988730 0.048929 -0.141486 67.385742 -0.049398 0.998779 0.000205 -4.006781 0.141324 0.006787 0.989941 335.232361
0.989520 0.046457 -0.136721 67.258301 -0.046542 0.998913 0.002575 -4.014428 0.136692 0.003816 0.990607 336.216400
0.990307 0.047708 -0.130454 67.124603 -0.047264 0.998861 0.006494 -4.015430 0.130615 -0.000264 0.991434 337.212006
0.990995 0.050562 -0.123991 66.994034 -0.049602 0.998710 0.010816 -4.016391 0.124379 -0.004568 0.992225 338.214478
0.991280 0.057856 -0.118392 66.865341 -0.056699 0.998305 0.013110 -4.018481 0.118950 -0.006283 0.992880 339.219574
0.991684 0.061309 -0.113164 66.738884 -0.060855 0.998119 0.007457 -4.015679 0.113408 -0.000509 0.993549 340.230560
0.992131 0.063010 -0.108195 66.619072 -0.063448 0.997984 -0.000614 -4.017566 0.107938 0.007473 0.994130 341.244537
0.992714 0.064560 -0.101745 66.481133 -0.065415 0.997845 -0.005093 -4.037026 0.101198 0.011712 0.994798 342.260986
0.993595 0.059791 -0.095895 66.372208 -0.060366 0.998171 -0.003108 -4.040636 0.095535 0.008877 0.995387 343.276337
0.994242 0.055077 -0.091926 66.279465 -0.055164 0.998476 0.001599 -4.057381 0.091875 0.003481 0.995764 344.304321
0.994949 0.047600 -0.088386 66.189545 -0.047643 0.998863 0.001615 -4.076079 0.088363 0.002605 0.996085 345.332397
0.995245 0.045420 -0.086165 66.096367 -0.045793 0.998948 -0.002367 -4.083685 0.085968 0.006302 0.996279 346.371887
0.995424 0.047989 -0.082639 66.000145 -0.048404 0.998822 -0.003018 -4.081869 0.082397 0.007004 0.996576 347.400970
0.995678 0.049844 -0.078361 65.903763 -0.050060 0.998745 -0.000794 -4.098208 0.078224 0.004714 0.996925 348.432434
0.995728 0.053853 -0.075018 65.818329 -0.054235 0.998523 -0.003076 -4.115985 0.074742 0.007132 0.997178 349.453674
0.995678 0.057907 -0.072617 65.730827 -0.058534 0.998264 -0.006536 -4.125042 0.072113 0.010758 0.997339 350.477936
0.995874 0.056606 -0.070937 65.648087 -0.056961 0.998371 -0.003004 -4.125755 0.070651 0.007032 0.997477 351.514923
0.996070 0.054111 -0.070130 65.580902 -0.053954 0.998534 0.004110 -4.123829 0.070250 -0.000309 0.997530 352.547791
0.996106 0.055391 -0.068596 65.496017 -0.055042 0.998459 0.006965 -4.141791 0.068877 -0.003162 0.997620 353.566284
0.996087 0.057240 -0.067347 65.404671 -0.057344 0.998354 0.000379 -4.142932 0.067258 0.003485 0.997730 354.575134
0.996164 0.056964 -0.066438 65.315529 -0.057568 0.998315 -0.007209 -4.157938 0.065916 0.011007 0.997765 355.588501
0.996317 0.054906 -0.065871 65.241608 -0.055550 0.998423 -0.007992 -4.178656 0.065330 0.011621 0.997797 356.595886
0.996529 0.052384 -0.064701 65.168243 -0.052635 0.998611 -0.002185 -4.199391 0.064497 0.005583 0.997903 357.617188
0.996777 0.048662 -0.063792 65.100868 -0.048692 0.998813 0.001061 -4.216050 0.063769 0.002049 0.997963 358.624969
0.996984 0.045065 -0.063189 65.020958 -0.045251 0.998974 -0.001513 -4.221259 0.063056 0.004368 0.998000 359.636169
0.997124 0.043898 -0.061791 64.943527 -0.044064 0.999027 -0.001332 -4.231064 0.061673 0.004051 0.998088 360.620087
0.997166 0.043481 -0.061398 64.885635 -0.043369 0.999053 0.003154 -4.247495 0.061478 -0.000482 0.998108 361.618378
0.997208 0.043062 -0.061007 64.828133 -0.042675 0.999059 0.007639 -4.259439 0.061279 -0.005014 0.998108 362.616730
0.997291 0.042500 -0.060038 64.767570 -0.042293 0.999094 0.004701 -4.288796 0.060184 -0.002149 0.998185 363.582031
0.997528 0.039605 -0.058045 64.677094 -0.039637 0.999213 0.000609 -4.285789 0.058024 0.001694 0.998314 364.559601
0.997773 0.035183 -0.056661 64.607033 -0.035333 0.999374 -0.001655 -4.288252 0.056568 0.003653 0.998392 365.516174
0.998009 0.032320 -0.054161 64.536987 -0.032487 0.999469 -0.002214 -4.294288 0.054061 0.003970 0.998530 366.450714
0.998208 0.031256 -0.051032 64.480713 -0.031488 0.999496 -0.003744 -4.307655 0.050889 0.005344 0.998690 367.363342
0.998201 0.037075 -0.047137 64.421646 -0.037279 0.999299 -0.003453 -4.320922 0.046977 0.005205 0.998883 368.265106
0.998286 0.040859 -0.041915 64.360855 -0.040978 0.999157 -0.001973 -4.334200 0.041800 0.003688 0.999120 369.166473
0.998289 0.045389 -0.036876 64.319344 -0.045519 0.998959 -0.002684 -4.351217 0.036717 0.004358 0.999317 370.044250
0.998393 0.047556 -0.030834 64.279419 -0.047811 0.998827 -0.007635 -4.365875 0.030436 0.009097 0.999496 370.908844
0.998540 0.047771 -0.025230 64.253845 -0.048038 0.998794 -0.010095 -4.390489 0.024719 0.011292 0.999631 371.752106
0.998719 0.046458 -0.020079 64.240311 -0.046614 0.998886 -0.007341 -4.408399 0.019715 0.008268 0.999772 372.587494
0.998985 0.043067 -0.013292 64.216743 -0.043080 0.999071 -0.000720 -4.418499 0.013249 0.001292 0.999912 373.408356
0.999225 0.038363 -0.008939 64.226990 -0.038300 0.999241 0.007065 -4.430606 0.009204 -0.006717 0.999936 374.212494
0.999397 0.034283 -0.005675 64.233444 -0.034230 0.999373 0.009026 -4.449881 0.005982 -0.008826 0.999944 374.994476
0.999369 0.035339 -0.003720 64.227844 -0.035321 0.999364 0.004717 -4.459872 0.003885 -0.004582 0.999983 375.745087
0.999398 0.034595 -0.002614 64.221756 -0.034595 0.999401 -0.000493 -4.470096 0.002596 0.000583 0.999996 376.470154
0.999534 0.030427 -0.002720 64.226845 -0.030437 0.999528 -0.004050 -4.474777 0.002596 0.004131 0.999989 377.173645
0.999690 0.024690 -0.003199 64.241325 -0.024712 0.999666 -0.007529 -4.491645 0.003013 0.007606 0.999967 377.868988
0.999700 0.024105 -0.004347 64.249680 -0.024160 0.999623 -0.013063 -4.514089 0.004031 0.013164 0.999905 378.552124
0.999666 0.025371 -0.005027 64.230064 -0.025457 0.999515 -0.017944 -4.535026 0.004570 0.018067 0.999827 379.228973
0.999642 0.025703 -0.007521 64.220947 -0.025853 0.999453 -0.020631 -4.527211 0.006987 0.020818 0.999759 379.916718
0.999714 0.020986 -0.011434 64.226624 -0.021177 0.999635 -0.016764 -4.535811 0.011079 0.017001 0.999795 380.611755
0.999761 0.016309 -0.014570 64.206253 -0.016434 0.999828 -0.008546 -4.556599 0.014429 0.008783 0.999857 381.293396
0.999690 0.012519 -0.021533 64.207352 -0.012605 0.999913 -0.003913 -4.569172 0.021483 0.004184 0.999760 381.980957
0.999496 0.010567 -0.029937 64.176788 -0.010730 0.999928 -0.005302 -4.580336 0.029879 0.005620 0.999539 382.645996
0.999077 0.010796 -0.041584 64.146484 -0.011104 0.999912 -0.007186 -4.597102 0.041503 0.007642 0.999109 383.319427
0.998404 0.011389 -0.055320 64.112709 -0.011946 0.999881 -0.009751 -4.599271 0.055203 0.010396 0.998422 383.983521
0.997562 0.008043 -0.069334 64.054802 -0.008819 0.999901 -0.010891 -4.617746 0.069240 0.011476 0.997534 384.640656
0.996357 0.007859 -0.084923 63.992008 -0.008740 0.999911 -0.010004 -4.623975 0.084838 0.010709 0.996338 385.310699
0.994907 0.007686 -0.100507 63.918667 -0.008646 0.999921 -0.009116 -4.629614 0.100429 0.009939 0.994895 385.980286
0.993323 0.015817 -0.114286 63.809063 -0.016815 0.999828 -0.007774 -4.637249 0.114144 0.009644 0.993418 386.655060
0.991565 0.019534 -0.128133 63.699104 -0.020721 0.999753 -0.007939 -4.645922 0.127948 0.010527 0.991725 387.349579
0.989986 0.020639 -0.139651 63.581539 -0.022286 0.999698 -0.010247 -4.652322 0.139398 0.013257 0.990148 388.048706
0.988575 0.025846 -0.148501 63.454063 -0.027839 0.999547 -0.011355 -4.667444 0.148142 0.015360 0.988847 388.764771
0.987598 0.034053 -0.153268 63.310059 -0.036734 0.999216 -0.014691 -4.675806 0.152649 0.020139 0.988076 389.481537
0.986885 0.040386 -0.156290 63.173023 -0.043626 0.998897 -0.017360 -4.689441 0.155417 0.023951 0.987559 390.215485
0.986871 0.037358 -0.157128 63.060944 -0.040523 0.999034 -0.016992 -4.700412 0.156342 0.023137 0.987432 390.967102
0.987148 0.040591 -0.154572 62.912685 -0.043127 0.998983 -0.013086 -4.702522 0.153884 0.019585 0.987895 391.759857
0.987502 0.047751 -0.150204 62.779804 -0.049131 0.998776 -0.005496 -4.717133 0.149758 0.012807 0.988640 392.551666
0.988219 0.050540 -0.144459 62.663773 -0.051162 0.998690 -0.000588 -4.730387 0.144240 0.007972 0.989511 393.342560
0.989551 0.043610 -0.137432 62.562393 -0.044770 0.998983 -0.005359 -4.741316 0.137059 0.011457 0.990497 394.152069
0.990868 0.041151 -0.128400 62.459801 -0.043234 0.998973 -0.013485 -4.757513 0.127714 0.018912 0.991632 394.976807
0.992089 0.043249 -0.117853 62.340977 -0.045652 0.998799 -0.017762 -4.761698 0.116944 0.023001 0.992872 395.828827
0.993145 0.044920 -0.107920 62.242817 -0.046871 0.998778 -0.015619 -4.774980 0.107087 0.020570 0.994037 396.703796
0.994300 0.045946 -0.096214 62.152283 -0.047194 0.998828 -0.010719 -4.795683 0.095609 0.015199 0.995304 397.594177
0.995408 0.047440 -0.083150 62.068256 -0.048357 0.998789 -0.009044 -4.815093 0.082621 0.013024 0.996497 398.493195
0.996258 0.048735 -0.071384 61.999840 -0.049954 0.998632 -0.015393 -4.826934 0.070538 0.018901 0.997331 399.399658
0.996998 0.046219 -0.062123 61.957024 -0.047771 0.998576 -0.023728 -4.851348 0.060939 0.026625 0.997787 400.317719
0.997637 0.042179 -0.054237 61.916172 -0.043850 0.998587 -0.029983 -4.879193 0.052897 0.032291 0.998079 401.246613
0.998066 0.040050 -0.047543 61.873817 -0.041505 0.998688 -0.030001 -4.903963 0.046279 0.031916 0.998419 402.194855
0.998389 0.037817 -0.042319 61.843258 -0.038872 0.998946 -0.024397 -4.937052 0.041352 0.026002 0.998807 403.161407
0.998715 0.034285 -0.037341 61.816322 -0.034998 0.999214 -0.018609 -4.966694 0.036674 0.019892 0.999130 404.144043
0.998986 0.032217 -0.031486 61.780823 -0.032710 0.999347 -0.015269 -4.990576 0.030974 0.016284 0.999388 405.131683
0.999112 0.031087 -0.028428 61.756226 -0.031557 0.999369 -0.016242 -5.013109 0.027905 0.017125 0.999465 406.133362
0.999141 0.029626 -0.028989 61.741390 -0.030136 0.999395 -0.017329 -5.043937 0.028458 0.018188 0.999430 407.152313
0.999310 0.024203 -0.028192 61.656200 -0.024691 0.999549 -0.017086 -5.034809 0.027768 0.017770 0.999457 408.235168
0.999300 0.022900 -0.029587 61.617352 -0.023312 0.999634 -0.013699 -5.055880 0.029263 0.014379 0.999469 409.284576
0.999158 0.024275 -0.033108 61.599964 -0.024697 0.999617 -0.012426 -5.083140 0.032795 0.013233 0.999375 410.336884
0.999011 0.026233 -0.035911 61.540741 -0.026777 0.999533 -0.014730 -5.097543 0.035508 0.015677 0.999247 411.421082
0.998824 0.023464 -0.042447 61.535439 -0.024065 0.999616 -0.013713 -5.119345 0.042110 0.014718 0.999005 412.498047
0.998717 0.020068 -0.046505 61.485634 -0.020535 0.999743 -0.009581 -5.143863 0.046301 0.010524 0.998873 413.590088
0.998662 0.016754 -0.048950 61.415123 -0.017236 0.999807 -0.009469 -5.164773 0.048783 0.010300 0.998757 414.666962
0.998459 0.013266 -0.053891 61.366188 -0.014086 0.999790 -0.014856 -5.192873 0.053684 0.015592 0.998437 415.747040
0.998277 0.009558 -0.057902 61.303360 -0.010777 0.999726 -0.020787 -5.223351 0.057688 0.021375 0.998106 416.833435
0.998027 0.009914 -0.062010 61.244976 -0.011123 0.999753 -0.019205 -5.257812 0.061804 0.019858 0.997891 417.912201
0.997848 0.012322 -0.064402 61.167931 -0.013133 0.999839 -0.012186 -5.288690 0.064243 0.013005 0.997850 419.004852
0.997691 0.015884 -0.066032 61.088718 -0.016252 0.999855 -0.005036 -5.309251 0.065943 0.006098 0.997805 420.078674
0.997512 0.018344 -0.068073 61.012627 -0.018737 0.999810 -0.005153 -5.327767 0.067966 0.006416 0.997668 421.170990
0.997344 0.019060 -0.070301 60.937088 -0.019675 0.999773 -0.008064 -5.349183 0.070132 0.009426 0.997493 422.243988
0.997180 0.020241 -0.072280 60.854729 -0.020906 0.999745 -0.008457 -5.374399 0.072091 0.009944 0.997349 423.320892
0.997043 0.020765 -0.073995 60.770988 -0.021393 0.999741 -0.007705 -5.396286 0.073817 0.009265 0.997229 424.393097
0.996840 0.022804 -0.076099 60.692921 -0.023738 0.999653 -0.011396 -5.417144 0.075812 0.013166 0.997035 425.458618
0.996709 0.023588 -0.077566 60.623737 -0.024942 0.999552 -0.016536 -5.438527 0.077142 0.018417 0.996851 426.511047
0.996742 0.022562 -0.077442 60.536938 -0.023973 0.999562 -0.017334 -5.459781 0.077017 0.019134 0.996846 427.571381
0.996774 0.021538 -0.077317 60.450367 -0.023004 0.999571 -0.018131 -5.481868 0.076894 0.019851 0.996842 428.630737
0.996785 0.020746 -0.077406 60.371609 -0.021675 0.999702 -0.011178 -5.510995 0.077152 0.012820 0.996937 429.693146
0.996795 0.020450 -0.077356 60.278896 -0.020935 0.999765 -0.005464 -5.531299 0.077226 0.007066 0.996989 430.767395
0.996879 0.018416 -0.076767 60.195477 -0.018928 0.999803 -0.005948 -5.542398 0.076643 0.007383 0.997032 431.816833
0.996957 0.020041 -0.075332 60.092110 -0.020952 0.999716 -0.011329 -5.573262 0.075084 0.012874 0.997094 432.870697
0.996928 0.022797 -0.074933 60.010757 -0.024099 0.999573 -0.016515 -5.600618 0.074525 0.018270 0.997052 433.907684
0.996857 0.026769 -0.074568 59.917480 -0.028412 0.999374 -0.021054 -5.624378 0.073958 0.023107 0.996994 434.954193
0.996865 0.024392 -0.075271 59.855637 -0.026316 0.999348 -0.024673 -5.655636 0.074621 0.026576 0.996858 435.990540
0.996893 0.021783 -0.075699 59.788853 -0.023890 0.999348 -0.027053 -5.697150 0.075061 0.028777 0.996764 437.030792
0.997174 0.017067 -0.073161 59.685219 -0.018950 0.999504 -0.025131 -5.725290 0.072696 0.026446 0.997004 438.065613
0.997121 0.014929 -0.074348 59.626152 -0.016271 0.999714 -0.017497 -5.766188 0.074066 0.018657 0.997079 439.096588
0.997222 0.011554 -0.073590 59.545395 -0.012538 0.999837 -0.012928 -5.801737 0.073429 0.013814 0.997205 440.119904
0.997187 0.011869 -0.074007 59.485893 -0.013039 0.999796 -0.015358 -5.831056 0.073810 0.016280 0.997140 441.105988
0.997206 0.013783 -0.073423 59.406281 -0.015303 0.999678 -0.020183 -5.858870 0.073123 0.021251 0.997097 442.067322
0.997000 0.018591 -0.075145 59.327202 -0.020378 0.999525 -0.023085 -5.891322 0.074681 0.024548 0.996905 443.028503
0.996777 0.019570 -0.077805 59.239422 -0.021391 0.999515 -0.022638 -5.924040 0.077325 0.024230 0.996712 443.965698
0.996449 0.019765 -0.081842 59.156788 -0.021508 0.999558 -0.020476 -5.965404 0.081403 0.022163 0.996435 444.877777
0.995989 0.020908 -0.087008 59.065868 -0.022681 0.999553 -0.019452 -6.004449 0.086564 0.021347 0.996018 445.795776
0.995466 0.018797 -0.093247 58.983257 -0.020627 0.999612 -0.018705 -6.028642 0.092861 0.020544 0.995467 446.690643
0.994797 0.016861 -0.100474 58.895618 -0.018503 0.999709 -0.015433 -6.063182 0.100185 0.017212 0.994820 447.567200
0.994000 0.018901 -0.107737 58.803333 -0.020192 0.999736 -0.010900 -6.094142 0.107504 0.013011 0.994120 448.452057
0.993183 0.020785 -0.114698 58.693039 -0.021888 0.999725 -0.008372 -6.113266 0.114494 0.010826 0.993365 449.311310
0.992254 0.022439 -0.122185 58.593784 -0.023677 0.999682 -0.008694 -6.138607 0.121951 0.011520 0.992469 450.136902
0.991563 0.021820 -0.127781 58.459534 -0.023520 0.999653 -0.011815 -6.148579 0.127480 0.014720 0.991732 450.961121
0.990515 0.022265 -0.135594 58.367218 -0.024547 0.999583 -0.015179 -6.172427 0.135200 0.018363 0.990648 451.756653
0.989440 0.022826 -0.143139 58.247509 -0.025698 0.999503 -0.018250 -6.197422 0.142652 0.021735 0.989535 452.546936
0.988129 0.022876 -0.151915 58.124126 -0.026299 0.999442 -0.020565 -6.219467 0.151360 0.024316 0.988180 453.316833
0.986578 0.023939 -0.161529 57.998779 -0.027741 0.999387 -0.021323 -6.244657 0.160921 0.025518 0.986637 454.059570
0.984940 0.023183 -0.171336 57.867886 -0.026924 0.999445 -0.019544 -6.270117 0.170788 0.023862 0.985020 454.788147
0.983164 0.025313 -0.180969 57.732540 -0.028790 0.999447 -0.016611 -6.300014 0.180450 0.021542 0.983349 455.502777
0.981374 0.029258 -0.189868 57.597404 -0.032535 0.999369 -0.014162 -6.325186 0.189335 0.020075 0.981707 456.187836
0.979677 0.033965 -0.197689 57.451038 -0.036983 0.999248 -0.011593 -6.350231 0.197148 0.018668 0.980196 456.855377
0.978366 0.041752 -0.202627 57.304523 -0.044530 0.998966 -0.009172 -6.361316 0.202035 0.017996 0.979214 457.489502
0.977898 0.050967 -0.202780 57.166462 -0.053474 0.998545 -0.006898 -6.375211 0.202135 0.017589 0.979200 458.104858
0.978620 0.058386 -0.197220 57.044220 -0.060510 0.998156 -0.004761 -6.389556 0.196579 0.016593 0.980348 458.691437
0.980460 0.063052 -0.186341 56.932743 -0.064879 0.997886 -0.003723 -6.405511 0.185713 0.015740 0.982479 459.262421
0.983183 0.065257 -0.170565 56.844494 -0.067271 0.997716 -0.006049 -6.422849 0.169782 0.017422 0.985328 459.814667
0.986581 0.069063 -0.147949 56.763561 -0.071361 0.997397 -0.010280 -6.438077 0.146855 0.020699 0.988942 460.358215
0.990254 0.073994 -0.117993 56.700455 -0.076042 0.997020 -0.012947 -6.449301 0.116684 0.021794 0.992930 460.894348
0.993766 0.076677 -0.080944 56.674023 -0.078013 0.996861 -0.013462 -6.465468 0.079658 0.019693 0.996628 461.419312
0.996410 0.076672 -0.035911 56.678654 -0.077245 0.996901 -0.014849 -6.483706 0.034662 0.017570 0.999246 461.930084
0.997152 0.073666 0.016209 56.713501 -0.073373 0.997143 -0.017942 -6.506309 -0.017484 0.016702 0.999708 462.421295
0.994541 0.074578 0.072991 56.773830 -0.073129 0.997072 -0.022322 -6.535098 -0.074441 0.016863 0.997083 462.904694
0.987908 0.077172 0.134470 56.865124 -0.074132 0.996869 -0.027478 -6.558660 -0.136169 0.017177 0.990538 463.373718
0.977328 0.071774 0.199195 56.998917 -0.066763 0.997262 -0.031765 -6.582192 -0.200930 0.017746 0.979445 463.828613
0.961977 0.060394 0.266371 57.166084 -0.052833 0.997972 -0.035467 -6.608361 -0.267972 0.020045 0.963219 464.264496
0.940666 0.053133 0.335149 57.360168 -0.042338 0.998324 -0.039438 -6.627006 -0.336683 0.022908 0.941340 464.683319
0.913456 0.048481 0.404042 57.577312 -0.033627 0.998474 -0.043782 -6.652608 -0.405547 0.026406 0.913693 465.075592
0.881170 0.048058 0.470352 57.814831 -0.030683 0.998535 -0.044543 -6.687809 -0.471803 0.024818 0.881355 465.435791
0.845334 0.041722 0.532607 58.088745 -0.022200 0.998827 -0.043009 -6.706722 -0.533777 0.024532 0.845269 465.780731
0.805998 0.035344 0.590862 58.384338 -0.015323 0.999126 -0.038863 -6.734654 -0.591720 0.022271 0.805837 466.107239
0.762181 0.027381 0.646785 58.700893 -0.006168 0.999366 -0.035038 -6.753484 -0.647335 0.022717 0.761868 466.411285
0.714935 0.020077 0.698904 59.033447 0.001639 0.999537 -0.030390 -6.776328 -0.699190 0.022873 0.714570 466.692383
0.666615 0.015794 0.745235 59.383392 0.009035 0.999531 -0.029265 -6.795108 -0.745348 0.026241 0.666160 466.929413
0.614713 0.013119 0.788643 59.749069 0.017632 0.999383 -0.030368 -6.808733 -0.788554 0.032573 0.614103 467.151886
0.560633 0.010715 0.827996 60.122860 0.023594 0.999304 -0.028906 -6.826141 -0.827729 0.035741 0.559990 467.349548
0.505576 0.007936 0.862746 60.504753 0.023574 0.999457 -0.023008 -6.844651 -0.862460 0.031971 0.505115 467.527374
0.448563 0.007268 0.893722 60.897579 0.019498 0.999648 -0.017915 -6.855758 -0.893539 0.025462 0.448265 467.691895
0.390249 0.010340 0.920652 61.302284 0.017191 0.999680 -0.018514 -6.863878 -0.920549 0.023052 0.389947 467.842834
0.334376 0.010930 0.942376 61.725872 0.026264 0.999436 -0.020911 -6.875526 -0.942074 0.031742 0.333901 467.948212
0.284918 0.009323 0.958508 62.167767 0.037653 0.999072 -0.020910 -6.897030 -0.957813 0.042049 0.284303 467.992035
0.238150 0.011302 0.971163 62.630196 0.040846 0.998930 -0.021640 -6.913755 -0.970369 0.044823 0.237435 468.072571
0.195628 0.016429 0.980542 63.103561 0.036468 0.999045 -0.024015 -6.925547 -0.980000 0.040456 0.194843 468.153320
0.157015 0.022618 0.987338 63.592278 0.031340 0.999120 -0.027871 -6.931086 -0.987100 0.035319 0.156169 468.224243
0.123349 0.025473 0.992036 64.094208 0.030494 0.999100 -0.029446 -6.937118 -0.991895 0.033884 0.122461 468.281342
0.097698 0.023657 0.994936 64.622795 0.035793 0.998986 -0.027269 -6.954496 -0.994573 0.038276 0.096753 468.301910
0.077772 0.023412 0.996697 65.159851 0.040622 0.998819 -0.026631 -6.973655 -0.996143 0.042559 0.076731 468.323517
0.063456 0.024389 0.997687 65.705162 0.045704 0.998580 -0.027318 -6.989173 -0.996938 0.047333 0.062252 468.345276
0.057254 0.024613 0.998056 66.273956 0.048478 0.998448 -0.027402 -7.001007 -0.997182 0.049953 0.055972 468.365051
0.057639 0.023347 0.998065 66.861351 0.048260 0.998492 -0.026144 -7.014910 -0.997171 0.049674 0.056427 468.388824
0.060187 0.021582 0.997955 67.462128 0.046849 0.998603 -0.024421 -7.031519 -0.997088 0.048223 0.059093 468.426025
0.062891 0.019469 0.997831 68.082336 0.045025 0.998736 -0.022324 -7.056400 -0.997005 0.046331 0.061937 468.468323
0.065436 0.018646 0.997683 68.711517 0.047201 0.998648 -0.021760 -7.081185 -0.996740 0.048514 0.064468 468.509430
0.068336 0.019170 0.997478 69.360161 0.047064 0.998640 -0.022416 -7.099281 -0.996552 0.048478 0.067341 468.549957
0.070321 0.019089 0.997342 70.023247 0.047752 0.998605 -0.022479 -7.113400 -0.996382 0.049207 0.069311 468.603485
0.072600 0.018022 0.997199 70.703239 0.047354 0.998646 -0.021496 -7.133060 -0.996237 0.048782 0.071649 468.662994
0.075811 0.019575 0.996930 71.403900 0.047758 0.998588 -0.023239 -7.153619 -0.995978 0.049373 0.074770 468.712219
0.077782 0.023501 0.996694 72.122452 0.046011 0.998572 -0.027136 -7.178714 -0.995909 0.047970 0.076590 468.786682
0.080034 0.029011 0.996370 72.838158 0.046485 0.998380 -0.032803 -7.208301 -0.995708 0.048943 0.078556 468.850372
0.081951 0.033216 0.996083 73.570267 0.044428 0.998328 -0.036946 -7.230954 -0.995646 0.047281 0.080339 468.921326
0.083623 0.030980 0.996017 74.324684 0.042177 0.998510 -0.034599 -7.257470 -0.995605 0.044903 0.082192 468.990692
0.084804 0.025986 0.996059 75.106339 0.038652 0.998821 -0.029349 -7.285921 -0.995648 0.040988 0.083701 469.067719
0.086671 0.020048 0.996036 75.904907 0.037641 0.999017 -0.023384 -7.313825 -0.995525 0.039518 0.085832 469.139343
0.088617 0.019962 0.995866 76.715019 0.037541 0.999021 -0.023366 -7.332336 -0.995359 0.039458 0.087783 469.210327
0.090068 0.020327 0.995729 77.539436 0.036735 0.999043 -0.023717 -7.350736 -0.995258 0.038715 0.089235 469.288391
0.091364 0.018396 0.995648 78.371880 0.036929 0.999078 -0.021848 -7.372565 -0.995133 0.038764 0.090601 469.370209
0.092199 0.014794 0.995631 79.221634 0.039598 0.999044 -0.018511 -7.398988 -0.994953 0.041132 0.091526 469.453857
0.093495 0.013106 0.995533 80.075363 0.041959 0.998973 -0.017092 -7.418867 -0.994736 0.043370 0.092850 469.523346
0.093945 0.016417 0.995443 80.941025 0.042549 0.998884 -0.020489 -7.448318 -0.994668 0.044281 0.093143 469.603027
0.094915 0.025882 0.995149 81.817749 0.038527 0.998817 -0.029651 -7.478300 -0.994740 0.041155 0.093807 469.683624
0.094668 0.035638 0.994871 82.695732 0.037406 0.998525 -0.039328 -7.509350 -0.994806 0.040938 0.093196 469.765350
0.093653 0.039070 0.994838 83.597679 0.035628 0.998457 -0.042566 -7.539591 -0.994968 0.039431 0.092117 469.844849
0.091146 0.033599 0.995271 84.521652 0.032008 0.998815 -0.036650 -7.590329 -0.995324 0.035197 0.089963 469.931824
0.087581 0.025594 0.995829 85.448189 0.027816 0.999216 -0.028128 -7.635897 -0.995769 0.030164 0.086801 470.026031
0.083921 0.019725 0.996277 86.386017 0.028710 0.999341 -0.022204 -7.664819 -0.996059 0.030467 0.083301 470.119446
0.081028 0.017638 0.996556 87.313522 0.031594 0.999295 -0.020255 -7.701159 -0.996212 0.033127 0.080414 470.197998
0.078824 0.017866 0.996729 88.256065 0.033242 0.999236 -0.020540 -7.726985 -0.996335 0.034753 0.078170 470.274536
0.077284 0.020181 0.996806 89.195709 0.037470 0.999030 -0.023130 -7.757642 -0.996305 0.039138 0.076453 470.346619
0.076943 0.020119 0.996832 90.142921 0.039039 0.998968 -0.023175 -7.784427 -0.996271 0.040699 0.076079 470.422363
0.077119 0.019675 0.996828 91.100563 0.035332 0.999123 -0.022453 -7.815473 -0.996396 0.036952 0.076356 470.508972
0.077614 0.018782 0.996807 92.044487 0.032514 0.999242 -0.021359 -7.851940 -0.996453 0.034068 0.076945 470.586365
0.077073 0.019238 0.996840 93.022652 0.030931 0.999286 -0.021676 -7.875616 -0.996546 0.032504 0.076424 470.680176
0.077833 0.017894 0.996806 93.993370 0.029066 0.999373 -0.020209 -7.901990 -0.996543 0.030546 0.077264 470.762115
0.077882 0.018481 0.996791 94.974678 0.026114 0.999447 -0.020570 -7.941625 -0.996621 0.027632 0.077357 470.852081
0.077988 0.021666 0.996720 95.955055 0.025297 0.999399 -0.023703 -7.973109 -0.996633 0.027063 0.077394 470.940247
0.076074 0.025122 0.996786 96.930084 0.024930 0.999321 -0.027089 -8.006733 -0.996791 0.026911 0.075396 471.051270
0.076653 0.024603 0.996755 97.900948 0.024005 0.999360 -0.026513 -8.046854 -0.996770 0.025960 0.076014 471.124908
0.077368 0.023513 0.996726 98.885017 0.026210 0.999327 -0.025609 -8.088881 -0.996658 0.028106 0.076700 471.197235
0.076577 0.019938 0.996864 99.865196 0.025777 0.999426 -0.021968 -8.124393 -0.996731 0.027378 0.076020 471.289673
0.075977 0.015064 0.996996 100.858070 0.028575 0.999442 -0.017278 -8.163197 -0.996701 0.029802 0.075505 471.366577
0.076175 0.008654 0.997058 101.834541 0.029656 0.999500 -0.010940 -8.197528 -0.996654 0.030402 0.075881 471.437286
0.075223 0.007063 0.997142 102.818703 0.028887 0.999540 -0.009259 -8.221311 -0.996749 0.029501 0.074985 471.515198
0.073676 0.008195 0.997249 103.800537 0.027304 0.999574 -0.010231 -8.240788 -0.996909 0.027984 0.073422 471.596802
0.072199 0.012027 0.997318 104.775574 0.028216 0.999502 -0.014096 -8.262128 -0.996991 0.029158 0.071825 471.666992
0.070235 0.014423 0.997427 105.752930 0.030658 0.999392 -0.016610 -8.291862 -0.997059 0.031746 0.069751 471.739471
0.068425 0.015405 0.997538 106.727409 0.031945 0.999334 -0.017623 -8.315972 -0.997145 0.033071 0.067888 471.811829
0.067503 0.013096 0.997634 107.713608 0.036491 0.999212 -0.015585 -8.345630 -0.997052 0.037457 0.066972 471.874451
0.066590 0.010557 0.997725 108.705452 0.040031 0.999111 -0.013243 -8.370814 -0.996977 0.040822 0.066110 471.956482
0.066825 0.011516 0.997699 109.668892 0.040418 0.999081 -0.014238 -8.396937 -0.996946 0.041277 0.066299 472.026031
0.066591 0.017231 0.997631 110.661438 0.039049 0.999039 -0.019862 -8.412042 -0.997017 0.040278 0.065855 472.125366
0.065984 0.023818 0.997536 111.636955 0.035296 0.999033 -0.026189 -8.445239 -0.997196 0.036937 0.065079 472.224579
0.066467 0.031310 0.997298 112.589409 0.029334 0.999014 -0.033319 -8.490609 -0.997358 0.031470 0.065484 472.301270
0.066380 0.033566 0.997230 113.545769 0.028060 0.998976 -0.035492 -8.524920 -0.997400 0.030339 0.065370 472.383148
0.066651 0.030813 0.997301 114.511223 0.030308 0.998999 -0.032891 -8.510011 -0.997316 0.032418 0.065652 472.454407
0.066440 0.020739 0.997576 115.462906 0.028631 0.999333 -0.022682 -8.547057 -0.997380 0.030068 0.065802 472.532990
0.065987 0.012465 0.997743 116.419159 0.031640 0.999392 -0.014577 -8.584311 -0.997319 0.032530 0.065554 472.606232
0.066929 0.013881 0.997662 117.374496 0.035173 0.999249 -0.016262 -8.616808 -0.997138 0.036179 0.066391 472.672272
0.067644 0.016590 0.997572 118.309830 0.038836 0.999059 -0.019247 -8.644351 -0.996954 0.040043 0.066937 472.726654
0.068440 0.022200 0.997408 119.249908 0.038234 0.998959 -0.024858 -8.678233 -0.996922 0.039837 0.067522 472.789429
0.069447 0.027307 0.997213 120.177979 0.035694 0.998917 -0.029839 -8.712076 -0.996947 0.037667 0.068397 472.857483
0.070247 0.031976 0.997017 121.105797 0.033697 0.998839 -0.034408 -8.750541 -0.996960 0.036015 0.069088 472.926331
0.071479 0.035088 0.996825 122.027641 0.031841 0.998791 -0.037441 -8.795426 -0.996934 0.034417 0.070276 472.990570
0.072854 0.035701 0.996704 122.942345 0.028067 0.998889 -0.037831 -8.839202 -0.996947 0.030732 0.071772 473.068634
0.075292 0.033557 0.996597 123.863319 0.025072 0.999053 -0.035534 -8.877868 -0.996847 0.027661 0.074380 473.149902
0.080739 0.027300 0.996362 124.784554 0.024923 0.999256 -0.029398 -8.915099 -0.996424 0.027207 0.079999 473.210907
0.087361 0.020879 0.995958 125.701027 0.026707 0.999372 -0.023293 -8.955412 -0.995819 0.028634 0.086749 473.285431
0.095558 0.018091 0.995260 126.610313 0.026115 0.999444 -0.020674 -8.989438 -0.995082 0.027967 0.095033 473.369049
0.104006 0.014343 0.994473 127.512024 0.031129 0.999358 -0.017669 -9.022154 -0.994089 0.032794 0.103494 473.465820
0.114221 0.013091 0.993370 128.412369 0.032795 0.999318 -0.016940 -9.050462 -0.992914 0.034513 0.113714 473.569244
0.124876 0.015268 0.992055 129.303116 0.028142 0.999425 -0.018924 -9.082217 -0.991774 0.030282 0.124375 473.690063
0.135380 0.020089 0.990591 130.179626 0.025450 0.999393 -0.023745 -9.113303 -0.990467 0.028425 0.134787 473.823486
0.146034 0.024164 0.988985 131.058746 0.023676 0.999329 -0.027911 -9.148835 -0.988996 0.027491 0.145363 473.954834
0.155472 0.023761 0.987555 131.936447 0.020270 0.999423 -0.027237 -9.177459 -0.987633 0.024252 0.154902 474.100891
0.165070 0.018972 0.986100 132.822662 0.017166 0.999607 -0.022105 -9.201152 -0.986133 0.020577 0.164680 474.263214
0.173903 0.015383 0.984643 133.703400 0.017206 0.999677 -0.018657 -9.233794 -0.984613 0.020187 0.173582 474.438110
0.182994 0.017155 0.982965 134.568771 0.016088 0.999661 -0.020441 -9.259805 -0.982982 0.019554 0.182657 474.608002
0.190273 0.024815 0.981418 135.418076 0.014293 0.999504 -0.028043 -9.292861 -0.981628 0.019363 0.189824 474.789795
0.197279 0.027491 0.979962 136.267593 0.014727 0.999410 -0.031002 -9.328313 -0.980237 0.020549 0.196759 474.968842
0.204092 0.025147 0.978629 137.112961 0.015250 0.999467 -0.028863 -9.363211 -0.978833 0.020815 0.203601 475.157959
0.210732 0.016715 0.977401 137.982803 0.015141 0.999678 -0.020360 -9.404235 -0.977427 0.019090 0.210412 475.360779
0.218276 0.007253 0.975861 138.839890 0.017964 0.999773 -0.011448 -9.447379 -0.975722 0.020030 0.218096 475.562744
0.227621 0.010151 0.973698 139.685059 0.015882 0.999774 -0.014135 -9.468472 -0.973621 0.018681 0.227408 475.764740
0.236953 0.018339 0.971348 140.511383 0.014687 0.999639 -0.022456 -9.492475 -0.971410 0.019588 0.236599 475.977753
0.246935 0.023685 0.968743 141.341003 0.015929 0.999467 -0.028496 -9.516679 -0.968902 0.022469 0.246428 476.190857
0.257585 0.019755 0.966054 142.188416 0.018197 0.999514 -0.025291 -9.535920 -0.966084 0.024094 0.257101 476.401123
0.267738 0.011467 0.963424 143.029770 0.020593 0.999632 -0.017620 -9.568456 -0.963272 0.024557 0.267404 476.638733
0.280335 0.005288 0.959888 143.858765 0.025016 0.999604 -0.012812 -9.600308 -0.959576 0.027603 0.280093 476.875092
0.292677 0.007646 0.956181 144.680664 0.028984 0.999437 -0.016863 -9.626118 -0.955772 0.032650 0.292292 477.123596
0.303118 0.013514 0.952857 145.491501 0.033383 0.999134 -0.024790 -9.660016 -0.952368 0.039324 0.302405 477.382019
0.313290 0.019444 0.949459 146.300201 0.038392 0.998713 -0.033120 -9.691996 -0.948882 0.046828 0.312141 477.638214
0.322432 0.021991 0.946337 147.102158 0.038239 0.998611 -0.036235 -9.727846 -0.945820 0.047870 0.321144 477.912262
0.330681 0.022032 0.943486 147.903290 0.034139 0.998793 -0.035288 -9.768453 -0.943125 0.043879 0.329531 478.200256
0.337889 0.016419 0.941043 148.692657 0.034291 0.998969 -0.029742 -9.806657 -0.940562 0.042320 0.336979 478.488281
0.344658 0.009487 0.938680 149.495789 0.036546 0.999055 -0.023516 -9.839815 -0.938017 0.042411 0.343986 478.784241
0.351269 0.002897 0.936271 150.289703 0.036405 0.999196 -0.016751 -9.875916 -0.935567 0.039969 0.350881 479.080353
0.358430 0.004477 0.933546 151.073013 0.031098 0.999376 -0.016732 -9.908494 -0.933039 0.035029 0.358067 479.386353
0.365140 0.010484 0.930894 151.843567 0.031044 0.999243 -0.023430 -9.943673 -0.930435 0.037454 0.364540 479.697662
0.372923 0.015136 0.927739 152.624466 0.034569 0.998946 -0.030192 -9.972817 -0.927218 0.043330 0.372007 480.007263
0.379964 0.017551 0.924835 153.388535 0.031871 0.998978 -0.032051 -10.001702 -0.924453 0.041655 0.379017 480.324890
0.386429 0.014419 0.922207 154.157120 0.028545 0.999211 -0.027583 -10.033382 -0.921878 0.036983 0.385713 480.659729
0.393621 0.009532 0.919224 154.914963 0.030226 0.999271 -0.023306 -10.072504 -0.918776 0.036958 0.393047 480.988953
0.400648 0.011662 0.916158 155.683929 0.033435 0.999067 -0.027339 -10.106275 -0.915622 0.041585 0.399885 481.325134
0.407036 0.018076 0.913234 156.432404 0.032635 0.998878 -0.034317 -10.144420 -0.912829 0.043772 0.405990 481.670746
0.414507 0.024042 0.909729 157.185486 0.032906 0.998600 -0.041384 -10.174996 -0.909451 0.047090 0.413137 482.013885
0.422050 0.024269 0.906248 157.930496 0.031784 0.998631 -0.041545 -10.212968 -0.906016 0.046337 0.420700 482.373169
0.430287 0.022244 0.902419 158.665619 0.029313 0.998824 -0.038596 -10.257645 -0.902216 0.043061 0.429130 482.744965
0.438477 0.023030 0.898448 159.397430 0.027301 0.998868 -0.038928 -10.293166 -0.898328 0.041598 0.437353 483.121765
0.447735 0.024279 0.893837 160.126770 0.024109 0.998940 -0.039210 -10.338961 -0.893841 0.039105 0.446676 483.489258
0.456312 0.024942 0.889471 160.850891 0.023035 0.998940 -0.039829 -10.382106 -0.889522 0.038663 0.455255 483.860962
0.464890 0.023829 0.885048 161.566010 0.022303 0.999005 -0.038612 -10.421315 -0.885088 0.037689 0.463897 484.239502
0.474232 0.023360 0.880090 162.283020 0.019925 0.999107 -0.037255 -10.462348 -0.880175 0.035203 0.473344 484.617584
0.481902 0.024161 0.875893 162.978638 0.018319 0.999123 -0.037639 -10.501840 -0.876034 0.034184 0.481037 485.015045
0.490856 0.028217 0.870784 163.672104 0.017104 0.998971 -0.042012 -10.547276 -0.871072 0.035515 0.489869 485.409149
0.499815 0.033214 0.865496 164.354019 0.016988 0.998696 -0.048136 -10.587577 -0.865966 0.038762 0.498599 485.801880
0.508268 0.036600 0.860421 165.037964 0.016230 0.998512 -0.052061 -10.630616 -0.861046 0.040425 0.506918 486.205170
0.516473 0.033363 0.855654 165.712341 0.015242 0.998724 -0.048141 -10.671729 -0.856168 0.037905 0.515306 486.611786
0.524457 0.024979 0.851071 166.390717 0.015152 0.999137 -0.038663 -10.712686 -0.851303 0.033173 0.523626 487.037994
0.532249 0.014901 0.846457 167.059540 0.017363 0.999442 -0.028512 -10.753901 -0.846410 0.029873 0.531694 487.464081
0.540119 0.009623 0.841533 167.716675 0.020291 0.999495 -0.024452 -10.790112 -0.841344 0.030282 0.539652 487.884827
0.548316 0.010373 0.836208 168.351913 0.021125 0.999431 -0.026250 -10.820977 -0.836004 0.032059 0.547786 488.302887
0.555871 0.015004 0.831134 168.960129 0.019611 0.999322 -0.031156 -10.854628 -0.831037 0.033618 0.555200 488.719849
0.563499 0.018858 0.825902 169.560394 0.017480 0.999243 -0.034742 -10.883077 -0.825932 0.034014 0.562744 489.131317
0.570439 0.021885 0.821049 170.135651 0.013415 0.999263 -0.035956 -10.930934 -0.821230 0.031526 0.569726 489.537964
0.576402 0.022757 0.816850 170.698105 0.010013 0.999340 -0.034907 -10.967731 -0.817105 0.028299 0.575794 489.952423
0.581185 0.022599 0.813458 171.240479 0.008368 0.999395 -0.033743 -10.998687 -0.813729 0.026418 0.580644 490.356812
0.584806 0.023835 0.810823 171.771835 0.006275 0.999405 -0.033905 -11.026284 -0.811149 0.024916 0.584309 490.756866
0.587874 0.023962 0.808598 172.289200 0.006137 0.999400 -0.034078 -11.049685 -0.808929 0.024997 0.587375 491.118073
0.589468 0.025567 0.807387 172.790955 0.004863 0.999368 -0.035197 -11.081647 -0.807778 0.024674 0.588972 491.478180
0.591056 0.027171 0.806173 173.291458 0.003587 0.999334 -0.036311 -11.114274 -0.806622 0.024355 0.590565 491.838867
0.588796 0.031874 0.807653 173.758408 0.000495 0.999207 -0.039795 -11.145988 -0.808282 0.023831 0.588314 492.182892
0.584733 0.033334 0.810542 174.208801 -0.000344 0.999165 -0.040843 -11.186482 -0.811226 0.023604 0.584257 492.505646
0.579224 0.034253 0.814448 174.649170 -0.001562 0.999161 -0.040911 -11.209753 -0.815167 0.022425 0.578793 492.795563
0.569957 0.030758 0.821099 175.073456 -0.002312 0.999355 -0.035830 -11.238034 -0.821671 0.018523 0.569661 493.087677
0.558768 0.023871 0.828980 175.486542 -0.002076 0.999622 -0.027385 -11.266210 -0.829321 0.013581 0.558608 493.370453
0.547005 0.017836 0.836940 175.877777 0.000678 0.999763 -0.021750 -11.283160 -0.837130 0.012465 0.546863 493.616486
0.534127 0.012882 0.845306 176.246765 0.004822 0.999821 -0.018285 -11.300824 -0.845390 0.013844 0.533970 493.843414
0.520533 0.010175 0.853781 176.604355 0.009516 0.999797 -0.017716 -11.320664 -0.853788 0.017347 0.520332 494.049377
0.505158 0.010960 0.862957 176.951202 0.012745 0.999715 -0.020158 -11.335103 -0.862933 0.021181 0.504875 494.245209
0.487885 0.014882 0.872781 177.297684 0.018417 0.999456 -0.027336 -11.346305 -0.872714 0.029412 0.487347 494.426453
0.468895 0.021773 0.882986 177.642609 0.018532 0.999233 -0.034480 -11.365170 -0.883059 0.032530 0.468134 494.595825
0.446131 0.027714 0.894539 177.988708 0.016231 0.999105 -0.039048 -11.382039 -0.894821 0.031940 0.445282 494.761688
0.419025 0.031056 0.907444 178.341705 0.012529 0.999121 -0.039979 -11.393631 -0.907888 0.028121 0.418269 494.922913
0.388451 0.029504 0.920997 178.703323 0.014330 0.999173 -0.038052 -11.405301 -0.921358 0.027979 0.387709 495.061096
0.354890 0.028620 0.934471 179.065796 0.017167 0.999163 -0.037120 -11.407130 -0.934751 0.029215 0.354103 495.179657
0.319032 0.026000 0.947388 179.431259 0.022455 0.999135 -0.034982 -11.421924 -0.947478 0.032434 0.318173 495.275635
0.282172 0.022774 0.959094 179.797821 0.029315 0.999046 -0.032348 -11.435501 -0.958916 0.037244 0.281236 495.349640
0.243767 0.021071 0.969605 180.165314 0.033537 0.998982 -0.030140 -11.456542 -0.969254 0.039865 0.242812 495.415131
0.202828 0.023761 0.978927 180.526566 0.034181 0.998924 -0.031329 -11.471355 -0.978618 0.039816 0.201798 495.470642
0.159722 0.027867 0.986769 180.886032 0.029076 0.999035 -0.032919 -11.492133 -0.986734 0.033949 0.158758 495.513733
0.113782 0.032780 0.992965 181.254196 0.025655 0.999024 -0.035920 -11.504583 -0.993175 0.029562 0.112831 495.542023
0.066889 0.035969 0.997112 181.625671 0.028175 0.998883 -0.037923 -11.510661 -0.997363 0.030631 0.065802 495.531708
0.017794 0.038789 0.999089 182.009323 0.029775 0.998783 -0.039307 -11.521935 -0.999399 0.030448 0.016617 495.505310
-0.032617 0.041162 0.998620 182.393188 0.035262 0.998577 -0.040009 -11.533081 -0.998846 0.033908 -0.034022 495.449585
-0.084378 0.039948 0.995634 182.786957 0.037300 0.998621 -0.036906 -11.543903 -0.995736 0.034023 -0.085751 495.380737
-0.136751 0.034872 0.989992 183.192581 0.036005 0.998894 -0.030212 -11.559264 -0.989951 0.031513 -0.137855 495.295624
-0.190450 0.030042 0.981238 183.610718 0.032653 0.999172 -0.024253 -11.562693 -0.981154 0.027422 -0.191272 495.198425
-0.244120 0.025456 0.969412 184.022415 0.030505 0.999362 -0.018560 -11.577315 -0.969266 0.025041 -0.244740 495.069183
-0.298877 0.022296 0.954032 184.435715 0.029782 0.999457 -0.014028 -11.587398 -0.953827 0.024220 -0.299379 494.912262
-0.354361 0.018845 0.934919 184.855423 0.027611 0.999571 -0.009683 -11.599185 -0.934702 0.022383 -0.354729 494.725586
-0.409594 0.017252 0.912106 185.276260 0.026232 0.999630 -0.007127 -11.607038 -0.911892 0.021007 -0.409894 494.507507
-0.463543 0.016664 0.885918 185.695114 0.023640 0.999699 -0.006435 -11.610343 -0.885760 0.017960 -0.463798 494.252197
-0.515535 0.016010 0.856719 186.126205 0.021243 0.999757 -0.005900 -11.609397 -0.856606 0.015158 -0.515749 493.960114
-0.563697 0.014456 0.825856 186.554657 0.019768 0.999796 -0.004007 -11.611718 -0.825746 0.014067 -0.563868 493.636444
-0.606252 0.014245 0.795145 186.994949 0.020522 0.999787 -0.002265 -11.611300 -0.795008 0.014945 -0.606415 493.272125
-0.641701 0.014894 0.766811 187.429779 0.022796 0.999740 -0.000341 -11.612716 -0.766617 0.017262 -0.641873 492.871155
-0.670703 0.015053 0.741574 187.871490 0.024248 0.999704 0.001638 -11.615158 -0.741331 0.019080 -0.670868 492.447662
-0.693769 0.014952 0.720042 188.335693 0.025026 0.999680 0.003355 -11.610269 -0.719763 0.020348 -0.693922 491.982544
-0.711820 0.014960 0.702203 188.798203 0.025405 0.999666 0.004456 -11.608038 -0.701903 0.021011 -0.711963 491.497131
-0.726436 0.015817 0.687053 189.269394 0.026241 0.999644 0.004732 -11.604785 -0.686735 0.021467 -0.726592 490.986237
-0.738545 0.017394 0.673980 189.747650 0.027578 0.999609 0.004422 -11.599036 -0.673641 0.021853 -0.738736 490.456879
-0.748379 0.019624 0.662982 190.246567 0.029256 0.999566 0.003438 -11.571395 -0.662627 0.021970 -0.748627 489.878235
-0.756748 0.019936 0.653403 190.737808 0.029076 0.999571 0.003176 -11.569272 -0.653061 0.021402 -0.757004 489.294739
-0.764413 0.020352 0.644407 191.265137 0.029869 0.999546 0.003862 -11.561900 -0.644036 0.022200 -0.764674 488.680084
-0.769935 0.019941 0.637811 191.780884 0.030608 0.999515 0.005699 -11.552312 -0.637388 0.023910 -0.770172 488.046875
-0.773884 0.019705 0.633022 192.319290 0.032245 0.999444 0.008309 -11.541945 -0.632507 0.026843 -0.774089 487.396271
-0.775916 0.020356 0.630508 192.853363 0.034324 0.999360 0.009975 -11.536101 -0.629903 0.029381 -0.776118 486.733826
-0.777563 0.022588 0.628400 193.401520 0.035201 0.999351 0.007634 -11.532113 -0.627820 0.028056 -0.777853 486.055725
-0.778888 0.024511 0.626685 193.971893 0.033835 0.999423 0.002962 -11.524917 -0.626252 0.023512 -0.779268 485.358124
-0.780346 0.025161 0.624843 194.566132 0.032105 0.999484 -0.000153 -11.518144 -0.624525 0.019942 -0.780750 484.638306
-0.782199 0.023024 0.622604 195.177490 0.031277 0.999507 0.002333 -11.512630 -0.622244 0.021299 -0.782534 483.901978
-0.783125 0.020103 0.621540 195.777481 0.031315 0.999484 0.007130 -11.508721 -0.621077 0.025047 -0.783350 483.133514
-0.784625 0.018631 0.619691 196.394638 0.031413 0.999459 0.009726 -11.505284 -0.619175 0.027097 -0.784786 482.362030
-0.785835 0.018889 0.618147 197.021896 0.031778 0.999446 0.009858 -11.499167 -0.617620 0.027391 -0.786000 481.581635
-0.785704 0.020127 0.618276 197.636871 0.032999 0.999411 0.009400 -11.496697 -0.617722 0.027788 -0.785905 480.794952
-0.785665 0.022872 0.618230 198.259705 0.035643 0.999330 0.008325 -11.497465 -0.617626 0.028576 -0.785953 480.001129
-0.785870 0.025825 0.617854 198.897629 0.037715 0.999268 0.006204 -11.493131 -0.617242 0.028178 -0.786268 479.216248
-0.784646 0.027894 0.619317 199.520370 0.038800 0.999237 0.004153 -11.493932 -0.618730 0.027288 -0.785130 478.416534
-0.783031 0.029786 0.621270 200.146927 0.041065 0.999149 0.003854 -11.503646 -0.620626 0.028530 -0.783588 477.617889
-0.781810 0.030316 0.622779 200.783356 0.042350 0.999093 0.004531 -11.514712 -0.622078 0.029918 -0.782385 476.824768
-0.781054 0.029407 0.623771 201.431137 0.043015 0.999051 0.006762 -11.529498 -0.622981 0.032113 -0.781577 476.034760
-0.779523 0.029709 0.625670 202.069977 0.044599 0.998971 0.008132 -11.535854 -0.624786 0.034244 -0.780046 475.230865
-0.778185 0.030434 0.627298 202.705948 0.045950 0.998907 0.008542 -11.543489 -0.626353 0.035471 -0.778733 474.439148
-0.776601 0.030728 0.629243 203.342148 0.046381 0.998887 0.008463 -11.550151 -0.628284 0.035758 -0.777163 473.650269
-0.775833 0.031738 0.630140 204.007004 0.047666 0.998828 0.008379 -11.545472 -0.629137 0.036537 -0.776437 472.856903
-0.774354 0.031299 0.631979 204.656403 0.047482 0.998834 0.008712 -11.549680 -0.630970 0.036755 -0.774937 472.054749
-0.773445 0.033072 0.633001 205.304916 0.047885 0.998832 0.006325 -11.557829 -0.632053 0.035203 -0.774126 471.273804
-0.772550 0.035675 0.633951 205.956833 0.048626 0.998812 0.003050 -11.554067 -0.633090 0.033183 -0.773367 470.503021
-0.771770 0.035995 0.634882 206.606491 0.048059 0.998842 0.001792 -11.559910 -0.634083 0.031895 -0.772607 469.723145
-0.771575 0.034457 0.635206 207.262939 0.047811 0.998848 0.003894 -11.568805 -0.634341 0.033374 -0.772334 468.943695
-0.770723 0.031714 0.636381 207.901550 0.046517 0.998895 0.006559 -11.576167 -0.635471 0.034658 -0.771348 468.162964
-0.770737 0.030984 0.636401 208.550522 0.046190 0.998906 0.007308 -11.583442 -0.635479 0.035027 -0.771325 467.394440
-0.770450 0.031212 0.636736 209.188400 0.046200 0.998908 0.006938 -11.593429 -0.635825 0.034762 -0.771050 466.627167
-0.769441 0.030590 0.637987 209.814377 0.043746 0.999030 0.004857 -11.589898 -0.637220 0.031647 -0.770032 465.838287
-0.770334 0.030232 0.636923 210.461716 0.043427 0.999043 0.005102 -11.618120 -0.636161 0.031591 -0.770911 465.103638
-0.770106 0.030003 0.637210 211.096313 0.043621 0.999032 0.005678 -11.630612 -0.636423 0.032169 -0.770670 464.320709
-0.770708 0.029427 0.636508 211.736603 0.043358 0.999039 0.006312 -11.643436 -0.635712 0.032463 -0.771244 463.558350
-0.771445 0.029463 0.635614 212.377472 0.043927 0.999009 0.007006 -11.655649 -0.634779 0.033325 -0.771975 462.793945
-0.771819 0.029930 0.635138 213.014633 0.044508 0.998984 0.007011 -11.658151 -0.634284 0.033680 -0.772367 462.025879
-0.771977 0.031495 0.634870 213.642334 0.045243 0.998960 0.005456 -11.664845 -0.634039 0.032936 -0.772600 461.259369
-0.771988 0.031278 0.634867 214.270981 0.044394 0.999002 0.004764 -11.672746 -0.634086 0.031863 -0.772606 460.496185
-0.771885 0.029593 0.635074 214.913986 0.043990 0.999008 0.006914 -11.678647 -0.634240 0.033274 -0.772421 459.728394
-0.771512 0.025780 0.635692 215.544266 0.043028 0.999005 0.011708 -11.686992 -0.634759 0.036386 -0.771854 458.979919
-0.771085 0.023394 0.636304 216.190842 0.042474 0.998988 0.014743 -11.687040 -0.635316 0.038394 -0.771298 458.218597
-0.770526 0.022511 0.637012 216.838470 0.041858 0.999006 0.015327 -11.688609 -0.636034 0.038475 -0.770701 457.463745
-0.768603 0.023091 0.639310 217.463669 0.042871 0.998960 0.015460 -11.696111 -0.638289 0.039291 -0.768794 456.711182
-0.766557 0.023442 0.641749 218.094788 0.040898 0.999087 0.012356 -11.693028 -0.640874 0.035717 -0.766815 455.966858
-0.764651 0.025141 0.643954 218.730499 0.040645 0.999131 0.009254 -11.690658 -0.643163 0.033249 -0.765008 455.214783
-0.762760 0.024949 0.646201 219.382263 0.040616 0.999130 0.009368 -11.687198 -0.645406 0.033392 -0.763110 454.448639
-0.761756 0.024428 0.647403 220.036575 0.041046 0.999100 0.010598 -11.697766 -0.646564 0.034647 -0.762074 453.693146
-0.760200 0.027694 0.649099 220.691483 0.042764 0.999057 0.007458 -11.699433 -0.648281 0.033428 -0.760668 452.918488
-0.759349 0.031988 0.649899 221.349731 0.045790 0.998941 0.004336 -11.703176 -0.649073 0.033052 -0.760009 452.156525
-0.758402 0.030870 0.651057 222.018967 0.045578 0.998944 0.005729 -11.708543 -0.650193 0.034019 -0.759008 451.379883
-0.758532 0.028869 0.650997 222.703156 0.043807 0.999016 0.006741 -11.711352 -0.650162 0.033632 -0.759051 450.597778
-0.758954 0.026924 0.650588 223.392853 0.039552 0.999206 0.004789 -11.712337 -0.649942 0.029366 -0.759416 449.813324
-0.759867 0.024896 0.649602 224.080139 0.035484 0.999365 0.003206 -11.710566 -0.649110 0.025487 -0.760268 449.026855
-0.760235 0.021519 0.649292 224.769302 0.032582 0.999456 0.005026 -11.715288 -0.648831 0.024976 -0.760523 448.216858
-0.760825 0.018913 0.648682 225.471298 0.031379 0.999477 0.007662 -11.719581 -0.648199 0.026185 -0.761022 447.404968
-0.760902 0.018842 0.648593 226.166855 0.033646 0.999379 0.010441 -11.726537 -0.647995 0.029767 -0.761063 446.585663
-0.760779 0.020062 0.648702 226.858459 0.036544 0.999260 0.011956 -11.724484 -0.647983 0.032802 -0.760949 445.770020
-0.760184 0.021380 0.649356 227.547165 0.039155 0.999149 0.012941 -11.731310 -0.648528 0.035263 -0.760374 444.947388
-0.759562 0.023618 0.650007 228.217789 0.042100 0.999029 0.012895 -11.743400 -0.649073 0.037160 -0.759819 444.135040
-0.758999 0.024332 0.650637 228.914520 0.042040 0.999047 0.011681 -11.742888 -0.649734 0.036218 -0.759299 443.320709
-0.758270 0.022055 0.651568 229.612595 0.039764 0.999130 0.012456 -11.743680 -0.650728 0.035354 -0.758488 442.506134
-0.756950 0.022143 0.653099 230.309906 0.039413 0.999152 0.011805 -11.745639 -0.652285 0.034676 -0.757181 441.702942
-0.755626 0.022233 0.654626 231.008789 0.039060 0.999174 0.011153 -11.748292 -0.653838 0.033997 -0.755871 440.901123
-0.754456 0.022296 0.655972 231.701920 0.038673 0.999196 0.010518 -11.752818 -0.655212 0.033304 -0.754712 440.103485
-0.752593 0.022873 0.658090 232.392090 0.038880 0.999196 0.009735 -11.756297 -0.657338 0.032913 -0.752877 439.304901
-0.751517 0.024043 0.659276 233.094025 0.039131 0.999201 0.008165 -11.766226 -0.658553 0.031934 -0.751856 438.508057
-0.750281 0.025307 0.660636 233.784912 0.038505 0.999243 0.005451 -11.773276 -0.659998 0.029528 -0.750687 437.724670
-0.748977 0.026701 0.662058 234.460068 0.038004 0.999273 0.002693 -11.764781 -0.661507 0.027179 -0.749447 436.952576
-0.748334 0.025147 0.662845 235.145569 0.036581 0.999325 0.003387 -11.774796 -0.662314 0.026782 -0.748749 436.187439
-0.747550 0.022759 0.663816 235.839294 0.035329 0.999360 0.005521 -11.787333 -0.663266 0.027580 -0.747875 435.407990
-0.747966 0.019697 0.663446 236.532700 0.033121 0.999421 0.007670 -11.800096 -0.662911 0.027711 -0.748186 434.651367
-0.748138 0.018198 0.663294 237.192276 0.032944 0.999409 0.009739 -11.814826 -0.662726 0.029138 -0.748295 433.913666
-0.748280 0.018389 0.663129 237.856827 0.033479 0.999388 0.010064 -11.813884 -0.662539 0.029732 -0.748437 433.165894
-0.748839 0.018016 0.662507 238.545547 0.034776 0.999321 0.012133 -11.816185 -0.661840 0.032125 -0.748957 432.413147
-0.749622 0.016583 0.661659 239.190704 0.034740 0.999294 0.014314 -11.820802 -0.660955 0.033716 -0.749668 431.690765
-0.750909 0.016135 0.660209 239.820053 0.035488 0.999242 0.015943 -11.829175 -0.659453 0.035401 -0.750912 430.989075
-0.752781 0.016260 0.658071 240.439774 0.035412 0.999247 0.015821 -11.833449 -0.657319 0.035213 -0.752790 430.297028
-0.755584 0.018142 0.654801 241.055038 0.036452 0.999232 0.014377 -11.818533 -0.654038 0.034733 -0.755665 429.612854
-0.758366 0.018406 0.651569 241.618362 0.036283 0.999243 0.014003 -11.819979 -0.650819 0.034260 -0.758460 428.945251
-0.762247 0.020485 0.646963 242.161087 0.037082 0.999239 0.012050 -11.817936 -0.646225 0.033176 -0.762426 428.307770
-0.767041 0.020567 0.641269 242.668610 0.036899 0.999245 0.012088 -11.831384 -0.640537 0.032934 -0.767221 427.685394
-0.774344 0.021845 0.632388 243.231628 0.038519 0.999177 0.012652 -11.825452 -0.631592 0.034156 -0.774549 427.054504
-0.782126 0.022259 0.622723 243.711914 0.039246 0.999137 0.013579 -11.835275 -0.621884 0.035060 -0.782325 426.450989
-0.791546 0.023056 0.610675 244.168045 0.039056 0.999153 0.012902 -11.837851 -0.609861 0.034063 -0.791776 425.855194
-0.803213 0.023488 0.595230 244.594223 0.038081 0.999203 0.011960 -11.837636 -0.594475 0.032273 -0.803467 425.278137
-0.816707 0.026121 0.576462 244.965332 0.038973 0.999190 0.009941 -11.837520 -0.575736 0.030586 -0.817064 424.718658
-0.833700 0.023166 0.551733 245.358719 0.035386 0.999307 0.011511 -11.867855 -0.551085 0.029121 -0.833941 424.147766
-0.852157 0.024242 0.522725 245.683182 0.035494 0.999303 0.011519 -11.870729 -0.522081 0.028370 -0.852424 423.594543
-0.872664 0.024663 0.487697 245.993820 0.034811 0.999324 0.011752 -11.867559 -0.487079 0.027232 -0.872934 423.030975
-0.894598 0.027063 0.446053 246.259811 0.036098 0.999278 0.011769 -11.867970 -0.445414 0.026630 -0.894929 422.463104
-0.916896 0.028959 0.398075 246.488068 0.036869 0.999245 0.012228 -11.852020 -0.397422 0.025889 -0.917271 421.871613
-0.938212 0.028839 0.344859 246.678528 0.036935 0.999174 0.016930 -11.840964 -0.344086 0.028621 -0.938502 421.263519
-0.957718 0.028533 0.286290 246.820343 0.036553 0.999073 0.022710 -11.828790 -0.285377 0.032215 -0.957875 420.668304
-0.975099 0.028947 0.219879 246.940765 0.036010 0.998954 0.028184 -11.810347 -0.218833 0.035400 -0.975120 420.058502
-0.988525 0.029495 0.148153 247.015320 0.034722 0.998858 0.032814 -11.803972 -0.147017 0.037582 -0.988420 419.462280
-0.996781 0.031313 0.073821 247.037186 0.034008 0.998789 0.035534 -11.797585 -0.072620 0.037929 -0.996639 418.882446
-0.999421 0.034036 -0.000197 246.994705 0.034005 0.998720 0.037434 -11.778993 0.001469 0.037406 -0.999300 418.309631
-0.996646 0.036538 -0.073231 246.894638 0.033641 0.998616 0.040417 -11.768966 0.074606 0.037817 -0.996497 417.749084
-0.988362 0.038774 -0.147093 246.782837 0.032790 0.998542 0.042885 -11.747333 0.148541 0.037564 -0.988193 417.201111
-0.974450 0.042808 -0.220489 246.636124 0.033526 0.998393 0.045671 -11.724320 0.222089 0.037112 -0.974320 416.656067
-0.955344 0.045993 -0.291895 246.447998 0.033411 0.998290 0.047942 -11.684612 0.293602 0.036049 -0.955249 416.119568
-0.931897 0.049123 -0.359384 246.209137 0.033142 0.998174 0.050496 -11.648652 0.361207 0.035147 -0.931823 415.608154
-0.904461 0.053700 -0.423163 245.940704 0.033887 0.997954 0.054209 -11.611993 0.425208 0.034691 -0.904431 415.081390
-0.874596 0.055354 -0.481683 245.643127 0.030485 0.997774 0.059307 -11.579606 0.483893 0.037186 -0.874337 414.556030
-0.843588 0.057121 -0.533944 245.289444 0.027892 0.997645 0.062659 -11.523890 0.536267 0.037967 -0.843195 414.045837
-0.811752 0.057585 -0.581157 244.929092 0.023689 0.997554 0.065756 -11.494956 0.583522 0.039611 -0.811132 413.591797
-0.779034 0.058711 -0.624227 244.556870 0.020220 0.997440 0.068580 -11.470490 0.626655 0.040804 -0.778229 413.143616
-0.748402 0.057568 -0.660743 244.141144 0.014980 0.997438 0.069936 -11.429499 0.663076 0.042442 -0.747348 412.710724
-0.719005 0.058842 -0.692511 243.699844 0.012582 0.997348 0.071681 -11.385897 0.694892 0.042826 -0.717839 412.278381
-0.692089 0.058015 -0.719477 243.252869 0.006808 0.997244 0.073863 -11.342636 0.721780 0.046221 -0.690578 411.865112
-0.666193 0.057362 -0.743571 242.773438 0.000726 0.997086 0.076269 -11.303016 0.745779 0.050270 -0.664295 411.457855
-0.637334 0.055083 -0.768618 242.286423 -0.005536 0.997088 0.076046 -11.240807 0.770569 0.052722 -0.635174 411.051300
-0.607074 0.051650 -0.792966 241.777679 -0.013423 0.997076 0.075221 -11.189689 0.794532 0.056309 -0.604607 410.650299
-0.577948 0.049942 -0.814544 241.227982 -0.018750 0.997049 0.074436 -11.146269 0.815858 0.058294 -0.575307 410.281128
-0.548052 0.048405 -0.835043 240.654251 -0.022626 0.997101 0.072647 -11.095456 0.836138 0.058708 -0.545369 409.922180
-0.518683 0.046708 -0.853690 240.073227 -0.026906 0.997120 0.070902 -11.053639 0.854543 0.059746 -0.515933 409.574707
-0.490684 0.047061 -0.870066 239.466995 -0.026839 0.997249 0.069076 -11.008513 0.870924 0.057246 -0.488072 409.251709
-0.463366 0.047171 -0.884911 238.826889 -0.026725 0.997384 0.067160 -10.963104 0.885764 0.054770 -0.460894 408.937622
-0.436408 0.048444 -0.898444 238.163620 -0.026052 0.997450 0.066437 -10.921465 0.899372 0.052400 -0.434033 408.635986
-0.410271 0.048418 -0.910678 237.485901 -0.025990 0.997563 0.064747 -10.876832 0.911594 0.050233 -0.408014 408.347168
-0.384861 0.048640 -0.921693 236.784866 -0.023354 0.997777 0.062407 -10.834257 0.922680 0.045542 -0.382869 408.070984
-0.361056 0.049811 -0.931213 236.057816 -0.018751 0.997982 0.060653 -10.791346 0.932356 0.039362 -0.359394 407.808807
-0.337779 0.052413 -0.939765 235.309219 -0.011641 0.998139 0.059853 -10.745076 0.941154 0.031158 -0.336540 407.562531
-0.316558 0.056354 -0.946898 234.533493 -0.006386 0.998083 0.061536 -10.688687 0.948552 0.025527 -0.315592 407.322388
-0.296675 0.061032 -0.953027 233.733490 -0.001966 0.997914 0.064518 -10.638999 0.954977 0.021014 -0.295937 407.092590
-0.279101 0.063237 -0.958177 232.914719 -0.001011 0.997809 0.066146 -10.589991 0.960262 0.019430 -0.278427 406.866150
-0.264168 0.061291 -0.962527 232.079865 -0.002520 0.997931 0.064236 -10.539163 0.964474 0.019395 -0.263467 406.660797
-0.247667 0.057161 -0.967158 231.227554 -0.004199 0.998185 0.060070 -10.483206 0.968836 0.018939 -0.246979 406.446228
-0.230543 0.054459 -0.971538 230.355270 -0.007594 0.998301 0.057762 -10.422892 0.973032 0.020695 -0.229738 406.239960
-0.212992 0.055465 -0.975478 229.461533 -0.010550 0.998198 0.059060 -10.375134 0.976997 0.022871 -0.212025 406.042511
-0.196915 0.058225 -0.978690 228.546387 -0.008712 0.998091 0.061132 -10.327600 0.980382 0.020564 -0.196034 405.863342
-0.182326 0.058239 -0.981512 227.614914 -0.005348 0.998170 0.060221 -10.275230 0.983224 0.016229 -0.181681 405.691650
-0.171860 0.055116 -0.983578 226.659225 -0.000605 0.998427 0.056053 -10.224675 0.985121 0.010229 -0.171557 405.550659
-0.162093 0.049457 -0.985535 225.707535 0.001958 0.998757 0.049798 -10.179832 0.986773 0.006143 -0.161990 405.394470
-0.151878 0.044574 -0.987394 224.742615 0.004357 0.999003 0.044428 -10.136033 0.988390 0.002446 -0.151921 405.232147
-0.144774 0.043814 -0.988494 223.732101 0.005414 0.999038 0.043488 -10.098346 0.989451 0.000945 -0.144873 405.086487
-0.141910 0.045160 -0.988849 222.708771 0.003881 0.998976 0.045066 -10.050069 0.989872 0.002558 -0.141941 404.956421
-0.138417 0.047611 -0.989229 221.676270 0.003937 0.998862 0.047524 -10.006257 0.990366 0.002685 -0.138447 404.808685
-0.135259 0.048113 -0.989642 220.620728 0.006752 0.998841 0.047637 -9.962169 0.990788 -0.000239 -0.135428 404.687500
-0.132144 0.048002 -0.990068 219.563766 0.005125 0.998846 0.047743 -9.914535 0.991218 0.001235 -0.132238 404.546143
-0.129389 0.047420 -0.990460 218.503586 0.003822 0.998872 0.047323 -9.869061 0.991587 0.002337 -0.129424 404.394745
-0.126957 0.047666 -0.990763 217.437943 0.004929 0.998863 0.047424 -9.825268 0.991896 0.001138 -0.127048 404.260010
-0.123637 0.046355 -0.991245 216.351288 0.005142 0.998925 0.046073 -9.783872 0.992315 0.000599 -0.123743 404.122528
-0.121052 0.045163 -0.991618 215.266983 0.000775 0.998968 0.045402 -9.745845 0.992647 0.004728 -0.120962 403.978760
-0.117102 0.045198 -0.992092 214.201187 -0.001658 0.998953 0.045707 -9.702923 0.993119 0.006998 -0.116905 403.820190
-0.114686 0.046201 -0.992327 213.104004 -0.004010 0.998888 0.046970 -9.664920 0.993394 0.009366 -0.114373 403.682587
-0.111876 0.045432 -0.992684 212.014709 -0.005343 0.998912 0.046318 -9.624393 0.993708 0.010486 -0.111512 403.551849
-0.108822 0.045286 -0.993030 210.910828 -0.008083 0.998888 0.046439 -9.579301 0.994029 0.013081 -0.108336 403.423035
-0.105507 0.046099 -0.993350 209.798462 -0.010707 0.998814 0.047490 -9.537801 0.994361 0.015647 -0.104889 403.294739
-0.103565 0.046238 -0.993548 208.676270 -0.012725 0.998775 0.047807 -9.498121 0.994542 0.017594 -0.102851 403.177521
-0.101254 0.046157 -0.993790 207.557159 -0.013129 0.998774 0.047725 -9.455138 0.994774 0.017879 -0.100524 403.053284
-0.097714 0.046852 -0.994111 206.428940 -0.014643 0.998715 0.048508 -9.408444 0.995107 0.019297 -0.096904 402.917084
-0.094845 0.049594 -0.994256 205.297684 -0.016529 0.998542 0.051385 -9.363394 0.995355 0.021307 -0.093888 402.793304
-0.092042 0.049769 -0.994511 204.153595 -0.018192 0.998499 0.051653 -9.317083 0.995590 0.022847 -0.090999 402.681641
-0.088610 0.047882 -0.994916 203.026596 -0.020381 0.998547 0.049872 -9.274828 0.995858 0.024697 -0.087506 402.562653
-0.085297 0.046928 -0.995250 201.893646 -0.021248 0.998577 0.048906 -9.229649 0.996129 0.025319 -0.084179 402.451996
-0.081775 0.048734 -0.995459 200.762527 -0.022699 0.998453 0.050746 -9.195525 0.996393 0.026746 -0.080543 402.343567
-0.079801 0.048395 -0.995635 199.627640 -0.022037 0.998491 0.050301 -9.153966 0.996567 0.025955 -0.078615 402.261658
-0.077375 0.048250 -0.995834 198.505112 -0.021786 0.998508 0.050073 -9.111351 0.996764 0.025570 -0.076209 402.168579
-0.074950 0.048105 -0.996027 197.383469 -0.021534 0.998524 0.049845 -9.069035 0.996955 0.025185 -0.073804 402.078369
-0.073262 0.050014 -0.996058 196.254776 -0.023143 0.998388 0.051833 -9.031060 0.997045 0.026850 -0.071988 401.988098
-0.071640 0.051434 -0.996104 195.107101 -0.023650 0.998300 0.053248 -8.997934 0.997151 0.027372 -0.070302 401.905701
-0.070788 0.052373 -0.996116 193.982330 -0.024532 0.998226 0.054227 -8.957450 0.997190 0.028276 -0.069377 401.826874
-0.069812 0.053925 -0.996102 192.850739 -0.024179 0.998152 0.055730 -8.909698 0.997268 0.027975 -0.068379 401.760834
-0.068787 0.055529 -0.996085 191.727158 -0.022788 0.998102 0.057214 -8.858947 0.997371 0.026634 -0.067392 401.686951
-0.067760 0.057129 -0.996065 190.604675 -0.021399 0.998046 0.058699 -8.806567 0.997472 0.025293 -0.066407 401.614288
-0.067397 0.056806 -0.996109 189.486252 -0.021354 0.998066 0.058363 -8.742702 0.997498 0.025205 -0.066054 401.556549
-0.067164 0.055790 -0.996182 188.374542 -0.021668 0.998117 0.057359 -8.690698 0.997507 0.025437 -0.065829 401.498596
-0.066519 0.053217 -0.996365 187.244781 -0.023586 0.998213 0.054890 -8.628150 0.997506 0.027151 -0.065146 401.435028
-0.067671 0.051378 -0.996384 186.110184 -0.024161 0.998295 0.053118 -8.568796 0.997415 0.027668 -0.066315 401.398438
-0.068587 0.052085 -0.996285 184.996811 -0.022947 0.998289 0.053769 -8.524225 0.997382 0.026550 -0.067275 401.343079
-0.069573 0.053282 -0.996153 183.897598 -0.021783 0.998253 0.054916 -8.468204 0.997340 0.025520 -0.068292 401.284241
-0.071189 0.054734 -0.995960 182.796982 -0.020066 0.998212 0.056291 -8.421151 0.997262 0.023991 -0.069964 401.237823
-0.072648 0.055804 -0.995796 181.703094 -0.019043 0.998173 0.057327 -8.379591 0.997177 0.023128 -0.071453 401.181061
-0.074485 0.055521 -0.995675 180.617691 -0.019612 0.998174 0.057127 -8.329601 0.997030 0.023782 -0.073260 401.120056
-0.076224 0.054964 -0.995575 179.540588 -0.019929 0.998196 0.056634 -8.282699 0.996892 0.024158 -0.074992 401.054474
-0.076527 0.054782 -0.995562 178.468445 -0.021522 0.998166 0.056580 -8.233565 0.996835 0.025756 -0.075208 400.966827
-0.076791 0.054610 -0.995551 177.405945 -0.021458 0.998176 0.056409 -8.189873 0.996816 0.025694 -0.075479 400.889282
-0.077139 0.053839 -0.995566 176.335327 -0.021438 0.998219 0.055644 -8.139955 0.996790 0.025635 -0.075848 400.814819
-0.077578 0.054100 -0.995518 175.279007 -0.019050 0.998263 0.055733 -8.098603 0.996804 0.023288 -0.076413 400.747223
-0.077394 0.053843 -0.995546 174.198044 -0.018333 0.998294 0.055416 -8.050279 0.996833 0.022541 -0.076275 400.655396
-0.077262 0.053102 -0.995596 173.134537 -0.017696 0.998350 0.054623 -8.003132 0.996855 0.021838 -0.076195 400.577209
-0.076986 0.052276 -0.995661 172.080292 -0.017554 0.998398 0.053777 -7.957070 0.996878 0.021618 -0.075945 400.507629
-0.074555 0.051641 -0.995880 171.034363 -0.018188 0.998422 0.053135 -7.926116 0.997052 0.022075 -0.073499 400.405579
-0.073690 0.048654 -0.996094 169.994492 -0.017893 0.998584 0.050100 -7.890954 0.997122 0.021516 -0.072716 400.341766
-0.072550 0.045409 -0.996331 168.954956 -0.017066 0.998760 0.046762 -7.849052 0.997219 0.020396 -0.071686 400.289703
-0.069456 0.044320 -0.996600 167.926010 -0.014558 0.998861 0.045435 -7.812658 0.997479 0.017664 -0.068732 400.204803
-0.066665 0.045659 -0.996730 166.906815 -0.015288 0.998788 0.046775 -7.783956 0.997658 0.018357 -0.065887 400.128082
-0.064083 0.047200 -0.996828 165.913330 -0.012781 0.998760 0.048113 -7.751953 0.997863 0.015823 -0.063401 400.070831
-0.061563 0.049423 -0.996880 164.927933 -0.011295 0.998674 0.050210 -7.718830 0.998040 0.014351 -0.060923 400.013855
-0.059470 0.049202 -0.997018 163.957993 -0.011183 0.998689 0.049951 -7.681322 0.998168 0.014121 -0.058842 399.971802
-0.056838 0.048822 -0.997190 162.997681 -0.011213 0.998709 0.049536 -7.644246 0.998321 0.013997 -0.056218 399.934418
-0.053607 0.048590 -0.997380 162.044312 -0.010003 0.998739 0.049194 -7.620891 0.998513 0.012614 -0.053054 399.905670
-0.049931 0.048285 -0.997585 161.135101 -0.008801 0.998771 0.048784 -7.596554 0.998714 0.011216 -0.049445 399.862640
-0.047487 0.049055 -0.997667 160.234451 -0.008832 0.998733 0.049527 -7.557933 0.998833 0.011163 -0.046995 399.830353
-0.046787 0.048035 -0.997750 159.359039 -0.005941 0.998812 0.048364 -7.534164 0.998888 0.008191 -0.046446 399.797363
-0.047959 0.047004 -0.997743 158.503082 -0.001964 0.998886 0.047152 -7.508235 0.998848 0.004221 -0.047813 399.759613
-0.051994 0.045555 -0.997608 157.661453 0.000445 0.998959 0.045592 -7.471435 0.998648 0.001926 -0.051960 399.746368
-0.056298 0.047214 -0.997298 156.840118 0.002921 0.998884 0.047124 -7.447263 0.998410 -0.000260 -0.056374 399.712982
-0.062926 0.049959 -0.996768 156.038177 0.005953 0.998746 0.049682 -7.415855 0.998001 -0.002807 -0.063145 399.680023
-0.071119 0.051798 -0.996123 155.259872 0.009506 0.998640 0.051250 -7.393929 0.997423 -0.005825 -0.071516 399.626190
-0.082963 0.051277 -0.995233 154.492691 0.011459 0.998658 0.050499 -7.364175 0.996487 -0.007215 -0.083439 399.585754
-0.095076 0.050651 -0.994181 153.752502 0.013551 0.998677 0.049584 -7.343857 0.995379 -0.008758 -0.095638 399.503357
-0.108505 0.050941 -0.992790 153.043137 0.014778 0.998658 0.049627 -7.314670 0.993986 -0.009287 -0.109113 399.409119
-0.123562 0.053114 -0.990915 152.367447 0.016506 0.998538 0.051465 -7.293843 0.992200 -0.009997 -0.124258 399.310669
-0.141304 0.055641 -0.988402 151.696945 0.018484 0.998393 0.053561 -7.270356 0.989794 -0.010701 -0.142106 399.193054
-0.158995 0.058180 -0.985564 151.028717 0.020498 0.998241 0.055621 -7.245505 0.987067 -0.011358 -0.159909 399.063385
-0.188665 0.060826 -0.980157 150.439743 0.025571 0.998045 0.057013 -7.228454 0.981709 -0.014306 -0.189852 398.928070
-0.225572 0.062728 -0.972205 149.877502 0.029459 0.997907 0.057551 -7.213156 0.973782 -0.015658 -0.226948 398.777679
-0.268488 0.063715 -0.961174 149.348740 0.032123 0.997847 0.057172 -7.193540 0.962747 -0.015525 -0.269957 398.595398
-0.318020 0.064617 -0.945880 148.844360 0.034445 0.997803 0.056583 -7.176429 0.947458 -0.014587 -0.319548 398.395721
-0.371722 0.065043 -0.926063 148.375183 0.035342 0.997811 0.055895 -7.158891 0.927671 -0.011951 -0.373207 398.165192
-0.429066 0.065206 -0.900917 147.929291 0.037754 0.997814 0.054238 -7.139249 0.902484 -0.010742 -0.430590 397.915649
-0.487898 0.065935 -0.870407 147.521515 0.040654 0.997777 0.052795 -7.122330 0.871954 -0.009627 -0.489494 397.644440
-0.547824 0.069588 -0.833695 147.118073 0.047449 0.997515 0.052082 -7.103031 0.835248 -0.011026 -0.549764 397.343750
-0.607218 0.072734 -0.791200 146.742142 0.050996 0.997315 0.052544 -7.085449 0.792897 -0.008442 -0.609298 397.006805
-0.664857 0.074211 -0.743276 146.399017 0.053461 0.997228 0.051745 -7.071458 0.745055 -0.005332 -0.666982 396.652008
-0.718665 0.070133 -0.691811 146.096054 0.051655 0.997535 0.047465 -7.046370 0.693435 -0.001624 -0.720517 396.265350
-0.767299 0.069416 -0.637522 145.824768 0.052563 0.997587 0.045357 -7.022439 0.639132 0.001293 -0.769097 395.854767
-0.811933 0.070539 -0.579475 145.571243 0.054039 0.997491 0.045707 -6.996902 0.581245 0.005797 -0.813708 395.436188
-0.851448 0.071641 -0.519523 145.359543 0.054220 0.997342 0.048669 -6.976407 0.521628 0.013270 -0.853070 394.996948
-0.886691 0.069466 -0.457116 145.180847 0.051289 0.997325 0.052070 -6.958257 0.459510 0.022725 -0.887883 394.542786
-0.916042 0.064795 -0.395815 145.035980 0.047418 0.997438 0.053541 -6.947526 0.398270 0.030277 -0.916769 394.072693
-0.939521 0.062286 -0.336780 144.910492 0.046840 0.997452 0.053806 -6.937002 0.339273 0.034777 -0.940045 393.594757
-0.957734 0.059872 -0.281356 144.803833 0.047498 0.997589 0.050601 -6.921823 0.283706 0.035099 -0.958269 393.101410
-0.971449 0.057677 -0.230135 144.716690 0.048302 0.997765 0.046168 -6.904328 0.232284 0.033734 -0.972064 392.597687
-0.981475 0.051301 -0.184596 144.649399 0.044778 0.998222 0.039336 -6.880948 0.186286 0.030342 -0.982028 392.074677
-0.988248 0.044682 -0.146188 144.609222 0.040230 0.998636 0.033271 -6.858553 0.147475 0.027000 -0.988698 391.543640
-0.992838 0.034326 -0.114431 144.584778 0.030904 0.999024 0.031546 -6.838385 0.115402 0.027784 -0.992931 390.987823
-0.995762 0.030277 -0.086843 144.555405 0.027528 0.999086 0.032677 -6.821818 0.087753 0.030149 -0.995687 390.422607
-0.997538 0.031107 -0.062863 144.531586 0.028940 0.998965 0.035077 -6.808434 0.063888 0.033171 -0.997406 389.871490
-0.998444 0.036591 -0.042102 144.514725 0.034982 0.998652 0.038348 -6.802748 0.043448 0.036815 -0.998378 389.272919
-0.999026 0.036737 -0.024445 144.512436 0.035772 0.998606 0.038813 -6.784484 0.025836 0.037901 -0.998948 388.678650
-0.999377 0.033865 -0.010014 144.523956 0.033488 0.998801 0.035678 -6.758811 0.011210 0.035321 -0.999313 388.074066
-0.999605 0.028002 0.002561 144.545258 0.028071 0.999069 0.032751 -6.743581 -0.001642 0.032810 -0.999460 387.460632
-0.999472 0.030044 0.012403 144.552261 0.030405 0.999085 0.030043 -6.722520 -0.011490 0.030404 -0.999472 386.828369
-0.999180 0.034700 0.020876 144.555313 0.035292 0.998965 0.028702 -6.700214 -0.019858 0.029415 -0.999371 386.166718
-0.998961 0.036808 0.026905 144.571518 0.037569 0.998890 0.028366 -6.689243 -0.025832 0.029347 -0.999236 385.500275
-0.998926 0.036008 0.029166 144.607422 0.036808 0.998948 0.027355 -6.667089 -0.028151 0.028399 -0.999201 384.811676
-0.998851 0.036238 0.031372 144.633301 0.037049 0.998983 0.025644 -6.651351 -0.030411 0.026778 -0.999179 384.108002
-0.998629 0.038406 0.035588 144.660629 0.039249 0.998956 0.023313 -6.636864 -0.034656 0.024678 -0.999095 383.406403
-0.998179 0.044544 0.040693 144.688599 0.045465 0.998723 0.022006 -6.621462 -0.039661 0.023815 -0.998930 382.666351
-0.997725 0.049207 0.046079 144.726074 0.050177 0.998536 0.020149 -6.606216 -0.045021 0.022415 -0.998735 381.912720
-0.997404 0.049187 0.052603 144.768082 0.050346 0.998512 0.020932 -6.596017 -0.051496 0.023527 -0.998396 381.137604
-0.997102 0.048331 0.058756 144.817902 0.049636 0.998547 0.020955 -6.583842 -0.057658 0.023811 -0.998052 380.342896
-0.996683 0.048580 0.065295 144.871933 0.049980 0.998550 0.019986 -6.569882 -0.064231 0.023183 -0.997666 379.535095
-0.996264 0.049230 0.070967 144.923264 0.050635 0.998552 0.018158 -6.558673 -0.069970 0.021685 -0.997314 378.702301
-0.996017 0.048084 0.075096 144.979034 0.049371 0.998662 0.015372 -6.539181 -0.074256 0.019018 -0.997059 377.853577
-0.995570 0.051101 0.078935 145.039047 0.052370 0.998528 0.014101 -6.522180 -0.078098 0.018172 -0.996781 376.986664
-0.995000 0.056043 0.082667 145.096146 0.057509 0.998224 0.015466 -6.503162 -0.081655 0.020143 -0.996458 376.093475
-0.994684 0.056984 0.085766 145.173340 0.058787 0.998096 0.018651 -6.492194 -0.084540 0.023594 -0.996141 375.185272
-0.994239 0.059560 0.089111 145.243683 0.061649 0.997879 0.020879 -6.469252 -0.087680 0.026252 -0.995803 374.261169
-0.993830 0.061156 0.092528 145.326431 0.063479 0.997732 0.022382 -6.456556 -0.090950 0.028117 -0.995458 373.323181
-0.993893 0.056698 0.094674 145.429672 0.059162 0.997973 0.023431 -6.437772 -0.093154 0.028890 -0.995233 372.371124
-0.994177 0.048737 0.096115 145.546097 0.051542 0.998308 0.026916 -6.416794 -0.094640 0.031714 -0.995007 371.404663
-0.994362 0.042088 0.097328 145.656601 0.045281 0.998498 0.030833 -6.391401 -0.095884 0.035066 -0.994775 370.413879
-0.994605 0.037373 0.096775 145.772903 0.040607 0.998673 0.031659 -6.374219 -0.095464 0.035418 -0.994803 369.421539
-0.994552 0.038490 0.096873 145.863098 0.041210 0.998806 0.026235 -6.347840 -0.095749 0.030084 -0.994951 368.407684
-0.994460 0.040278 0.097097 145.957245 0.042575 0.998857 0.021701 -6.326832 -0.096112 0.025715 -0.995038 367.394897
-0.994183 0.043355 0.098594 146.030197 0.045707 0.998717 0.021737 -6.307149 -0.097526 0.026118 -0.994891 366.363770
-0.994021 0.045524 0.099253 146.124451 0.048151 0.998546 0.024234 -6.294600 -0.098006 0.028869 -0.994767 365.318054
-0.994239 0.042459 0.098419 146.242416 0.044926 0.998726 0.022984 -6.281070 -0.097319 0.027274 -0.994880 364.274475
-0.994506 0.038395 0.097388 146.363739 0.040825 0.998899 0.023084 -6.263643 -0.096394 0.026934 -0.994979 363.231903
-0.994510 0.037813 0.097579 146.469543 0.040343 0.998895 0.024082 -6.246589 -0.096562 0.027886 -0.994937 362.181000
-0.994516 0.037910 0.097477 146.588074 0.040366 0.998912 0.023340 -6.231425 -0.096486 0.027146 -0.994965 361.126343
-0.994230 0.041423 0.098956 146.682144 0.043509 0.998871 0.019012 -6.207544 -0.098058 0.023207 -0.994910 360.070465
-0.993789 0.045748 0.101450 146.774048 0.047747 0.998708 0.017371 -6.197748 -0.100524 0.022107 -0.994689 359.005463
-0.993536 0.047794 0.102970 146.892563 0.049785 0.998618 0.016858 -6.195896 -0.102023 0.021876 -0.994542 357.932892
-0.993359 0.047392 0.104851 147.004349 0.049358 0.998648 0.016236 -6.185868 -0.103940 0.021304 -0.994356 356.856567
-0.993433 0.044103 0.105578 147.130173 0.046538 0.998701 0.020715 -6.182536 -0.104528 0.025492 -0.994195 355.793365
-0.993670 0.040931 0.104617 147.270203 0.043685 0.998752 0.024158 -6.180682 -0.103499 0.028576 -0.994220 354.723175
-0.993764 0.039469 0.104289 147.392654 0.041978 0.998876 0.021977 -6.176267 -0.103305 0.026218 -0.994304 353.642609
-0.993773 0.040087 0.103969 147.507217 0.042248 0.998932 0.018664 -6.168020 -0.103111 0.022940 -0.994406 352.576782
-0.993584 0.044138 0.104130 147.609924 0.046239 0.998771 0.017841 -6.150289 -0.103216 0.022541 -0.994404 351.501068
-0.993471 0.047476 0.103743 147.706772 0.050211 0.998452 0.023914 -6.132865 -0.102447 0.028967 -0.994317 350.418823
-0.993532 0.048406 0.102723 147.823486 0.051664 0.998235 0.029294 -6.118866 -0.101124 0.034411 -0.994279 349.341431
-0.993672 0.046878 0.102075 147.935104 0.050094 0.998318 0.029163 -6.089808 -0.100537 0.034093 -0.994349 348.265747
-0.993846 0.045574 0.100971 148.048859 0.048311 0.998523 0.024836 -6.069930 -0.099692 0.029561 -0.994580 347.197052
-0.994143 0.041148 0.099936 148.168427 0.043486 0.998826 0.021330 -6.061399 -0.098941 0.025551 -0.994766 346.142120
-0.994387 0.038590 0.098519 148.284637 0.040833 0.998948 0.020852 -6.050123 -0.097611 0.024758 -0.994917 345.096252
-0.994484 0.037684 0.097881 148.398254 0.040435 0.998837 0.026273 -6.037837 -0.096778 0.030086 -0.994852 344.025879
-0.994614 0.034619 0.097703 148.501709 0.037677 0.998851 0.029624 -6.016094 -0.096565 0.033146 -0.994775 342.949585
-0.994588 0.035132 0.097775 148.602707 0.037912 0.998922 0.026738 -5.987021 -0.096731 0.030300 -0.994850 341.879669
-0.994496 0.037789 0.097730 148.704956 0.040162 0.998941 0.022423 -5.968250 -0.096780 0.026225 -0.994960 340.802917
-0.994393 0.040616 0.097644 148.801361 0.042894 0.998850 0.021356 -5.952794 -0.096665 0.025424 -0.994993 339.723999
-0.994420 0.040445 0.097434 148.909988 0.043189 0.998722 0.026220 -5.941693 -0.096248 0.030281 -0.994897 338.629425
-0.994345 0.042864 0.097169 149.019852 0.046064 0.998459 0.030941 -5.925880 -0.095693 0.035243 -0.994787 337.538483
-0.994190 0.045075 0.097751 149.117020 0.048287 0.998360 0.030740 -5.894152 -0.096207 0.035282 -0.994736 336.430359
-0.994031 0.049586 0.097182 149.222290 0.052509 0.998235 0.027753 -5.861302 -0.095635 0.032690 -0.994880 335.336639
-0.993908 0.052044 0.097156 149.328644 0.055077 0.998066 0.028805 -5.840159 -0.095470 0.033980 -0.994853 334.224823
-0.993716 0.054162 0.097956 149.424026 0.057354 0.997900 0.030071 -5.813616 -0.096122 0.035501 -0.994737 333.101685
-0.993460 0.057136 0.098860 149.522095 0.060317 0.997743 0.029505 -5.788356 -0.096952 0.035274 -0.994664 331.974854
-0.993245 0.058923 0.099971 149.625504 0.061749 0.997768 0.025401 -5.759339 -0.098252 0.031402 -0.994666 330.844208
-0.992975 0.061585 0.101035 149.729660 0.064051 0.997718 0.021346 -5.746263 -0.099491 0.027668 -0.994654 329.725159
-0.992960 0.060706 0.101725 149.843933 0.062982 0.997827 0.019311 -5.731480 -0.100331 0.025583 -0.994626 328.592529
-0.993045 0.057309 0.102854 149.957550 0.059751 0.997996 0.020818 -5.713757 -0.101455 0.026819 -0.994479 327.438904
-0.992910 0.057894 0.103820 150.070953 0.060754 0.997849 0.024609 -5.693199 -0.102173 0.030742 -0.994292 326.271484
-0.992897 0.055823 0.105080 150.184189 0.059076 0.997857 0.028107 -5.671433 -0.103287 0.034115 -0.994067 325.115234
-0.992900 0.056029 0.104933 150.300964 0.059591 0.997738 0.031117 -5.639763 -0.102953 0.037150 -0.993993 323.950562
-0.992922 0.056717 0.104355 150.417969 0.060418 0.997639 0.032646 -5.613798 -0.102257 0.038720 -0.994005 322.788727
-0.993000 0.057517 0.103177 150.538712 0.060743 0.997748 0.028411 -5.578111 -0.101311 0.034479 -0.994258 321.624573
-0.993107 0.058136 0.101784 150.671127 0.060875 0.997856 0.024004 -5.564993 -0.100172 0.030035 -0.994518 320.464783
-0.993228 0.058096 0.100607 150.808044 0.060824 0.997853 0.024260 -5.548653 -0.098983 0.030214 -0.994631 319.283051
-0.993168 0.058456 0.100993 150.925308 0.061209 0.997827 0.024385 -5.516426 -0.099350 0.030400 -0.994588 318.103363
-0.993180 0.058194 0.101034 151.057816 0.060615 0.997939 0.021059 -5.502333 -0.099600 0.027039 -0.994661 316.931396
-0.993028 0.058963 0.102085 151.178253 0.060946 0.998006 0.016418 -5.485827 -0.100914 0.022525 -0.994640 315.749329
-0.992835 0.059853 0.103433 151.300903 0.061781 0.997968 0.015539 -5.486248 -0.102294 0.021819 -0.994516 314.562225
-0.992762 0.059118 0.104548 151.425003 0.061360 0.997946 0.018356 -5.491889 -0.103249 0.024639 -0.994351 313.376068
-0.992546 0.058942 0.106674 151.548019 0.061619 0.997858 0.021973 -5.473564 -0.105152 0.028382 -0.994051 312.175903
-0.992429 0.058328 0.108089 151.687500 0.061437 0.997781 0.025659 -5.461833 -0.106353 0.032105 -0.993811 311.000275
-0.992438 0.055673 0.109395 151.821640 0.058739 0.997959 0.025012 -5.460417 -0.107781 0.031249 -0.993684 309.817902
-0.992409 0.054710 0.110150 151.956085 0.056811 0.998256 0.016014 -5.447255 -0.109083 0.022150 -0.993786 308.643707
-0.992300 0.052485 0.112193 152.070129 0.053613 0.998536 0.007059 -5.441676 -0.111659 0.013020 -0.993662 307.494568
-0.992178 0.050273 0.114259 152.186783 0.050385 0.998728 -0.001907 -5.446487 -0.114211 0.003865 -0.993449 306.343445
-0.991855 0.049802 0.117241 152.308563 0.050588 0.998712 0.003738 -5.459940 -0.116905 0.009639 -0.993097 305.169830
-0.991642 0.050840 0.118585 152.434845 0.052370 0.998579 0.009821 -5.461473 -0.117918 0.015949 -0.992896 304.000916
-0.991586 0.048747 0.119920 152.576111 0.051055 0.998563 0.016251 -5.467008 -0.118956 0.022238 -0.992651 302.828369
-0.991514 0.049003 0.120416 152.719299 0.051651 0.998485 0.018970 -5.461597 -0.119305 0.025029 -0.992542 301.650146
-0.991518 0.048396 0.120627 152.852005 0.050881 0.998549 0.017610 -5.452618 -0.119600 0.023599 -0.992542 300.500549
-0.991571 0.048792 0.120028 152.987076 0.051246 0.998533 0.017438 -5.437357 -0.119001 0.023442 -0.992618 299.336243
-0.991619 0.048738 0.119652 153.125229 0.051264 0.998520 0.018136 -5.438466 -0.118591 0.024118 -0.992651 298.174164
-0.991587 0.049987 0.119404 153.260712 0.051878 0.998571 0.012771 -5.437679 -0.118597 0.018858 -0.992764 296.995270
-0.991548 0.049680 0.119852 153.387085 0.050361 0.998728 0.002656 -5.430114 -0.119569 0.008669 -0.992788 295.824890
-0.991514 0.048585 0.120582 153.503723 0.048905 0.998803 -0.000305 -5.431615 -0.120453 0.005595 -0.992704 294.661652
-0.991724 0.045502 0.120056 153.648758 0.046468 0.998906 0.005259 -5.447614 -0.119686 0.010795 -0.992754 293.517120
-0.991955 0.037601 0.120885 153.783554 0.039553 0.999122 0.013791 -5.452931 -0.120261 0.018461 -0.992571 292.361572
-0.992096 0.034266 0.120712 153.920853 0.037395 0.999017 0.023766 -5.452579 -0.119780 0.028092 -0.992403 291.189178
-0.992076 0.034943 0.120681 154.050125 0.038843 0.998791 0.030107 -5.441438 -0.119483 0.034556 -0.992235 290.037567
-0.992270 0.033675 0.119442 154.193146 0.037494 0.998849 0.029882 -5.424844 -0.118299 0.034130 -0.992392 288.908081
-0.992461 0.032403 0.118201 154.334930 0.036145 0.998905 0.029655 -5.408483 -0.117112 0.033705 -0.992547 287.777313
-0.992649 0.031132 0.116963 154.475174 0.034797 0.998961 0.029427 -5.392389 -0.115926 0.033281 -0.992700 286.647491
-0.992586 0.034471 0.116555 154.613876 0.037252 0.999068 0.021776 -5.362525 -0.115696 0.025957 -0.992946 285.513458
-0.992442 0.034610 0.117740 154.739120 0.038240 0.998856 0.028715 -5.342788 -0.116611 0.033000 -0.992630 284.374542
-0.992417 0.033045 0.118391 154.875534 0.038103 0.998444 0.040711 -5.310345 -0.116863 0.044913 -0.992133 283.221130
-0.992589 0.029945 0.117773 155.021667 0.035994 0.998121 0.049573 -5.275463 -0.116068 0.053444 -0.991802 282.108826
-0.992615 0.026257 0.118435 155.158798 0.033114 0.997864 0.056308 -5.227689 -0.116704 0.059814 -0.991365 280.992889
-0.992585 0.023453 0.119271 155.295044 0.030886 0.997668 0.060858 -5.179819 -0.117566 0.064090 -0.990995 279.876770
-0.992505 0.021567 0.120290 155.425064 0.028614 0.997954 0.057172 -5.116939 -0.118811 0.060185 -0.991091 278.747131
-0.992499 0.019531 0.120685 155.558090 0.025627 0.998462 0.049169 -5.072304 -0.119540 0.051894 -0.991472 277.669067
-0.992474 0.020031 0.120816 155.682022 0.025189 0.998827 0.041327 -5.036057 -0.119847 0.044059 -0.991815 276.584961
-0.992689 0.020845 0.118883 155.824509 0.025170 0.999070 0.034997 -5.002117 -0.118043 0.037733 -0.992291 275.496460
-0.992902 0.022177 0.116850 155.949631 0.025790 0.999232 0.029504 -4.984796 -0.116107 0.032308 -0.992712 274.415741
-0.993131 0.024149 0.114491 156.076630 0.027600 0.999208 0.028654 -4.967289 -0.113709 0.031617 -0.993012 273.348541
-0.993304 0.023930 0.113026 156.198929 0.027861 0.999056 0.033330 -4.940135 -0.112122 0.036256 -0.993033 272.270966
-0.993404 0.022566 0.112427 156.321594 0.027583 0.998682 0.043278 -4.914336 -0.111304 0.046093 -0.992717 271.186066
-0.993383 0.019067 0.113255 156.448303 0.025267 0.998244 0.053570 -4.894571 -0.112036 0.056078 -0.992121 270.121887
-0.993432 0.013564 0.113618 156.580795 0.020225 0.998129 0.057687 -4.862345 -0.112624 0.059606 -0.991848 269.081879
-0.993414 0.007701 0.114323 156.711838 0.013997 0.998422 0.054373 -4.822707 -0.113725 0.055616 -0.991955 268.046265
-0.993267 0.006485 0.115671 156.835297 0.011956 0.998838 0.046669 -4.789163 -0.115234 0.047738 -0.992191 267.031342
-0.993039 0.012348 0.117138 156.961807 0.016920 0.999130 0.038124 -4.769731 -0.116567 0.039841 -0.992384 266.054718
-0.992740 0.014329 0.119431 157.074600 0.018402 0.999282 0.033077 -4.746291 -0.118871 0.035036 -0.992292 265.054108
-0.992404 0.019524 0.121471 157.192245 0.023551 0.999216 0.031806 -4.730553 -0.120754 0.034425 -0.992086 264.099121
-0.992017 0.022785 0.124031 157.302078 0.027646 0.998910 0.037614 -4.711524 -0.123039 0.040744 -0.991565 263.125061
-0.991811 0.024767 0.125290 157.426743 0.030224 0.998667 0.041842 -4.692702 -0.124087 0.045286 -0.991238 262.177277
-0.991563 0.029098 0.126320 157.541397 0.034391 0.998611 0.039918 -4.674836 -0.124983 0.043925 -0.991187 261.267609
-0.991529 0.029396 0.126516 157.666962 0.034025 0.998822 0.034588 -4.662212 -0.125350 0.038600 -0.991362 260.369263
-0.991380 0.031933 0.127070 157.779633 0.036109 0.998876 0.030696 -4.645195 -0.125948 0.035020 -0.991419 259.494812
-0.991222 0.027394 0.129342 157.893524 0.031456 0.999070 0.029468 -4.627221 -0.128415 0.033277 -0.991163 258.632202
-0.991188 0.024363 0.130207 158.011734 0.028511 0.999140 0.030095 -4.614421 -0.129362 0.033543 -0.991030 257.787659
-0.991098 0.023912 0.130978 158.130386 0.028033 0.999165 0.029711 -4.602049 -0.130160 0.033117 -0.990941 256.963226
-0.991043 0.019102 0.132171 158.249603 0.023472 0.999224 0.031589 -4.592182 -0.131465 0.034409 -0.990724 256.178986
-0.990904 0.010779 0.134142 158.369492 0.015793 0.999213 0.036369 -4.575317 -0.133645 0.038157 -0.990295 255.380676
-0.990682 0.007616 0.135984 158.488388 0.013756 0.998924 0.044274 -4.555665 -0.135502 0.045732 -0.989722 254.599472
-0.990342 0.007236 0.138455 158.601654 0.013948 0.998770 0.047568 -4.540521 -0.137941 0.049040 -0.989226 253.843567
-0.990057 0.007753 0.140460 158.708435 0.014278 0.998861 0.045512 -4.528345 -0.139948 0.047064 -0.989040 253.128448
-0.989812 0.006339 0.142244 158.821991 0.012314 0.999076 0.041172 -4.510149 -0.141852 0.042504 -0.988975 252.428436
-0.989441 0.009064 0.144656 158.926163 0.014556 0.999210 0.036950 -4.488005 -0.144207 0.038666 -0.988792 251.753830
-0.989000 0.006802 0.147765 159.025070 0.012755 0.999142 0.039376 -4.471961 -0.147371 0.040828 -0.988238 251.100754
-0.988883 0.004922 0.148613 159.122665 0.011784 0.998902 0.045336 -4.456738 -0.148227 0.046583 -0.987856 250.461914
-0.988831 -0.002243 0.149024 159.219955 0.005138 0.998779 0.049123 -4.441907 -0.148953 0.049340 -0.987613 249.854614
-0.989004 -0.004741 0.147816 159.313538 0.002782 0.998712 0.050646 -4.430195 -0.147867 0.050500 -0.987718 249.266479
-0.989499 -0.007991 0.144323 159.406143 -0.000554 0.998672 0.051500 -4.414160 -0.144544 0.050880 -0.988190 248.699890
-0.990430 -0.009320 0.137705 159.490845 -0.002382 0.998723 0.050465 -4.394907 -0.138000 0.049655 -0.989187 248.141647
-0.991491 -0.011186 0.129699 159.563278 -0.005112 0.998878 0.047075 -4.375004 -0.130081 0.046011 -0.990436 247.610184
-0.992823 -0.013749 0.118799 159.626144 -0.008564 0.998992 0.044042 -4.361878 -0.119286 0.042708 -0.991942 247.096069
-0.994531 -0.016796 0.103090 159.680801 -0.012385 0.998985 0.043281 -4.347079 -0.103713 0.041768 -0.993730 246.593887
-0.996373 -0.017699 0.083240 159.718781 -0.014062 0.998928 0.044088 -4.332514 -0.083932 0.042758 -0.995554 246.111160
-0.998167 -0.013248 0.059056 159.731430 -0.010581 0.998920 0.045249 -4.317281 -0.059592 0.044541 -0.997229 245.641388
-0.999484 -0.006827 0.031378 159.720688 -0.005411 0.998973 0.044981 -4.305430 -0.031654 0.044789 -0.998496 245.189270
-0.999990 -0.004352 -0.001394 159.700333 -0.004408 0.999074 0.042779 -4.295796 0.001207 0.042785 -0.999084 244.739914
-0.999213 -0.004088 -0.039450 159.669968 -0.005749 0.999097 0.042084 -4.289861 0.039241 0.042279 -0.998336 244.295746
-0.996869 -0.002238 -0.079046 159.616272 -0.005561 0.999108 0.041837 -4.277509 0.078882 0.042145 -0.995993 243.850769
-0.992883 0.004838 -0.119001 159.531143 -0.000056 0.999155 0.041091 -4.264166 0.119099 0.040805 -0.992044 243.423950
-0.987124 0.012224 -0.159488 159.420914 0.006092 0.999224 0.038883 -4.249499 0.159840 0.037411 -0.986434 243.013535
-0.979297 0.019219 -0.201517 159.290283 0.011935 0.999233 0.037299 -4.233370 0.202079 0.034123 -0.978775 242.605286
-0.969326 0.022910 -0.244709 159.153015 0.014268 0.999212 0.037025 -4.219355 0.245364 0.032398 -0.968890 242.200729
-0.957541 0.024506 -0.287256 159.005524 0.014014 0.999159 0.038526 -4.208428 0.287958 0.032864 -0.957079 241.802597
-0.943476 0.030110 -0.330072 158.835052 0.017305 0.998981 0.041662 -4.196596 0.330989 0.033595 -0.943036 241.425613
-0.926143 0.033047 -0.375723 158.638321 0.017972 0.998889 0.043558 -4.169729 0.376745 0.033588 -0.925709 241.042542
-0.905225 0.035447 -0.423453 158.409210 0.018870 0.998884 0.043276 -4.143771 0.424514 0.031184 -0.904885 240.672592
-0.880641 0.037343 -0.472311 158.169388 0.018209 0.998819 0.045019 -4.129580 0.473435 0.031045 -0.880283 240.303085
-0.853613 0.039371 -0.519419 157.900085 0.017265 0.998729 0.047329 -4.110934 0.520623 0.031433 -0.853209 239.940811
-0.822846 0.038783 -0.566941 157.610001 0.013575 0.998724 0.048617 -4.091156 0.568104 0.032308 -0.822324 239.577271
-0.789111 0.038591 -0.613038 157.296173 0.010810 0.998742 0.048956 -4.072765 0.614155 0.032005 -0.788537 239.231949
-0.751578 0.034389 -0.658749 156.970001 0.004895 0.998903 0.046562 -4.054157 0.659627 0.031770 -0.750922 238.893066
-0.712478 0.030672 -0.701025 156.606003 0.002110 0.999133 0.041570 -4.031250 0.701692 0.028138 -0.711925 238.580505
-0.672266 0.026360 -0.739841 156.217484 -0.000699 0.999342 0.036241 -4.014690 0.740309 0.024881 -0.671806 238.280960
-0.630449 0.022886 -0.775894 155.804993 -0.002839 0.999490 0.031789 -3.998193 0.776225 0.022245 -0.630064 237.985443
-0.587228 0.020727 -0.809156 155.370926 -0.005009 0.999559 0.029238 -3.983871 0.809406 0.021223 -0.586866 237.709290
-0.543551 0.020518 -0.839125 154.917297 -0.008763 0.999508 0.030115 -3.975704 0.839330 0.023722 -0.543106 237.448608
-0.501148 0.021425 -0.865097 154.441345 -0.011213 0.999449 0.031248 -3.953905 0.865289 0.025361 -0.500632 237.217697
-0.458186 0.023320 -0.888551 153.940796 -0.011178 0.999425 0.031994 -3.935308 0.888787 0.024592 -0.457662 236.989105
-0.416386 0.025389 -0.908834 153.416611 -0.009747 0.999427 0.032386 -3.916059 0.909136 0.022342 -0.415901 236.796402
-0.374839 0.026580 -0.926709 152.872116 -0.011420 0.999380 0.033284 -3.901204 0.927020 0.023060 -0.374303 236.602966
-0.337346 0.023317 -0.941092 152.312012 -0.015675 0.999415 0.030381 -3.889764 0.941250 0.025000 -0.336785 236.422852
-0.303558 0.018653 -0.952631 151.739639 -0.016369 0.999558 0.024787 -3.875021 0.952673 0.023118 -0.303120 236.266037
-0.273375 0.014781 -0.961794 151.137115 -0.013849 0.999718 0.019299 -3.853090 0.961808 0.018596 -0.273094 236.127045
-0.246444 0.013458 -0.969065 150.532684 -0.008326 0.999837 0.016003 -3.838468 0.969121 0.012013 -0.246292 235.993332
-0.223499 0.014341 -0.974599 149.901520 -0.004045 0.999869 0.015640 -3.825535 0.974696 0.007438 -0.223412 235.877365
-0.202583 0.016006 -0.979135 149.260895 -0.000229 0.999865 0.016392 -3.821022 0.979265 0.003546 -0.202553 235.757172
-0.185119 0.016163 -0.982584 148.586472 -0.001099 0.999860 0.016655 -3.821561 0.982715 0.004164 -0.185077 235.645645
-0.170247 0.016245 -0.985268 147.905716 0.000878 0.999866 0.016334 -3.804544 0.985401 0.001917 -0.170239 235.541412
-0.159488 0.017774 -0.987040 147.192490 0.001929 0.999841 0.017692 -3.789345 0.987198 0.000917 -0.159498 235.447784
-0.150005 0.021162 -0.988459 146.479980 0.006861 0.999769 0.020362 -3.779926 0.988662 -0.003727 -0.150116 235.349167
-0.142424 0.023367 -0.989530 145.722778 0.007860 0.999716 0.022475 -3.770774 0.989774 -0.004576 -0.142568 235.247818
-0.135477 0.022756 -0.990519 144.957764 0.005631 0.999737 0.022197 -3.759092 0.990765 -0.002571 -0.135571 235.147491
-0.127469 0.018201 -0.991676 144.168289 0.007370 0.999821 0.017403 -3.738895 0.991815 -0.005091 -0.127581 235.046509
-0.121304 0.013521 -0.992524 143.358734 0.012714 0.999846 0.012067 -3.720222 0.992534 -0.011155 -0.121457 234.970276
-0.114776 0.006036 -0.993374 142.523758 0.013418 0.999899 0.004525 -3.712273 0.993301 -0.012810 -0.114847 234.872543
-0.110709 0.001678 -0.993852 141.675873 0.017386 0.999848 -0.000249 -3.710490 0.993701 -0.017306 -0.110722 234.781616
-0.109315 -0.000057 -0.994007 140.814590 0.021853 0.999758 -0.002461 -3.711395 0.993767 -0.021991 -0.109288 234.696030
-0.107459 0.003939 -0.994202 139.932678 0.022078 0.999755 0.001574 -3.716137 0.993965 -0.021782 -0.107520 234.595337
-0.106146 0.009925 -0.994302 139.006287 0.018125 0.999803 0.008045 -3.707256 0.994186 -0.017167 -0.106306 234.480225
-0.105327 0.019737 -0.994242 138.067490 0.016844 0.999694 0.018061 -3.700137 0.994295 -0.014845 -0.105628 234.360184
-0.104949 0.026278 -0.994131 137.112717 0.013429 0.999596 0.025004 -3.692177 0.994387 -0.010725 -0.105260 234.245758
-0.105605 0.024733 -0.994101 136.173813 0.013378 0.999635 0.023448 -3.684145 0.994319 -0.010823 -0.105898 234.144699
-0.106260 0.023187 -0.994068 135.234940 0.013327 0.999671 0.021892 -3.677583 0.994250 -0.010922 -0.106535 234.043030
-0.106555 0.017067 -0.994161 134.270874 0.014450 0.999773 0.015614 -3.653953 0.994203 -0.012701 -0.106778 233.936707
-0.106174 0.016490 -0.994211 133.291458 0.017934 0.999732 0.014666 -3.647070 0.994186 -0.016273 -0.106442 233.835678
-0.105979 0.020576 -0.994156 132.315628 0.019471 0.999636 0.018615 -3.646136 0.994178 -0.017385 -0.106341 233.713470
-0.107393 0.022520 -0.993962 131.322250 0.018137 0.999621 0.020688 -3.636999 0.994052 -0.015805 -0.107761 233.601974
-0.109505 0.028745 -0.993571 130.334366 0.020047 0.999442 0.026705 -3.627554 0.993785 -0.016993 -0.110020 233.489822
-0.113278 0.035461 -0.992931 129.332199 0.021709 0.999212 0.033209 -3.611696 0.993327 -0.017793 -0.113959 233.379700
-0.116831 0.039983 -0.992347 128.325058 0.019847 0.999084 0.037918 -3.602328 0.992954 -0.015266 -0.117519 233.258560
-0.120199 0.033138 -0.992198 127.326645 0.018805 0.999339 0.031098 -3.575528 0.992572 -0.014920 -0.120743 233.135422
-0.123099 0.028374 -0.991989 126.327156 0.019909 0.999460 0.026117 -3.568082 0.992195 -0.016536 -0.123598 232.998932
-0.125945 0.025867 -0.991700 125.333313 0.019216 0.999536 0.023630 -3.551318 0.991852 -0.016080 -0.126385 232.864670
-0.128117 0.030765 -0.991282 124.337952 0.022612 0.999349 0.028093 -3.538997 0.991502 -0.018816 -0.128729 232.735565
-0.131788 0.036977 -0.990589 123.330910 0.023498 0.999140 0.034169 -3.513847 0.990999 -0.018774 -0.132544 232.615402
-0.134089 0.041121 -0.990116 122.350418 0.023887 0.998982 0.038254 -3.493881 0.990682 -0.018522 -0.134936 232.483658
-0.134820 0.038222 -0.990133 121.358955 0.022869 0.999109 0.035454 -3.469956 0.990607 -0.017864 -0.135574 232.341766
-0.134570 0.033466 -0.990339 120.370010 0.022605 0.999272 0.030696 -3.451907 0.990646 -0.018255 -0.135228 232.198441
-0.133818 0.028815 -0.990587 119.380730 0.023162 0.999394 0.025942 -3.440952 0.990736 -0.019473 -0.134405 232.054153
-0.134185 0.022793 -0.990694 118.390175 0.025411 0.999485 0.019553 -3.429262 0.990631 -0.022551 -0.134696 231.925446
-0.132230 0.018489 -0.991047 117.392525 0.025430 0.999560 0.015255 -3.415306 0.990893 -0.023185 -0.132643 231.770874
-0.129650 0.024158 -0.991266 116.410530 0.027377 0.999409 0.020776 -3.407323 0.991183 -0.024444 -0.130236 231.627014
-0.129450 0.032915 -0.991039 115.406914 0.030647 0.999104 0.029179 -3.397900 0.991113 -0.026595 -0.130344 231.521210
-0.127596 0.034905 -0.991212 114.449364 0.030879 0.999035 0.031206 -3.387820 0.991345 -0.026626 -0.128551 231.391571
-0.126742 0.033398 -0.991374 113.488647 0.029838 0.999109 0.029844 -3.374290 0.991487 -0.025797 -0.127627 231.270721
-0.125891 0.032134 -0.991524 112.527786 0.035677 0.998975 0.027845 -3.362082 0.991403 -0.031869 -0.126909 231.150757
-0.124824 0.030556 -0.991709 111.569862 0.036574 0.998988 0.026177 -3.347559 0.991505 -0.033003 -0.125816 231.035187
-0.123601 0.028520 -0.991923 110.615173 0.035734 0.999066 0.024273 -3.334259 0.991689 -0.032445 -0.124505 230.910492
-0.124370 0.030179 -0.991777 109.662552 0.038920 0.998916 0.025516 -3.308721 0.991473 -0.035427 -0.125410 230.801743
-0.126503 0.036264 -0.991303 108.703621 0.042957 0.998594 0.031048 -3.291070 0.991036 -0.038656 -0.127885 230.695328
-0.128264 0.038449 -0.990995 107.750687 0.041268 0.998590 0.033402 -3.274409 0.990881 -0.036612 -0.129670 230.579697
-0.129511 0.037480 -0.990869 106.813293 0.041532 0.998613 0.032343 -3.261293 0.990708 -0.036964 -0.130889 230.458923
-0.130986 0.038360 -0.990643 105.875336 0.041542 0.998586 0.033174 -3.243744 0.990514 -0.036807 -0.132394 230.336151
-0.132491 0.041693 -0.990308 104.934135 0.039680 0.998536 0.036730 -3.220523 0.990390 -0.034429 -0.133953 230.214355
-0.133652 0.042884 -0.990101 104.014961 0.036349 0.998602 0.038345 -3.195348 0.990362 -0.030864 -0.135024 230.092361
-0.134460 0.041073 -0.990068 103.110550 0.035524 0.998697 0.036606 -3.172547 0.990283 -0.030249 -0.135745 229.963058
-0.135309 0.040052 -0.989994 102.229385 0.036556 0.998703 0.035408 -3.159192 0.990129 -0.031400 -0.136598 229.843857
-0.135852 0.039919 -0.989925 101.371140 0.037519 0.998678 0.035124 -3.144328 0.990019 -0.032370 -0.137171 229.726852
-0.136161 0.038418 -0.989942 100.525200 0.036026 0.998778 0.033805 -3.125953 0.990032 -0.031060 -0.137379 229.613495
-0.136448 0.037301 -0.989946 99.704193 0.034557 0.998861 0.032873 -3.111187 0.990045 -0.029723 -0.137583 229.495056
-0.136605 0.037953 -0.989899 98.896606 0.034866 0.998831 0.033483 -3.099790 0.990012 -0.029940 -0.137769 229.378281
-0.136438 0.040750 -0.989811 98.108818 0.033733 0.998765 0.036469 -3.089804 0.990074 -0.028413 -0.137645 229.269760
-0.134406 0.042371 -0.990020 97.348785 0.031281 0.998768 0.038499 -3.084185 0.990433 -0.025795 -0.135566 229.145172
-0.130584 0.043557 -0.990480 96.618637 0.030584 0.998735 0.039887 -3.075643 0.990965 -0.025084 -0.131752 229.024490
-0.127108 0.044696 -0.990882 95.920288 0.031615 0.998659 0.040990 -3.047916 0.991386 -0.026117 -0.128350 228.937012
-0.122788 0.046861 -0.991326 95.257698 0.033239 0.998517 0.043084 -3.036511 0.991877 -0.027660 -0.124164 228.836884
-0.119537 0.048952 -0.991623 94.619186 0.033156 0.998423 0.045290 -3.031090 0.992276 -0.027464 -0.120972 228.760056
-0.115694 0.049572 -0.992047 94.000023 0.032987 0.998394 0.046043 -3.017685 0.992738 -0.027397 -0.117145 228.700882
-0.110759 0.047815 -0.992697 93.414360 0.032429 0.998483 0.044475 -2.994678 0.993319 -0.027265 -0.112142 228.651230
-0.104937 0.045119 -0.993455 92.861778 0.033717 0.998557 0.041789 -2.982886 0.993908 -0.029110 -0.106308 228.607178
-0.098947 0.042375 -0.994190 92.330650 0.035059 0.998621 0.039075 -2.972618 0.994475 -0.030989 -0.100297 228.575287
-0.092962 0.039624 -0.994881 91.799835 0.036416 0.998674 0.036372 -2.963770 0.995003 -0.032849 -0.094283 228.546677
-0.083538 0.039110 -0.995737 91.306404 0.035316 0.998718 0.036264 -2.951722 0.995879 -0.032135 -0.084813 228.519409
-0.070189 0.038764 -0.996781 90.819672 0.031095 0.998844 0.036653 -2.935966 0.997049 -0.028422 -0.071314 228.488693
-0.053126 0.037639 -0.997879 90.342728 0.026727 0.998984 0.036258 -2.922005 0.998230 -0.024744 -0.054080 228.463135
-0.032675 0.037404 -0.998766 89.866600 0.023741 0.999046 0.036638 -2.914530 0.999184 -0.022514 -0.033532 228.451691
-0.008265 0.037367 -0.999268 89.393303 0.022916 0.999046 0.037168 -2.908349 0.999703 -0.022591 -0.009113 228.453949
0.018957 0.035990 -0.999173 88.924446 0.023924 0.999049 0.036440 -2.893019 0.999534 -0.024595 0.018078 228.483566
0.049713 0.033453 -0.998203 88.461151 0.023113 0.999133 0.034635 -2.876239 0.998497 -0.024793 0.048896 228.524765
0.085223 0.030447 -0.995897 87.995506 0.019329 0.999294 0.032204 -2.861580 0.996175 -0.021994 0.084574 228.555466
0.122182 0.026696 -0.992149 87.538834 0.015149 0.999471 0.028759 -2.843130 0.992392 -0.018543 0.121712 228.623566
0.161909 0.025001 -0.986489 87.092117 0.010014 0.999585 0.026976 -2.832107 0.986755 -0.014247 0.161591 228.707291
0.203742 0.024705 -0.978713 86.644165 0.004410 0.999648 0.026151 -2.823912 0.979015 -0.009644 0.203560 228.812210
0.246767 0.023298 -0.968795 86.215736 0.000990 0.999704 0.024293 -2.817829 0.969074 -0.006954 0.246670 228.938675
0.289905 0.019314 -0.956861 85.800949 -0.003290 0.999810 0.019183 -2.805199 0.957051 -0.002413 0.289913 229.089844
0.334381 0.015759 -0.942306 85.381439 -0.011792 0.999851 0.012537 -2.788823 0.942365 0.006920 0.334516 229.251038
0.380156 0.012733 -0.924835 84.957520 -0.013622 0.999873 0.008167 -2.776488 0.924823 0.009493 0.380282 229.431473
0.424908 0.012500 -0.905150 84.538818 -0.011052 0.999902 0.008620 -2.766381 0.905170 0.006342 0.425003 229.653442
0.468951 0.012108 -0.883142 84.121597 -0.007071 0.999925 0.009953 -2.758280 0.883196 0.001577 0.469001 229.910980
0.512653 0.015374 -0.858459 83.709145 -0.008886 0.999881 0.012599 -2.754499 0.858550 0.001169 0.512728 230.191467
0.556091 0.018595 -0.830914 83.302368 -0.011062 0.999826 0.014971 -2.753521 0.831049 0.000866 0.556200 230.489929
0.598377 0.019778 -0.800971 82.908981 -0.013527 0.999802 0.014583 -2.751084 0.801101 0.002109 0.598526 230.812012
0.640242 0.018719 -0.767945 82.532822 -0.014464 0.999819 0.012311 -2.749974 0.768037 0.003225 0.640398 231.153214
0.681338 0.018308 -0.731740 82.178246 -0.018103 0.999802 0.008157 -2.746410 0.731746 0.007689 0.681535 231.507431
0.719358 0.014576 -0.694486 81.845390 -0.020353 0.999793 -0.000097 -2.745330 0.694342 0.014204 0.719506 231.885330
0.754381 0.009715 -0.656366 81.534103 -0.021884 0.999706 -0.010356 -2.731969 0.656073 0.022177 0.754372 232.283768
0.787289 0.001243 -0.616583 81.255844 -0.014036 0.999774 -0.015907 -2.736555 0.616426 0.021178 0.787129 232.702896
0.817119 -0.010004 -0.576382 80.993393 -0.001313 0.999814 -0.019215 -2.740494 0.576468 0.016457 0.816955 233.145401
0.842676 -0.016589 -0.538167 80.748116 0.006801 0.999773 -0.020169 -2.750962 0.538380 0.013335 0.842597 233.604904
0.865408 -0.016931 -0.500782 80.514870 0.008767 0.999787 -0.018651 -2.770041 0.500992 0.011751 0.865373 234.061630
0.885811 -0.012354 -0.463882 80.289520 0.005071 0.999843 -0.016944 -2.786478 0.464019 0.012657 0.885735 234.525711
0.903821 -0.012230 -0.427736 80.090202 0.005793 0.999849 -0.016348 -2.798207 0.427873 0.012297 0.903755 235.011108
0.919683 -0.015870 -0.392342 79.914284 0.010663 0.999823 -0.015445 -2.811140 0.392519 0.010021 0.919690 235.501129
0.933496 -0.021285 -0.357956 79.759048 0.017028 0.999741 -0.015039 -2.825991 0.358184 0.007944 0.933617 235.994614
0.945488 -0.020925 -0.324985 79.609863 0.016495 0.999729 -0.016382 -2.843783 0.325241 0.010129 0.945578 236.493912
0.955800 -0.017988 -0.293468 79.467361 0.012883 0.999730 -0.019319 -2.854427 0.293737 0.014685 0.955773 236.995926
0.964340 -0.019975 -0.263914 79.357552 0.014334 0.999626 -0.023280 -2.868929 0.264281 0.018667 0.964266 237.506851
0.971722 -0.027357 -0.234539 79.259560 0.021095 0.999351 -0.029167 -2.886665 0.235186 0.023394 0.971670 238.022995
0.977828 -0.031956 -0.206957 79.166267 0.025303 0.999076 -0.034719 -2.901668 0.207876 0.028712 0.977734 238.544647
0.982860 -0.033857 -0.181219 79.091164 0.027774 0.998965 -0.036003 -2.921255 0.182251 0.030352 0.982784 239.060135
0.986535 -0.033558 -0.160071 79.017326 0.028472 0.999017 -0.033965 -2.936098 0.161054 0.028950 0.986521 239.586792
0.988845 -0.037376 -0.144181 78.958473 0.033640 0.999033 -0.028263 -2.959162 0.145099 0.023097 0.989148 240.102737
0.990240 -0.039774 -0.133581 78.905663 0.037208 0.999073 -0.021656 -2.979792 0.134319 0.016475 0.990802 240.646225
0.991409 -0.039977 -0.124539 78.843353 0.038254 0.999136 -0.016197 -3.004265 0.125079 0.011293 0.992083 241.177536
0.992380 -0.035659 -0.117940 78.774635 0.034300 0.999320 -0.013545 -3.018471 0.118343 0.009396 0.992929 241.722595
0.993038 -0.035277 -0.112398 78.694557 0.033949 0.999329 -0.013706 -3.025336 0.112807 0.009794 0.993569 242.254364
0.992735 -0.043483 -0.112189 78.640945 0.042265 0.999018 -0.013210 -3.035761 0.112655 0.008373 0.993600 242.797897
0.991636 -0.052858 -0.117749 78.590820 0.051566 0.998571 -0.013999 -3.055169 0.118321 0.007810 0.992945 243.342728
0.990265 -0.056554 -0.127188 78.518440 0.055007 0.998363 -0.015654 -3.077632 0.127866 0.008505 0.991755 243.888489
0.988726 -0.055572 -0.139048 78.426956 0.053840 0.998418 -0.016185 -3.103240 0.139728 0.008516 0.990154 244.434280
0.986452 -0.056608 -0.153978 78.329231 0.054674 0.998363 -0.016769 -3.125460 0.154675 0.008123 0.987933 244.964188
0.983046 -0.060393 -0.173131 78.226372 0.058045 0.998140 -0.018595 -3.150072 0.173933 0.008231 0.984723 245.492722
0.978450 -0.063367 -0.196520 78.121330 0.060870 0.997969 -0.018728 -3.165758 0.197309 0.006363 0.980321 246.007065
0.973109 -0.060257 -0.222323 77.972214 0.058165 0.998179 -0.015948 -3.184767 0.222879 0.002588 0.974843 246.524261
0.965905 -0.055425 -0.252898 77.817787 0.053856 0.998462 -0.013128 -3.206016 0.253237 -0.000940 0.967405 247.022568
0.956347 -0.052429 -0.287493 77.638809 0.050335 0.998624 -0.014679 -3.232722 0.287868 -0.000433 0.957670 247.497116
0.944234 -0.048834 -0.325638 77.440468 0.045493 0.998804 -0.017869 -3.266491 0.326121 0.002058 0.945326 247.958710
0.928757 -0.044565 -0.368002 77.223640 0.039763 0.998996 -0.020625 -3.293032 0.368551 0.004522 0.929596 248.424026
0.910095 -0.038957 -0.412566 76.997330 0.032097 0.999207 -0.023547 -3.305916 0.413157 0.008188 0.910624 248.846985
0.887787 -0.029057 -0.459336 76.734818 0.019173 0.999473 -0.026168 -3.332307 0.459854 0.014424 0.887878 249.254440
0.860805 -0.016698 -0.508663 76.445175 0.003764 0.999643 -0.026447 -3.352447 0.508923 0.020852 0.860560 249.651016
0.829637 -0.002791 -0.558297 76.127487 -0.012378 0.999650 -0.023392 -3.372245 0.558168 0.026317 0.829311 250.022583
0.794667 0.007110 -0.607005 75.788818 -0.024654 0.999484 -0.020568 -3.389000 0.606546 0.031310 0.794432 250.374466
0.754883 0.013838 -0.655715 75.440285 -0.032484 0.999338 -0.016308 -3.398589 0.655056 0.033611 0.754832 250.708206
0.711153 0.019372 -0.702771 75.065392 -0.033119 0.999433 -0.005965 -3.407831 0.702258 0.027518 0.711391 251.037186
0.663238 0.027536 -0.747901 74.671341 -0.035039 0.999369 0.005722 -3.419622 0.747589 0.022410 0.663785 251.356049
0.613041 0.034377 -0.789303 74.259361 -0.036001 0.999230 0.015558 -3.410447 0.789231 0.018878 0.613806 251.643768
0.561455 0.042822 -0.826399 73.823402 -0.043836 0.998796 0.021973 -3.403352 0.826346 0.023890 0.562656 251.873917
0.506681 0.044586 -0.860981 73.387321 -0.046224 0.998630 0.024511 -3.398400 0.860894 0.027378 0.508048 252.070801
0.447715 0.038062 -0.893366 72.937149 -0.042263 0.998878 0.021377 -3.386203 0.893178 0.028185 0.448821 252.263779
0.386825 0.028598 -0.921710 72.481285 -0.031958 0.999334 0.017594 -3.366497 0.921600 0.022651 0.387480 252.433762
0.323943 0.021704 -0.945828 72.005226 -0.023763 0.999608 0.014800 -3.341191 0.945778 0.017681 0.324332 252.578064
0.263067 0.022305 -0.964520 71.503410 -0.022476 0.999603 0.016986 -3.324863 0.964516 0.017210 0.263463 252.687668
0.201005 0.022935 -0.979322 70.994438 -0.021048 0.999595 0.019090 -3.307429 0.979365 0.016776 0.201406 252.764191
0.149232 0.025331 -0.988478 70.474754 -0.026259 0.999420 0.021646 -3.288583 0.988454 0.022726 0.149810 252.796158
0.100271 0.024822 -0.994650 69.955544 -0.028111 0.999360 0.022106 -3.283402 0.994564 0.025744 0.100904 252.821091
0.055914 0.023228 -0.998165 69.443489 -0.026870 0.999402 0.021751 -3.279959 0.998075 0.025605 0.056505 252.820557
0.018174 0.020105 -0.999633 68.939949 -0.027624 0.999425 0.019597 -3.279909 0.999454 0.027258 0.018718 252.770081
-0.014313 0.015285 -0.999781 68.411469 -0.028158 0.999479 0.015684 -3.239546 0.999502 0.028375 -0.013877 252.738586
-0.041109 0.012563 -0.999076 67.864754 -0.032876 0.999363 0.013918 -3.231835 0.998614 0.033418 -0.040670 252.704010
-0.059642 0.010291 -0.998167 67.300011 -0.037730 0.999209 0.012557 -3.230755 0.997506 0.038410 -0.059207 252.624802
-0.075721 0.005874 -0.997113 66.710869 -0.039943 0.999162 0.008919 -3.181426 0.996329 0.040503 -0.075423 252.594513
-0.087596 0.004304 -0.996147 66.136909 -0.038908 0.999212 0.007739 -3.177613 0.995396 0.039436 -0.087360 252.535248
-0.097507 0.002108 -0.995233 65.532661 -0.036716 0.999309 0.005714 -3.164048 0.994558 0.037098 -0.097363 252.479782
-0.102880 0.001026 -0.994693 64.909691 -0.037198 0.999296 0.004877 -3.158516 0.993998 0.037503 -0.102769 252.404205
-0.106267 0.001591 -0.994337 64.268211 -0.038914 0.999225 0.005758 -3.164547 0.993576 0.039306 -0.106123 252.334961
-0.106878 0.002189 -0.994270 63.613068 -0.039591 0.999194 0.006456 -3.163024 0.993484 0.040055 -0.106707 252.254623
-0.105735 0.003375 -0.994389 62.929359 -0.038578 0.999227 0.007493 -3.165047 0.993647 0.039155 -0.105524 252.173401
-0.105403 0.003733 -0.994423 62.227711 -0.037216 0.999277 0.007696 -3.161711 0.993734 0.037819 -0.105189 252.109787
-0.104520 0.002477 -0.994520 61.509853 -0.034374 0.999390 0.006101 -3.161748 0.993929 0.034824 -0.104371 252.036545
-0.102940 0.000289 -0.994687 60.764290 -0.031609 0.999494 0.003561 -3.158613 0.994186 0.031808 -0.102880 251.955368
-0.102604 -0.000825 -0.994723 60.003323 -0.030487 0.999532 0.002315 -3.152538 0.994256 0.030564 -0.102581 251.875809
-0.102145 -0.001992 -0.994767 59.221233 -0.030821 0.999524 0.001164 -3.144393 0.994292 0.030779 -0.102159 251.790695
-0.101238 -0.001504 -0.994862 58.419647 -0.031021 0.999517 0.001646 -3.142994 0.994379 0.031029 -0.101236 251.693527
-0.102217 -0.000345 -0.994762 57.604664 -0.029049 0.999574 0.002638 -3.142081 0.994338 0.029167 -0.102184 251.620621
-0.103194 0.000816 -0.994661 56.790543 -0.027077 0.999626 0.003628 -3.140339 0.994293 0.027307 -0.103133 251.546997
-0.103744 0.000794 -0.994604 55.935684 -0.024516 0.999694 0.003355 -3.147912 0.994302 0.024732 -0.103694 251.463409
-0.105215 0.000573 -0.994450 55.052013 -0.022639 0.999739 0.002971 -3.143397 0.994192 0.022826 -0.105175 251.384720
-0.107562 0.001427 -0.994198 54.152107 -0.022360 0.999742 0.003853 -3.126905 0.993948 0.022645 -0.107503 251.291504
-0.110411 0.004272 -0.993877 53.238602 -0.020178 0.999775 0.006540 -3.126122 0.993681 0.020777 -0.110300 251.191193
-0.113841 0.006435 -0.993479 52.308483 -0.018949 0.999782 0.008647 -3.127218 0.993319 0.019810 -0.113695 251.083817
-0.117531 0.002975 -0.993065 51.355434 -0.020029 0.999784 0.005365 -3.111964 0.992868 0.020520 -0.117447 250.978500
-0.120928 -0.002653 -0.992658 50.392567 -0.021694 0.999764 -0.000029 -3.102325 0.992425 0.021531 -0.120958 250.861008
-0.122860 -0.006261 -0.992405 49.412193 -0.020917 0.999774 -0.003718 -3.099481 0.992204 0.020301 -0.122963 250.732315
-0.124972 -0.003488 -0.992155 48.410656 -0.019995 0.999799 -0.000996 -3.103584 0.991959 0.019713 -0.125017 250.602356
-0.126527 0.002400 -0.991960 47.399612 -0.018402 0.999819 0.004766 -3.104563 0.991793 0.018856 -0.126461 250.468246
-0.126715 0.008464 -0.991903 46.370007 -0.015832 0.999818 0.010554 -3.112484 0.991813 0.017041 -0.126558 250.315399
-0.127745 0.009650 -0.991760 45.333244 -0.012923 0.999851 0.011393 -3.106853 0.991723 0.014272 -0.127602 250.182312
-0.129659 0.007950 -0.991527 44.283405 -0.013301 0.999864 0.009756 -3.103207 0.991470 0.014453 -0.129537 250.049469
-0.131535 0.005381 -0.991298 43.215908 -0.014766 0.999863 0.007387 -3.096871 0.991201 0.015609 -0.131439 249.919739
-0.131674 0.004072 -0.991286 42.156246 -0.015550 0.999859 0.006172 -3.092606 0.991171 0.016228 -0.131592 249.776245
-0.131266 0.004081 -0.991339 41.077606 -0.019320 0.999790 0.006674 -3.098485 0.991159 0.020028 -0.131161 249.623184
-0.131012 0.001124 -0.991381 39.974266 -0.023678 0.999710 0.004262 -3.095756 0.991098 0.024032 -0.130948 249.478775
-0.131283 -0.001015 -0.991345 38.891392 -0.025746 0.999665 0.002385 -3.090655 0.991011 0.025836 -0.131266 249.335052
-0.130565 -0.001045 -0.991439 37.812698 -0.027531 0.999617 0.002572 -3.108176 0.991058 0.027631 -0.130545 249.184280
-0.129212 -0.000333 -0.991618 36.723515 -0.025856 0.999661 0.003033 -3.120581 0.991280 0.026031 -0.129176 249.030426
-0.128479 -0.000100 -0.991713 35.633247 -0.024476 0.999695 0.003070 -3.129784 0.991410 0.024668 -0.128443 248.880356
-0.127948 0.002485 -0.991778 34.550503 -0.021011 0.999765 0.005216 -3.144424 0.991558 0.021506 -0.127867 248.738602
-0.128545 0.004198 -0.991696 33.464043 -0.013184 0.999895 0.005941 -3.143873 0.991616 0.013839 -0.128477 248.623413
-0.131499 0.004202 -0.991307 32.342247 -0.011190 0.999921 0.005722 -3.148851 0.991253 0.011845 -0.131442 248.518280
-0.133268 0.003734 -0.991073 31.252747 -0.007980 0.999956 0.004840 -3.139917 0.991048 0.008553 -0.133232 248.385651
-0.136874 0.006626 -0.990566 30.156584 -0.004633 0.999962 0.007329 -3.147307 0.990578 0.005593 -0.136839 248.247330
-0.137874 0.011303 -0.990385 29.067719 -0.007898 0.999890 0.012511 -3.162748 0.990418 0.009546 -0.137771 248.058609
-0.142464 0.013415 -0.989710 27.975004 -0.009730 0.999841 0.014952 -3.155395 0.989753 0.011760 -0.142311 247.927536
-0.145368 0.012348 -0.989301 26.908642 -0.013762 0.999800 0.014500 -3.162344 0.989282 0.015723 -0.145170 247.755493
-0.147321 0.007461 -0.989062 25.842520 -0.016982 0.999804 0.010071 -3.155797 0.988944 0.018281 -0.147166 247.590515
-0.148930 0.004415 -0.988838 24.794071 -0.020102 0.999770 0.007491 -3.166488 0.988644 0.020994 -0.148808 247.423935
-0.150135 0.002621 -0.988663 23.748484 -0.022555 0.999727 0.006076 -3.168038 0.988409 0.023212 -0.150036 247.259445
-0.150701 0.004130 -0.988571 22.717010 -0.025454 0.999643 0.008057 -3.174387 0.988252 0.026377 -0.150543 247.084671
-0.151199 0.008251 -0.988470 21.705296 -0.028739 0.999505 0.012739 -3.177265 0.988086 0.030334 -0.150887 246.918121
-0.152655 0.009710 -0.988232 20.695894 -0.033353 0.999331 0.014971 -3.180235 0.987717 0.035246 -0.152229 246.758209
-0.153694 0.008566 -0.988082 19.702042 -0.038126 0.999165 0.014592 -3.180340 0.987383 0.039915 -0.153240 246.595413
-0.154134 0.006194 -0.988031 18.716063 -0.044351 0.998929 0.013180 -3.182976 0.987055 0.045851 -0.153695 246.420441
-0.154477 0.006135 -0.987978 17.753363 -0.047238 0.998791 0.013588 -3.187571 0.986867 0.048770 -0.154001 246.259491
-0.154222 0.005129 -0.988023 16.806154 -0.050753 0.998625 0.013106 -3.192041 0.986733 0.052167 -0.153750 246.091431
-0.154116 0.004809 -0.988042 15.878446 -0.054419 0.998429 0.013348 -3.200329 0.986554 0.055825 -0.153613 245.940674
-0.153922 0.004591 -0.988073 14.966113 -0.056785 0.998295 0.013484 -3.201210 0.986451 0.058184 -0.153400 245.792328
-0.153895 0.006311 -0.988068 14.062922 -0.057485 0.998228 0.015330 -3.200016 0.986414 0.059159 -0.153260 245.653915
-0.154261 0.008201 -0.987997 13.178679 -0.057974 0.998167 0.017337 -3.204859 0.986328 0.059953 -0.153505 245.517654
-0.154286 0.007516 -0.987998 12.342443 -0.059194 0.998104 0.016836 -3.203718 0.986252 0.061081 -0.153549 245.389984
-0.154130 0.005869 -0.988034 11.539742 -0.059642 0.998103 0.015232 -3.198400 0.986250 0.061276 -0.153488 245.256973
-0.153650 0.006463 -0.988104 10.757588 -0.057227 0.998241 0.015428 -3.235330 0.986467 0.058917 -0.153011 245.105972
-0.154596 0.006451 -0.987957 9.992118 -0.057597 0.998219 0.015531 -3.235553 0.986298 0.059304 -0.153950 244.991730
-0.154421 0.007558 -0.987977 9.247049 -0.058110 0.998170 0.016717 -3.241087 0.986295 0.059994 -0.153701 244.869400
-0.154664 0.007113 -0.987942 8.492003 -0.059659 0.998081 0.016526 -3.243876 0.986165 0.061496 -0.153943 244.750336
-0.154188 0.007389 -0.988014 7.762211 -0.059946 0.998060 0.016819 -3.247464 0.986222 0.061821 -0.153447 244.649368
-0.151610 0.009434 -0.988396 7.097342 -0.059346 0.998063 0.018628 -3.248769 0.986657 0.061482 -0.150756 244.539017
-0.148511 0.011261 -0.988847 6.447566 -0.058726 0.998070 0.020185 -3.243129 0.987166 0.061069 -0.147564 244.447144
-0.144937 0.012101 -0.989367 5.847307 -0.059921 0.997982 0.020984 -3.234240 0.987625 0.062325 -0.143921 244.370621
-0.139449 0.013725 -0.990135 5.277819 -0.059725 0.997967 0.022244 -3.233406 0.988427 0.062239 -0.138347 244.289398
-0.133374 0.014598 -0.990959 4.737149 -0.059529 0.997968 0.022713 -3.230345 0.989277 0.062021 -0.132234 244.217468
-0.126403 0.014187 -0.991878 4.228490 -0.058096 0.998075 0.021679 -3.226573 0.990277 0.060365 -0.125337 244.155838
-0.118165 0.012413 -0.992917 3.747809 -0.056446 0.998220 0.019196 -3.222238 0.991389 0.058314 -0.117255 244.097610
-0.109695 0.010680 -0.993908 3.307233 -0.055291 0.998327 0.016829 -3.222053 0.992427 0.056799 -0.108922 244.058701
-0.100363 0.009614 -0.994905 2.899133 -0.054618 0.998392 0.015157 -3.233855 0.993451 0.055861 -0.099677 244.021423
-0.091184 0.008379 -0.995799 2.527304 -0.054461 0.998425 0.013388 -3.228937 0.994344 0.055453 -0.090585 243.991760
-0.081711 0.007311 -0.996630 2.170044 -0.053749 0.998485 0.011731 -3.223644 0.995206 0.054526 -0.081196 243.962799
-0.072259 0.002311 -0.997383 1.848795 -0.051354 0.998662 0.006034 -3.228756 0.996064 0.051655 -0.072044 243.946304
-0.062309 -0.002508 -0.998054 1.557471 -0.048936 0.998801 0.000545 -3.245229 0.996857 0.048875 -0.062358 243.934265
-0.051448 -0.004845 -0.998665 1.279186 -0.046641 0.998909 -0.002443 -3.249297 0.997586 0.046453 -0.051618 243.926392
-0.040941 -0.005318 -0.999148 1.019466 -0.045838 0.998943 -0.003438 -3.243148 0.998110 0.045659 -0.041142 243.923325
-0.029627 -0.007051 -0.999536 0.774339 -0.045331 0.998955 -0.005703 -3.242204 0.998533 0.045141 -0.029916 243.921692
-0.017000 -0.010377 -0.999802 0.530985 -0.044678 0.998954 -0.009609 -3.246906 0.998857 0.044506 -0.017445 243.920120
-0.002723 -0.014178 -0.999896 0.290222 -0.044122 0.998927 -0.014043 -3.248572 0.999023 0.044079 -0.003347 243.927948
0.014199 -0.016808 -0.999758 0.051947 -0.043358 0.998908 -0.017410 -3.257968 0.998959 0.043595 0.013454 243.939865
0.033020 -0.018866 -0.999277 -0.182279 -0.043311 0.998855 -0.020289 -3.256635 0.998516 0.043950 0.032164 243.955688
0.052328 -0.019670 -0.998436 -0.411102 -0.043477 0.998812 -0.021956 -3.261316 0.997683 0.044558 0.051410 243.984833
0.072154 -0.018524 -0.997222 -0.640371 -0.040658 0.998942 -0.021499 -3.264135 0.996565 0.042095 0.071323 244.021271
0.093427 -0.014632 -0.995519 -0.873990 -0.037975 0.999112 -0.018248 -3.271440 0.994902 0.039509 0.092788 244.066711
0.115959 -0.011473 -0.993188 -1.105654 -0.036173 0.999220 -0.015766 -3.280385 0.992596 0.037755 0.115454 244.109772
0.139262 -0.012409 -0.990178 -1.329746 -0.037377 0.999142 -0.017780 -3.286244 0.989550 0.039487 0.138678 244.154510
0.166301 -0.017632 -0.985917 -1.556983 -0.036613 0.999039 -0.024043 -3.298832 0.985396 0.040096 0.165495 244.210388
0.195840 -0.023898 -0.980345 -1.794617 -0.032602 0.998991 -0.030866 -3.303753 0.980094 0.038006 0.194862 244.283478
0.227387 -0.026006 -0.973457 -2.038174 -0.027195 0.999083 -0.033042 -3.314509 0.973425 0.033986 0.226472 244.369461
0.261371 -0.023744 -0.964946 -2.304916 -0.020144 0.999345 -0.030046 -3.337435 0.965028 0.027291 0.260721 244.478577
0.299183 -0.019321 -0.954001 -2.592031 -0.017353 0.999519 -0.025686 -3.351551 0.954039 0.024240 0.298703 244.599915
0.339737 -0.013426 -0.940425 -2.897065 -0.017142 0.999643 -0.020464 -3.352658 0.940364 0.023074 0.339386 244.741577
0.382386 -0.007796 -0.923970 -3.211747 -0.019812 0.999665 -0.016634 -3.363806 0.923791 0.024666 0.382103 244.897278
0.427282 -0.004090 -0.904110 -3.539755 -0.021889 0.999650 -0.014867 -3.369660 0.903854 0.026142 0.427043 245.079269
0.472738 -0.001724 -0.881202 -3.863461 -0.020380 0.999709 -0.012889 -3.376774 0.880968 0.024053 0.472566 245.293701
0.519563 -0.000939 -0.854432 -4.190362 -0.016650 0.999798 -0.011223 -3.385465 0.854271 0.020058 0.519442 245.530792
0.567677 -0.003220 -0.823246 -4.510687 -0.011719 0.999859 -0.011993 -3.397224 0.823170 0.016456 0.567558 245.796677
0.616391 -0.005440 -0.787422 -4.832734 -0.010017 0.999840 -0.014748 -3.406907 0.787378 0.016978 0.616238 246.085037
0.665154 -0.010250 -0.746637 -5.151661 -0.007785 0.999756 -0.020661 -3.411214 0.746667 0.019555 0.664910 246.408524
0.712720 -0.012715 -0.701334 -5.454167 -0.008304 0.999612 -0.026564 -3.408422 0.701400 0.024757 0.712338 246.754761
0.757729 -0.012547 -0.652449 -5.746388 -0.008526 0.999539 -0.029122 -3.413019 0.652514 0.027629 0.757273 247.139725
0.799549 -0.012915 -0.600462 -6.026112 -0.004846 0.999597 -0.027954 -3.421991 0.600582 0.025261 0.799164 247.565033
0.836849 -0.015411 -0.547217 -6.278839 0.001168 0.999651 -0.026368 -3.434499 0.547434 0.021427 0.836576 248.022675
0.869912 -0.018538 -0.492860 -6.518367 0.007342 0.999669 -0.024641 -3.450060 0.493155 0.017817 0.869760 248.509537
0.898331 -0.020991 -0.438819 -6.737381 0.011172 0.999626 -0.024946 -3.461168 0.439179 0.017507 0.898230 249.021896
0.922580 -0.022576 -0.385146 -6.926119 0.012795 0.999527 -0.027942 -3.472244 0.385595 0.020852 0.922433 249.548386
0.943067 -0.022912 -0.331814 -7.131504 0.013458 0.999435 -0.030762 -3.474816 0.332332 0.024545 0.942844 250.135483
0.959590 -0.021554 -0.280576 -7.307228 0.013642 0.999453 -0.030124 -3.488517 0.281072 0.025078 0.959359 250.741013
0.972007 -0.020718 -0.234038 -7.437735 0.014534 0.999498 -0.028119 -3.511267 0.234504 0.023930 0.971821 251.368134
0.980752 -0.023359 -0.193856 -7.550143 0.018499 0.999468 -0.026842 -3.525336 0.194380 0.022739 0.980663 252.020813
0.986537 -0.027093 -0.161284 -7.646023 0.023181 0.999390 -0.026092 -3.541436 0.161893 0.022003 0.986563 252.696442
0.990210 -0.032596 -0.135726 -7.742171 0.029347 0.999234 -0.025869 -3.548154 0.136467 0.021633 0.990409 253.425156
0.992509 -0.036426 -0.116624 -7.844485 0.033663 0.999105 -0.025584 -3.561326 0.117452 0.021466 0.992847 254.165115
0.993728 -0.038741 -0.104903 -7.922682 0.036307 0.999027 -0.025014 -3.584059 0.105770 0.021049 0.994168 254.917419
0.994403 -0.040729 -0.097493 -8.002835 0.038500 0.998955 -0.024641 -3.618145 0.098395 0.020749 0.994932 255.681305
0.994699 -0.042115 -0.093816 -8.084398 0.039802 0.998859 -0.026392 -3.626192 0.094821 0.022518 0.995240 256.480896
0.994898 -0.041726 -0.091850 -8.161339 0.039380 0.998853 -0.027209 -3.649043 0.092881 0.023453 0.995401 257.302551
0.995011 -0.041545 -0.090707 -8.240150 0.039233 0.998861 -0.027131 -3.665809 0.091731 0.023437 0.995508 258.138062
0.995009 -0.042040 -0.090508 -8.323207 0.039970 0.998898 -0.024557 -3.695098 0.091442 0.020817 0.995593 258.998962
0.994953 -0.042474 -0.090909 -8.411576 0.040677 0.998940 -0.021518 -3.718586 0.091728 0.017712 0.995627 259.895233
0.994971 -0.041821 -0.091029 -8.522241 0.040206 0.999000 -0.019509 -3.744609 0.091754 0.015752 0.995657 260.806915
0.994800 -0.042127 -0.092738 -8.615293 0.040439 0.998982 -0.020001 -3.776249 0.093487 0.016148 0.995490 261.741089
0.994505 -0.043853 -0.095066 -8.714348 0.041790 0.998847 -0.023582 -3.800888 0.095992 0.019479 0.995192 262.695496
0.994110 -0.043957 -0.099071 -8.773632 0.041140 0.998693 -0.030304 -3.832086 0.100274 0.026050 0.994619 263.680481
0.994037 -0.041819 -0.100714 -8.889838 0.038500 0.998656 -0.034677 -3.876315 0.102029 0.030592 0.994312 264.656372
0.994021 -0.039762 -0.101690 -9.021131 0.036480 0.998757 -0.033929 -3.909827 0.102913 0.030017 0.994238 265.675018
0.993960 -0.037919 -0.102987 -9.129781 0.035337 0.999016 -0.026778 -3.911409 0.103901 0.022977 0.994322 266.738556
0.993883 -0.038614 -0.103471 -9.244458 0.036957 0.999157 -0.017889 -3.932185 0.104076 0.013955 0.994472 267.811066
0.993796 -0.041400 -0.103231 -9.370022 0.039903 0.999066 -0.016526 -3.953207 0.103819 0.012304 0.994520 268.894012
0.993684 -0.045722 -0.102479 -9.510578 0.043562 0.998781 -0.023217 -3.977926 0.103416 0.018605 0.994465 269.980255
0.993679 -0.047447 -0.101740 -9.654735 0.044363 0.998490 -0.032381 -3.996475 0.103124 0.027663 0.994284 271.069214
0.993751 -0.047793 -0.100870 -9.792788 0.044102 0.998284 -0.038513 -4.020724 0.102539 0.033824 0.994154 272.188629
0.993813 -0.045393 -0.101373 -9.908804 0.041694 0.998395 -0.038314 -4.059992 0.102950 0.033850 0.994111 273.343323
0.993895 -0.042823 -0.101682 -10.044538 0.039889 0.998731 -0.030713 -4.110270 0.102869 0.026470 0.994343 274.500732
0.993916 -0.041338 -0.102084 -10.173478 0.039407 0.999005 -0.020873 -4.153593 0.102846 0.016723 0.994557 275.669464
0.993948 -0.040737 -0.102027 -10.308681 0.039275 0.999095 -0.016304 -4.187793 0.102599 0.012198 0.994648 276.849731
0.993817 -0.042755 -0.102473 -10.436905 0.041048 0.998982 -0.018706 -4.214319 0.103169 0.014385 0.994560 278.040955
0.993780 -0.044718 -0.101996 -10.578506 0.042500 0.998812 -0.023815 -4.253325 0.102940 0.019332 0.994501 279.230255
0.993639 -0.046992 -0.102344 -10.718605 0.044279 0.998608 -0.028631 -4.288379 0.103548 0.023918 0.994337 280.446991
0.993567 -0.046740 -0.103158 -10.848761 0.043805 0.998572 -0.030547 -4.331638 0.104440 0.025832 0.994196 281.634338
0.993528 -0.047270 -0.103284 -10.985593 0.044633 0.998620 -0.027688 -4.375614 0.104451 0.022898 0.994266 282.867096
0.993587 -0.045784 -0.103386 -11.132985 0.043675 0.998791 -0.022569 -4.429642 0.104295 0.017909 0.994386 284.101074
0.993604 -0.047746 -0.102335 -11.300168 0.045458 0.998663 -0.024582 -4.460113 0.103373 0.019773 0.994447 285.336975
0.993617 -0.048793 -0.101707 -11.456921 0.046098 0.998525 -0.028683 -4.517411 0.102957 0.023812 0.994401 286.579132
0.993599 -0.049182 -0.101698 -11.588583 0.046136 0.998419 -0.032093 -4.565344 0.103115 0.027197 0.994298 287.834290
0.993640 -0.047965 -0.101881 -11.735065 0.044790 0.998443 -0.033230 -4.602725 0.103317 0.028456 0.994241 289.071533
0.993800 -0.045818 -0.101308 -11.900183 0.042802 0.998578 -0.031759 -4.644444 0.102620 0.027226 0.994348 290.353424
0.994048 -0.043170 -0.100028 -12.063227 0.040613 0.998797 -0.027469 -4.694474 0.101096 0.023243 0.994605 291.619385
0.994390 -0.040119 -0.097881 -12.237911 0.038064 0.999016 -0.022765 -4.756339 0.098698 0.018912 0.994938 292.874115
0.994558 -0.038188 -0.096935 -12.349649 0.036264 0.999110 -0.021538 -4.797352 0.097673 0.017905 0.995058 294.161133
0.994679 -0.039759 -0.095047 -12.487782 0.037752 0.999026 -0.022833 -4.835850 0.095863 0.019123 0.995211 295.433105
0.994832 -0.039666 -0.093466 -12.607359 0.037286 0.998938 -0.027076 -4.879681 0.094442 0.023451 0.995254 296.704590
0.995183 -0.041711 -0.088714 -12.791064 0.038884 0.998686 -0.033372 -4.907911 0.089991 0.029761 0.995498 297.968750
0.995306 -0.041721 -0.087320 -12.915257 0.038684 0.998595 -0.036193 -4.946175 0.088708 0.032646 0.995523 299.223328
0.995379 -0.041052 -0.086807 -13.012820 0.038195 0.998680 -0.034318 -5.004066 0.088102 0.030843 0.995634 300.535828
0.995635 -0.037609 -0.085424 -13.143510 0.035131 0.998922 -0.030318 -5.067945 0.086473 0.027184 0.995884 301.806183
0.995802 -0.035837 -0.084227 -13.266534 0.033664 0.999066 -0.027077 -5.125292 0.085120 0.024128 0.996079 303.089813
0.995966 -0.032626 -0.083593 -13.380180 0.030808 0.999261 -0.022958 -5.163273 0.084281 0.020290 0.996236 304.380219
0.996094 -0.029929 -0.083079 -13.494496 0.028498 0.999425 -0.018359 -5.205750 0.083580 0.015919 0.996374 305.660614
0.996396 -0.026275 -0.080657 -13.635688 0.024702 0.999485 -0.020441 -5.242410 0.081154 0.018375 0.996532 306.913422
0.996626 -0.022146 -0.079042 -13.775196 0.019999 0.999412 -0.027844 -5.269466 0.079613 0.026169 0.996483 308.194580
0.996776 -0.019741 -0.077783 -13.946906 0.017202 0.999300 -0.033178 -5.296828 0.078385 0.031734 0.996418 309.542786
0.996841 -0.015967 -0.077807 -14.057073 0.013119 0.999230 -0.036976 -5.338397 0.078338 0.035839 0.996283 310.822296
0.996865 -0.014250 -0.077835 -14.171561 0.011336 0.999222 -0.037763 -5.390056 0.078313 0.036763 0.996251 312.131256
0.996901 -0.012958 -0.077597 -14.290433 0.010302 0.999350 -0.034533 -5.455975 0.077995 0.033626 0.996387 313.420685
0.996964 -0.014505 -0.076499 -14.413603 0.012139 0.999436 -0.031297 -5.510092 0.076911 0.030274 0.996579 314.714233
0.996773 -0.013728 -0.079092 -14.480007 0.011362 0.999476 -0.030289 -5.557893 0.079467 0.029292 0.996407 316.037323
0.996970 -0.013686 -0.076578 -14.635143 0.011311 0.999443 -0.031370 -5.587117 0.076965 0.030409 0.996570 317.303467
0.996884 -0.013802 -0.077676 -14.727646 0.011524 0.999492 -0.029696 -5.659849 0.078047 0.028708 0.996536 318.592285
0.996977 -0.014522 -0.076339 -14.864012 0.012280 0.999481 -0.029765 -5.718038 0.076732 0.028737 0.996638 319.868500
0.996902 -0.013535 -0.077487 -14.963171 0.011324 0.999517 -0.028894 -5.772592 0.077841 0.027927 0.996575 321.146759
0.996879 -0.014604 -0.077590 -15.068138 0.012458 0.999528 -0.028075 -5.825078 0.077963 0.027021 0.996590 322.430573
0.997057 -0.013274 -0.075517 -15.198283 0.010851 0.999415 -0.032409 -5.864952 0.075904 0.031494 0.996619 323.681580
0.997162 -0.012096 -0.074311 -15.324025 0.009340 0.999260 -0.037316 -5.917966 0.074709 0.036516 0.996537 324.972870
0.997173 -0.013311 -0.073950 -15.428764 0.010679 0.999299 -0.035871 -5.987649 0.074376 0.034980 0.996617 326.273590
0.997202 -0.011792 -0.073823 -15.526910 0.009444 0.999440 -0.032073 -6.048839 0.074161 0.031287 0.996756 327.558868
0.997335 -0.014339 -0.071543 -15.663967 0.012261 0.999492 -0.029408 -6.087929 0.071929 0.028453 0.997005 328.857849
0.997610 -0.013057 -0.067863 -15.810503 0.011155 0.999536 -0.028320 -6.127120 0.068202 0.027496 0.997293 330.134094
0.997739 -0.013565 -0.065841 -15.915470 0.011750 0.999541 -0.027894 -6.180254 0.066190 0.027057 0.997441 331.406006
0.997683 -0.017240 -0.065823 -16.001381 0.015296 0.999435 -0.029911 -6.234894 0.066303 0.028836 0.997383 332.670074
0.997696 -0.018702 -0.065221 -16.100916 0.016606 0.999333 -0.032530 -6.292002 0.065787 0.031372 0.997341 333.959778
0.997648 -0.021500 -0.065096 -16.189680 0.019328 0.999241 -0.033809 -6.353327 0.065774 0.032471 0.997306 335.224152
0.997528 -0.024270 -0.065954 -16.269350 0.022130 0.999210 -0.032993 -6.407549 0.066704 0.031452 0.997278 336.508545
0.997362 -0.028441 -0.066789 -16.347546 0.026517 0.999212 -0.029514 -6.460787 0.067576 0.027665 0.997331 337.769806
0.997170 -0.031904 -0.068075 -16.424585 0.030212 0.999211 -0.025746 -6.517004 0.068844 0.023616 0.997348 339.020844
0.996912 -0.035117 -0.070247 -16.485083 0.033252 0.999067 -0.027543 -6.574233 0.071150 0.025122 0.997149 340.322479
0.996729 -0.039365 -0.070583 -16.569752 0.037178 0.998795 -0.032042 -6.617633 0.071760 0.029313 0.996991 341.550415
0.996561 -0.040439 -0.072340 -16.632971 0.038172 0.998744 -0.032451 -6.697601 0.073562 0.029578 0.996852 342.789459
0.996512 -0.041115 -0.072624 -16.735989 0.038897 0.998740 -0.031690 -6.750235 0.073836 0.028755 0.996856 344.012085
0.996380 -0.042719 -0.073504 -16.823845 0.040690 0.998753 -0.028888 -6.802588 0.074647 0.025793 0.996877 345.230865
0.996410 -0.044751 -0.071864 -16.949873 0.043019 0.998749 -0.025463 -6.849079 0.072914 0.022280 0.997089 346.419891
0.996300 -0.047130 -0.071873 -17.049307 0.045582 0.998694 -0.023023 -6.900140 0.072865 0.019662 0.997148 347.602570
0.996124 -0.049797 -0.072512 -17.129160 0.048231 0.998566 -0.023195 -6.955356 0.073563 0.019608 0.997098 348.754608
0.996019 -0.051033 -0.073097 -17.206223 0.049328 0.998470 -0.024949 -7.007307 0.074259 0.021245 0.997014 349.889526
0.996063 -0.049786 -0.073347 -17.294483 0.047871 0.998470 -0.027651 -7.055011 0.074612 0.024032 0.996924 351.011414
0.996230 -0.050079 -0.070845 -17.417665 0.048029 0.998384 -0.030353 -7.096426 0.072251 0.026835 0.997026 352.121490
0.996381 -0.048795 -0.069601 -17.513981 0.046713 0.998419 -0.031229 -7.142292 0.071015 0.027864 0.997086 353.220154
0.996646 -0.046455 -0.067367 -17.605532 0.044533 0.998564 -0.029756 -7.196101 0.068654 0.026657 0.997284 354.293579
0.996891 -0.044225 -0.065211 -17.682161 0.042370 0.998664 -0.029580 -7.246150 0.066434 0.026726 0.997433 355.361206
0.997071 -0.044181 -0.062439 -17.760019 0.042269 0.998605 -0.031631 -7.293041 0.063750 0.028899 0.997548 356.386780
0.997226 -0.044975 -0.059326 -17.827534 0.043131 0.998556 -0.032006 -7.341144 0.060680 0.029358 0.997726 357.407532
0.997425 -0.044630 -0.056147 -17.897705 0.042911 0.998583 -0.031466 -7.389654 0.057473 0.028976 0.997927 358.430817
0.997474 -0.046907 -0.053350 -17.959061 0.045325 0.998507 -0.030487 -7.441229 0.054701 0.027992 0.998111 359.437134
0.997565 -0.048595 -0.050035 -18.032742 0.047157 0.998451 -0.029525 -7.488073 0.051394 0.027094 0.998312 360.433380
0.997643 -0.049546 -0.047485 -18.085466 0.048218 0.998423 -0.028737 -7.527785 0.048835 0.026381 0.998459 361.423218
0.997612 -0.052361 -0.045045 -18.127987 0.051210 0.998340 -0.026330 -7.570864 0.046350 0.023959 0.998638 362.363464
0.997729 -0.051551 -0.043352 -18.162975 0.050554 0.998437 -0.023798 -7.611489 0.044512 0.021552 0.998777 363.266510
0.997863 -0.051100 -0.040719 -18.206738 0.050203 0.998479 -0.022749 -7.651364 0.041820 0.020655 0.998912 364.173950
0.997961 -0.050571 -0.038965 -18.238071 0.049616 0.998452 -0.025116 -7.691111 0.040175 0.023131 0.998925 365.024048
0.998134 -0.049139 -0.036258 -18.282560 0.048038 0.998375 -0.030651 -7.726421 0.037705 0.028852 0.998873 365.857941
0.998256 -0.048348 -0.033861 -18.318790 0.047213 0.998320 -0.033586 -7.767608 0.035429 0.031929 0.998863 366.649323
0.998345 -0.048082 -0.031582 -18.356806 0.047050 0.998358 -0.032661 -7.799179 0.033101 0.031122 0.998968 367.434570
0.998451 -0.047190 -0.029499 -18.394676 0.046342 0.998510 -0.028804 -7.833822 0.030814 0.027392 0.999150 368.185486
0.998518 -0.046610 -0.028120 -18.428368 0.045851 0.998581 -0.027071 -7.876462 0.029342 0.025742 0.999238 368.908203
0.998547 -0.045159 -0.029423 -18.458345 0.044263 0.998556 -0.030427 -7.907584 0.030755 0.029080 0.999104 369.604370
0.998480 -0.044095 -0.033087 -18.495123 0.042948 0.998476 -0.034629 -7.936419 0.034564 0.033155 0.998852 370.272766
0.998335 -0.042754 -0.038721 -18.525398 0.041344 0.998476 -0.036536 -7.966052 0.040225 0.034875 0.998583 370.914703
0.998253 -0.038360 -0.044958 -18.569729 0.036708 0.998639 -0.037030 -7.997591 0.046318 0.035315 0.998302 371.521210
0.998021 -0.034688 -0.052446 -18.615042 0.032780 0.998784 -0.036815 -8.033010 0.053660 0.035022 0.997945 372.108978
0.997453 -0.031143 -0.064171 -18.657366 0.028816 0.998904 -0.036861 -8.056791 0.065249 0.034918 0.997258 372.679047
0.996233 -0.032547 -0.080372 -18.712498 0.029751 0.998917 -0.035742 -8.090276 0.081450 0.033217 0.996125 373.226990
0.994355 -0.033092 -0.100822 -18.783710 0.029555 0.998900 -0.036387 -8.121240 0.101916 0.033202 0.994239 373.748779
0.991070 -0.035274 -0.128591 -18.870008 0.030742 0.998839 -0.037066 -8.148035 0.129750 0.032781 0.991005 374.262482
0.985530 -0.035679 -0.165710 -18.982502 0.029961 0.998870 -0.036883 -8.170773 0.166839 0.031384 0.985485 374.765472
0.976933 -0.034438 -0.210753 -19.116550 0.027815 0.999024 -0.034308 -8.197968 0.211730 0.027654 0.976937 375.258942
0.964394 -0.034238 -0.262244 -19.276741 0.026728 0.999125 -0.032155 -8.217472 0.263116 0.024001 0.964466 375.742523
0.947235 -0.032851 -0.318854 -19.481804 0.024923 0.999271 -0.028914 -8.247190 0.319572 0.019442 0.947363 376.188171
0.926765 -0.031195 -0.374345 -19.712915 0.023312 0.999400 -0.025571 -8.275194 0.374919 0.014973 0.926937 376.620972
0.899571 -0.026431 -0.435976 -19.978390 0.019092 0.999592 -0.021209 -8.282703 0.436360 0.010755 0.899708 377.016327
0.867071 -0.019890 -0.497788 -20.250406 0.014040 0.999781 -0.015494 -8.282590 0.497989 0.006446 0.867160 377.395996
0.829115 -0.013600 -0.558914 -20.529177 0.009907 0.999904 -0.009634 -8.302102 0.558992 0.002450 0.829170 377.769043
0.787016 -0.010144 -0.616849 -20.853968 0.007300 0.999947 -0.007131 -8.319195 0.616890 0.001110 0.787050 378.113586
0.738897 -0.009727 -0.673748 -21.197525 0.009631 0.999946 -0.003874 -8.333378 0.673751 -0.003627 0.738951 378.425964
0.684581 -0.006358 -0.728910 -21.572882 0.007765 0.999968 -0.001429 -8.338138 0.728897 -0.004681 0.684608 378.716644
0.625103 -0.001763 -0.780541 -21.973379 0.003527 0.999993 0.000565 -8.342814 0.780536 -0.003106 0.625104 378.978882
0.561040 0.004778 -0.827775 -22.417072 -0.001586 0.999987 0.004698 -8.339700 0.827787 -0.001323 0.561040 379.219177
0.491185 0.003970 -0.871047 -22.867111 0.005989 0.999950 0.007936 -8.335592 0.871036 -0.009114 0.491136 379.456329
0.416503 -0.001433 -0.909134 -23.337736 0.014757 0.999877 0.005184 -8.337716 0.909015 -0.015575 0.416473 379.655609
0.339374 -0.006842 -0.940628 -23.843565 0.016650 0.999860 -0.001267 -8.334414 0.940505 -0.015232 0.339439 379.806244
0.261016 -0.012768 -0.965250 -24.354736 0.015618 0.999837 -0.009003 -8.344543 0.965208 -0.012725 0.261173 379.896698
0.184643 -0.016486 -0.982668 -24.887918 0.012788 0.999815 -0.014371 -8.347750 0.982723 -0.009912 0.184819 379.949463
0.114290 -0.018798 -0.993270 -25.437943 0.011704 0.999776 -0.017574 -8.337723 0.993379 -0.009617 0.114484 379.948944
0.048121 -0.015320 -0.998725 -25.996784 0.006383 0.999866 -0.015030 -8.339046 0.998821 -0.005652 0.048212 379.947601
-0.008807 -0.006175 -0.999942 -26.566080 0.000929 0.999979 -0.006184 -8.349185 0.999961 -0.000984 -0.008801 379.907318
-0.055210 0.000758 -0.998475 -27.148884 -0.005970 0.999981 0.001090 -8.352262 0.998458 0.006021 -0.055206 379.827576
-0.092989 0.001646 -0.995666 -27.720846 -0.009184 0.999954 0.002510 -8.357894 0.995625 0.009377 -0.092970 379.749878
-0.123046 -0.003334 -0.992396 -28.308935 -0.015607 0.999877 -0.001425 -8.347598 0.992279 0.015313 -0.123083 379.655579
-0.145189 -0.002092 -0.989402 -28.909109 -0.020612 0.999787 0.000910 -8.354291 0.989190 0.020526 -0.145201 379.551208
-0.160165 0.003797 -0.987084 -29.530272 -0.023447 0.999695 0.007649 -8.354184 0.986812 0.024369 -0.160027 379.451660
-0.168676 0.007975 -0.985640 -30.154768 -0.024973 0.999611 0.012362 -8.349445 0.985355 0.026699 -0.168413 379.345673
-0.171954 0.009382 -0.985061 -30.794113 -0.025522 0.999576 0.013974 -8.355709 0.984774 0.027544 -0.171643 379.236115
-0.172829 0.003614 -0.984946 -31.442423 -0.027394 0.999588 0.008475 -8.358510 0.984571 0.028446 -0.172660 379.112946
-0.172212 -0.007247 -0.985033 -32.100418 -0.026286 0.999650 -0.002759 -8.353447 0.984709 0.025417 -0.172344 378.983246
-0.172234 -0.014256 -0.984953 -32.782307 -0.021800 0.999705 -0.010657 -8.351953 0.984815 0.019637 -0.172494 378.875580
-0.171088 -0.014662 -0.985147 -33.493210 -0.018122 0.999767 -0.011731 -8.355206 0.985089 0.015846 -0.171314 378.749939
-0.169245 -0.010610 -0.985518 -34.219711 -0.015175 0.999851 -0.008159 -8.370645 0.985457 0.013574 -0.169383 378.626526
-0.166570 -0.009337 -0.985985 -34.972073 -0.017258 0.999829 -0.006552 -8.380504 0.985879 0.015925 -0.166703 378.493835
-0.162369 -0.008854 -0.986691 -35.742527 -0.021355 0.999757 -0.005458 -8.387658 0.986499 0.020185 -0.162519 378.363373
-0.156479 -0.009822 -0.987633 -36.535313 -0.025982 0.999645 -0.005825 -8.389111 0.987339 0.024749 -0.156679 378.238251
-0.148056 -0.011756 -0.988909 -37.337639 -0.033244 0.999423 -0.006904 -8.400028 0.988420 0.031853 -0.148361 378.101807
-0.138616 -0.012797 -0.990264 -38.166161 -0.037574 0.999264 -0.007654 -8.407771 0.989634 0.036148 -0.138995 377.985901
-0.128190 -0.010235 -0.991697 -39.023857 -0.041706 0.999117 -0.004920 -8.415545 0.990872 0.040729 -0.128505 377.862762
-0.117638 -0.005894 -0.993039 -39.898140 -0.047693 0.998861 -0.000278 -8.428809 0.991911 0.047329 -0.117786 377.746185
-0.107838 -0.002580 -0.994165 -40.783783 -0.051435 0.998672 0.002987 -8.444095 0.992837 0.051456 -0.107828 377.649475
-0.098120 -0.003779 -0.995168 -41.709766 -0.052876 0.998599 0.001422 -8.446500 0.993769 0.052760 -0.098183 377.555237
-0.089970 -0.005429 -0.995930 -42.633183 -0.050380 0.998729 -0.000894 -8.446336 0.994670 0.050095 -0.090130 377.485352
-0.084508 -0.003610 -0.996417 -43.602409 -0.047879 0.998853 0.000441 -8.448698 0.995272 0.047745 -0.084584 377.437744
-0.079038 -0.001803 -0.996871 -44.571880 -0.045385 0.998967 0.001791 -8.449664 0.995839 0.045385 -0.079039 377.395538
-0.076117 0.003411 -0.997093 -45.563881 -0.043874 0.999014 0.006767 -8.452880 0.996133 0.044262 -0.075893 377.320923
-0.073381 0.006328 -0.997284 -46.568733 -0.041549 0.999092 0.009396 -8.452551 0.996439 0.042126 -0.073051 377.235382
-0.070612 0.005868 -0.997487 -47.568676 -0.041983 0.999078 0.008849 -8.441846 0.996620 0.042502 -0.070301 377.144531
-0.070879 0.002233 -0.997483 -48.575500 -0.045771 0.998936 0.005488 -8.439241 0.996435 0.046045 -0.070702 377.078339
-0.070825 -0.000720 -0.997489 -49.597546 -0.047534 0.998866 0.002654 -8.448921 0.996356 0.047604 -0.070780 377.006378
-0.071067 -0.002028 -0.997470 -50.623257 -0.047617 0.998864 0.001361 -8.457243 0.996335 0.047593 -0.071083 376.945618
-0.070206 -0.002228 -0.997531 -51.662350 -0.049189 0.998788 0.001231 -8.461076 0.996319 0.049154 -0.070231 376.870117
-0.068214 -0.001866 -0.997669 -52.726292 -0.049468 0.998774 0.001514 -8.457979 0.996444 0.049456 -0.068223 376.789490
-0.066061 -0.001796 -0.997814 -53.815529 -0.050611 0.998717 0.001553 -8.462214 0.996532 0.050603 -0.066068 376.713959
-0.063718 0.000253 -0.997968 -54.890900 -0.052804 0.998598 0.003624 -8.478973 0.996570 0.052928 -0.063616 376.624756
-0.062271 0.001433 -0.998059 -55.987591 -0.054682 0.998492 0.004845 -8.488523 0.996561 0.054878 -0.062099 376.555420
-0.060961 0.003068 -0.998136 -57.099621 -0.053715 0.998536 0.006350 -8.496379 0.996694 0.054001 -0.060708 376.491119
-0.060921 0.002311 -0.998140 -58.194977 -0.055040 0.998467 0.005671 -8.495290 0.996624 0.055283 -0.060701 376.430969
-0.061397 -0.000028 -0.998114 -59.313023 -0.054829 0.998490 0.003344 -8.498417 0.996606 0.054931 -0.061306 376.368164
-0.062051 -0.000345 -0.998074 -60.399323 -0.054458 0.998511 0.003040 -8.507217 0.996587 0.054542 -0.061979 376.295532
-0.062356 0.003617 -0.998048 -61.497021 -0.055346 0.998441 0.007076 -8.515872 0.996519 0.055680 -0.062059 376.216095
-0.062902 0.008120 -0.997987 -62.590961 -0.055550 0.998388 0.011625 -8.532292 0.996473 0.056169 -0.062350 376.139099
-0.063652 0.007599 -0.997943 -63.693810 -0.059441 0.998167 0.011392 -8.524891 0.996201 0.060045 -0.063085 376.067291
-0.066116 0.005778 -0.997795 -64.809715 -0.058564 0.998236 0.009661 -8.520531 0.996093 0.059074 -0.065662 376.021118
-0.068809 0.001642 -0.997628 -65.903397 -0.055328 0.998453 0.005460 -8.523375 0.996095 0.055572 -0.068612 375.956055
-0.071063 -0.000406 -0.997472 -67.017204 -0.055343 0.998460 0.003535 -8.532677 0.995935 0.055454 -0.070977 375.872070
-0.074094 0.003474 -0.997246 -68.146263 -0.055252 0.998443 0.007583 -8.555967 0.995720 0.055662 -0.073788 375.808960
-0.075294 0.004640 -0.997151 -69.238235 -0.054073 0.998498 0.008730 -8.559537 0.995695 0.054576 -0.074931 375.722015
-0.074216 0.000857 -0.997242 -70.329887 -0.054281 0.998514 0.004898 -8.542772 0.995764 0.054495 -0.074060 375.596863
-0.075048 0.000359 -0.997180 -71.414803 -0.057357 0.998342 0.004675 -8.557012 0.995529 0.057546 -0.074903 375.507996
-0.072901 0.001206 -0.997338 -72.516541 -0.060791 0.998134 0.005650 -8.570397 0.995485 0.061041 -0.072693 375.379120
-0.071839 0.003220 -0.997412 -73.597176 -0.062130 0.998038 0.007698 -8.573424 0.995479 0.062523 -0.071499 375.294434
-0.068525 0.005056 -0.997638 -74.651230 -0.063283 0.997951 0.009404 -8.572013 0.995641 0.063778 -0.068066 375.186707
-0.066898 0.006421 -0.997740 -75.725159 -0.062909 0.997962 0.010640 -8.579611 0.995775 0.063478 -0.066359 375.119080
-0.064763 0.005938 -0.997883 -76.785393 -0.062370 0.998002 0.009986 -8.588168 0.995950 0.062885 -0.064264 375.052124
-0.062118 0.003909 -0.998061 -77.851997 -0.062165 0.998035 0.007777 -8.595554 0.996131 0.062527 -0.061754 374.990845
-0.057274 0.001570 -0.998358 -78.917618 -0.064209 0.997922 0.005253 -8.604057 0.996292 0.064405 -0.057055 374.907013
-0.052946 0.000878 -0.998598 -79.984467 -0.066582 0.997771 0.004408 -8.611670 0.996376 0.066722 -0.052771 374.831848
-0.048924 0.001811 -0.998802 -81.048042 -0.067912 0.997677 0.005135 -8.616425 0.996492 0.068082 -0.048688 374.773743
-0.045766 0.004573 -0.998942 -82.107254 -0.070425 0.997486 0.007793 -8.619597 0.996467 0.070708 -0.045330 374.729919
-0.042675 0.008601 -0.999052 -83.148064 -0.069544 0.997512 0.011557 -8.625636 0.996666 0.069972 -0.041972 374.696259
-0.038683 0.010542 -0.999197 -84.172279 -0.068860 0.997539 0.013190 -8.629499 0.996877 0.069315 -0.037862 374.649139
-0.035589 0.009577 -0.999321 -85.205971 -0.067226 0.997666 0.011955 -8.632977 0.997103 0.067606 -0.034863 374.624237
-0.032842 0.005253 -0.999448 -86.200821 -0.065596 0.997819 0.007400 -8.637956 0.997306 0.065802 -0.032427 374.598175
-0.030390 0.002630 -0.999535 -87.180649 -0.063595 0.997964 0.004559 -8.637664 0.997513 0.063704 -0.030161 374.574554
-0.028864 0.001547 -0.999583 -88.152428 -0.060661 0.998153 0.003296 -8.651025 0.997742 0.060732 -0.028718 374.552399
-0.028096 -0.000392 -0.999606 -89.100922 -0.057702 0.998332 0.001230 -8.664628 0.997939 0.057714 -0.028073 374.540100
-0.025722 -0.002075 -0.999668 -89.990341 -0.056192 0.998420 -0.000627 -8.679678 0.998089 0.056157 -0.025799 374.486328
-0.025381 -0.001358 -0.999677 -90.894035 -0.055089 0.998481 0.000042 -8.698258 0.998159 0.055073 -0.025419 374.472961
-0.025654 -0.000548 -0.999671 -91.790672 -0.051992 0.998646 0.000787 -8.717338 0.998318 0.051995 -0.025648 374.450226
-0.027074 -0.002005 -0.999632 -92.659439 -0.049637 0.998767 -0.000659 -8.732604 0.998400 0.049600 -0.027140 374.411835
-0.031773 -0.002188 -0.999493 -93.552757 -0.044496 0.999009 -0.000772 -8.748807 0.998505 0.044450 -0.031839 374.398010
-0.039834 -0.000757 -0.999207 -94.446671 -0.040811 0.999166 0.000870 -8.757563 0.998373 0.040813 -0.039832 374.380280
-0.051508 0.004062 -0.998665 -95.343811 -0.037514 0.999278 0.006000 -8.809779 0.997968 0.037772 -0.051319 374.372406
-0.064325 0.004876 -0.997918 -96.235329 -0.037774 0.999259 0.007317 -8.820400 0.997215 0.038166 -0.064093 374.329742
-0.077966 0.000686 -0.996956 -97.117516 -0.038732 0.999242 0.003717 -8.818184 0.996204 0.038904 -0.077881 374.269928
-0.091537 -0.005687 -0.995786 -97.998344 -0.039391 0.999222 -0.002086 -8.822082 0.995022 0.039034 -0.091691 374.183655
-0.104140 -0.011087 -0.994501 -98.865837 -0.041224 0.999127 -0.006823 -8.832427 0.993708 0.040287 -0.104507 374.078705
-0.115517 -0.014267 -0.993203 -99.739494 -0.045681 0.998915 -0.009036 -8.848477 0.992255 0.044326 -0.116043 373.967743
-0.124025 -0.015785 -0.992154 -100.620651 -0.049153 0.998744 -0.009745 -8.859820 0.991062 0.047560 -0.124645 373.844391
-0.128768 -0.015724 -0.991551 -101.511391 -0.051220 0.998645 -0.009185 -8.873011 0.990351 0.049604 -0.129399 373.703735
-0.132354 -0.016782 -0.991061 -102.399841 -0.055277 0.998425 -0.009525 -8.891550 0.989660 0.053522 -0.133073 373.584106
-0.133176 -0.018246 -0.990925 -103.302177 -0.058707 0.998220 -0.010490 -8.904696 0.989352 0.056777 -0.134011 373.451813
-0.132819 -0.019675 -0.990946 -104.214714 -0.060848 0.998079 -0.011661 -8.919243 0.989271 0.058749 -0.133762 373.326935
-0.130977 -0.019615 -0.991192 -105.136612 -0.059549 0.998154 -0.011885 -8.930582 0.989596 0.057468 -0.131905 373.201447
-0.129344 -0.015756 -0.991475 -106.071297 -0.059068 0.998220 -0.008158 -8.941938 0.989839 0.057510 -0.130045 373.074860
-0.127643 -0.006929 -0.991796 -107.022217 -0.060802 0.998149 0.000851 -8.949367 0.989955 0.060412 -0.127829 372.946655
-0.124740 0.008103 -0.992157 -107.981010 -0.065096 0.997745 0.016333 -8.950132 0.990052 0.066623 -0.123933 372.816620
-0.120927 0.014007 -0.992563 -108.961449 -0.068483 0.997399 0.022419 -8.951314 0.990296 0.070685 -0.119655 372.695923
-0.114510 0.004778 -0.993411 -109.972664 -0.076910 0.996944 0.013662 -8.929582 0.990441 0.077968 -0.113793 372.556976
-0.107648 -0.006950 -0.994165 -110.977318 -0.078624 0.996903 0.001544 -8.911486 0.991076 0.078331 -0.107862 372.441010
-0.101349 -0.005500 -0.994836 -112.008438 -0.079388 0.996840 0.002576 -8.906537 0.991679 0.079239 -0.101466 372.299805
-0.093216 0.005353 -0.995632 -113.095543 -0.075265 0.997086 0.012408 -8.902864 0.992797 0.076093 -0.092542 372.147156
-0.088868 0.008774 -0.996005 -114.156792 -0.071742 0.997307 0.015187 -8.900172 0.993457 0.072805 -0.088000 372.061035
-0.085153 -0.001063 -0.996368 -115.229469 -0.070505 0.997499 0.004961 -8.898890 0.993871 0.070671 -0.085015 371.975769
-0.082201 -0.010822 -0.996557 -116.300552 -0.073243 0.997302 -0.004790 -8.891180 0.993921 0.072597 -0.082773 371.890991
-0.076627 -0.009600 -0.997014 -117.429428 -0.080174 0.996774 -0.003437 -8.894362 0.993831 0.079671 -0.077150 371.752563
-0.071465 -0.003767 -0.997436 -118.548859 -0.085603 0.996326 0.002370 -8.900905 0.993763 0.085553 -0.071526 371.649841
-0.066329 0.002102 -0.997796 -119.669952 -0.091065 0.995811 0.008151 -8.900840 0.993634 0.091405 -0.065860 371.553345
-0.060488 -0.009230 -0.998126 -120.777428 -0.086856 0.996213 -0.003949 -8.925282 0.994383 0.086454 -0.061061 371.473755
-0.058334 -0.015718 -0.998174 -121.913979 -0.079310 0.996789 -0.011061 -8.941073 0.995143 0.078520 -0.059394 371.460754
-0.053566 -0.008694 -0.998527 -123.105240 -0.073458 0.997286 -0.004743 -8.961598 0.995859 0.073097 -0.054060 371.409210
-0.048275 0.004566 -0.998824 -124.313461 -0.070300 0.997494 0.007958 -8.984376 0.996358 0.070602 -0.047835 371.361786
-0.043556 0.011736 -0.998983 -125.524834 -0.069939 0.997442 0.014767 -8.999880 0.996601 0.070512 -0.042624 371.326843
-0.039165 0.011321 -0.999169 -126.729759 -0.071065 0.997371 0.014086 -8.996474 0.996703 0.071557 -0.038259 371.281128
-0.035551 0.009597 -0.999322 -127.918823 -0.070024 0.997471 0.012071 -8.998294 0.996912 0.070406 -0.034789 371.240540
-0.033705 0.007720 -0.999403 -129.108505 -0.066642 0.997727 0.009954 -8.990290 0.997208 0.066939 -0.033114 371.214142
-0.032853 0.007508 -0.999432 -130.297195 -0.064557 0.997867 0.009619 -8.995446 0.997374 0.064837 -0.032299 371.188721
-0.032782 0.010069 -0.999412 -131.514236 -0.064654 0.997833 0.012173 -8.983222 0.997369 0.065014 -0.032060 371.158112
-0.033154 0.014176 -0.999350 -132.714249 -0.065123 0.997743 0.016314 -8.977637 0.997327 0.065621 -0.032157 371.114868
-0.035002 0.011959 -0.999316 -133.914734 -0.062511 0.997944 0.014131 -8.978209 0.997431 0.062964 -0.034183 371.084656
-0.036858 0.009744 -0.999273 -135.116318 -0.059901 0.998133 0.011942 -8.981383 0.997524 0.060298 -0.036206 371.052002
-0.044020 0.004298 -0.999022 -136.320084 -0.051225 0.998665 0.006553 -8.978477 0.997717 0.051464 -0.043742 371.031494
-0.052193 0.006993 -0.998613 -137.523178 -0.044967 0.998944 0.009345 -8.971594 0.997625 0.045392 -0.051823 370.990387
-0.059036 0.013751 -0.998161 -138.701935 -0.043200 0.998933 0.016316 -8.977025 0.997321 0.044084 -0.058381 370.918884
-0.065447 0.015200 -0.997741 -139.873901 -0.047769 0.998689 0.018348 -8.977594 0.996713 0.048862 -0.064636 370.831879
-0.069833 0.011659 -0.997491 -141.031189 -0.054535 0.998391 0.015488 -8.963956 0.996067 0.055480 -0.069086 370.725891
-0.073344 0.008767 -0.997269 -142.187134 -0.056945 0.998293 0.012965 -8.981393 0.995680 0.057740 -0.072720 370.623260
-0.074705 0.006501 -0.997185 -143.321472 -0.061772 0.998027 0.011134 -8.972492 0.995291 0.062430 -0.074156 370.500763
-0.075255 0.008935 -0.997125 -144.482330 -0.061219 0.998032 0.013564 -8.974262 0.995284 0.062064 -0.074560 370.395782
-0.077724 0.016169 -0.996845 -145.640182 -0.056236 0.998205 0.020576 -8.978028 0.995388 0.057657 -0.076676 370.310089
-0.078865 0.023505 -0.996609 -146.791870 -0.053303 0.998192 0.027760 -8.969216 0.995459 0.055312 -0.077470 370.207520
-0.079140 0.026464 -0.996513 -147.949417 -0.054352 0.998046 0.030821 -8.958837 0.995381 0.056602 -0.077547 370.104279
-0.077086 0.020436 -0.996816 -149.075974 -0.059002 0.997944 0.025021 -8.937260 0.995278 0.060743 -0.075723 369.983063
-0.077762 0.012596 -0.996893 -150.212906 -0.059792 0.998061 0.017274 -8.930892 0.995178 0.060950 -0.076858 369.893799
-0.078475 0.011815 -0.996847 -151.362473 -0.056749 0.998255 0.016298 -8.917981 0.995300 0.057849 -0.077668 369.812378
-0.079970 0.015608 -0.996675 -152.509521 -0.054431 0.998316 0.020001 -8.908184 0.995310 0.055849 -0.078986 369.718079
-0.083198 0.021428 -0.996303 -153.643372 -0.049416 0.998449 0.025601 -8.897361 0.995308 0.051363 -0.082011 369.628174
-0.087090 0.023915 -0.995914 -154.762817 -0.047687 0.998465 0.028146 -8.880410 0.995059 0.049944 -0.085817 369.536102
-0.090825 0.026074 -0.995526 -155.906342 -0.047724 0.998395 0.030503 -8.863341 0.994723 0.050281 -0.089436 369.446869
-0.092849 0.025561 -0.995352 -157.033813 -0.050405 0.998268 0.030336 -8.853382 0.994404 0.052987 -0.091400 369.329163
-0.096129 0.022829 -0.995108 -158.163147 -0.055418 0.998062 0.028250 -8.832408 0.993825 0.057862 -0.094678 369.219177
-0.097961 0.018375 -0.995021 -159.312592 -0.058859 0.997972 0.024225 -8.809741 0.993449 0.060939 -0.096682 369.086456
-0.099127 0.015383 -0.994957 -160.427704 -0.057247 0.998135 0.021135 -8.805279 0.993427 0.059053 -0.098063 368.959930
-0.100300 0.012386 -0.994880 -161.544769 -0.055635 0.998288 0.018037 -8.804314 0.993401 0.057160 -0.099439 368.831665
-0.101651 0.017043 -0.994675 -162.677902 -0.053231 0.998327 0.022544 -8.786065 0.993395 0.055240 -0.100575 368.717560
-0.103580 0.024601 -0.994317 -163.784546 -0.052256 0.998178 0.030139 -8.779106 0.993248 0.055081 -0.102106 368.607025
-0.105487 0.027498 -0.994040 -164.873932 -0.054137 0.997976 0.033351 -8.770501 0.992947 0.057333 -0.103785 368.493378
-0.106349 0.024867 -0.994018 -165.982117 -0.054411 0.998043 0.030789 -8.746251 0.992840 0.057360 -0.104788 368.388824
-0.107516 0.021112 -0.993980 -167.068939 -0.055518 0.998087 0.027204 -8.732747 0.992652 0.058109 -0.106138 368.278076
-0.109982 0.020859 -0.993715 -168.159866 -0.056709 0.998020 0.027225 -8.717866 0.992315 0.059346 -0.108581 368.184906
-0.111302 0.023008 -0.993521 -169.239777 -0.056668 0.997958 0.029459 -8.696933 0.992170 0.059579 -0.109772 368.079712
-0.111463 0.020934 -0.993548 -170.319244 -0.052215 0.998273 0.026890 -8.684964 0.992396 0.054876 -0.110179 367.957306
-0.111239 0.012593 -0.993714 -171.397003 -0.052301 0.998459 0.018507 -8.671123 0.992417 0.054030 -0.110409 367.829071
-0.110966 0.009532 -0.993779 -172.457809 -0.048223 0.998724 0.014964 -8.665877 0.992654 0.049583 -0.110365 367.708374
-0.112722 0.014524 -0.993521 -173.539764 -0.046752 0.998707 0.019904 -8.658638 0.992526 0.048693 -0.111897 367.597534
-0.112609 0.017788 -0.993481 -174.612732 -0.048091 0.998570 0.023330 -8.653432 0.992475 0.050405 -0.111593 367.473297
-0.111246 0.013259 -0.993704 -175.701706 -0.051177 0.998507 0.019052 -8.643549 0.992475 0.052975 -0.110402 367.341888
-0.108927 0.006279 -0.994030 -176.785858 -0.059064 0.998172 0.012777 -8.633333 0.992294 0.060103 -0.108357 367.201843
-0.104656 0.005329 -0.994495 -177.845459 -0.065039 0.997808 0.012191 -8.630212 0.992380 0.065956 -0.104080 367.056671
-0.101427 0.008101 -0.994810 -178.946503 -0.068952 0.997505 0.015152 -8.617950 0.992451 0.070131 -0.100616 366.943451
-0.097101 0.010505 -0.995219 -180.033539 -0.068864 0.997476 0.017248 -8.613370 0.992889 0.070209 -0.096133 366.830811
-0.093186 0.009520 -0.995604 -181.123734 -0.066058 0.997691 0.015723 -8.600016 0.993456 0.067232 -0.092343 366.743286
-0.089169 0.008412 -0.995981 -182.213898 -0.063224 0.997900 0.014089 -8.593182 0.994008 0.064226 -0.088450 366.657623
-0.083996 0.005854 -0.996449 -183.312637 -0.058420 0.998233 0.010789 -8.581048 0.994752 0.059119 -0.083507 366.550903
-0.078912 0.003727 -0.996875 -184.415359 -0.053785 0.998520 0.007990 -8.576247 0.995430 0.054247 -0.078596 366.443298
-0.075518 0.003120 -0.997140 -185.511841 -0.048843 0.998783 0.006824 -8.585438 0.995948 0.049219 -0.075274 366.370026
-0.071469 0.008848 -0.997404 -186.603882 -0.042686 0.999017 0.011921 -8.583919 0.996530 0.043427 -0.071022 366.287079
-0.069561 0.015905 -0.997451 -187.703094 -0.036787 0.999152 0.018498 -8.589600 0.996900 0.037980 -0.068918 366.218903
-0.068821 0.017563 -0.997474 -188.808456 -0.035648 0.999163 0.020052 -8.578718 0.996993 0.036939 -0.068138 366.153534
-0.068960 0.015941 -0.997492 -189.920303 -0.032336 0.999310 0.018205 -8.567658 0.997095 0.033510 -0.068397 366.108978
-0.068605 0.015800 -0.997519 -191.029633 -0.035068 0.999218 0.018239 -8.557658 0.997028 0.036233 -0.067998 366.034546
-0.066381 0.018306 -0.997626 -192.133530 -0.039158 0.999013 0.020937 -8.550191 0.997026 0.040456 -0.065599 365.956848
-0.064834 0.017867 -0.997736 -193.221695 -0.045541 0.998745 0.020845 -8.546487 0.996856 0.046789 -0.063940 365.910187
-0.061140 0.015326 -0.998012 -194.343811 -0.051987 0.998476 0.018518 -8.542470 0.996774 0.053016 -0.060251 365.840515
-0.057186 0.013227 -0.998276 -195.490707 -0.056668 0.998257 0.016473 -8.526969 0.996754 0.057512 -0.056337 365.779663
-0.053275 0.014155 -0.998480 -196.607224 -0.060123 0.998039 0.017356 -8.518477 0.996769 0.060956 -0.052319 365.712097
-0.049339 0.015124 -0.998668 -197.732605 -0.060700 0.997991 0.018113 -8.508574 0.996936 0.061513 -0.048323 365.658356
-0.046048 0.016375 -0.998805 -198.884125 -0.060907 0.997958 0.019169 -8.490911 0.997081 0.061717 -0.044957 365.621643
-0.044155 0.017889 -0.998865 -200.018311 -0.059594 0.998011 0.020507 -8.479308 0.997246 0.060432 -0.043001 365.586060
-0.041196 0.020134 -0.998949 -201.148880 -0.057846 0.998071 0.022502 -8.475606 0.997476 0.058712 -0.039953 365.518341
-0.040400 0.020538 -0.998973 -202.307602 -0.055989 0.998170 0.022785 -8.466358 0.997614 0.056852 -0.039177 365.486877
-0.038832 0.019599 -0.999054 -203.448715 -0.055891 0.998200 0.021755 -8.454337 0.997682 0.056683 -0.037667 365.440399
-0.039513 0.022073 -0.998976 -204.593796 -0.056217 0.998123 0.024278 -8.451717 0.997636 0.057118 -0.038198 365.408478
-0.038384 0.023689 -0.998983 -205.750778 -0.056127 0.998089 0.025825 -8.434084 0.997686 0.057062 -0.036982 365.357391
-0.037961 0.023668 -0.998999 -206.902695 -0.056234 0.998084 0.025782 -8.414348 0.997696 0.057157 -0.036558 365.328430
-0.037315 0.021155 -0.999080 -208.039780 -0.054813 0.998227 0.023184 -8.395364 0.997800 0.055628 -0.036089 365.288940
-0.035877 0.020104 -0.999154 -209.180771 -0.052307 0.998389 0.021966 -8.370436 0.997986 0.053051 -0.034769 365.244324
-0.037635 0.019142 -0.999109 -210.335159 -0.052672 0.998388 0.021112 -8.345901 0.997903 0.053421 -0.036567 365.264160
-0.034915 0.017495 -0.999238 -211.474030 -0.051717 0.998475 0.019288 -8.345461 0.998052 0.052351 -0.033958 365.216370
-0.032926 0.015461 -0.999339 -212.616394 -0.050224 0.998591 0.017103 -8.341148 0.998195 0.050755 -0.032104 365.188782
-0.030363 0.016109 -0.999409 -213.755173 -0.050902 0.998547 0.017641 -8.336339 0.998243 0.051407 -0.029500 365.160858
-0.026977 0.019480 -0.999447 -214.889877 -0.050619 0.998500 0.020828 -8.332724 0.998354 0.051153 -0.025952 365.129211
-0.022647 0.022697 -0.999486 -216.014221 -0.050733 0.998428 0.023822 -8.326638 0.998456 0.051248 -0.021461 365.100189
-0.017914 0.024145 -0.999549 -217.135849 -0.052679 0.998296 0.025058 -8.314828 0.998451 0.053104 -0.016612 365.088959
-0.011838 0.025238 -0.999612 -218.235672 -0.055505 0.998123 0.025857 -8.308404 0.998389 0.055790 -0.010416 365.068268
-0.005162 0.024152 -0.999696 -219.319260 -0.056699 0.998092 0.024406 -8.307802 0.998378 0.056808 -0.003784 365.059906
0.001327 0.021319 -0.999772 -220.380768 -0.058089 0.998086 0.021206 -8.293328 0.998311 0.058048 0.002562 365.060852
0.007323 0.021544 -0.999741 -221.427505 -0.057647 0.998113 0.021086 -8.296067 0.998310 0.057477 0.008550 365.068848
0.012508 0.022047 -0.999679 -222.470688 -0.054609 0.998279 0.021333 -8.291945 0.998430 0.054324 0.013690 365.072479
0.015587 0.021298 -0.999652 -223.492615 -0.051935 0.998440 0.020462 -8.289844 0.998529 0.051598 0.016668 365.098907
0.018286 0.020451 -0.999624 -224.496582 -0.049409 0.998587 0.019526 -8.290932 0.998611 0.049034 0.019269 365.119080
0.021637 0.021780 -0.999529 -225.509308 -0.049541 0.998558 0.020685 -8.277938 0.998538 0.049071 0.022684 365.118530
0.025101 0.026464 -0.999335 -226.520065 -0.045537 0.998641 0.025302 -8.259293 0.998648 0.044872 0.026272 365.116882
0.027354 0.028775 -0.999212 -227.522583 -0.042887 0.998698 0.027587 -8.254463 0.998706 0.042099 0.028553 365.127594
0.028915 0.020599 -0.999370 -228.474884 -0.041445 0.998952 0.019391 -8.249671 0.998723 0.040858 0.029738 365.164551
0.031255 0.009785 -0.999464 -229.413147 -0.040976 0.999124 0.008499 -8.241313 0.998672 0.040688 0.031628 365.194183
0.034084 0.011612 -0.999352 -230.326233 -0.045738 0.998903 0.010047 -8.239025 0.998372 0.045366 0.034578 365.227692
0.038117 0.023047 -0.999008 -231.233307 -0.049094 0.998569 0.021163 -8.227372 0.998067 0.048239 0.039193 365.269928
0.043247 0.031614 -0.998565 -232.103546 -0.053270 0.998150 0.029295 -8.230888 0.997644 0.051927 0.044849 365.309937
0.051523 0.028957 -0.998252 -232.936554 -0.056099 0.998084 0.026057 -8.230382 0.997096 0.054659 0.053048 365.345276
0.060237 0.026687 -0.997827 -233.741241 -0.058186 0.998036 0.023181 -8.219360 0.996487 0.056664 0.061672 365.395508
0.071492 0.026352 -0.997093 -234.526550 -0.055813 0.998190 0.022379 -8.209305 0.995879 0.054050 0.072833 365.445709
0.083505 0.025077 -0.996192 -235.286163 -0.054502 0.998302 0.020561 -8.220079 0.995016 0.052577 0.084729 365.516815
0.098026 0.016428 -0.995049 -236.014557 -0.053125 0.998524 0.011253 -8.229063 0.993765 0.051759 0.098754 365.600922
0.114321 0.007869 -0.993413 -236.736649 -0.051355 0.998678 0.002001 -8.221744 0.992116 0.050788 0.114573 365.707764
0.130553 -0.000697 -0.991441 -237.456345 -0.049436 0.998751 -0.007212 -8.221135 0.990208 0.049954 0.130355 365.825989
0.146104 0.004673 -0.989258 -238.124069 -0.042273 0.999105 -0.001524 -8.236015 0.988366 0.042041 0.146171 365.940430
0.161198 0.009015 -0.986881 -238.772110 -0.036142 0.999341 0.003224 -8.243459 0.986260 0.035148 0.161418 366.061005
0.174197 0.010267 -0.984658 -239.393280 -0.029127 0.999561 0.005269 -8.259962 0.984281 0.027762 0.174418 366.188995
0.183215 0.009060 -0.983032 -239.996735 -0.022214 0.999740 0.005073 -8.268755 0.982823 0.020907 0.183368 366.328369
0.188800 0.006877 -0.981992 -240.579285 -0.017296 0.999844 0.003676 -8.272656 0.981863 0.016290 0.188890 366.464966
0.192254 0.004014 -0.981338 -241.135040 -0.013714 0.999904 0.001403 -8.281749 0.981250 0.013188 0.192289 366.583466
0.193118 0.002354 -0.981173 -241.686584 -0.009802 0.999952 0.000470 -8.286376 0.981127 0.009526 0.193131 366.713501
0.191228 0.003789 -0.981539 -242.218719 -0.007508 0.999969 0.002397 -8.296962 0.981518 0.006911 0.191250 366.838928
0.187643 0.005032 -0.982225 -242.727112 -0.005416 0.999977 0.004087 -8.307305 0.982223 0.004553 0.187665 366.940277
0.181915 0.006644 -0.983293 -243.226059 -0.004829 0.999971 0.005863 -8.318797 0.983303 0.003681 0.181941 367.031616
0.174827 0.008348 -0.984564 -243.710175 -0.005970 0.999954 0.007418 -8.332315 0.984582 0.004580 0.174868 367.112488
0.166502 0.009142 -0.985999 -244.176117 -0.007808 0.999938 0.007953 -8.334722 0.986011 0.006375 0.166563 367.182007
0.156671 0.007911 -0.987619 -244.626541 -0.008998 0.999938 0.006582 -8.335700 0.987611 0.007855 0.156732 367.246033
0.145100 0.006514 -0.989396 -245.052643 -0.007470 0.999957 0.005487 -8.338585 0.989389 0.006595 0.145143 367.302612
0.130154 0.005094 -0.991481 -245.470306 -0.006088 0.999972 0.004337 -8.341367 0.991476 0.005472 0.130181 367.346191
0.110336 0.003690 -0.993888 -245.889664 -0.005990 0.999977 0.003048 -8.343390 0.993877 0.005617 0.110354 367.383636
0.087868 0.004570 -0.996122 -246.316849 -0.007639 0.999963 0.003913 -8.345707 0.996103 0.007266 0.087900 367.416748
0.065888 0.005878 -0.997810 -246.729080 -0.011285 0.999923 0.005146 -8.349206 0.997764 0.010921 0.065949 367.427490
0.044868 0.006750 -0.998970 -247.141418 -0.014328 0.999879 0.006112 -8.345974 0.998891 0.014040 0.044959 367.427338
0.023612 0.007588 -0.999692 -247.550125 -0.016624 0.999835 0.007197 -8.348607 0.999583 0.016449 0.023734 367.423645
0.003448 0.008653 -0.999957 -247.953506 -0.018954 0.999783 0.008586 -8.350803 0.999815 0.018925 0.003611 367.404785
-0.015420 0.008601 -0.999844 -248.350800 -0.021328 0.999732 0.008928 -8.349214 0.999654 0.021462 -0.015233 367.376923
-0.033651 0.008286 -0.999399 -248.749283 -0.024440 0.999659 0.009111 -8.346190 0.999135 0.024732 -0.033438 367.349792
-0.049559 0.007405 -0.998744 -249.148178 -0.028656 0.999550 0.008833 -8.342092 0.998360 0.029058 -0.049325 367.319611
-0.060984 0.005681 -0.998123 -249.548508 -0.032939 0.999427 0.007701 -8.342123 0.997595 0.033347 -0.060763 367.277222
-0.068030 0.004214 -0.997675 -249.954788 -0.039003 0.999215 0.006880 -8.340886 0.996921 0.039382 -0.067813 367.231903
-0.072357 0.003937 -0.997372 -250.377167 -0.043941 0.999008 0.007131 -8.336110 0.996411 0.044342 -0.072113 367.194336
-0.074214 0.004515 -0.997233 -250.803558 -0.046889 0.998867 0.008012 -8.333673 0.996140 0.047354 -0.073919 367.154633
-0.073476 0.005014 -0.997285 -251.238892 -0.049160 0.998753 0.008643 -8.333753 0.996085 0.049662 -0.073138 367.120789
-0.070181 0.005463 -0.997520 -251.670029 -0.052386 0.998584 0.009154 -8.335550 0.996159 0.052898 -0.069796 367.084229
-0.066709 0.005448 -0.997758 -252.101959 -0.054589 0.998467 0.009102 -8.338320 0.996278 0.055075 -0.066310 367.052490
-0.062078 0.005130 -0.998059 -252.544983 -0.058465 0.998251 0.008767 -8.338483 0.996358 0.058895 -0.061671 367.020477
-0.052763 0.004141 -0.998599 -252.983231 -0.062115 0.998040 0.007421 -8.340423 0.996674 0.062420 -0.052403 366.965302
-0.042683 0.000832 -0.999089 -253.417831 -0.065274 0.997860 0.003619 -8.295760 0.996955 0.065369 -0.042539 366.956970
-0.031969 0.001124 -0.999489 -253.849167 -0.066655 0.997770 0.003254 -8.302661 0.997264 0.066725 -0.031824 366.953156
-0.020588 0.002093 -0.999786 -254.291290 -0.067803 0.997692 0.003484 -8.303670 0.997487 0.067860 -0.020399 366.948578
-0.010657 0.003232 -0.999938 -254.709412 -0.067797 0.997691 0.003947 -8.306061 0.997643 0.067835 -0.010414 366.963715
-0.000373 0.005342 -0.999986 -255.150421 -0.070912 0.997468 0.005354 -8.308814 0.997483 0.070912 0.000007 366.975677
0.011183 0.009412 -0.999893 -255.584198 -0.073613 0.997249 0.008565 -8.311063 0.997225 0.073509 0.011844 366.986908
0.022746 0.013522 -0.999650 -256.018677 -0.076355 0.997011 0.011749 -8.311972 0.996822 0.076061 0.023711 367.003296
0.033774 0.011630 -0.999362 -256.437988 -0.073754 0.997234 0.009113 -8.315797 0.996705 0.073399 0.034538 367.034485
0.044783 0.009712 -0.998950 -256.856628 -0.071126 0.997446 0.006509 -8.320675 0.996462 0.070759 0.045358 367.070221
0.055002 0.008533 -0.998450 -257.244751 -0.070783 0.997480 0.004626 -8.326006 0.995975 0.070419 0.055467 367.100372
0.064627 0.007236 -0.997884 -257.615845 -0.073109 0.997320 0.002497 -8.331234 0.995229 0.072793 0.064982 367.122620
0.072931 0.004935 -0.997325 -257.967896 -0.075632 0.997135 -0.000596 -8.328998 0.994465 0.075473 0.073094 367.147125
0.078804 0.001130 -0.996890 -258.300446 -0.075511 0.997133 -0.004839 -8.330646 0.994027 0.075658 0.078663 367.181488
0.083100 -0.003097 -0.996537 -258.626251 -0.070489 0.997471 -0.008978 -8.331708 0.994046 0.070992 0.082671 367.223846
0.085416 -0.004511 -0.996336 -258.958862 -0.063971 0.997901 -0.010003 -8.334872 0.994290 0.064590 0.084947 367.268280
0.084571 -0.003425 -0.996412 -259.287354 -0.060091 0.998156 -0.008530 -8.348796 0.994604 0.060597 0.084209 367.300171
0.079612 -0.009397 -0.996782 -259.607025 -0.059609 0.998120 -0.014170 -8.274860 0.995043 0.060546 0.078902 367.331757
0.070076 -0.009265 -0.997499 -259.933075 -0.060029 0.998105 -0.013489 -8.283780 0.995734 0.060824 0.069386 367.343262
0.054694 -0.008193 -0.998470 -260.253662 -0.062241 0.997993 -0.011599 -8.299150 0.996562 0.062780 0.054074 367.353699
0.034049 -0.009740 -0.999373 -260.561920 -0.063865 0.997887 -0.011902 -8.292020 0.997378 0.064231 0.033355 367.371674
0.010551 -0.010559 -0.999889 -260.874542 -0.064803 0.997834 -0.011221 -8.301267 0.997842 0.064914 0.009843 367.368530
-0.015408 -0.013454 -0.999791 -261.184753 -0.063965 0.997874 -0.012442 -8.304820 0.997834 0.063759 -0.016237 367.337616
-0.045175 -0.016617 -0.998841 -261.501587 -0.064398 0.997830 -0.013688 -8.311517 0.996902 0.063706 -0.046149 367.304047
-0.077286 -0.018469 -0.996838 -261.832153 -0.065674 0.997750 -0.013394 -8.307486 0.994844 0.064432 -0.078326 367.257111
-0.113694 -0.018002 -0.993353 -262.176575 -0.069256 0.997547 -0.010152 -8.303649 0.991099 0.067642 -0.114662 367.199524
-0.154753 -0.014957 -0.987841 -262.531586 -0.072416 0.997367 -0.003757 -8.310114 0.985296 0.070954 -0.155430 367.136169
-0.197081 -0.013534 -0.980294 -262.888916 -0.071874 0.997413 0.000680 -8.302463 0.977749 0.070592 -0.197545 367.045654
-0.241337 -0.014109 -0.970340 -263.250580 -0.070378 0.997515 0.002999 -8.298254 0.967887 0.069014 -0.241731 366.933075
-0.288151 -0.014344 -0.957478 -263.621094 -0.069310 0.997577 0.005914 -8.290680 0.955073 0.068068 -0.288448 366.803223
-0.335545 -0.013546 -0.941927 -263.991882 -0.069741 0.997509 0.010499 -8.282750 0.939439 0.069214 -0.335655 366.636353
-0.383332 -0.014065 -0.923504 -264.371246 -0.071289 0.997351 0.014401 -8.275891 0.920855 0.071357 -0.383320 366.442444
-0.431912 -0.016208 -0.901770 -264.747192 -0.069753 0.997444 0.015482 -8.267853 0.899215 0.069587 -0.431940 366.227783
-0.480723 -0.019137 -0.876664 -265.113037 -0.067700 0.997587 0.015347 -8.254161 0.874256 0.066728 -0.480859 365.988342
-0.529181 -0.020596 -0.848260 -265.476349 -0.063373 0.997872 0.015306 -8.233164 0.846140 0.061856 -0.529360 365.718445
-0.578758 -0.017564 -0.815311 -265.852875 -0.058817 0.998063 0.020251 -8.229198 0.813376 0.059674 -0.578671 365.417816
-0.626766 -0.012762 -0.779103 -266.225281 -0.052829 0.998261 0.026146 -8.222241 0.777415 0.057547 -0.626352 365.080841
-0.674156 -0.012322 -0.738486 -266.592346 -0.051545 0.998207 0.030400 -8.190863 0.736789 0.058560 -0.673584 364.707153
-0.719679 -0.009455 -0.694243 -266.947662 -0.048431 0.998154 0.036613 -8.177656 0.692616 0.059973 -0.718810 364.299042
-0.762889 -0.002424 -0.646525 -267.297180 -0.041157 0.998146 0.044821 -8.181613 0.645218 0.060803 -0.761576 363.858307
-0.802059 0.000872 -0.597246 -267.612183 -0.035729 0.998138 0.049438 -8.151238 0.596177 0.060991 -0.800534 363.389496
-0.838006 0.004094 -0.545646 -267.917084 -0.030030 0.998110 0.053608 -8.118992 0.544834 0.061309 -0.836300 362.875793
-0.869377 0.004270 -0.494132 -268.188232 -0.027144 0.998039 0.056384 -8.078084 0.493404 0.062433 -0.867558 362.339905
-0.895901 0.004709 -0.444230 -268.438049 -0.024750 0.997862 0.060491 -8.042697 0.443565 0.065189 -0.893869 361.777588
-0.917600 0.003321 -0.397493 -268.664673 -0.024448 0.997600 0.064772 -8.003173 0.396754 0.069153 -0.915317 361.174133
-0.934493 0.001837 -0.355979 -268.861359 -0.023777 0.997431 0.067566 -7.948562 0.355188 0.071604 -0.932049 360.551300
-0.948991 0.001815 -0.315299 -269.078827 -0.021622 0.997254 0.070818 -7.897186 0.314561 0.074023 -0.946347 359.874054
-0.960818 0.003792 -0.277154 -269.261230 -0.017567 0.997063 0.074539 -7.850815 0.276621 0.076488 -0.957931 359.197815
-0.970118 0.003432 -0.242614 -269.411011 -0.015538 0.996968 0.076232 -7.800098 0.242140 0.077724 -0.967124 358.490326
-0.977506 0.005306 -0.210844 -269.553864 -0.010886 0.997081 0.075563 -7.748783 0.210629 0.076159 -0.974595 357.758606
-0.983383 0.009614 -0.181294 -269.693329 -0.003369 0.997459 0.071164 -7.697864 0.181516 0.070592 -0.980851 357.000397
-0.987904 0.012825 -0.154534 -269.804596 0.002591 0.997800 0.066241 -7.642406 0.155044 0.065040 -0.985765 356.223419
-0.991699 0.016472 -0.127528 -269.910767 0.008270 0.997877 0.064582 -7.580997 0.128320 0.062992 -0.989731 355.415497
-0.994591 0.022598 -0.101381 -270.002411 0.015831 0.997623 0.067055 -7.524785 0.102655 0.065087 -0.992586 354.578583
-0.996654 0.027417 -0.077004 -270.069977 0.021912 0.997205 0.071427 -7.470761 0.078747 0.069502 -0.994469 353.716827
-0.998115 0.027650 -0.054785 -270.120026 0.023523 0.996936 0.074587 -7.399278 0.056679 0.073158 -0.995709 352.841736
-0.998943 0.027211 -0.037049 -270.147858 0.024408 0.996952 0.074093 -7.340208 0.038951 0.073111 -0.996564 351.939575
-0.999474 0.021340 -0.024432 -270.157959 0.019532 0.997215 0.071982 -7.273061 0.025899 0.071467 -0.997107 351.014343
-0.999737 0.013713 -0.018385 -270.141083 0.012432 0.997608 0.067995 -7.201853 0.019273 0.067750 -0.997516 350.078278
-0.999841 0.009692 -0.014999 -270.141968 0.008665 0.997710 0.067064 -7.136219 0.015614 0.066923 -0.997636 349.116577
-0.999838 0.011420 -0.014005 -270.146027 0.010440 0.997621 0.068140 -7.070022 0.014749 0.067982 -0.997578 348.144318
-0.999832 0.012764 -0.013177 -270.156464 0.011816 0.997502 0.069636 -7.005364 0.014032 0.069470 -0.997485 347.127777
-0.999815 0.014692 -0.012476 -270.171875 0.013785 0.997460 0.069864 -6.931268 0.013469 0.069680 -0.997479 346.103333
-0.999824 0.015292 -0.010939 -270.181519 0.014483 0.997402 0.070557 -6.864085 0.011989 0.070386 -0.997449 345.059021
-0.999845 0.014041 -0.010685 -270.173950 0.013245 0.997373 0.071205 -6.777170 0.011655 0.071053 -0.997405 343.982391
-0.999891 0.011236 -0.009606 -270.172638 0.010515 0.997353 0.071945 -6.694419 0.010389 0.071836 -0.997362 342.906433
-0.999925 0.009584 -0.007708 -270.170135 0.008989 0.997239 0.073704 -6.610835 0.008392 0.073629 -0.997250 341.830475
-0.999946 0.009038 -0.005174 -270.190796 0.008610 0.996957 0.077479 -6.538088 0.005858 0.077431 -0.996981 340.691711
-0.999969 0.007571 -0.002286 -270.199524 0.007370 0.996938 0.077837 -6.450884 0.002868 0.077818 -0.996964 339.579346
-0.999979 0.006279 0.002020 -270.218353 0.006414 0.997097 0.075866 -6.361714 -0.001537 0.075877 -0.997116 338.459778
-0.999973 0.006102 0.004089 -270.202667 0.006385 0.997292 0.073255 -6.279435 -0.003632 0.073280 -0.997306 337.328979
-0.999943 0.008624 0.006460 -270.185699 0.009071 0.997320 0.072587 -6.193887 -0.005817 0.072641 -0.997342 336.203156
-0.999902 0.010539 0.009248 -270.175476 0.011194 0.997200 0.073924 -6.116225 -0.008444 0.074021 -0.997222 335.038208
-0.999857 0.010900 0.012960 -270.168152 0.011868 0.996948 0.077152 -6.045199 -0.012081 0.077294 -0.996935 333.855743
-0.999816 0.012274 0.014762 -270.124634 0.013445 0.996544 0.081975 -5.959517 -0.013705 0.082158 -0.996526 332.677826
-0.999757 0.012233 0.018371 -270.098267 0.013829 0.995896 0.089445 -5.874535 -0.017202 0.089677 -0.995823 331.489105
-0.999635 0.015501 0.022133 -270.078217 0.017483 0.995569 0.092387 -5.768290 -0.020603 0.092741 -0.995477 330.262787
-0.999539 0.016728 0.025342 -270.046600 0.018847 0.996127 0.085876 -5.672484 -0.023808 0.086314 -0.995984 329.045502
-0.999511 0.015164 0.027371 -270.005157 0.017138 0.997152 0.073440 -5.605340 -0.026180 0.073873 -0.996925 327.873535
-0.999514 0.011360 0.029020 -269.959167 0.013128 0.998020 0.061501 -5.525477 -0.028264 0.061852 -0.997685 326.682739
-0.999461 0.007703 0.031944 -269.915680 0.009679 0.998015 0.062217 -5.464613 -0.031402 0.062492 -0.997552 325.479858
-0.999363 0.006718 0.035054 -269.866150 0.009267 0.997283 0.073085 -5.404346 -0.034468 0.073363 -0.996710 324.279236
-0.999226 0.006109 0.038864 -269.811554 0.009336 0.996472 0.083403 -5.334716 -0.038219 0.083701 -0.995758 323.094055
-0.999032 0.005346 0.043665 -269.749359 0.009131 0.996171 0.086942 -5.255805 -0.043033 0.087256 -0.995256 321.878632
-0.998823 0.005988 0.048132 -269.678558 0.010137 0.996208 0.086403 -5.173378 -0.047432 0.086790 -0.995098 320.685883
-0.998601 0.005813 0.052565 -269.599945 0.010303 0.996281 0.085547 -5.091663 -0.051873 0.085969 -0.994947 319.503448
-0.998274 0.006684 0.058352 -269.516113 0.011665 0.996274 0.085446 -5.010970 -0.057564 0.085979 -0.994633 318.321320
-0.997942 0.008660 0.063555 -269.433289 0.014188 0.996103 0.087040 -4.933918 -0.062555 0.087763 -0.994176 317.135345
-0.997588 0.009565 0.068748 -269.347107 0.015662 0.995933 0.088722 -4.853428 -0.067622 0.089585 -0.993681 315.962524
-0.997216 0.012103 0.073591 -269.246124 0.018712 0.995783 0.089801 -4.754323 -0.072194 0.090928 -0.993238 314.765015
-0.996718 0.014967 0.079562 -269.152954 0.022146 0.995682 0.090135 -4.651968 -0.077870 0.091601 -0.992747 313.587372
-0.996323 0.015425 0.084282 -269.038544 0.023062 0.995638 0.090403 -4.580459 -0.082521 0.092014 -0.992333 312.436707
-0.995926 0.017881 0.088394 -268.912506 0.025804 0.995668 0.089321 -4.485313 -0.086415 0.091238 -0.992073 311.270782
-0.995574 0.018561 0.092132 -268.773804 0.026804 0.995665 0.089063 -4.383905 -0.090080 0.091139 -0.991756 310.119354
-0.995108 0.019777 0.096798 -268.641571 0.028468 0.995603 0.089241 -4.287007 -0.094609 0.091560 -0.991296 308.919220
-0.994657 0.020851 0.101110 -268.518982 0.029717 0.995765 0.086998 -4.194435 -0.098869 0.089538 -0.991064 307.746704
-0.994094 0.027367 0.105014 -268.401794 0.036541 0.995585 0.086462 -4.129368 -0.102185 0.089790 -0.990705 306.614777
-0.993600 0.028396 0.109337 -268.272003 0.037961 0.995534 0.086420 -4.042721 -0.106395 0.090018 -0.990242 305.473969
-0.992919 0.030865 0.114718 -268.143494 0.041106 0.995271 0.088003 -3.956447 -0.111460 0.092096 -0.989492 304.303680
-0.992226 0.034046 0.119707 -268.004791 0.044626 0.995222 0.086841 -3.871604 -0.116179 0.091508 -0.989004 303.153259
-0.991681 0.036438 0.123458 -267.853363 0.047404 0.995072 0.087082 -3.799971 -0.119677 0.092210 -0.988522 302.034332
-0.991148 0.037716 0.127297 -267.701935 0.049297 0.994802 0.089095 -3.711991 -0.123276 0.094582 -0.987855 300.908051
-0.990722 0.039500 0.130041 -267.540802 0.051387 0.994672 0.089366 -3.608794 -0.125818 0.095220 -0.987473 299.786987
-0.990281 0.040104 0.133177 -267.370117 0.052198 0.994698 0.088597 -3.518981 -0.128919 0.094688 -0.987125 298.632172
-0.989825 0.039765 0.136623 -267.212463 0.051925 0.994886 0.086628 -3.436069 -0.132481 0.092841 -0.986828 297.484955
-0.989671 0.037675 0.138321 -267.022125 0.049695 0.995183 0.084502 -3.347683 -0.134472 0.090504 -0.986776 296.348938
-0.989427 0.037499 0.140106 -266.843445 0.049552 0.995269 0.083563 -3.259776 -0.136310 0.089623 -0.986605 295.224091
-0.989078 0.037855 0.142451 -266.668060 0.050130 0.995238 0.083592 -3.177144 -0.138609 0.089820 -0.986266 294.087036
-0.988429 0.039693 0.146401 -266.514801 0.052421 0.995074 0.084130 -3.101287 -0.142341 0.090831 -0.985642 292.953156
-0.987747 0.040505 0.150717 -266.358185 0.053516 0.995086 0.083297 -3.032907 -0.146602 0.090342 -0.985062 291.822418
-0.987249 0.041432 0.153703 -266.174133 0.054621 0.995084 0.082598 -2.946705 -0.149526 0.089940 -0.984659 290.678986
-0.986587 0.041610 0.157847 -266.001770 0.055163 0.995065 0.082476 -2.857056 -0.153637 0.090077 -0.984014 289.550171
-0.986162 0.038860 0.161164 -265.807953 0.052677 0.995208 0.082370 -2.772115 -0.157191 0.089721 -0.983485 288.418365
-0.985628 0.038105 0.164580 -265.608521 0.052176 0.995262 0.082040 -2.680363 -0.160675 0.089449 -0.982946 287.249390
-0.985126 0.037966 0.167592 -265.405853 0.052231 0.995300 0.081542 -2.596605 -0.163709 0.089083 -0.982479 286.100006
-0.984649 0.038417 0.170270 -265.195099 0.052836 0.995314 0.080979 -2.512635 -0.166363 0.088732 -0.982064 284.954742
-0.984054 0.039404 0.173449 -264.985962 0.054196 0.995208 0.081387 -2.435921 -0.169411 0.089490 -0.981474 283.807220
-0.983445 0.041311 0.176437 -264.769501 0.056595 0.994983 0.082492 -2.349319 -0.172144 0.091112 -0.980850 282.656525
-0.982872 0.040143 0.179868 -264.544586 0.055888 0.994952 0.083347 -2.265018 -0.175614 0.091971 -0.980154 281.491699
-0.982441 0.039987 0.182236 -264.313782 0.056034 0.994907 0.083776 -2.176596 -0.177959 0.092516 -0.979680 280.340851
-0.981650 0.039004 0.186663 -264.101227 0.055341 0.995001 0.083126 -2.082019 -0.182488 0.091930 -0.978901 279.157043
-0.981152 0.038717 0.189323 -263.848450 0.055045 0.995130 0.081759 -1.980047 -0.185237 0.090640 -0.978505 277.976288
-0.980437 0.038276 0.193077 -263.606720 0.054645 0.995281 0.080180 -1.887558 -0.189097 0.089163 -0.977902 276.773254
-0.980052 0.034829 0.195669 -263.356445 0.051052 0.995606 0.078487 -1.807543 -0.192076 0.086911 -0.977525 275.600372
-0.979226 0.034405 0.199833 -263.126282 0.051308 0.995470 0.080036 -1.745937 -0.196175 0.088626 -0.976556 274.402740
-0.978115 0.034866 0.205125 -262.898743 0.052466 0.995331 0.081000 -1.659873 -0.201344 0.089989 -0.975379 273.250336
-0.977437 0.034189 0.208443 -262.632172 0.052272 0.995270 0.081872 -1.566402 -0.204659 0.090921 -0.974603 272.054321
-0.976648 0.033836 0.212163 -262.361908 0.052254 0.995276 0.081813 -1.476987 -0.208393 0.090989 -0.973805 270.869476
-0.975417 0.034053 0.217721 -262.111206 0.052592 0.995411 0.079933 -1.375152 -0.214001 0.089418 -0.972732 269.647980
-0.974383 0.034973 0.222162 -261.843048 0.053740 0.995425 0.079000 -1.286795 -0.218384 0.088916 -0.971804 268.474945
-0.973530 0.034793 0.225898 -261.542175 0.054387 0.995220 0.081107 -1.216788 -0.221996 0.091246 -0.970769 267.275055
-0.972399 0.033424 0.230918 -261.228241 0.054442 0.994870 0.085256 -1.138702 -0.226885 0.095475 -0.969231 266.037476
-0.971550 0.031389 0.234749 -260.922180 0.053451 0.994666 0.088213 -1.062451 -0.230728 0.098251 -0.968045 264.849640
-0.970484 0.030517 0.239230 -260.591461 0.052888 0.994745 0.087659 -0.934655 -0.235299 0.097724 -0.966999 263.634705
-0.969614 0.028901 0.242930 -260.271393 0.051297 0.994941 0.086378 -0.843492 -0.239204 0.096215 -0.966191 262.450195
-0.968392 0.029814 0.247646 -259.955475 0.052101 0.995107 0.083939 -0.749956 -0.243933 0.094189 -0.965208 261.266724
-0.967098 0.030065 0.252624 -259.622589 0.052483 0.995210 0.082476 -0.663382 -0.248935 0.093021 -0.964043 260.039673
-0.965780 0.030323 0.257585 -259.284088 0.052856 0.995310 0.081013 -0.578845 -0.253921 0.091856 -0.962854 258.816589
-0.964323 0.030736 0.262939 -258.954102 0.054275 0.995092 0.082734 -0.491358 -0.259107 0.094053 -0.961259 257.597717
-0.963112 0.028958 0.267540 -258.609467 0.053308 0.995021 0.084205 -0.389086 -0.263770 0.095361 -0.959861 256.403992
-0.962401 0.026769 0.270312 -258.236877 0.051959 0.994897 0.086473 -0.284379 -0.266619 0.097266 -0.958882 255.241791
-0.961150 0.023857 0.274997 -257.880341 0.050203 0.994750 0.089170 -0.197384 -0.271427 0.099510 -0.957301 254.014282
-0.959465 0.024947 0.280722 -257.538269 0.051718 0.994744 0.088363 -0.087821 -0.277043 0.099300 -0.955713 252.759720
-0.957998 0.028165 0.285390 -257.167908 0.054857 0.994786 0.085970 0.014177 -0.281481 0.098016 -0.954548 251.548538
-0.956135 0.032843 0.291079 -256.803497 0.059906 0.994616 0.084558 0.110061 -0.286736 0.098286 -0.952955 250.317993
-0.954333 0.035307 0.296654 -256.435516 0.063122 0.994404 0.084714 0.193349 -0.292004 0.099572 -0.951221 249.117584
-0.952312 0.037572 0.302806 -256.060333 0.065954 0.994276 0.084052 0.301170 -0.297915 0.100015 -0.949339 247.891434
-0.950576 0.038623 0.308082 -255.675308 0.068394 0.993907 0.086427 0.373788 -0.302868 0.103227 -0.947426 246.704224
-0.949031 0.038106 0.312872 -255.277115 0.069155 0.993650 0.088745 0.471403 -0.307504 0.105859 -0.945641 245.493210
-0.947769 0.037379 0.316762 -254.872787 0.068916 0.993649 0.088944 0.570906 -0.311426 0.106128 -0.944326 244.308350
-0.946833 0.038834 0.319374 -254.454895 0.069995 0.993774 0.086674 0.658773 -0.314020 0.104421 -0.943656 243.138321
-0.945889 0.040291 0.321978 -254.034210 0.071066 0.993894 0.084404 0.743702 -0.316613 0.102719 -0.942978 241.970367
-0.944923 0.040821 0.324739 -253.618744 0.070585 0.994259 0.080408 0.828995 -0.319592 0.098902 -0.942380 240.802017
-0.943665 0.042191 0.328202 -253.200684 0.071891 0.994287 0.078890 0.924851 -0.323000 0.098040 -0.941308 239.593292
-0.942393 0.043564 0.331660 -252.778198 0.073192 0.994312 0.077367 1.018755 -0.326404 0.097185 -0.940221 238.385941
-0.941546 0.041861 0.334274 -252.343063 0.072853 0.994071 0.080716 1.100067 -0.328914 0.100352 -0.939013 237.187927
-0.940325 0.041761 0.337709 -251.887634 0.073377 0.993977 0.081397 1.197475 -0.332277 0.101319 -0.937725 235.956345
-0.939233 0.042088 0.340690 -251.462494 0.073863 0.993986 0.080834 1.274992 -0.335240 0.101087 -0.936695 234.799469
-0.937985 0.042419 0.344073 -251.026779 0.074729 0.993892 0.081190 1.357002 -0.338528 0.101867 -0.935426 233.614273
-0.936566 0.044405 0.347669 -250.582535 0.076885 0.993810 0.080187 1.438735 -0.341957 0.101831 -0.934183 232.430298
-0.935055 0.045305 0.351598 -250.135315 0.076732 0.994153 0.075964 1.530268 -0.346101 0.098009 -0.933065 231.285446
-0.933525 0.046222 0.355520 -249.682831 0.076560 0.994480 0.071736 1.616680 -0.350243 0.094187 -0.931911 230.140991
-0.931958 0.047092 0.359495 -249.214920 0.077865 0.994389 0.071599 1.694464 -0.354106 0.094720 -0.930396 228.967178
-0.929953 0.047153 0.364642 -248.741501 0.079649 0.994028 0.074586 1.781345 -0.358948 0.098406 -0.928156 227.766205
-0.927961 0.046999 0.369702 -248.276413 0.081677 0.993547 0.078703 1.866579 -0.363618 0.103229 -0.925812 226.595657
-0.926015 0.049450 0.374236 -247.778839 0.085733 0.993026 0.080925 1.965550 -0.367624 0.107022 -0.923796 225.385422
-0.926115 0.052260 0.373606 -247.197601 0.087959 0.992975 0.079141 2.090455 -0.366846 0.106156 -0.924205 224.283691
-0.924558 0.053725 0.377236 -246.726532 0.089211 0.993014 0.077224 2.166017 -0.370453 0.105052 -0.922892 223.132126
-0.923273 0.056413 0.379981 -246.254532 0.090756 0.993189 0.073066 2.246392 -0.373271 0.101946 -0.922105 221.990356
-0.922248 0.055450 0.382602 -245.768799 0.088482 0.993665 0.069272 2.327965 -0.376337 0.097740 -0.921313 220.842773
-0.921044 0.054107 0.385683 -245.278488 0.087212 0.993807 0.068849 2.402521 -0.379570 0.097048 -0.920060 219.673904
-0.920257 0.050382 0.388057 -244.781967 0.084113 0.993964 0.070426 2.485020 -0.382169 0.097450 -0.918941 218.509293
-0.919456 0.048995 0.390130 -244.272812 0.084299 0.993697 0.073882 2.547212 -0.384053 0.100819 -0.917791 217.336716
-0.918813 0.048954 0.391646 -243.765869 0.084359 0.993706 0.073701 2.627863 -0.385574 0.100757 -0.917160 216.185730
-0.918013 0.049473 0.393454 -243.269211 0.084529 0.993797 0.072264 2.704695 -0.387439 0.099598 -0.916500 215.053909
-0.917756 0.048787 0.394136 -242.751038 0.083104 0.994046 0.070468 2.779389 -0.388352 0.097426 -0.916347 213.926758
-0.917585 0.049798 0.394411 -242.241196 0.083219 0.994203 0.068080 2.876822 -0.388735 0.095291 -0.916409 212.812119
-0.916668 0.049719 0.396548 -241.735748 0.084379 0.993941 0.070433 2.963332 -0.390644 0.098024 -0.915309 211.646149
-0.915467 0.048445 0.399467 -241.239227 0.085075 0.993587 0.074474 3.030125 -0.393299 0.102164 -0.913718 210.497284
-0.913913 0.048511 0.403001 -240.746063 0.085811 0.993484 0.075008 3.081899 -0.396737 0.103133 -0.912120 209.359772
-0.912545 0.052454 0.405599 -240.252792 0.089484 0.993318 0.072868 3.144239 -0.399068 0.102790 -0.911142 208.253021
-0.910774 0.052503 0.409554 -239.743576 0.089052 0.993516 0.070674 3.222987 -0.403189 0.100840 -0.909545 207.084900
-0.909554 0.052269 0.412287 -239.238037 0.089199 0.993492 0.070829 3.284601 -0.405902 0.101199 -0.908297 205.998199
-0.908161 0.051427 0.415451 -238.721161 0.089218 0.993402 0.072059 3.351377 -0.409005 0.102507 -0.906757 204.883163
-0.906389 0.051169 0.419333 -238.212830 0.090785 0.993037 0.075059 3.418525 -0.412573 0.106102 -0.904725 203.760574
-0.905361 0.047472 0.421981 -237.664825 0.087609 0.993233 0.076227 3.501123 -0.415507 0.105982 -0.903395 202.645035
-0.903626 0.043630 0.426096 -237.145615 0.083976 0.993537 0.076357 3.567242 -0.420012 0.104781 -0.901450 201.560486
-0.901975 0.040356 0.429900 -236.615524 0.079844 0.994041 0.074208 3.645682 -0.424345 0.101258 -0.899822 200.471298
-0.900456 0.037508 0.433328 -236.078644 0.076017 0.994512 0.071881 3.719615 -0.428254 0.097666 -0.898366 199.363159
-0.899059 0.035522 0.436384 -235.525208 0.073073 0.994897 0.069564 3.794453 -0.431687 0.094431 -0.897068 198.254837
-0.897320 0.034801 0.440007 -234.977631 0.072482 0.994972 0.069122 3.865622 -0.435390 0.093918 -0.895330 197.155777
-0.895752 0.033877 0.443263 -234.418930 0.072695 0.994832 0.070875 3.940673 -0.438573 0.095710 -0.893586 196.073563
-0.893704 0.031247 0.447570 -233.850342 0.072026 0.994625 0.074382 4.011583 -0.442840 0.098712 -0.891150 194.981461
-0.892038 0.030256 0.450949 -233.240417 0.072370 0.994444 0.076439 4.096247 -0.446132 0.100822 -0.889271 193.886734
-0.889695 0.027498 0.455728 -232.626953 0.069512 0.994705 0.075685 4.183389 -0.451234 0.099016 -0.886896 192.795593
-0.888739 0.026807 0.457630 -232.003723 0.068994 0.994739 0.075722 4.236736 -0.453193 0.098872 -0.885913 191.736710
-0.886655 0.026347 0.461682 -231.431015 0.068613 0.994820 0.074997 4.311431 -0.457315 0.098173 -0.883870 190.654755
-0.884834 0.026263 0.465166 -230.849213 0.068698 0.994850 0.074508 4.387755 -0.460816 0.097884 -0.882082 189.575943
-0.882075 0.027888 0.470285 -230.295212 0.070063 0.994910 0.072413 4.479526 -0.465873 0.096824 -0.879539 188.488037
-0.879912 0.028404 0.474287 -229.711349 0.070574 0.994951 0.071347 4.558963 -0.469868 0.096253 -0.877475 187.392670
-0.878023 0.028501 0.477768 -229.139084 0.070405 0.995057 0.070027 4.643612 -0.473412 0.095123 -0.875691 186.341125
-0.875845 0.028531 0.481748 -228.566360 0.071729 0.994858 0.071489 4.718806 -0.477232 0.097169 -0.873389 185.284775
-0.874539 0.024460 0.484339 -227.959732 0.070218 0.994589 0.076559 4.748229 -0.479847 0.100963 -0.871524 184.233353
-0.872133 0.027326 0.488507 -227.375595 0.074438 0.994226 0.077282 4.824738 -0.483576 0.103764 -0.869131 183.166000
-0.869219 0.031014 0.493453 -226.781540 0.078294 0.994072 0.075437 4.927806 -0.488189 0.104206 -0.866495 182.063126
-0.866333 0.034783 0.498255 -226.170502 0.082610 0.993811 0.074261 5.027655 -0.492589 0.105495 -0.863845 180.938141
-0.864148 0.036406 0.501919 -225.572922 0.085804 0.993434 0.075670 5.098318 -0.495869 0.108457 -0.861598 179.902832
-0.862259 0.034896 0.505264 -224.963104 0.085214 0.993397 0.076814 5.173966 -0.499248 0.109289 -0.859539 178.868607
-0.859752 0.037822 0.509310 -224.365875 0.087717 0.993370 0.074303 5.245559 -0.503124 0.108557 -0.857369 177.832947
-0.857246 0.041777 0.513211 -223.764709 0.090703 0.993368 0.070645 5.303954 -0.506856 0.107110 -0.855351 176.819138
-0.854709 0.041906 0.517414 -223.153900 0.090739 0.993451 0.069429 5.381643 -0.511116 0.106292 -0.852915 175.782684
-0.852420 0.039666 0.521351 -222.522552 0.090510 0.993258 0.072416 5.450531 -0.514965 0.108916 -0.850264 174.743332
-0.849169 0.038027 0.526751 -221.891220 0.088665 0.993511 0.071214 5.537915 -0.520627 0.107177 -0.847031 173.665695
-0.847136 0.038446 0.529983 -221.244461 0.087964 0.993764 0.068516 5.612319 -0.524045 0.104662 -0.845236 172.637848
-0.845093 0.035821 0.533418 -220.585068 0.084032 0.994251 0.066363 5.686657 -0.527975 0.100908 -0.843245 171.609329
-0.842770 0.036253 0.537053 -219.915466 0.082829 0.994580 0.062841 5.784385 -0.531866 0.097445 -0.841205 170.551025
-0.840109 0.041364 0.540839 -219.241165 0.087008 0.994453 0.059094 5.856575 -0.535395 0.096703 -0.839048 169.491089
-0.837284 0.043057 0.545071 -218.565170 0.087570 0.994585 0.055951 5.945746 -0.539712 0.094579 -0.836521 168.421539
-0.836746 0.045666 0.545684 -217.853867 0.090790 0.994294 0.056009 6.007945 -0.540014 0.096408 -0.836117 167.437195
-0.833657 0.048199 0.550175 -217.169678 0.094766 0.993893 0.056524 6.055829 -0.544092 0.099260 -0.833133 166.376053
-0.830506 0.051054 0.554666 -216.473969 0.099181 0.993431 0.057065 6.095889 -0.548110 0.102406 -0.830115 165.306870
-0.833779 0.049118 0.549909 -215.760803 0.091667 0.994526 0.050156 6.161020 -0.544435 0.092228 -0.833718 164.500397
-0.831483 0.049202 0.553367 -215.024689 0.092569 0.994416 0.050675 6.210558 -0.547785 0.093360 -0.831394 163.427979
-0.829675 0.046827 0.556280 -214.304260 0.092063 0.994308 0.053610 6.261086 -0.550604 0.095692 -0.829264 162.383698
-0.826817 0.046095 0.560580 -213.591461 0.093690 0.993999 0.056453 6.315025 -0.554614 0.099197 -0.826174 161.329224
-0.824522 0.044336 0.564090 -212.885788 0.090822 0.994369 0.054598 6.383560 -0.558494 0.096249 -0.823906 160.318405
-0.822238 0.042461 0.567559 -212.175964 0.087593 0.994773 0.052477 6.438155 -0.562365 0.092863 -0.821659 159.302826
-0.820149 0.039544 0.570782 -211.452866 0.083037 0.995273 0.050363 6.502365 -0.566093 0.088701 -0.819555 158.278534
-0.816375 0.035309 0.576443 -210.778534 0.080677 0.995314 0.053291 6.531229 -0.571861 0.090012 -0.815398 157.250198
-0.814305 0.035268 0.579365 -210.066391 0.082694 0.995019 0.055656 6.568558 -0.574518 0.093232 -0.813165 156.245911
-0.812126 0.033833 0.582500 -209.332428 0.080938 0.995198 0.055041 6.623575 -0.577842 0.091847 -0.810965 155.242722
-0.810154 0.034847 0.585182 -208.611267 0.083724 0.994876 0.056667 6.664406 -0.580208 0.094902 -0.808920 154.258362
-0.808645 0.032205 0.587415 -207.867859 0.082081 0.994910 0.058450 6.722136 -0.582543 0.095482 -0.807173 153.273132
-0.806747 0.029472 0.590163 -207.116928 0.079265 0.995126 0.058660 6.784130 -0.585558 0.094103 -0.805150 152.270279
-0.805113 0.027354 0.592492 -206.357025 0.076180 0.995431 0.057563 6.843143 -0.588211 0.091480 -0.803518 151.281586
-0.802878 0.026197 0.595568 -205.610352 0.075145 0.995512 0.057511 6.908393 -0.591389 0.090928 -0.801244 150.286240
-0.800302 0.027117 0.598985 -204.875763 0.076770 0.995388 0.057510 6.961345 -0.594663 0.092009 -0.798693 149.305634
-0.798439 0.030607 0.601298 -204.136246 0.078541 0.995467 0.053621 6.998552 -0.596932 0.090040 -0.797224 148.340225
-0.796158 0.033170 0.604179 -203.412476 0.079169 0.995623 0.049665 7.034059 -0.599888 0.087374 -0.795300 147.394485
-0.793765 0.033663 0.607293 -202.672668 0.079291 0.995673 0.048446 7.088330 -0.603035 0.086608 -0.793000 146.421112
-0.791944 0.030604 0.609827 -201.933411 0.077928 0.995641 0.051233 7.142034 -0.605602 0.088096 -0.790877 145.470444
-0.789781 0.029882 0.612661 -201.183762 0.079436 0.995384 0.053854 7.197247 -0.608225 0.091200 -0.788509 144.510941
-0.787374 0.032205 0.615634 -200.449997 0.082198 0.995202 0.053067 7.247893 -0.610972 0.092386 -0.786243 143.584564
-0.783788 0.035178 0.620031 -199.702911 0.084689 0.995121 0.050599 7.305793 -0.615228 0.092169 -0.782943 142.635605
-0.780482 0.035442 0.624174 -198.944534 0.084661 0.995187 0.049354 7.354917 -0.619421 0.091363 -0.779725 141.691132
-0.777595 0.031754 0.627964 -198.173157 0.082607 0.995226 0.051966 7.398771 -0.623317 0.092283 -0.776506 140.746735
-0.775035 0.029831 0.631214 -197.401398 0.083303 0.994990 0.055260 7.439829 -0.626404 0.095410 -0.773637 139.813904
-0.772482 0.029084 0.634370 -196.615326 0.083208 0.994973 0.055708 7.501009 -0.629563 0.095819 -0.771020 138.881821
-0.768903 0.034079 0.638457 -195.819366 0.089569 0.994472 0.054787 7.547527 -0.633061 0.099313 -0.767705 137.917450
-0.765549 0.035839 0.642379 -195.028473 0.091620 0.994343 0.053713 7.595868 -0.636821 0.099975 -0.764503 136.982529
-0.762604 0.034167 0.645963 -194.233093 0.091393 0.994278 0.055304 7.643934 -0.640378 0.101212 -0.761362 136.062912
-0.760529 0.029901 0.648616 -193.434494 0.087816 0.994497 0.057123 7.691224 -0.643340 0.100403 -0.758969 135.182129
-0.758949 0.027932 0.650551 -192.589874 0.085322 0.994731 0.056829 7.745774 -0.645537 0.098636 -0.757333 134.280792
-0.755465 0.031315 0.654441 -191.785278 0.088044 0.994649 0.054043 7.805362 -0.649248 0.098448 -0.754180 133.344559
-0.753289 0.035153 0.656749 -190.969681 0.091173 0.994510 0.051344 7.847602 -0.651340 0.098555 -0.752359 132.437149
-0.751458 0.038596 0.658651 -190.151581 0.093874 0.994385 0.048831 7.895083 -0.653069 0.098524 -0.750863 131.526627
-0.749016 0.039146 0.661395 -189.327438 0.094459 0.994364 0.048120 7.953108 -0.655785 0.098518 -0.748492 130.594925
-0.747528 0.039130 0.663077 -188.471924 0.094730 0.994339 0.048116 8.007355 -0.657441 0.098781 -0.747003 129.681412
-0.745888 0.038588 0.664953 -187.574951 0.095359 0.994222 0.049272 8.059462 -0.659210 0.100161 -0.745259 128.738831
-0.744178 0.038285 0.666885 -186.731689 0.096764 0.994003 0.050915 8.107489 -0.660937 0.102420 -0.743420 127.818237
-0.741193 0.038931 0.670163 -185.888977 0.098596 0.993803 0.051315 8.156631 -0.664012 0.104110 -0.740438 126.884575
-0.738165 0.042018 0.673311 -185.039841 0.101781 0.993570 0.049581 8.203622 -0.666900 0.105129 -0.737695 125.945213
-0.735876 0.045315 0.675598 -184.178818 0.101950 0.993798 0.044389 8.253766 -0.669398 0.101542 -0.735932 125.030922
-0.732225 0.045149 0.679564 -183.295517 0.100852 0.993987 0.042628 8.298463 -0.673555 0.099750 -0.732376 124.064789
-0.729513 0.043119 0.682607 -182.420792 0.098503 0.994230 0.042469 8.332905 -0.676838 0.098221 -0.729551 123.130165
-0.728030 0.039491 0.684408 -181.529205 0.095137 0.994498 0.043817 8.354812 -0.678914 0.097012 -0.727782 122.217346
-0.726192 0.038801 0.686398 -180.631714 0.093489 0.994705 0.042680 8.394110 -0.681107 0.095165 -0.725974 121.298141
-0.723727 0.037616 0.689061 -179.740372 0.093157 0.994699 0.043541 8.432845 -0.683770 0.095702 -0.723395 120.376862
-0.719158 0.037754 0.693822 -178.835739 0.094586 0.994547 0.043922 8.506676 -0.688381 0.097213 -0.718807 119.391464
-0.715948 0.036911 0.697178 -177.938034 0.095156 0.994441 0.045068 8.565954 -0.691639 0.098607 -0.715480 118.444267
-0.713436 0.037310 0.699728 -177.021317 0.094564 0.994573 0.043387 8.615805 -0.694311 0.097124 -0.713091 117.524651
-0.711704 0.038770 0.701408 -176.087677 0.095661 0.994523 0.042094 8.669619 -0.695936 0.097056 -0.711515 116.630272
-0.709074 0.038411 0.704089 -175.159912 0.095733 0.994514 0.042156 8.723899 -0.698607 0.097296 -0.708860 115.719536
-0.707701 0.037452 0.705519 -174.180237 0.095454 0.994506 0.042956 8.778048 -0.700035 0.097746 -0.707388 114.821083
-0.704987 0.039371 0.708127 -173.248978 0.095756 0.994599 0.040033 8.823857 -0.702727 0.096030 -0.704950 113.917976
-0.701565 0.042507 0.711337 -172.335220 0.098323 0.994446 0.037548 8.860923 -0.705791 0.096283 -0.701848 113.013863
-0.698815 0.043985 0.713950 -171.379944 0.099602 0.994367 0.036230 8.904269 -0.708336 0.096430 -0.699259 112.098030
-0.695598 0.042821 0.717154 -170.442200 0.101014 0.994135 0.038620 8.937604 -0.711296 0.099306 -0.695844 111.186249
-0.692920 0.038747 0.719973 -169.515549 0.098750 0.994245 0.041532 8.967529 -0.714221 0.099876 -0.692758 110.304916
-0.690819 0.035864 0.722138 -168.547211 0.096229 0.994444 0.042667 9.009675 -0.716597 0.098966 -0.690432 109.402351
-0.688928 0.034132 0.724027 -167.591141 0.091319 0.995018 0.039986 9.059146 -0.719056 0.093665 -0.688612 108.515671
-0.687310 0.032960 0.725616 -166.637894 0.087526 0.995449 0.037687 9.093729 -0.721072 0.089413 -0.687067 107.638351
-0.685661 0.031528 0.727238 -165.674591 0.084531 0.995751 0.036530 9.126699 -0.722997 0.086522 -0.685412 106.750343
-0.684262 0.031252 0.728566 -164.699265 0.084465 0.995753 0.036617 9.168118 -0.724329 0.086593 -0.683996 105.854019
-0.682063 0.031003 0.730637 -163.712097 0.084193 0.995786 0.036342 9.206306 -0.726432 0.086303 -0.681798 104.924133
-0.680827 0.031702 0.731758 -162.746475 0.085901 0.995623 0.036789 9.242639 -0.727391 0.087906 -0.680571 104.032745
-0.679376 0.032073 0.733090 -161.769424 0.087688 0.995433 0.037714 9.281241 -0.728534 0.089906 -0.679085 103.124046
-0.678268 0.030551 0.734180 -160.778442 0.086919 0.995456 0.038876 9.309703 -0.729657 0.090183 -0.677841 102.221191
-0.676775 0.026916 0.735698 -159.807648 0.082836 0.995768 0.039771 9.341460 -0.731516 0.087859 -0.676141 101.326920
-0.676988 0.026134 0.735530 -158.798309 0.080436 0.996010 0.038647 9.382596 -0.731587 0.085327 -0.676389 100.439415
-0.677100 0.024872 0.735471 -157.809540 0.074301 0.996632 0.034700 9.422532 -0.732131 0.078142 -0.676667 99.565269
-0.676545 0.022351 0.736063 -156.811707 0.072029 0.996754 0.035938 9.445609 -0.732871 0.077332 -0.675959 98.661140
-0.675655 0.018360 0.736989 -155.813293 0.071285 0.996632 0.040525 9.471784 -0.733764 0.079918 -0.674688 97.746696
-0.676207 0.013223 0.736594 -154.807083 0.067540 0.996741 0.044111 9.501504 -0.733610 0.079578 -0.674896 96.849487
-0.677374 0.007925 0.735597 -153.794434 0.061612 0.997040 0.045994 9.546296 -0.733055 0.076477 -0.675857 95.962807
-0.678556 0.006978 0.734516 -152.808441 0.060052 0.997134 0.046004 9.594694 -0.732090 0.075326 -0.677030 95.071907
-0.680601 0.012101 0.732555 -151.799347 0.064863 0.996932 0.043796 9.638827 -0.729778 0.077324 -0.679297 94.164040
-0.681743 0.019783 0.731324 -150.821533 0.072608 0.996528 0.040728 9.682371 -0.727980 0.080867 -0.680812 93.248177
-0.681696 0.028051 0.731099 -149.850052 0.084730 0.995567 0.040807 9.721374 -0.726714 0.089765 -0.681050 92.312340
-0.681297 0.033314 0.731250 -148.885666 0.093277 0.994771 0.041586 9.774941 -0.726042 0.096541 -0.680841 91.374199
-0.681757 0.037648 0.730610 -147.913757 0.099278 0.994197 0.041410 9.816536 -0.724812 0.100766 -0.681538 90.437965
-0.683000 0.039955 0.729326 -146.943817 0.100995 0.994077 0.040121 9.852475 -0.723404 0.101062 -0.682989 89.530502
-0.683863 0.037494 0.728647 -145.971207 0.098906 0.994223 0.041667 9.886112 -0.722877 0.100563 -0.683622 88.620529
-0.685607 0.033634 0.727195 -144.997375 0.095656 0.994433 0.044191 9.926472 -0.721661 0.099859 -0.685007 87.716675
-0.687640 0.033128 0.725296 -143.999924 0.091875 0.994899 0.041663 9.969037 -0.720217 0.095286 -0.687175 86.827202
-0.688814 0.032873 0.724193 -143.025009 0.088987 0.995250 0.039463 10.012192 -0.719456 0.091627 -0.688468 85.909225
-0.689440 0.032851 0.723598 -142.062088 0.087485 0.995434 0.038164 10.042276 -0.719041 0.089617 -0.689166 85.002846
-0.690688 0.034715 0.722320 -141.082336 0.088767 0.995363 0.037042 10.066886 -0.717686 0.089703 -0.690566 84.111603
-0.691685 0.037407 0.721230 -140.120850 0.088270 0.995549 0.033020 10.097196 -0.716785 0.086503 -0.691909 83.220016
-0.691590 0.040912 0.721131 -139.173523 0.091891 0.995265 0.031661 10.119371 -0.716423 0.088162 -0.692074 82.300720
-0.691789 0.042904 0.720825 -138.213989 0.094077 0.995080 0.031060 10.150496 -0.715946 0.089300 -0.692421 81.395073
-0.691357 0.043940 0.721176 -137.251801 0.097903 0.994640 0.033252 10.177664 -0.715850 0.093594 -0.691954 80.472351
-0.691245 0.044664 0.721239 -136.309387 0.101160 0.994241 0.035384 10.204803 -0.715507 0.097420 -0.691781 79.574242
-0.691054 0.046908 0.721280 -135.354294 0.103464 0.994035 0.034482 10.237364 -0.715361 0.098455 -0.691786 78.668610
-0.690585 0.048305 0.721636 -134.397675 0.103005 0.994165 0.032027 10.275777 -0.715879 0.096450 -0.691531 77.762222
-0.689627 0.047217 0.722625 -133.429214 0.102102 0.994243 0.032474 10.306413 -0.716932 0.096177 -0.690478 76.829865
-0.689001 0.044398 0.723400 -132.470627 0.099727 0.994435 0.033953 10.343431 -0.717868 0.095536 -0.689594 75.917953
-0.688927 0.040244 0.723713 -131.502792 0.097300 0.994555 0.037319 10.368666 -0.718271 0.096128 -0.689091 75.009979
-0.688615 0.039268 0.724063 -130.538330 0.095318 0.994769 0.036702 10.414477 -0.718836 0.094290 -0.688756 74.097740
-0.689106 0.039625 0.723577 -129.564316 0.094241 0.994924 0.035267 10.451501 -0.718508 0.092494 -0.689342 73.190994
-0.689412 0.041931 0.723155 -128.610733 0.095476 0.994873 0.033335 10.482390 -0.718051 0.092025 -0.689880 72.288147
-0.689169 0.043749 0.723280 -127.642303 0.095936 0.994897 0.031234 10.526442 -0.718223 0.090915 -0.689849 71.351448
-0.688884 0.045531 0.723441 -126.687782 0.098063 0.994704 0.030777 10.558298 -0.718209 0.092144 -0.689700 70.428680
-0.688101 0.045323 0.724199 -125.712036 0.099270 0.994543 0.032080 10.594713 -0.718794 0.093966 -0.688844 69.473412
-0.688774 0.044001 0.723640 -124.742950 0.098165 0.994624 0.032957 10.618711 -0.718300 0.093736 -0.689390 68.567970
-0.688934 0.044321 0.723468 -123.790573 0.096935 0.994796 0.031364 10.649320 -0.718314 0.091737 -0.689645 67.659767
-0.690600 0.045330 0.721815 -122.824165 0.095536 0.995006 0.028919 10.671923 -0.716900 0.088931 -0.691482 66.775597
-0.690240 0.047500 0.722020 -121.872604 0.094026 0.995270 0.024411 10.703447 -0.717447 0.084737 -0.691442 65.865356
-0.690186 0.049600 0.721931 -120.915802 0.095180 0.995203 0.022619 10.732576 -0.717346 0.084325 -0.691596 64.946411
-0.690355 0.047798 0.721890 -119.960136 0.093266 0.995368 0.023285 10.747099 -0.717435 0.083403 -0.691616 64.041367
-0.690384 0.047121 0.721909 -118.994484 0.094580 0.995190 0.025491 10.759977 -0.717236 0.085877 -0.691519 63.112759
-0.689646 0.043882 0.722817 -118.037537 0.093478 0.995205 0.028770 10.770586 -0.718089 0.087408 -0.690441 62.185253
-0.690101 0.040832 0.722561 -117.094673 0.091153 0.995360 0.030809 10.790494 -0.717951 0.087125 -0.690621 61.293407
-0.690274 0.036256 0.722640 -116.152092 0.087850 0.995554 0.033967 10.813066 -0.718196 0.086930 -0.690390 60.401321
-0.690950 0.032816 0.722159 -115.186317 0.084263 0.995815 0.035370 10.838736 -0.717976 0.085290 -0.690823 59.499718
-0.691298 0.031400 0.721889 -114.238449 0.080100 0.996227 0.033373 10.864562 -0.718118 0.080894 -0.691205 58.609020
-0.691513 0.031005 0.721699 -113.277100 0.077081 0.996541 0.031046 10.890528 -0.718241 0.077098 -0.691511 57.698746
-0.691556 0.030846 0.721665 -112.317543 0.074738 0.996780 0.029015 10.917465 -0.718448 0.074002 -0.691635 56.780186
-0.692878 0.029182 0.720465 -111.371941 0.071423 0.997044 0.028305 10.929356 -0.717510 0.071070 -0.692914 55.919365
-0.692989 0.027986 0.720406 -110.409225 0.070408 0.997096 0.028995 10.941051 -0.717504 0.070816 -0.692946 55.006695
-0.693030 0.027367 0.720389 -109.460686 0.070799 0.997032 0.030235 10.965753 -0.717424 0.071957 -0.692911 54.097359
-0.692447 0.024621 0.721050 -108.513046 0.069380 0.997057 0.032582 10.994110 -0.718127 0.072587 -0.692117 53.183445
-0.692465 0.023521 0.721069 -107.571236 0.069566 0.996988 0.034286 11.012708 -0.718090 0.073904 -0.692015 52.289623
-0.692254 0.025680 0.721198 -106.630280 0.070339 0.997009 0.032015 11.049321 -0.718219 0.072891 -0.691989 51.385635
-0.692376 0.028613 0.720969 -105.679893 0.072134 0.996952 0.029708 11.070647 -0.717923 0.072576 -0.692329 50.484661
-0.691306 0.031736 0.721866 -104.713608 0.075591 0.996729 0.028570 11.097615 -0.718599 0.074317 -0.691443 49.549774
-0.691191 0.035400 0.721805 -103.760567 0.079826 0.996427 0.027572 11.113513 -0.718251 0.076676 -0.691547 48.639000
-0.691026 0.036765 0.721894 -102.807816 0.080139 0.996445 0.025966 11.126484 -0.718374 0.075795 -0.691516 47.742085
-0.691127 0.036434 0.721815 -101.846443 0.081700 0.996265 0.027940 11.159170 -0.718102 0.078282 -0.691522 46.836845
-0.691107 0.031481 0.722067 -100.873169 0.080383 0.996200 0.033505 11.194710 -0.718269 0.081197 -0.691012 45.914944
-0.690029 0.028549 0.723218 -99.938896 0.080868 0.996006 0.037841 11.215043 -0.719251 0.084597 -0.689582 44.994499
-0.689536 0.029182 0.723664 -98.969131 0.081137 0.996010 0.037147 11.248012 -0.719693 0.084331 -0.689152 44.080757
-0.689094 0.033362 0.723903 -98.026276 0.083391 0.995954 0.033482 11.276336 -0.719859 0.083439 -0.689088 43.185265
-0.688645 0.034614 0.724272 -97.058899 0.083811 0.995964 0.032090 11.294995 -0.720239 0.082800 -0.688767 42.274216
-0.689224 0.035440 0.723681 -96.048485 0.085727 0.995775 0.032881 11.338025 -0.719460 0.084702 -0.689350 41.354000
-0.688895 0.034053 0.724062 -95.086861 0.087552 0.995491 0.036482 11.362372 -0.719555 0.088526 -0.688770 40.440994
-0.688165 0.033291 0.724790 -94.121239 0.090248 0.995116 0.039980 11.390059 -0.719920 0.092923 -0.687809 39.518158
-0.687135 0.036009 0.725637 -93.154358 0.093502 0.994848 0.039173 11.426301 -0.720488 0.094766 -0.686961 38.592724
-0.686597 0.041545 0.725851 -92.192139 0.095123 0.994917 0.033035 11.462210 -0.720789 0.091727 -0.687059 37.676086
-0.686136 0.045471 0.726051 -91.222847 0.094611 0.995145 0.027086 11.489012 -0.721295 0.087277 -0.687107 36.748768
-0.686081 0.043756 0.726208 -90.266945 0.089928 0.995635 0.024969 11.522844 -0.721946 0.082438 -0.687021 35.841087
-0.685635 0.041101 0.726785 -89.314522 0.089295 0.995613 0.027936 11.547933 -0.722449 0.084052 -0.686297 34.919716
-0.686336 0.038984 0.726240 -88.335762 0.090149 0.995421 0.031762 11.567973 -0.721677 0.087269 -0.686707 34.000351
-0.687629 0.042180 0.724836 -87.347168 0.093420 0.995152 0.030716 11.582910 -0.720028 0.088836 -0.688236 33.096691
-0.687306 0.046650 0.724869 -86.360512 0.096494 0.994954 0.027461 11.596370 -0.719932 0.088820 -0.688340 32.190907
-0.687200 0.048711 0.724834 -85.399529 0.097741 0.994877 0.025808 11.617701 -0.719864 0.088581 -0.688441 31.274984
-0.687150 0.047871 0.724938 -84.409691 0.095466 0.995124 0.024777 11.649799 -0.720217 0.086233 -0.688368 30.326740
-0.688357 0.046082 0.723907 -83.409561 0.093291 0.995315 0.025350 11.664571 -0.719349 0.084983 -0.689432 29.413673
-0.689802 0.041818 0.722790 -82.399719 0.090705 0.995456 0.028971 11.687648 -0.718295 0.085545 -0.690460 28.501242
-0.690472 0.038338 0.722344 -81.419731 0.090367 0.995343 0.033553 11.708527 -0.717694 0.088444 -0.690719 27.587263
-0.690461 0.038910 0.722323 -80.431053 0.090504 0.995352 0.032893 11.745527 -0.717687 0.088085 -0.690773 26.654522
-0.691033 0.041818 0.721613 -79.433273 0.090066 0.995526 0.028559 11.780800 -0.717190 0.084728 -0.691708 25.729456
-0.692140 0.042139 0.720533 -78.415016 0.088311 0.995737 0.026598 11.802161 -0.716340 0.082041 -0.692912 24.809452
-0.692650 0.040673 0.720128 -77.455872 0.088163 0.995696 0.028563 11.813315 -0.715867 0.083273 -0.693254 23.897408
-0.692629 0.039628 0.720205 -76.480179 0.088436 0.995622 0.030268 11.825174 -0.715854 0.084657 -0.693100 22.970573
-0.693430 0.038549 0.719493 -75.494843 0.087954 0.995629 0.031424 11.846440 -0.715137 0.085072 -0.693789 22.060753
-0.692394 0.037834 0.720527 -74.524010 0.088492 0.995537 0.032762 11.875560 -0.716073 0.086446 -0.692652 21.106123
-0.693102 0.036885 0.719896 -73.580589 0.087826 0.995570 0.033548 11.881400 -0.715471 0.086478 -0.693271 20.223135
-0.692403 0.036261 0.720599 -72.648804 0.086089 0.995753 0.032615 11.908419 -0.716356 0.084619 -0.692584 19.307726
-0.692078 0.033775 0.721032 -71.645149 0.080993 0.996229 0.031075 11.953273 -0.717265 0.079904 -0.692205 18.352350
-0.691740 0.031292 0.721469 -70.640892 0.075892 0.996678 0.029537 11.996025 -0.718149 0.075186 -0.691817 17.397507
-0.691828 0.029097 0.721476 -69.658524 0.073631 0.996822 0.030405 12.028679 -0.718299 0.074157 -0.691772 16.473007
-0.692196 0.028366 0.721152 -68.671684 0.074010 0.996748 0.031832 12.061209 -0.717905 0.075406 -0.692045 15.552201
-0.691405 0.026546 0.721981 -67.699211 0.073289 0.996746 0.033538 12.090791 -0.718742 0.076102 -0.691100 14.611407
-0.691202 0.024258 0.722256 -66.742287 0.070084 0.996975 0.033586 12.123546 -0.719257 0.073833 -0.690810 13.702661
-0.690908 0.022804 0.722585 -65.782829 0.067980 0.997123 0.033531 12.150614 -0.719741 0.072288 -0.690470 12.788074
-0.692364 0.021988 0.721214 -64.800812 0.067100 0.997166 0.034016 12.178058 -0.718422 0.071945 -0.691877 11.892576
-0.693108 0.021617 0.720510 -63.844608 0.067151 0.997140 0.034681 12.207860 -0.717701 0.072421 -0.692577 10.984719
-0.695437 0.023922 0.718189 -62.850384 0.069048 0.997045 0.033651 12.247453 -0.715263 0.072992 -0.695034 10.089417
-0.696433 0.026771 0.717123 -61.903095 0.071609 0.996908 0.032328 12.270006 -0.714041 0.073867 -0.696197 9.179408
-0.697437 0.031573 0.715951 -60.965931 0.076376 0.996613 0.030450 12.311330 -0.712566 0.075918 -0.697486 8.267608
-0.698237 0.034463 0.715037 -60.034470 0.078788 0.996471 0.028910 12.329916 -0.711519 0.076523 -0.698489 7.358644
-0.699320 0.037202 0.713841 -59.113945 0.082173 0.996208 0.028585 12.347389 -0.710071 0.078648 -0.699725 6.460667
-0.699702 0.038061 0.713421 -58.210732 0.085694 0.995842 0.030917 12.365646 -0.709278 0.082769 -0.700054 5.551801
-0.701239 0.035205 0.712057 -57.267986 0.084868 0.995799 0.034345 12.382018 -0.707859 0.084516 -0.701280 4.645298
-0.700723 0.037925 0.712425 -56.317791 0.087183 0.995653 0.032750 12.453485 -0.708087 0.085060 -0.700984 3.648216
-0.700202 0.040643 0.712787 -55.367004 0.089496 0.995500 0.031153 12.522856 -0.708314 0.085605 -0.700689 2.651545
-0.701365 0.046103 0.711310 -54.456429 0.091090 0.995521 0.025292 12.538465 -0.706959 0.082532 -0.702423 1.774326
-0.701342 0.050076 0.711064 -53.570290 0.092349 0.995505 0.020979 12.564945 -0.706819 0.080380 -0.702815 0.883800
-0.702672 0.051647 0.709637 -52.622589 0.094988 0.995243 0.021623 12.590459 -0.705145 0.082601 -0.704235 -0.013352
-0.702744 0.050598 0.709642 -51.721237 0.096077 0.995080 0.024192 12.607012 -0.704926 0.085181 -0.704147 -0.915582
-0.703231 0.050349 0.709176 -50.824436 0.096207 0.995053 0.024755 12.619421 -0.704423 0.085636 -0.704597 -1.803384
-0.703695 0.049111 0.708804 -49.929810 0.095468 0.995097 0.025833 12.623611 -0.704060 0.085847 -0.704933 -2.688429
-0.703815 0.046576 0.708855 -49.037350 0.094029 0.995176 0.027972 12.629151 -0.704134 0.086340 -0.704799 -3.572198
-0.704368 0.044651 0.708430 -48.138573 0.092203 0.995319 0.028942 12.648457 -0.703823 0.085705 -0.705187 -4.447963
-0.704928 0.043009 0.707975 -47.261089 0.089698 0.995551 0.028833 12.661199 -0.703586 0.083829 -0.705649 -5.302770
-0.705394 0.042026 0.707570 -46.409271 0.087112 0.995813 0.027699 12.675185 -0.703444 0.081177 -0.706101 -6.138213
-0.706417 0.039980 0.706666 -45.523571 0.084116 0.996069 0.027733 12.684322 -0.702780 0.079033 -0.707003 -6.971487
-0.705328 0.038084 0.707858 -44.710987 0.082532 0.996176 0.028640 12.703762 -0.704061 0.078622 -0.705774 -7.797448
-0.705007 0.035233 0.708325 -43.855370 0.080910 0.996239 0.030976 12.719124 -0.704571 0.079149 -0.705207 -8.625979
-0.704430 0.032305 0.709039 -43.022045 0.078454 0.996386 0.032548 12.728729 -0.705425 0.078555 -0.704418 -9.432673
-0.703517 0.031043 0.710002 -42.209915 0.074958 0.996714 0.030695 12.735272 -0.706716 0.074814 -0.703532 -10.228353
-0.702349 0.032186 0.711105 -41.410408 0.072548 0.997011 0.026528 12.747223 -0.708127 0.070221 -0.702585 -11.017479
-0.701078 0.033332 0.712306 -40.608345 0.071705 0.997139 0.023915 12.757095 -0.709471 0.067842 -0.701462 -11.807958
-0.700155 0.033632 0.713199 -39.805222 0.071690 0.997153 0.023358 12.767167 -0.710384 0.067484 -0.700572 -12.583685
-0.699548 0.035146 0.713721 -39.002075 0.074711 0.996912 0.024137 12.776237 -0.710670 0.070208 -0.700014 -13.351323
-0.698501 0.037962 0.714602 -38.220818 0.078368 0.996643 0.023658 12.791129 -0.711306 0.072528 -0.699131 -14.107652
-0.697016 0.041330 0.715864 -37.463089 0.083455 0.996229 0.023740 12.799903 -0.712184 0.076290 -0.697836 -14.860928
-0.696090 0.042138 0.716718 -36.698959 0.085221 0.996068 0.024207 12.804308 -0.712881 0.077931 -0.696942 -15.593314
-0.694938 0.042386 0.717819 -35.957367 0.085440 0.996056 0.023902 12.810122 -0.713976 0.077941 -0.695819 -16.310934
-0.693327 0.042522 0.719368 -35.232586 0.084820 0.996133 0.022870 12.810593 -0.715615 0.076873 -0.694253 -17.003609
-0.691649 0.040322 0.721107 -34.518909 0.083264 0.996235 0.024156 12.803662 -0.717420 0.076750 -0.692402 -17.670618
-0.688742 0.037226 0.724051 -33.821709 0.081459 0.996330 0.026261 12.811332 -0.720417 0.077068 -0.689247 -18.328819
-0.685008 0.034397 0.727724 -33.122341 0.080720 0.996317 0.028890 12.821025 -0.724051 0.078532 -0.685262 -18.983343
-0.680863 0.031227 0.731745 -32.452316 0.078174 0.996481 0.030213 12.822773 -0.728228 0.077775 -0.680909 -19.601757
-0.676279 0.031143 0.735987 -31.804031 0.076999 0.996621 0.028581 12.832671 -0.732612 0.075999 -0.676392 -20.188499
-0.669436 0.031779 0.742191 -31.172148 0.076108 0.996761 0.025970 12.838760 -0.738961 0.073871 -0.669686 -20.761869
-0.660886 0.031984 0.749805 -30.535496 0.075314 0.996874 0.023859 12.839888 -0.746698 0.072239 -0.661230 -21.320522
-0.650783 0.031798 0.758598 -29.889734 0.074111 0.997011 0.021787 12.845549 -0.755640 0.070400 -0.651194 -21.857746
-0.638164 0.029959 0.769318 -29.252102 0.073028 0.997093 0.021750 12.850023 -0.766430 0.070062 -0.638496 -22.376106
-0.624768 0.028286 0.780299 -28.624416 0.072238 0.997151 0.021692 12.851447 -0.777463 0.069920 -0.625030 -22.836361
-0.609414 0.026090 0.792423 -27.995489 0.070337 0.997296 0.021258 12.838797 -0.789727 0.068692 -0.609601 -23.267954
-0.589579 0.024507 0.807339 -27.357382 0.068233 0.997477 0.019550 12.842196 -0.804824 0.066614 -0.589764 -23.721212
-0.566882 0.022897 0.823482 -26.718548 0.067533 0.997540 0.018754 12.841072 -0.821028 0.066244 -0.567034 -24.155085
-0.542968 0.018980 0.839539 -26.100760 0.066202 0.997600 0.020263 12.808682 -0.837140 0.066581 -0.542921 -24.493460
-0.512860 0.016445 0.858315 -25.457533 0.064096 0.997759 0.019181 12.814942 -0.856077 0.064853 -0.512765 -24.884226
-0.480793 0.014311 0.876718 -24.774351 0.061679 0.997941 0.017534 12.810754 -0.874663 0.062506 -0.480686 -25.248114
-0.444652 0.013124 0.895608 -24.100603 0.057590 0.998242 0.013965 12.812808 -0.893851 0.057787 -0.444626 -25.565523
-0.405530 0.011330 0.914011 -23.418947 0.056035 0.998351 0.012486 12.820189 -0.912363 0.056281 -0.405496 -25.846069
-0.362682 0.008427 0.931876 -22.732420 0.051373 0.998619 0.010965 12.824493 -0.930497 0.051850 -0.362613 -26.107740
-0.320412 0.005316 0.947264 -22.037661 0.045575 0.998912 0.009810 12.813649 -0.946182 0.046315 -0.320305 -26.309771
-0.275043 0.003623 0.961425 -21.324556 0.042551 0.999059 0.008409 12.811079 -0.960491 0.043223 -0.274938 -26.495716
-0.227353 0.003288 0.973807 -20.635860 0.042965 0.999054 0.006658 12.801556 -0.972865 0.043353 -0.227278 -26.630445
-0.177124 0.002647 0.984186 -19.943033 0.042870 0.999067 0.005028 12.805326 -0.983255 0.043083 -0.177073 -26.728508
-0.125407 -0.001446 0.992105 -19.260603 0.041007 0.999136 0.006640 12.796326 -0.991258 0.041516 -0.125240 -26.789965
-0.072917 -0.002864 0.997335 -18.577225 0.039130 0.999217 0.005729 12.795218 -0.996571 0.039444 -0.072746 -26.804579
-0.018535 -0.000354 0.999829 -17.891672 0.036904 0.999318 0.001038 12.792776 -0.999148 0.036918 -0.018508 -26.799925
0.034060 0.001314 0.999419 -17.231150 0.034425 0.999404 -0.002487 12.776886 -0.998827 0.034490 0.033995 -26.740643
0.087268 0.003631 0.996178 -16.562189 0.033857 0.999404 -0.006608 12.758731 -0.995610 0.034305 0.087094 -26.652662
0.140059 0.005546 0.990128 -15.900961 0.033080 0.999399 -0.010277 12.740545 -0.989590 0.034193 0.139793 -26.530670
0.192935 0.004957 0.981199 -15.254103 0.031677 0.999434 -0.011277 12.725183 -0.980700 0.033258 0.192670 -26.381529
0.244752 0.005180 0.969573 -14.590166 0.026009 0.999591 -0.011906 12.723296 -0.969237 0.028131 0.244518 -26.193476
0.294124 0.003921 0.955760 -13.959179 0.021981 0.999699 -0.010865 12.707514 -0.955515 0.024204 0.293950 -25.972191
0.340529 0.002697 0.940230 -13.344248 0.018553 0.999782 -0.009587 12.689899 -0.940051 0.020709 0.340405 -25.726734
0.382588 0.002681 0.923916 -12.752658 0.014978 0.999846 -0.009104 12.654923 -0.923798 0.017321 0.382490 -25.452923
0.419509 0.008148 0.907715 -12.171861 0.008558 0.999879 -0.012930 12.650006 -0.907711 0.013193 0.419390 -25.152781
0.449099 0.015782 0.893343 -11.592937 0.001513 0.999828 -0.018423 12.642964 -0.893481 0.009626 0.448999 -24.835325
0.471131 0.023731 0.881744 -11.013990 -0.006190 0.999701 -0.023599 12.632791 -0.882042 0.005660 0.471139 -24.490818
0.487957 0.028415 0.872405 -10.449017 -0.009781 0.999585 -0.027086 12.613763 -0.872812 0.004684 0.488033 -24.167446
0.499365 0.029842 0.865878 -9.887461 -0.009910 0.999538 -0.028733 12.599252 -0.866335 0.005766 0.499431 -23.839083
0.506305 0.028476 0.861884 -9.328815 -0.007963 0.999566 -0.028346 12.576534 -0.862317 0.007488 0.506314 -23.504631
0.510252 0.027225 0.859594 -8.775734 -0.006702 0.999594 -0.027681 12.553406 -0.859999 0.008363 0.510228 -23.174471
0.511603 0.024885 0.858862 -8.228276 -0.003155 0.999628 -0.027084 12.529960 -0.859216 0.011147 0.511492 -22.847822
0.512258 0.023460 0.858511 -7.690525 -0.001425 0.999648 -0.026466 12.505795 -0.858831 0.012334 0.512113 -22.527786
0.512221 0.021685 0.858581 -7.148507 0.000772 0.999669 -0.025709 12.475162 -0.858854 0.013832 0.512035 -22.207932
0.510471 0.019992 0.859663 -6.617615 0.003227 0.999677 -0.025163 12.455680 -0.859890 0.015620 0.510242 -21.897936
0.506384 0.019002 0.862099 -6.090602 0.005214 0.999671 -0.025098 12.433542 -0.862292 0.017204 0.506119 -21.591799
0.500630 0.017678 0.865482 -5.565805 0.006805 0.999680 -0.024354 12.409651 -0.865635 0.018082 0.500349 -21.287580
0.494709 0.015326 0.868923 -5.040047 0.009853 0.999681 -0.023242 12.387528 -0.869003 0.020060 0.494401 -21.005405
0.488695 0.013446 0.872351 -4.514948 0.013753 0.999638 -0.023112 12.361647 -0.872346 0.023292 0.488334 -20.725573
0.482558 0.012640 0.875773 -4.000565 0.017123 0.999568 -0.023861 12.341104 -0.875696 0.026510 0.482134 -20.439495
0.476151 0.012157 0.879280 -3.504494 0.019232 0.999521 -0.024234 12.318126 -0.879153 0.028449 0.475689 -20.171432
0.469677 0.012672 0.882748 -3.019307 0.020492 0.999470 -0.025251 12.300583 -0.882600 0.029949 0.469170 -19.909260
0.463186 0.013198 0.886163 -2.532679 0.021758 0.999418 -0.026256 12.282496 -0.885994 0.031443 0.462630 -19.650940
0.457463 0.013076 0.889133 -2.068674 0.023622 0.999360 -0.026850 12.265356 -0.888915 0.033287 0.456862 -19.414190
0.451530 0.011021 0.892189 -1.613131 0.027344 0.999282 -0.026183 12.245814 -0.891837 0.036219 0.450905 -19.189924
0.445827 0.008824 0.895076 -1.172709 0.030166 0.999235 -0.024876 12.226809 -0.894611 0.038092 0.445220 -18.976170
0.440167 0.007010 0.897888 -0.749906 0.031875 0.999217 -0.023427 12.206500 -0.897350 0.038933 0.439600 -18.768347
0.434477 0.005198 0.900668 -0.324953 0.033579 0.999194 -0.021964 12.186839 -0.900057 0.039787 0.433953 -18.562794
0.429538 0.004762 0.903037 0.075868 0.033215 0.999226 -0.021068 12.175522 -0.902438 0.039044 0.429049 -18.377260
0.424581 0.003884 0.905382 0.451682 0.034085 0.999213 -0.020271 12.155310 -0.904749 0.039467 0.424115 -18.202198
0.420409 0.002627 0.907332 0.808326 0.036458 0.999139 -0.019786 12.136473 -0.906602 0.041398 0.419952 -18.042356
0.416379 0.001845 0.909190 1.147340 0.038321 0.999073 -0.019577 12.124301 -0.908384 0.042992 0.415923 -17.891621
0.412146 0.001256 0.911117 1.460518 0.039982 0.999010 -0.019463 12.109855 -0.910240 0.044450 0.411689 -17.750935
0.408937 0.001722 0.912562 1.753993 0.040266 0.998989 -0.019929 12.096070 -0.911674 0.044895 0.408455 -17.620413
0.405952 0.003989 0.913886 2.024842 0.039673 0.998970 -0.021983 12.086863 -0.913033 0.045182 0.405376 -17.496820
0.404055 0.006363 0.914714 2.275947 0.038970 0.998948 -0.024162 12.078051 -0.913904 0.045409 0.403382 -17.382233
0.403237 0.009578 0.915046 2.514055 0.039219 0.998845 -0.027738 12.068152 -0.914255 0.047073 0.402397 -17.275082
0.403837 0.012090 0.914752 2.751997 0.041545 0.998638 -0.031540 12.055566 -0.913887 0.050740 0.402786 -17.172119
0.406562 0.012304 0.913540 2.987985 0.044253 0.998470 -0.033143 12.039262 -0.912551 0.053903 0.405396 -17.071356
0.411253 0.011548 0.911449 3.222326 0.045101 0.998437 -0.032999 12.025680 -0.910405 0.054678 0.410091 -16.960112
0.419060 0.010417 0.907899 3.449295 0.044638 0.998488 -0.032059 12.012574 -0.906861 0.053962 0.417962 -16.850512
0.428813 0.013191 0.903297 3.667452 0.041916 0.998526 -0.034480 11.999871 -0.902420 0.052647 0.427628 -16.731958
0.440370 0.017318 0.897650 3.878006 0.040593 0.998407 -0.039176 11.984498 -0.896898 0.053691 0.438966 -16.617952
0.454062 0.020497 0.890734 4.087840 0.040063 0.998254 -0.043393 11.970670 -0.890069 0.055389 0.452448 -16.502424
0.470024 0.021612 0.882389 4.294812 0.040236 0.998136 -0.045879 11.957565 -0.881736 0.057068 0.468280 -16.388315
0.486904 0.021677 0.873187 4.494643 0.039302 0.998135 -0.046694 11.947993 -0.872571 0.057054 0.485145 -16.260756
0.504453 0.022161 0.863156 4.689597 0.036999 0.998197 -0.047252 11.931644 -0.862646 0.055772 0.502724 -16.126076
0.523481 0.023021 0.851727 4.880304 0.036265 0.998127 -0.049266 11.918545 -0.851265 0.056678 0.521666 -15.987297
0.544588 0.025569 0.838314 5.080959 0.035851 0.997912 -0.053727 11.905015 -0.837937 0.059314 0.542535 -15.836514
0.566308 0.026407 0.823771 5.287210 0.037359 0.997636 -0.057662 11.891251 -0.823346 0.063430 0.563983 -15.677793
0.588759 0.026063 0.807889 5.509029 0.037083 0.997556 -0.059205 11.876414 -0.807458 0.064816 0.586354 -15.501733
0.611510 0.026241 0.790801 5.732191 0.032328 0.997787 -0.058108 11.861529 -0.790576 0.061099 0.609310 -15.299345
0.634377 0.024620 0.772633 5.953281 0.026486 0.998213 -0.053554 11.839097 -0.772570 0.054438 0.632593 -15.080344
0.657305 0.020236 0.753354 6.184701 0.023692 0.998590 -0.047495 11.812389 -0.753252 0.049068 0.655900 -14.845407
0.680434 0.014892 0.732659 6.428971 0.025916 0.998678 -0.044368 11.797899 -0.732352 0.049177 0.679149 -14.605049
0.703239 0.012203 0.710850 6.666637 0.026170 0.998730 -0.043034 11.776378 -0.710473 0.048866 0.702028 -14.344723
0.725796 0.011271 0.687819 6.892730 0.024653 0.998796 -0.042380 11.755325 -0.687469 0.047717 0.724645 -14.062306
0.748862 0.011078 0.662634 7.126259 0.021046 0.998958 -0.040484 11.734511 -0.662391 0.044263 0.747850 -13.757505
0.770770 0.008841 0.637053 7.359295 0.020672 0.999030 -0.038874 11.715178 -0.636778 0.043132 0.769840 -13.434940
0.792484 0.006333 0.609861 7.595605 0.022326 0.998974 -0.039386 11.693419 -0.609486 0.044829 0.791530 -13.099908
0.814189 0.002903 0.580594 7.828161 0.026694 0.998743 -0.042427 11.679073 -0.579987 0.050042 0.813088 -12.754202
0.835162 0.000164 0.550004 8.055786 0.028495 0.998644 -0.043567 11.665825 -0.549265 0.052058 0.834026 -12.376715
0.855266 -0.002230 0.518185 8.274871 0.027878 0.998740 -0.041714 11.648120 -0.517439 0.050122 0.854251 -11.972932
0.874237 -0.001873 0.485497 8.482683 0.024034 0.998933 -0.039423 11.628511 -0.484904 0.046134 0.873350 -11.539378
0.892377 -0.001702 0.451288 8.686538 0.021185 0.999048 -0.038125 11.608204 -0.450794 0.043582 0.891564 -11.079206
0.909127 -0.007452 0.416453 8.885720 0.024269 0.999088 -0.035104 11.586805 -0.415811 0.042021 0.908480 -10.601451
0.924722 -0.015294 0.380338 9.085741 0.029858 0.999028 -0.032421 11.561347 -0.379472 0.041336 0.924280 -10.091136
0.938993 -0.025072 0.343024 9.272116 0.038067 0.998787 -0.031203 11.534462 -0.341825 0.042357 0.938809 -9.562668
0.952058 -0.031016 0.304341 9.439740 0.042654 0.998587 -0.031665 11.509233 -0.302928 0.043128 0.952037 -9.008530
0.963680 -0.031886 0.265149 9.587471 0.042452 0.998512 -0.034209 11.492953 -0.263662 0.044222 0.963601 -8.422442
0.973275 -0.030808 0.227570 9.711427 0.039977 0.998559 -0.035794 11.471332 -0.226139 0.043935 0.973105 -7.810290
0.980645 -0.030539 0.193401 9.815625 0.038657 0.998516 -0.038333 11.448001 -0.191942 0.045067 0.980371 -7.177567
0.986261 -0.031239 0.162215 9.916168 0.038175 0.998477 -0.039816 11.418550 -0.160724 0.045461 0.985952 -6.525145
0.990285 -0.034011 0.134828 9.994580 0.039773 0.998396 -0.040267 11.387333 -0.133242 0.045239 0.990051 -5.849219
0.993438 -0.035021 0.108877 10.071902 0.039705 0.998363 -0.041149 11.357521 -0.107257 0.045202 0.993204 -5.135052
0.995715 -0.034719 0.085719 10.125066 0.038496 0.998341 -0.042796 11.324873 -0.084090 0.045911 0.995401 -4.404422
0.997332 -0.033156 0.065039 10.164182 0.035975 0.998441 -0.042646 11.297557 -0.063522 0.044872 0.996972 -3.650047
0.998418 -0.031620 0.046493 10.193612 0.033525 0.998606 -0.040764 11.267321 -0.045139 0.042258 0.998087 -2.876729
0.998990 -0.030899 0.032630 10.206369 0.032150 0.998740 -0.038526 11.234129 -0.031398 0.039535 0.998725 -2.089356
0.999381 -0.025725 0.023993 10.211525 0.026608 0.998953 -0.037212 11.194670 -0.023010 0.037827 0.999020 -1.277922
0.999572 -0.021184 0.020236 10.209322 0.021969 0.998983 -0.039349 11.156767 -0.019381 0.039777 0.999021 -0.456878
0.999597 -0.020699 0.019467 10.210426 0.021487 0.998920 -0.041196 11.132602 -0.018592 0.041598 0.998962 0.384355
0.999549 -0.023120 0.019214 10.222746 0.023906 0.998841 -0.041763 11.100430 -0.018225 0.042204 0.998943 1.244457
0.999509 -0.024399 0.019689 10.230107 0.025165 0.998898 -0.039628 11.058678 -0.018700 0.040103 0.999021 2.114950
0.999544 -0.022768 0.019852 10.233865 0.023557 0.998905 -0.040412 11.018084 -0.018909 0.040862 0.998987 3.001272
0.999595 -0.021088 0.019111 10.251052 0.021912 0.998792 -0.043961 10.983533 -0.018161 0.044362 0.998851 3.905013
0.999668 -0.017400 0.019037 10.256677 0.018264 0.998767 -0.046147 10.941170 -0.018210 0.046480 0.998754 4.828593
0.999714 -0.014067 0.019392 10.253252 0.014955 0.998808 -0.046447 10.891181 -0.018715 0.046724 0.998733 5.755536
0.999733 -0.013466 0.018813 10.260555 0.014296 0.998900 -0.044661 10.846422 -0.018191 0.044918 0.998826 6.700011
0.999715 -0.015858 0.017858 10.273665 0.016605 0.998958 -0.042487 10.797091 -0.017164 0.042772 0.998938 7.657830
0.999743 -0.015789 0.016311 10.277400 0.016454 0.999005 -0.041457 10.755118 -0.015640 0.041716 0.999007 8.629017
0.999754 -0.018041 0.012992 10.289226 0.018576 0.998930 -0.042341 10.700199 -0.012213 0.042572 0.999019 9.592466
0.999754 -0.020335 0.008855 10.298170 0.020702 0.998830 -0.043684 10.653230 -0.007955 0.043857 0.999007 10.598340
0.999738 -0.022322 0.005160 10.295062 0.022525 0.998806 -0.043357 10.603829 -0.004185 0.043462 0.999047 11.611382
0.999747 -0.022428 0.001823 10.285658 0.022483 0.998917 -0.040726 10.555646 -0.000907 0.040756 0.999169 12.645370
0.999721 -0.023511 -0.002146 10.272809 0.023416 0.999040 -0.037021 10.510230 0.003016 0.036961 0.999312 13.678444
0.999699 -0.023895 -0.005604 10.260651 0.023698 0.999171 -0.033075 10.471162 0.006390 0.032932 0.999438 14.734370
0.999686 -0.023446 -0.008802 10.246490 0.023156 0.999226 -0.031796 10.433518 0.009541 0.031582 0.999457 15.806247
0.999708 -0.021679 -0.010694 10.224221 0.021280 0.999120 -0.036119 10.398371 0.011468 0.035881 0.999291 16.881704
0.999721 -0.020574 -0.011683 10.196617 0.020078 0.998952 -0.041110 10.350968 0.012517 0.040864 0.999087 17.937906
0.999694 -0.020897 -0.013255 10.181565 0.020297 0.998830 -0.043881 10.309015 0.014156 0.043599 0.998949 19.019020
0.999685 -0.021194 -0.013514 10.141885 0.020660 0.999042 -0.038566 10.247725 0.014320 0.038274 0.999166 20.130407
0.999631 -0.023051 -0.014441 10.110989 0.022574 0.999220 -0.032397 10.197809 0.015177 0.032060 0.999371 21.258867
0.999459 -0.029030 -0.015465 10.092600 0.028528 0.999089 -0.031733 10.152050 0.016374 0.031276 0.999377 22.349941
0.999377 -0.031524 -0.015879 10.065985 0.030955 0.998909 -0.034933 10.109054 0.016963 0.034420 0.999264 23.447430
0.999429 -0.029859 -0.015820 10.036754 0.029199 0.998753 -0.040476 10.061957 0.017009 0.039991 0.999056 24.548252
0.999479 -0.028004 -0.016076 10.011149 0.027296 0.998713 -0.042715 10.016887 0.017252 0.042255 0.998958 25.677429
0.999629 -0.023118 -0.014420 9.979161 0.022504 0.998888 -0.041408 9.956739 0.015362 0.041068 0.999038 26.784662
0.999726 -0.019634 -0.012740 9.954286 0.019104 0.998995 -0.040537 9.913547 0.013524 0.040282 0.999097 27.912853
0.999756 -0.019343 -0.010678 9.932666 0.018918 0.999075 -0.038600 9.865169 0.011416 0.038389 0.999198 29.045065
0.999762 -0.019604 -0.009662 9.922410 0.019241 0.999151 -0.036425 9.816345 0.010368 0.036230 0.999290 30.185041
0.999877 -0.013328 -0.008371 9.904088 0.013047 0.999376 -0.032814 9.763473 0.008804 0.032701 0.999427 31.331045
0.999931 -0.010442 -0.005443 9.878911 0.010259 0.999413 -0.032682 9.712780 0.005781 0.032624 0.999451 32.471863
0.999950 -0.009171 -0.004063 9.882387 0.009024 0.999350 -0.034899 9.659923 0.004380 0.034861 0.999383 33.601768
0.999978 -0.006371 -0.001704 9.875892 0.006301 0.999252 -0.038135 9.607316 0.001947 0.038124 0.999271 34.735504
0.999994 -0.003560 0.000647 9.872032 0.003584 0.999136 -0.041379 9.550989 -0.000498 0.041381 0.999144 35.870163
0.999984 -0.004480 0.003477 9.852493 0.004616 0.999198 -0.039754 9.497119 -0.003296 0.039769 0.999204 37.022579
0.999974 -0.003933 0.006196 9.839321 0.004179 0.999181 -0.040237 9.436383 -0.006032 0.040262 0.999172 38.175999
0.999967 -0.003325 0.007439 9.829292 0.003655 0.998995 -0.044646 9.375153 -0.007282 0.044672 0.998975 39.328308
0.999961 -0.003960 0.007975 9.829944 0.004344 0.998806 -0.048661 9.312591 -0.007771 0.048694 0.998784 40.468029
0.999946 -0.005398 0.008997 9.809115 0.005822 0.998844 -0.047699 9.252429 -0.008729 0.047750 0.998821 41.650185
0.999927 -0.007709 0.009320 9.808396 0.008119 0.998963 -0.044774 9.182857 -0.008965 0.044847 0.998954 42.817928
0.999882 -0.010997 0.010774 9.799215 0.011461 0.998966 -0.043980 9.124809 -0.010279 0.044098 0.998975 43.977154
0.999824 -0.014775 0.011551 9.808735 0.015280 0.998875 -0.044884 9.053610 -0.010874 0.045052 0.998926 45.147465
0.999793 -0.016157 0.012402 9.815352 0.016702 0.998841 -0.045129 8.995885 -0.011658 0.045327 0.998905 46.315075
0.999682 -0.021550 0.013154 9.838412 0.022090 0.998857 -0.042358 8.941817 -0.012225 0.042634 0.999017 47.508862
0.999625 -0.022600 0.015512 9.827745 0.023136 0.999109 -0.035294 8.870969 -0.014701 0.035640 0.999257 48.696835
0.999570 -0.023495 0.017531 9.834717 0.024081 0.999133 -0.033957 8.814677 -0.016717 0.034365 0.999270 49.888660
0.999612 -0.020714 0.018631 9.836807 0.021456 0.998945 -0.040591 8.763997 -0.017769 0.040975 0.999002 51.061661
0.999644 -0.017614 0.020105 9.833935 0.018584 0.998620 -0.049122 8.710130 -0.019211 0.049478 0.998591 52.258106
0.999697 -0.012914 0.020960 9.842974 0.013991 0.998544 -0.052090 8.636327 -0.020257 0.052368 0.998422 53.458191
0.999710 -0.010001 0.021940 9.852794 0.011090 0.998683 -0.050080 8.555691 -0.021409 0.050309 0.998505 54.634109
0.999705 -0.009007 0.022573 9.861308 0.010084 0.998793 -0.048075 8.485561 -0.022113 0.048288 0.998590 55.850994
0.999696 -0.009211 0.022864 9.875214 0.010211 0.998978 -0.044029 8.411461 -0.022435 0.044250 0.998769 57.063080
0.999687 -0.009629 0.023080 9.884988 0.010618 0.999016 -0.043068 8.357251 -0.022642 0.043300 0.998806 58.307858
0.999675 -0.010004 0.023462 9.904252 0.010973 0.999077 -0.041499 8.290869 -0.023025 0.041743 0.998863 59.480072
0.999678 -0.008249 0.023999 9.910444 0.009175 0.999207 -0.038723 8.240590 -0.023660 0.038931 0.998962 60.678337
0.999680 -0.005979 0.024592 9.924960 0.006851 0.999345 -0.035529 8.179618 -0.024363 0.035686 0.999066 61.903114
0.999676 -0.003958 0.025157 9.937458 0.004991 0.999141 -0.041119 8.122142 -0.024973 0.041232 0.998838 63.100002
0.999688 -0.003513 0.024747 9.969866 0.004786 0.998657 -0.051561 8.072485 -0.024533 0.051664 0.998364 64.301460
0.999651 -0.002632 0.026299 9.965501 0.004113 0.998400 -0.056382 8.010732 -0.026107 0.056471 0.998063 65.510880
0.999712 -0.006502 0.023119 10.061253 0.007844 0.998260 -0.058432 7.963984 -0.022699 0.058596 0.998024 66.712288
0.999638 -0.013002 0.023593 10.094885 0.014450 0.997957 -0.062234 7.892603 -0.022734 0.062553 0.997783 67.922890
0.999595 -0.011947 0.025874 10.086784 0.013586 0.997850 -0.064103 7.822304 -0.025052 0.064428 0.997608 69.143013
0.999487 -0.018265 0.026324 10.118466 0.019794 0.998058 -0.059055 7.744171 -0.025194 0.059546 0.997908 70.336929
0.999452 -0.019847 0.026521 10.151749 0.021209 0.998418 -0.052072 7.661590 -0.025445 0.052606 0.998292 71.526047
0.999481 -0.017535 0.027022 10.190501 0.018806 0.998693 -0.047523 7.583597 -0.026153 0.048006 0.998505 72.722305
0.999477 -0.015132 0.028573 10.203817 0.016423 0.998830 -0.045476 7.528043 -0.027850 0.045921 0.998557 73.906708
0.999471 -0.011072 0.030594 10.210952 0.012413 0.998954 -0.043987 7.466045 -0.030073 0.044345 0.998564 75.091644
0.999459 -0.006938 0.032162 10.233383 0.008392 0.998937 -0.045321 7.397951 -0.031813 0.045566 0.998456 76.267006
0.999399 -0.002479 0.034591 10.241865 0.004280 0.998635 -0.052063 7.333053 -0.034414 0.052180 0.998045 77.413490
0.999405 0.000874 0.034488 10.276061 0.001122 0.998326 -0.057814 7.263959 -0.034480 0.057818 0.997732 78.554184
0.999327 -0.003015 0.036555 10.299044 0.005119 0.998325 -0.057605 7.187976 -0.036319 0.057753 0.997671 79.706696
0.999272 -0.003142 0.038026 10.336003 0.005165 0.998569 -0.053228 7.117622 -0.037803 0.053386 0.997858 80.858406
0.999179 -0.008423 0.039633 10.379620 0.010319 0.998801 -0.047849 7.052165 -0.039183 0.048218 0.998068 82.026550
0.999103 -0.014093 0.039948 10.428216 0.015896 0.998853 -0.045169 6.992338 -0.039265 0.045763 0.998181 83.200798
0.998985 -0.018485 0.041091 10.475022 0.020373 0.998731 -0.046036 6.922011 -0.040187 0.046827 0.998095 84.358452
0.998885 -0.021459 0.042065 10.524740 0.023499 0.998541 -0.048597 6.851936 -0.040961 0.049533 0.997932 85.513092
0.998820 -0.023021 0.042771 10.574231 0.025283 0.998267 -0.053123 6.783998 -0.041472 0.054141 0.997672 86.658867
0.998686 -0.024571 0.044979 10.597913 0.027137 0.997984 -0.057360 6.713245 -0.043478 0.058505 0.997340 87.812950
