1.000000 -0.000001 -0.000000 0.000000 -0.000001 0.999999 -0.000000 0.000000 -0.000000 -0.000000 0.999999 0.000000
0.999978 0.005325 0.003940 -0.057237 -0.005310 0.999977 -0.004112 0.030782 -0.003963 0.004090 0.999983 0.768189
0.999958 0.008142 0.004011 -0.060166 -0.008129 0.999961 -0.003430 0.007742 -0.004039 0.003398 0.999985 1.529008
0.999949 0.009101 0.004305 -0.058553 -0.009089 0.999954 -0.002866 -0.022397 -0.004332 0.002827 0.999986 2.273081
0.999933 0.010584 0.004561 -0.062896 -0.010573 0.999941 -0.002497 -0.045414 -0.004588 0.002448 0.999985 3.001606
0.999927 0.011014 0.004979 -0.062428 -0.011003 0.999936 -0.002407 -0.067848 -0.005006 0.002352 0.999985 3.721338
0.999915 0.011391 0.006390 -0.062709 -0.011370 0.999930 -0.003321 -0.087631 -0.006429 0.003247 0.999974 4.434176
0.999905 0.011641 0.007353 -0.060309 -0.011592 0.999909 -0.006857 -0.116789 -0.007433 0.006771 0.999949 5.136801
0.999893 0.011613 0.008955 -0.053667 -0.011584 0.999927 -0.003294 -0.137969 -0.008993 0.003190 0.999954 5.804718
0.999883 0.011211 0.010340 -0.044571 -0.011156 0.999922 -0.005519 -0.169144 -0.010401 0.005403 0.999931 6.442426
0.999872 0.010620 0.011934 -0.034496 -0.010582 0.999937 -0.003369 -0.191107 -0.011969 0.003242 0.999923 7.070980
0.999854 0.010365 0.013591 -0.024714 -0.010328 0.999942 -0.002837 -0.213491 -0.013621 0.002696 0.999903 7.688813
0.999822 0.011127 0.015230 -0.015660 -0.011060 0.999928 -0.004569 -0.236623 -0.015280 0.004399 0.999873 8.294404
0.999790 0.011862 0.016670 -0.005751 -0.011728 0.999897 -0.008249 -0.259970 -0.016766 0.008052 0.999826 8.889190
0.999775 0.010941 0.018130 0.006448 -0.010775 0.999898 -0.009237 -0.279289 -0.018230 0.009039 0.999793 9.402470
0.999768 0.008441 0.019822 0.023439 -0.008148 0.999857 -0.014828 -0.307140 -0.019944 0.014662 0.999693 9.884645
0.999755 0.006192 0.021237 0.043950 -0.005849 0.999850 -0.016273 -0.328037 -0.021335 0.016144 0.999642 10.330466
0.999696 0.007247 0.023536 0.063167 -0.006811 0.999803 -0.018576 -0.350991 -0.023668 0.018410 0.999550 10.744975
0.999588 0.011057 0.026479 0.079780 -0.010503 0.999723 -0.021021 -0.374535 -0.026703 0.020734 0.999428 11.147408
0.999452 0.014471 0.029743 0.097073 -0.013707 0.999574 -0.025745 -0.406047 -0.030103 0.025324 0.999226 11.536511
0.999364 0.013371 0.033077 0.120797 -0.012378 0.999470 -0.030097 -0.437692 -0.033462 0.029668 0.998999 11.901520
0.999309 0.009372 0.035949 0.148440 -0.008135 0.999373 -0.034441 -0.465536 -0.036250 0.034125 0.998759 12.244793
0.999254 0.004901 0.038309 0.176812 -0.003453 0.999279 -0.037801 -0.492976 -0.038466 0.037640 0.998550 12.564572
0.999162 0.002815 0.040841 0.201258 -0.001208 0.999225 -0.039321 -0.517762 -0.040921 0.039238 0.998391 12.861275
0.999099 0.002374 0.042375 0.220083 -0.000381 0.998894 -0.046992 -0.554858 -0.042440 0.046934 0.997995 13.096520
0.999011 0.003511 0.044324 0.237852 -0.001286 0.998740 -0.050141 -0.578041 -0.044445 0.050035 0.997757 13.326084
0.998905 0.005482 0.046466 0.253898 -0.003008 0.998582 -0.053141 -0.599789 -0.046692 0.052943 0.997505 13.540405
0.998829 0.009441 0.047458 0.258981 -0.006669 0.998279 -0.058249 -0.631188 -0.047926 0.057865 0.997173 13.681952
0.998743 0.012381 0.048582 0.271839 -0.009448 0.998143 -0.060160 -0.652747 -0.049237 0.059626 0.997005 13.866366
0.998663 0.013519 0.049892 0.286488 -0.010369 0.997966 -0.062891 -0.672546 -0.050642 0.062290 0.996772 14.041631
0.998605 0.013181 0.051131 0.303290 -0.009812 0.997797 -0.065603 -0.689371 -0.051884 0.065009 0.996535 14.210903
0.998577 0.012638 0.051795 0.320316 -0.009113 0.997660 -0.067743 -0.705620 -0.052530 0.067174 0.996357 14.374366
0.998539 0.013048 0.052451 0.335919 -0.009387 0.997540 -0.069465 -0.721417 -0.053229 0.068871 0.996204 14.531820
0.998470 0.014359 0.053407 0.347244 -0.010493 0.997349 -0.071993 -0.737715 -0.054300 0.071322 0.995974 14.677747
0.998429 0.015525 0.053848 0.358394 -0.011464 0.997122 -0.074941 -0.752356 -0.054856 0.074206 0.995732 14.818310
0.998413 0.015911 0.054009 0.369780 -0.011679 0.996901 -0.077793 -0.766468 -0.055081 0.077038 0.995505 14.956281
0.998439 0.015743 0.053597 0.379501 -0.011405 0.996704 -0.080307 -0.781084 -0.054685 0.079571 0.995328 15.093873
0.998513 0.015701 0.052195 0.379035 -0.011325 0.996474 -0.083124 -0.795619 -0.053316 0.082409 0.995171 15.208522
0.998625 0.016963 0.049595 0.368537 -0.012713 0.996315 -0.084815 -0.806507 -0.050852 0.084068 0.995161 15.310420
0.998772 0.017873 0.046209 0.351199 -0.013776 0.996066 -0.087535 -0.815144 -0.047592 0.086791 0.995089 15.397998
0.998954 0.019345 0.041422 0.332096 -0.015509 0.995726 -0.091034 -0.823592 -0.043006 0.090297 0.994985 15.494845
0.999176 0.020282 0.035141 0.316329 -0.016903 0.995434 -0.093936 -0.831964 -0.036886 0.093265 0.994957 15.601960
0.999391 0.020736 0.028066 0.304439 -0.017953 0.995213 -0.096057 -0.842308 -0.029924 0.095494 0.994979 15.712356
0.999584 0.020767 0.019988 0.299594 -0.018738 0.995120 -0.096871 -0.855331 -0.021902 0.096456 0.995095 15.846414
0.999728 0.020587 0.010934 0.293450 -0.019419 0.994996 -0.098007 -0.868856 -0.012898 0.097768 0.995125 15.983308
0.999807 0.019653 -0.000383 0.284905 -0.019595 0.994855 -0.099386 -0.882825 -0.001572 0.099374 0.995048 16.124332
0.999718 0.018672 -0.014628 0.271829 -0.020058 0.994672 -0.101111 -0.897612 0.012662 0.101375 0.994767 16.271194
0.999312 0.018691 -0.032032 0.252417 -0.021888 0.994488 -0.102538 -0.913513 0.029939 0.103168 0.994213 16.425667
0.998440 0.019411 -0.052360 0.226955 -0.024722 0.994400 -0.102739 -0.929849 0.050071 0.103873 0.993329 16.589340
0.996953 0.020882 -0.075160 0.187899 -0.028524 0.994367 -0.102076 -0.945893 0.072606 0.103908 0.991933 16.765783
0.994703 0.022297 -0.100349 0.139905 -0.032431 0.994405 -0.100521 -0.964286 0.097546 0.103242 0.989861 16.961634
0.991386 0.024099 -0.128739 0.080458 -0.036967 0.994448 -0.098507 -0.984455 0.125651 0.102417 0.986774 17.170954
0.986755 0.025380 -0.160215 0.009524 -0.041058 0.994599 -0.095315 -1.005109 0.156930 0.100631 0.982469 17.393503
0.980446 0.026625 -0.194975 -0.074345 -0.045139 0.994815 -0.091131 -1.025526 0.191538 0.098149 0.976565 17.627567
0.972025 0.027975 -0.233205 -0.173573 -0.049176 0.995115 -0.085594 -1.045471 0.229671 0.094667 0.968653 17.871458
0.961235 0.031454 -0.273929 -0.290811 -0.055180 0.995319 -0.079339 -1.064651 0.270151 0.091378 0.958472 18.123058
0.948151 0.035391 -0.315842 -0.424848 -0.061561 0.995411 -0.073264 -1.083211 0.311799 0.088909 0.945978 18.380278
0.932631 0.039101 -0.358706 -0.575088 -0.067398 0.995493 -0.066717 -1.101960 0.354480 0.086397 0.931063 18.643402
0.914532 0.042029 -0.402324 -0.740963 -0.071298 0.995764 -0.058045 -1.119598 0.398179 0.081768 0.913656 18.913036
0.893846 0.046020 -0.446007 -0.925063 -0.075375 0.995984 -0.048292 -1.135657 0.441993 0.076783 0.893725 19.184965
0.870378 0.050675 -0.489771 -1.128612 -0.080322 0.995978 -0.039690 -1.150050 0.485789 0.073884 0.870948 19.455072
0.843795 0.055102 -0.533830 -1.350510 -0.085312 0.995838 -0.032058 -1.162721 0.529841 0.072592 0.844984 19.722672
0.814150 0.058664 -0.577684 -1.589841 -0.090258 0.995576 -0.026102 -1.172708 0.573596 0.073392 0.815843 19.986410
0.781704 0.061475 -0.620613 -1.848268 -0.094287 0.995340 -0.020165 -1.179539 0.616481 0.074279 0.783857 20.247332
0.746088 0.064511 -0.662714 -2.127019 -0.097750 0.995123 -0.013176 -1.182196 0.658632 0.074610 0.748757 20.506521
0.707785 0.067176 -0.703227 -2.426488 -0.099873 0.994984 -0.005472 -1.182528 0.699332 0.074106 0.710945 20.762638
0.667459 0.067601 -0.741571 -2.744435 -0.099618 0.995024 0.001046 -1.182735 0.737953 0.073176 0.670873 21.014954
0.625282 0.067708 -0.777456 -3.076342 -0.098653 0.995095 0.007319 -1.182039 0.774139 0.072121 0.628894 21.254992
0.581074 0.066839 -0.811101 -3.425003 -0.095050 0.995374 0.013932 -1.179758 0.808281 0.068999 0.584741 21.495554
0.534903 0.067677 -0.842198 -3.798439 -0.093009 0.995445 0.020921 -1.173813 0.839778 0.067141 0.538761 21.724709
0.486241 0.067978 -0.871177 -4.193522 -0.092314 0.995386 0.026147 -1.164232 0.868935 0.067707 0.490273 21.938347
0.434795 0.066842 -0.898046 -4.607396 -0.089953 0.995477 0.030543 -1.152960 0.896025 0.067502 0.438841 22.137699
0.381057 0.066273 -0.922173 -5.042102 -0.085501 0.995678 0.036227 -1.140248 0.920590 0.065041 0.385077 22.324448
0.326361 0.064538 -0.943039 -5.494842 -0.081168 0.995894 0.040066 -1.124657 0.941754 0.063469 0.330260 22.493477
0.271333 0.065781 -0.960235 -5.969433 -0.079573 0.995779 0.045731 -1.103703 0.959190 0.064001 0.275423 22.642206
0.217583 0.071164 -0.973444 -6.466735 -0.077630 0.995440 0.055422 -1.078882 0.972949 0.063510 0.222116 22.773582
0.165914 0.074405 -0.983329 -6.980065 -0.072581 0.995366 0.063071 -1.053290 0.983465 0.060906 0.170547 22.891151
0.117540 0.075815 -0.990170 -7.508546 -0.067560 0.995382 0.068195 -1.028546 0.990767 0.058881 0.122120 22.992456
0.073161 0.077180 -0.994329 -8.052400 -0.065383 0.995227 0.072440 -1.001738 0.995174 0.059712 0.077858 23.073847
0.032610 0.073270 -0.996779 -8.646482 -0.064085 0.995409 0.071073 -0.966696 0.997411 0.061561 0.037157 23.131592
-0.002232 0.069936 -0.997549 -9.268517 -0.064069 0.995491 0.069936 -0.926206 0.997942 0.064068 0.002259 23.168829
-0.030014 0.070943 -0.997028 -9.921509 -0.063986 0.995295 0.072747 -0.884067 0.997499 0.065979 -0.025333 23.192160
-0.049960 0.075564 -0.995889 -10.604734 -0.062730 0.994927 0.078639 -0.840216 0.996779 0.066400 -0.044966 23.208485
-0.062977 0.080361 -0.994774 -11.314117 -0.060096 0.994639 0.084156 -0.794445 0.996204 0.065081 -0.057810 23.222181
-0.069840 0.079397 -0.994393 -12.074889 -0.057728 0.994835 0.083487 -0.744345 0.995886 0.063235 -0.064896 23.191769
-0.073811 0.076536 -0.994331 -12.847722 -0.055198 0.995208 0.080703 -0.690474 0.995743 0.060842 -0.069233 23.146254
-0.073306 0.073711 -0.994581 -13.641335 -0.044863 0.996011 0.077124 -0.631654 0.996299 0.050274 -0.069707 23.117399
-0.070368 0.072763 -0.994864 -14.453381 -0.037713 0.996428 0.075545 -0.571841 0.996808 0.042836 -0.067372 23.096170
-0.066321 0.073485 -0.995089 -15.314548 -0.037759 0.996385 0.076097 -0.516098 0.997084 0.042620 -0.063306 23.111406
-0.063090 0.071097 -0.995472 -16.167177 -0.036417 0.996630 0.073488 -0.462141 0.997343 0.040888 -0.060288 23.104631
-0.061631 0.063912 -0.996051 -17.069675 -0.034642 0.997209 0.066131 -0.393929 0.997497 0.038581 -0.059244 23.118347
-0.061227 0.054327 -0.996644 -17.995598 -0.039477 0.997603 0.056806 -0.340065 0.997342 0.042823 -0.058936 23.122168
-0.062316 0.048622 -0.996871 -18.946093 -0.045023 0.997658 0.051475 -0.290611 0.997040 0.048091 -0.059981 23.137587
-0.065651 0.049187 -0.996630 -19.919676 -0.051815 0.997268 0.052632 -0.244528 0.996496 0.055096 -0.062923 23.154396
-0.070579 0.057097 -0.995870 -20.919895 -0.059896 0.996316 0.061369 -0.196745 0.995706 0.063981 -0.066899 23.156227
-0.076257 0.065959 -0.994904 -21.946432 -0.062720 0.995515 0.070808 -0.140384 0.995113 0.067799 -0.071777 23.160063
-0.080809 0.075718 -0.993850 -22.980358 -0.064661 0.994611 0.081035 -0.072648 0.994630 0.070811 -0.075477 23.144941
-0.083440 0.085187 -0.992865 -24.026775 -0.064486 0.993789 0.090687 -0.001245 0.994423 0.071592 -0.077428 23.133102
-0.085720 0.091071 -0.992149 -25.078043 -0.062562 0.993356 0.096587 0.074247 0.994352 0.070350 -0.079452 23.123430
-0.088409 0.090494 -0.991965 -26.131069 -0.062099 0.993426 0.096163 0.154788 0.994146 0.070102 -0.082208 23.114641
-0.091374 0.087419 -0.991972 -27.182280 -0.062944 0.993640 0.093364 0.234126 0.993825 0.070969 -0.085290 23.099909
-0.095918 0.081976 -0.992008 -28.226837 -0.062561 0.994135 0.088201 0.308326 0.993421 0.070522 -0.090227 23.085867
-0.101690 0.077462 -0.991796 -29.284246 -0.062517 0.994495 0.084084 0.381223 0.992849 0.070554 -0.096287 23.054680
-0.108775 0.073176 -0.991369 -30.349752 -0.063011 0.994773 0.080342 0.453070 0.992067 0.071207 -0.103596 23.017952
-0.116333 0.073086 -0.990518 -31.421038 -0.062373 0.994783 0.080726 0.520817 0.991249 0.071172 -0.111167 22.993637
-0.123813 0.076177 -0.989377 -32.504623 -0.062743 0.994452 0.084421 0.592750 0.990319 0.072528 -0.118347 22.944262
-0.131116 0.080319 -0.988108 -33.595760 -0.064630 0.993900 0.089366 0.666031 0.989258 0.075579 -0.125126 22.889278
-0.137672 0.082309 -0.987052 -34.684399 -0.067307 0.993459 0.092232 0.744347 0.988188 0.079134 -0.131231 22.816414
-0.142693 0.083792 -0.986214 -35.771851 -0.070809 0.992992 0.094614 0.825560 0.987230 0.083333 -0.135760 22.743038
-0.145862 0.084421 -0.985697 -36.861668 -0.075813 0.992468 0.096220 0.909174 0.986396 0.088763 -0.138362 22.647179
-0.148574 0.084892 -0.985251 -37.958691 -0.078898 0.992114 0.097383 0.994826 0.985748 0.092203 -0.140704 22.572546
-0.150941 0.084237 -0.984948 -39.058506 -0.080249 0.992029 0.097142 1.081803 0.985280 0.093704 -0.142976 22.487896
-0.153074 0.083458 -0.984685 -40.161823 -0.081188 0.991996 0.096699 1.169325 0.984873 0.094746 -0.145073 22.406254
-0.154980 0.082912 -0.984432 -41.274822 -0.083082 0.991847 0.096617 1.258144 0.984418 0.096762 -0.146828 22.322374
-0.156610 0.081471 -0.984294 -42.389816 -0.086380 0.991643 0.095823 1.347483 0.983876 0.100029 -0.148263 22.220203
-0.158174 0.077829 -0.984339 -43.506416 -0.091629 0.991430 0.093115 1.433683 0.983150 0.104921 -0.149687 22.122343
-0.158983 0.074219 -0.984487 -44.621315 -0.095694 0.991316 0.090189 1.518744 0.982632 0.108548 -0.150500 22.032495
-0.158590 0.074597 -0.984523 -45.748497 -0.098030 0.991025 0.090882 1.609608 0.982465 0.110926 -0.149853 21.928143
-0.157424 0.078729 -0.984388 -46.876659 -0.099569 0.990472 0.095139 1.695910 0.982499 0.112992 -0.148084 21.821432
-0.156572 0.080378 -0.984390 -48.003521 -0.097773 0.990525 0.096431 1.782373 0.982815 0.111344 -0.147230 21.750130
-0.155436 0.080023 -0.984599 -49.133175 -0.096531 0.990712 0.095759 1.872748 0.983118 0.109929 -0.146268 21.674570
-0.153001 0.079803 -0.984999 -50.271606 -0.098314 0.990560 0.095526 1.964527 0.983323 0.111454 -0.143710 21.577379
-0.149155 0.080090 -0.985565 -51.416477 -0.103589 0.989964 0.096125 2.056776 0.983372 0.116431 -0.139361 21.473663
-0.144575 0.080866 -0.986184 -52.566959 -0.108454 0.989355 0.097026 2.147734 0.983531 0.120984 -0.134265 21.395145
-0.139622 0.080209 -0.986951 -53.720188 -0.111421 0.989110 0.096148 2.239771 0.983916 0.123391 -0.129164 21.327326
-0.134473 0.079354 -0.987735 -54.871571 -0.113022 0.989055 0.094848 2.331449 0.984450 0.124390 -0.124032 21.242487
-0.129590 0.079154 -0.988403 -56.038414 -0.113077 0.989126 0.094039 2.424487 0.985099 0.123952 -0.119229 21.168259
-0.124914 0.079486 -0.988979 -57.200760 -0.112200 0.989259 0.093681 2.513607 0.985802 0.122665 -0.114654 21.114660
-0.119820 0.080386 -0.989536 -58.367882 -0.111298 0.989345 0.093848 2.603469 0.986537 0.121378 -0.109596 21.044159
-0.114999 0.081686 -0.990001 -59.539349 -0.112210 0.989166 0.094652 2.693616 0.987007 0.121972 -0.104586 20.988674
-0.110181 0.081833 -0.990537 -60.705875 -0.112743 0.989142 0.094260 2.786999 0.987496 0.122061 -0.099758 20.908829
-0.105363 0.080104 -0.991202 -61.884251 -0.113247 0.989299 0.091990 2.876634 0.987964 0.121943 -0.095163 20.857309
-0.101231 0.075936 -0.991960 -63.077091 -0.113173 0.989731 0.087315 2.961952 0.988404 0.121101 -0.091598 20.833414
-0.097680 0.072496 -0.992573 -64.268349 -0.113930 0.989971 0.083519 3.049458 0.988674 0.121243 -0.088440 20.774321
-0.094719 0.074190 -0.992735 -65.481239 -0.114193 0.989827 0.084869 3.134130 0.988933 0.121401 -0.085283 20.741442
-0.092353 0.076169 -0.992809 -66.697029 -0.114619 0.989628 0.086588 3.220836 0.989107 0.121791 -0.082664 20.682039
-0.091133 0.075676 -0.992959 -67.911087 -0.115625 0.989560 0.086029 3.309233 0.989104 0.122650 -0.081431 20.630384
-0.090793 0.076220 -0.992949 -69.129700 -0.117594 0.989270 0.086690 3.397741 0.988902 0.124637 -0.080856 20.583042
-0.090324 0.077007 -0.992931 -70.353607 -0.119138 0.989010 0.087542 3.486644 0.988761 0.126203 -0.080156 20.514349
-0.089614 0.075898 -0.993080 -71.574936 -0.120410 0.988952 0.086448 3.573713 0.988670 0.127323 -0.079486 20.450356
-0.089123 0.074036 -0.993265 -72.799210 -0.121076 0.989032 0.084584 3.662791 0.988634 0.127799 -0.079181 20.379503
-0.088816 0.073159 -0.993358 -74.023949 -0.119421 0.989322 0.083540 3.749651 0.988863 0.126048 -0.079131 20.310045
-0.088885 0.073101 -0.993355 -75.250656 -0.117145 0.989614 0.083309 3.837065 0.989128 0.123771 -0.079399 20.226236
-0.088500 0.075606 -0.993203 -76.425461 -0.116702 0.989460 0.085721 3.920648 0.989216 0.123494 -0.078743 20.120026
-0.088800 0.078877 -0.992922 -77.588127 -0.117536 0.989064 0.089084 4.004141 0.989090 0.124615 -0.078557 20.000355
-0.089007 0.080954 -0.992736 -78.750984 -0.119861 0.988578 0.091362 4.087263 0.988793 0.127122 -0.078286 19.879129
-0.089135 0.079547 -0.992838 -79.912979 -0.121611 0.988478 0.090117 4.173759 0.988568 0.128772 -0.078434 19.759230
-0.088917 0.074573 -0.993243 -81.105255 -0.121738 0.988903 0.085146 4.252214 0.988571 0.128487 -0.078851 19.671551
-0.088609 0.071161 -0.993521 -82.313034 -0.120420 0.989363 0.081603 4.330454 0.988761 0.126870 -0.079097 19.585867
-0.088450 0.070591 -0.993576 -83.527504 -0.118527 0.989652 0.080865 4.411258 0.989003 0.124917 -0.079167 19.496237
-0.088525 0.072789 -0.993411 -84.743401 -0.117943 0.989543 0.083017 4.496142 0.989066 0.124514 -0.079014 19.398403
-0.088333 0.076151 -0.993176 -85.954803 -0.118111 0.989238 0.086355 4.585841 0.989063 0.124932 -0.078388 19.295467
-0.088252 0.077998 -0.993040 -87.147720 -0.119245 0.988932 0.088274 4.674011 0.988934 0.126205 -0.077974 19.188128
-0.088147 0.077567 -0.993083 -88.338165 -0.119727 0.988911 0.087869 4.762331 0.988886 0.126645 -0.077882 19.080782
-0.088094 0.075991 -0.993210 -89.524475 -0.118989 0.989143 0.086234 4.850255 0.988979 0.125777 -0.078096 18.974737
-0.087928 0.075731 -0.993244 -90.711639 -0.117578 0.989345 0.085843 4.938077 0.989163 0.124332 -0.078086 18.868172
-0.087958 0.077971 -0.993068 -91.897232 -0.115985 0.989349 0.087952 5.025864 0.989348 0.122918 -0.077977 18.761234
-0.087796 0.080868 -0.992850 -93.082649 -0.113824 0.989356 0.090650 5.114782 0.989614 0.120969 -0.077656 18.654350
-0.087630 0.083245 -0.992669 -94.264305 -0.113182 0.989217 0.092948 5.205244 0.989702 0.120497 -0.077263 18.545465
-0.087524 0.084933 -0.992535 -95.440887 -0.114335 0.988917 0.094707 5.298254 0.989579 0.121770 -0.076843 18.433716
-0.087384 0.085768 -0.992476 -96.615166 -0.116590 0.988559 0.095695 5.391951 0.989329 0.124074 -0.076383 18.320229
-0.087223 0.084054 -0.992636 -97.783882 -0.118438 0.988491 0.094111 5.484997 0.989122 0.125775 -0.076263 18.206394
-0.087029 0.081135 -0.992896 -98.950668 -0.120030 0.988562 0.091303 5.578172 0.988948 0.127123 -0.076295 18.092297
-0.087197 0.079445 -0.993018 -100.100182 -0.120817 0.988613 0.089703 5.669671 0.988838 0.127796 -0.076605 17.992037
-0.088086 0.079319 -0.992949 -101.254135 -0.119386 0.988798 0.089579 5.756151 0.988932 0.126434 -0.077629 17.908833
-0.087970 0.080033 -0.992903 -102.412155 -0.118797 0.988810 0.090228 5.841645 0.989014 0.125891 -0.077477 17.822378
-0.087623 0.082496 -0.992731 -103.575516 -0.118133 0.988672 0.092588 5.927828 0.989124 0.125387 -0.076885 17.723167
-0.087638 0.082727 -0.992711 -104.738785 -0.118592 0.988591 0.092855 6.018569 0.989068 0.125865 -0.076827 17.611029
-0.087956 0.082566 -0.992697 -105.905975 -0.121860 0.988181 0.092988 6.112885 0.988642 0.129149 -0.076855 17.486591
-0.088403 0.082578 -0.992656 -107.076637 -0.125333 0.987714 0.093330 6.209234 0.988167 0.132664 -0.076967 17.358250
-0.088523 0.080740 -0.992796 -108.251259 -0.127406 0.987604 0.091679 6.304667 0.987892 0.134604 -0.077138 17.229706
-0.088946 0.076557 -0.993090 -109.428825 -0.128117 0.987880 0.087631 6.399498 0.987762 0.135026 -0.078059 17.102537
-0.089610 0.074054 -0.993220 -110.615204 -0.126857 0.988260 0.085130 6.492588 0.987865 0.133625 -0.079164 16.977537
-0.090139 0.073642 -0.993202 -111.808617 -0.122550 0.988863 0.084444 6.582941 0.988360 0.129328 -0.080111 16.855808
-0.090530 0.074017 -0.993140 -113.012543 -0.119295 0.989247 0.084602 6.673831 0.988723 0.126136 -0.080725 16.731762
-0.091043 0.076968 -0.992868 -114.222260 -0.117907 0.989162 0.087493 6.766206 0.988842 0.125032 -0.080980 16.603981
-0.091651 0.080051 -0.992568 -115.440018 -0.116544 0.989050 0.090529 6.859844 0.988947 0.123974 -0.081318 16.474148
-0.092048 0.078297 -0.992671 -116.659744 -0.115035 0.989393 0.088706 6.954912 0.989087 0.122357 -0.082064 16.341949
-0.093314 0.074677 -0.992832 -117.885780 -0.115361 0.989656 0.085281 7.046074 0.988930 0.122491 -0.083734 16.227106
-0.094850 0.073423 -0.992780 -119.117874 -0.114869 0.989807 0.084177 7.126140 0.988842 0.122024 -0.085449 16.115847
-0.096007 0.073260 -0.992681 -120.349594 -0.115521 0.989728 0.084215 7.216842 0.988654 0.122761 -0.086557 16.000832
-0.096136 0.075243 -0.992520 -121.584930 -0.117969 0.989249 0.086423 7.314554 0.988353 0.125395 -0.086226 15.874770
-0.096112 0.078931 -0.992236 -122.828583 -0.121957 0.988405 0.090440 7.412815 0.987871 0.129703 -0.085372 15.737454
-0.096049 0.080486 -0.992117 -124.075699 -0.127442 0.987527 0.092453 7.511866 0.987184 0.135317 -0.084593 15.591437
-0.095649 0.078864 -0.992286 -125.324471 -0.132196 0.987020 0.091189 7.609616 0.986598 0.139898 -0.083982 15.443158
-0.095561 0.077075 -0.992435 -126.573410 -0.134307 0.986882 0.089577 7.703983 0.986321 0.141851 -0.083956 15.296596
-0.095826 0.075997 -0.992492 -127.823380 -0.135067 0.986865 0.088609 7.796037 0.986192 0.142544 -0.084303 15.151696
-0.096072 0.075756 -0.992488 -129.073517 -0.133679 0.987084 0.088284 7.886093 0.986357 0.141156 -0.084704 15.009803
-0.096184 0.075305 -0.992511 -130.321350 -0.131821 0.987387 0.087693 7.975762 0.986596 0.139268 -0.085044 14.868823
-0.096322 0.077626 -0.992319 -131.573135 -0.131111 0.987277 0.089960 8.067721 0.986677 0.138769 -0.084918 14.725819
-0.096332 0.082707 -0.991907 -132.831161 -0.128471 0.987172 0.094790 8.156841 0.987023 0.136563 -0.084470 14.579401
-0.096424 0.084527 -0.991745 -134.085083 -0.127641 0.987110 0.096543 8.254152 0.987121 0.135897 -0.084392 14.436770
-0.095831 0.082980 -0.991932 -135.337982 -0.126806 0.987381 0.094851 8.353361 0.987287 0.134872 -0.084100 14.294889
-0.094615 0.082471 -0.992092 -136.590942 -0.125661 0.987602 0.094083 8.451442 0.987550 0.133568 -0.083079 14.156451
-0.093149 0.081456 -0.992314 -137.830246 -0.124588 0.987860 0.092787 8.550618 0.987826 0.132274 -0.081869 14.031472
-0.093029 0.082515 -0.992238 -139.056717 -0.124714 0.987745 0.093835 8.649108 0.987822 0.132475 -0.081599 13.924476
-0.091916 0.085207 -0.992114 -140.288147 -0.125536 0.987391 0.096433 8.754278 0.987821 0.133410 -0.080060 13.808473
-0.090709 0.086863 -0.992081 -141.523193 -0.126490 0.987115 0.097994 8.852474 0.987811 0.134378 -0.078553 13.694289
-0.091373 0.085506 -0.992139 -142.750015 -0.128128 0.987015 0.096866 8.936716 0.987539 0.135972 -0.079231 13.602518
-0.089819 0.082913 -0.992501 -143.972412 -0.128720 0.987204 0.094121 9.017601 0.987604 0.136209 -0.077997 13.518553
-0.088529 0.080843 -0.992788 -145.195282 -0.126280 0.987747 0.091694 9.098768 0.988036 0.133486 -0.077235 13.432261
-0.087439 0.080396 -0.992920 -146.420151 -0.123724 0.988143 0.090906 9.181183 0.988456 0.130797 -0.076455 13.341073
-0.086706 0.080271 -0.992995 -147.644653 -0.121429 0.988465 0.090508 9.265659 0.988806 0.128426 -0.075959 13.241335
-0.085526 0.080973 -0.993040 -148.884109 -0.116639 0.989024 0.090692 9.368952 0.989485 0.123584 -0.075142 13.084841
-0.084739 0.080740 -0.993126 -150.125580 -0.113806 0.989404 0.090148 9.467696 0.989882 0.120663 -0.074652 12.938101
-0.084059 0.081586 -0.993115 -151.368988 -0.110996 0.989673 0.090699 9.563563 0.990259 0.117856 -0.074135 12.806578
-0.083716 0.084671 -0.992886 -152.605331 -0.108815 0.989648 0.093571 9.654036 0.990531 0.115874 -0.073635 12.690944
-0.083289 0.084698 -0.992919 -153.838394 -0.105908 0.989985 0.093333 9.745804 0.990881 0.112932 -0.073484 12.577044
-0.083110 0.083882 -0.993003 -155.070038 -0.104720 0.990198 0.092411 9.837487 0.991023 0.111668 -0.073511 12.462434
-0.083740 0.087503 -0.992638 -156.292465 -0.105314 0.989781 0.096137 9.927490 0.990906 0.112589 -0.073669 12.365384
-0.084421 0.093019 -0.992078 -157.513550 -0.108503 0.988854 0.101951 10.027263 0.990505 0.116250 -0.073386 12.277683
-0.083040 0.096507 -0.991862 -158.732788 -0.112919 0.987978 0.105584 10.134391 0.990127 0.120767 -0.071143 12.186988
-0.080943 0.095165 -0.992165 -159.949478 -0.116800 0.987667 0.104263 10.241302 0.989851 0.124324 -0.068829 12.093390
-0.078589 0.090173 -0.992821 -161.166397 -0.119447 0.987873 0.099180 10.345821 0.989725 0.126384 -0.066866 11.998794
-0.076057 0.086047 -0.993384 -162.399475 -0.120053 0.988231 0.094793 10.440381 0.989849 0.126467 -0.064830 11.868592
-0.074291 0.083213 -0.993758 -163.634094 -0.118939 0.988659 0.091678 10.529160 0.990118 0.125007 -0.063550 11.748694
-0.074020 0.079276 -0.994100 -164.847504 -0.115488 0.989447 0.087505 10.623177 0.990546 0.121284 -0.064084 11.661825
-0.073214 0.075516 -0.994452 -166.071686 -0.110777 0.990342 0.083361 10.724977 0.991145 0.116265 -0.064141 11.567451
-0.072890 0.074898 -0.994523 -167.303513 -0.105990 0.990946 0.082398 10.826843 0.991692 0.111416 -0.064292 11.469604
-0.072391 0.079305 -0.994218 -168.539795 -0.103991 0.990800 0.086605 10.925200 0.991940 0.109659 -0.063478 11.371362
-0.070784 0.085142 -0.993851 -169.778809 -0.104669 0.990215 0.092285 11.023005 0.991984 0.110558 -0.061179 11.271237
-0.068508 0.085234 -0.994003 -171.010010 -0.106020 0.990079 0.092206 11.119864 0.992001 0.111701 -0.058791 11.173711
-0.066487 0.083478 -0.994289 -172.240295 -0.107253 0.990122 0.090300 11.216168 0.992006 0.112644 -0.056876 11.079689
-0.065042 0.083953 -0.994345 -173.470795 -0.107687 0.990044 0.090635 11.310236 0.992055 0.112973 -0.055354 10.989228
-0.063591 0.084268 -0.994412 -174.699966 -0.105996 0.990221 0.090692 11.384127 0.992331 0.111170 -0.054038 10.913159
-0.061868 0.082732 -0.994649 -175.859787 -0.106226 0.990352 0.088982 11.471580 0.992415 0.111163 -0.052483 10.837731
-0.059793 0.083137 -0.994743 -176.995834 -0.107036 0.990245 0.089195 11.556155 0.992455 0.111806 -0.050311 10.765675
-0.057665 0.084958 -0.994714 -178.116547 -0.107940 0.990000 0.090814 11.633765 0.992483 0.112606 -0.047918 10.694926
-0.056120 0.086825 -0.994641 -179.218643 -0.108286 0.989805 0.092513 11.708476 0.992534 0.112898 -0.046146 10.626486
-0.055777 0.088670 -0.994498 -180.296173 -0.108857 0.989571 0.094337 11.772209 0.992491 0.113519 -0.045543 10.561030
-0.055549 0.089418 -0.994444 -181.346619 -0.108342 0.989561 0.095032 11.843864 0.992560 0.113019 -0.045282 10.498809
-0.054944 0.089769 -0.994445 -182.377335 -0.108274 0.989541 0.095310 11.920989 0.992601 0.112909 -0.044650 10.437610
-0.053432 0.088864 -0.994610 -183.382935 -0.108509 0.989617 0.094248 11.995090 0.992658 0.112960 -0.043234 10.378665
-0.051327 0.088982 -0.994710 -184.366440 -0.109644 0.989499 0.094175 12.066594 0.992645 0.113898 -0.041031 10.321712
-0.050035 0.088498 -0.994819 -185.331802 -0.109638 0.989560 0.093545 12.133607 0.992711 0.113750 -0.039809 10.267180
-0.050897 0.086479 -0.994953 -186.285172 -0.107653 0.989964 0.091553 12.197429 0.992884 0.111769 -0.041075 10.214437
-0.054091 0.083274 -0.995057 -187.232590 -0.106002 0.990406 0.088648 12.260880 0.992893 0.110273 -0.044744 10.158651
-0.058395 0.079703 -0.995106 -188.172607 -0.106468 0.990625 0.085593 12.325194 0.992600 0.110945 -0.049361 10.096870
-0.062494 0.077146 -0.995060 -189.112320 -0.107770 0.990656 0.083573 12.390593 0.992209 0.112460 -0.053594 10.030547
-0.065677 0.076512 -0.994903 -190.049316 -0.109752 0.990452 0.083416 12.455398 0.991787 0.114671 -0.056652 9.961435
-0.067742 0.077585 -0.994681 -190.985977 -0.110478 0.990257 0.084765 12.519627 0.991567 0.115633 -0.058511 9.892612
-0.069102 0.079118 -0.994467 -191.920151 -0.108539 0.990336 0.086332 12.583589 0.991687 0.113904 -0.059847 9.826901
-0.070144 0.080373 -0.994293 -192.849960 -0.106329 0.990467 0.087565 12.646901 0.991853 0.111864 -0.060930 9.761740
-0.070812 0.080549 -0.994232 -193.776855 -0.105043 0.990589 0.087736 12.709702 0.991943 0.110649 -0.061685 9.695161
-0.071329 0.079492 -0.994280 -194.705017 -0.105883 0.990583 0.086793 12.775162 0.991816 0.111469 -0.062240 9.627275
-0.071321 0.078344 -0.994372 -195.626709 -0.108356 0.990402 0.085805 12.838496 0.991550 0.113867 -0.062146 9.557275
-0.070598 0.077193 -0.994514 -196.554550 -0.111086 0.990190 0.084745 12.903306 0.991299 0.116459 -0.061330 9.488537
-0.069396 0.075247 -0.994747 -197.478928 -0.113142 0.990123 0.082791 12.965816 0.991152 0.118294 -0.060197 9.420416
-0.068213 0.072287 -0.995049 -198.404602 -0.113572 0.990325 0.079731 13.027982 0.991185 0.118448 -0.059343 9.355666
-0.067059 0.070360 -0.995265 -199.335464 -0.113367 0.990513 0.077664 13.089763 0.991287 0.118038 -0.058446 9.293073
-0.065840 0.071252 -0.995283 -200.274033 -0.112271 0.990584 0.078344 13.152296 0.991493 0.116899 -0.057220 9.232539
-0.065006 0.073353 -0.995185 -201.218628 -0.110767 0.990601 0.080251 13.214010 0.991718 0.115450 -0.056269 9.174125
-0.064173 0.073060 -0.995261 -202.167175 -0.108980 0.990838 0.079763 13.273901 0.991970 0.113583 -0.055624 9.116396
-0.063166 0.069017 -0.995614 -203.116913 -0.104818 0.991629 0.075392 13.334345 0.992483 0.109120 -0.055403 9.062932
-0.062642 0.067826 -0.995729 -204.062378 -0.107620 0.991410 0.074303 13.398953 0.992216 0.111815 -0.054804 8.998444
-0.061402 0.070269 -0.995636 -205.019012 -0.109701 0.991000 0.076708 13.461740 0.992066 0.113931 -0.053140 8.935300
-0.059133 0.070947 -0.995726 -205.982605 -0.109071 0.991039 0.077091 13.521894 0.992273 0.113163 -0.050865 8.873917
-0.056673 0.070630 -0.995892 -206.954666 -0.107166 0.991301 0.076404 13.587145 0.992624 0.111056 -0.048610 8.815860
-0.055027 0.073992 -0.995739 -207.932648 -0.107668 0.990996 0.079591 13.652199 0.992662 0.111589 -0.046565 8.765645
-0.052776 0.078651 -0.995504 -208.919495 -0.107190 0.990687 0.083954 13.715316 0.992836 0.111139 -0.043854 8.721104
-0.050866 0.080990 -0.995416 -209.914948 -0.105290 0.990717 0.085988 13.781080 0.993139 0.109182 -0.041866 8.679599
-0.048795 0.081391 -0.995487 -210.917831 -0.106106 0.990611 0.086195 13.850304 0.993156 0.109833 -0.039700 8.636324
-0.046058 0.082216 -0.995550 -211.929855 -0.109478 0.990189 0.086839 13.921980 0.992921 0.112990 -0.036605 8.590486
-0.043064 0.082801 -0.995636 -212.955078 -0.111131 0.989978 0.087138 13.996151 0.992872 0.114399 -0.033430 8.552472
-0.039239 0.080820 -0.995956 -213.981094 -0.114066 0.989845 0.084819 14.073400 0.992698 0.116932 -0.029622 8.502815
-0.035740 0.078098 -0.996305 -215.013260 -0.115721 0.989911 0.081749 14.152131 0.992638 0.118215 -0.026341 8.452219
-0.032919 0.075697 -0.996587 -216.053940 -0.115543 0.990153 0.079027 14.228660 0.992756 0.117749 -0.023849 8.410842
-0.030694 0.075908 -0.996642 -217.105103 -0.115155 0.990204 0.078965 14.304004 0.992873 0.117191 -0.021652 8.374666
-0.028891 0.078616 -0.996486 -218.166672 -0.116535 0.989838 0.081471 14.379251 0.992766 0.118478 -0.019436 8.340515
-0.027133 0.080659 -0.996372 -219.234436 -0.117904 0.989523 0.083316 14.454191 0.992654 0.119737 -0.017338 8.309250
-0.025546 0.079451 -0.996511 -220.306946 -0.117696 0.989664 0.081923 14.528816 0.992721 0.119378 -0.015931 8.282056
-0.024530 0.076626 -0.996758 -221.385666 -0.116135 0.990089 0.078972 14.602895 0.992930 0.117696 -0.015388 8.258386
-0.024113 0.074562 -0.996925 -222.471664 -0.113638 0.990546 0.076834 14.675923 0.993229 0.115141 -0.015411 8.237173
-0.023742 0.073541 -0.997009 -223.568268 -0.113084 0.990692 0.075769 14.748024 0.993301 0.114545 -0.015204 8.214585
-0.023043 0.072993 -0.997066 -224.672531 -0.112791 0.990773 0.075140 14.819343 0.993351 0.114192 -0.014598 8.191990
-0.022719 0.073238 -0.997055 -225.784805 -0.114112 0.990605 0.075365 14.891228 0.993208 0.115489 -0.014148 8.168290
-0.022531 0.074539 -0.996963 -226.907455 -0.115652 0.990327 0.076658 14.964363 0.993034 0.117028 -0.013692 8.144279
-0.022845 0.076616 -0.996798 -228.037689 -0.116529 0.990058 0.078769 15.038548 0.992924 0.117956 -0.013690 8.121278
-0.023185 0.078154 -0.996671 -229.175659 -0.116912 0.989887 0.080343 15.114884 0.992871 0.118386 -0.013813 8.099105
-0.023657 0.079716 -0.996537 -230.322067 -0.118491 0.989566 0.081972 15.193006 0.992673 0.120020 -0.013965 8.075461
-0.024420 0.080079 -0.996489 -231.477051 -0.121139 0.989204 0.082463 15.272101 0.992335 0.122727 -0.014456 8.049740
-0.025205 0.077639 -0.996662 -232.633682 -0.121877 0.989303 0.080149 15.350030 0.992224 0.123490 -0.015472 8.025087
-0.026226 0.072548 -0.997020 -233.819702 -0.120558 0.989854 0.075198 15.425854 0.992360 0.122170 -0.017214 8.004008
-0.027404 0.066978 -0.997378 -234.997925 -0.116922 0.990689 0.069742 15.499158 0.992763 0.118526 -0.019317 7.982693
-0.029965 0.065783 -0.997384 -236.185699 -0.111200 0.991418 0.068731 15.568658 0.993346 0.112968 -0.022392 7.969343
-0.031671 0.067396 -0.997223 -237.384857 -0.105734 0.991899 0.070395 15.635134 0.993889 0.107669 -0.024288 7.957110
-0.033355 0.070708 -0.996939 -238.594971 -0.102199 0.992024 0.073781 15.703876 0.994204 0.104346 -0.025863 7.938274
-0.035008 0.070263 -0.996914 -239.795761 -0.100080 0.992264 0.073450 15.783355 0.994363 0.102342 -0.027706 7.897710
-0.036810 0.070227 -0.996852 -241.000015 -0.099015 0.992362 0.073567 15.868931 0.994404 0.101411 -0.029575 7.847056
-0.038510 0.071232 -0.996715 -242.218338 -0.098452 0.992332 0.074723 15.947994 0.994396 0.101006 -0.031202 7.793993
-0.040585 0.071617 -0.996606 -243.444031 -0.097868 0.992346 0.075297 16.020569 0.994371 0.100591 -0.033265 7.743529
-0.042569 0.070889 -0.996575 -244.676956 -0.097182 0.992455 0.074748 16.092562 0.994356 0.100031 -0.035358 7.695675
-0.044613 0.069808 -0.996562 -245.916702 -0.097107 0.992528 0.073872 16.166367 0.994273 0.100068 -0.037501 7.646046
-0.046637 0.070208 -0.996442 -247.167908 -0.097397 0.992454 0.074487 16.242172 0.994152 0.100524 -0.039446 7.593655
-0.048671 0.070827 -0.996300 -248.424667 -0.097611 0.992370 0.075316 16.318882 0.994033 0.100915 -0.041386 7.538802
-0.050817 0.071603 -0.996138 -249.687912 -0.098372 0.992217 0.076340 16.396866 0.993851 0.101870 -0.043378 7.481191
-0.052960 0.072898 -0.995932 -250.956772 -0.099738 0.991959 0.077912 16.475809 0.993603 0.103458 -0.045263 7.420661
-0.054804 0.074220 -0.995735 -252.230957 -0.101470 0.991656 0.079502 16.555695 0.993327 0.105394 -0.046815 7.357520
-0.055950 0.074933 -0.995617 -253.507065 -0.103640 0.991356 0.080437 16.636118 0.993040 0.107687 -0.047700 7.292634
-0.056251 0.075399 -0.995565 -254.783051 -0.105564 0.991105 0.081028 16.717098 0.992820 0.109655 -0.047790 7.227625
-0.056079 0.075311 -0.995582 -256.059418 -0.105874 0.991080 0.080935 16.797218 0.992796 0.109945 -0.047605 7.164603
-0.055726 0.073970 -0.995702 -257.337311 -0.104393 0.991354 0.079489 16.876928 0.992973 0.108374 -0.047522 7.104184
-0.055505 0.073190 -0.995772 -258.616455 -0.102321 0.991641 0.078591 16.956316 0.993201 0.106251 -0.047552 7.045067
-0.055396 0.073672 -0.995742 -259.896393 -0.101467 0.991695 0.079019 17.035450 0.993295 0.105412 -0.047460 6.985297
-0.055120 0.073850 -0.995745 -261.177612 -0.101519 0.991678 0.079169 17.114553 0.993305 0.105450 -0.047164 6.924456
-0.054445 0.074144 -0.995761 -262.458588 -0.100758 0.991740 0.079355 17.193731 0.993420 0.104651 -0.046525 6.864784
-0.053933 0.075014 -0.995723 -263.737579 -0.100039 0.991751 0.080134 17.272501 0.993521 0.103933 -0.045983 6.805704
-0.053603 0.076481 -0.995629 -265.017517 -0.096756 0.991973 0.081410 17.352177 0.993864 0.100697 -0.045773 6.750505
-0.053476 0.079286 -0.995417 -266.301392 -0.093247 0.992090 0.084032 17.433647 0.994205 0.097313 -0.045660 6.694396
-0.053087 0.082016 -0.995216 -267.560516 -0.090794 0.992097 0.086603 17.516029 0.994453 0.094958 -0.045220 6.633131
-0.052826 0.082461 -0.995193 -268.808319 -0.090220 0.992114 0.086995 17.608459 0.994519 0.094382 -0.044969 6.568782
-0.052657 0.080351 -0.995374 -270.047882 -0.091318 0.992193 0.084927 17.694061 0.994428 0.095368 -0.044908 6.502527
-0.052771 0.080353 -0.995368 -271.307312 -0.094953 0.991837 0.085103 17.778379 0.994082 0.099004 -0.044710 6.438725
-0.052969 0.084629 -0.995003 -272.581787 -0.100677 0.990872 0.089638 17.864788 0.993508 0.104922 -0.043965 6.373541
-0.052956 0.088559 -0.994662 -273.854614 -0.105917 0.989942 0.093778 17.954481 0.992963 0.110317 -0.043043 6.307887
-0.052565 0.085490 -0.994952 -275.119354 -0.108325 0.989961 0.090786 18.047503 0.992724 0.112551 -0.042776 6.244771
-0.052362 0.079353 -0.995470 -276.376434 -0.107240 0.990626 0.084609 18.137987 0.992853 0.111184 -0.043361 6.186975
-0.052473 0.075808 -0.995741 -277.632599 -0.103438 0.991338 0.080925 18.222368 0.993251 0.107244 -0.044177 6.134134
-0.051746 0.075846 -0.995776 -278.889343 -0.098823 0.991828 0.080682 18.301924 0.993759 0.102581 -0.043828 6.084028
-0.050292 0.077355 -0.995734 -280.147980 -0.096703 0.991934 0.081945 18.382498 0.994042 0.100411 -0.042405 6.031970
-0.048727 0.079652 -0.995631 -281.406799 -0.096260 0.991800 0.084058 18.464470 0.994162 0.099935 -0.040659 5.979059
-0.047648 0.081433 -0.995539 -282.665863 -0.097368 0.991545 0.085767 18.548344 0.994107 0.101020 -0.039316 5.925166
-0.046533 0.082872 -0.995473 -283.921234 -0.098507 0.991313 0.087132 18.633440 0.994047 0.102116 -0.037965 5.872478
-0.045483 0.083242 -0.995490 -285.176788 -0.098906 0.991250 0.087407 18.719063 0.994057 0.102435 -0.036851 5.821774
-0.044825 0.082252 -0.995603 -286.431244 -0.099205 0.991311 0.086365 18.804691 0.994056 0.102641 -0.036276 5.772566
-0.044357 0.080745 -0.995747 -287.684448 -0.098997 0.991467 0.084808 18.890053 0.994099 0.102338 -0.035985 5.724893
-0.044049 0.080112 -0.995812 -288.939026 -0.099383 0.991483 0.084161 18.974632 0.994073 0.102674 -0.035712 5.677222
-0.043571 0.079946 -0.995846 -290.194855 -0.099667 0.991472 0.083956 19.058393 0.994066 0.102911 -0.035231 5.630011
-0.043162 0.079986 -0.995861 -291.451385 -0.100409 0.991395 0.083981 19.142134 0.994009 0.103617 -0.034759 5.582765
-0.042643 0.080426 -0.995848 -292.706970 -0.100644 0.991338 0.084372 19.225483 0.994008 0.103825 -0.034178 5.536623
-0.042333 0.079946 -0.995899 -293.964081 -0.100148 0.991433 0.083846 19.308283 0.994071 0.103288 -0.033964 5.491740
-0.042960 0.078251 -0.996007 -295.184448 -0.100078 0.991576 0.082220 19.383537 0.994051 0.103210 -0.034766 5.443469
-0.043362 0.075938 -0.996169 -296.402679 -0.101149 0.991650 0.079997 19.457914 0.993926 0.104229 -0.035318 5.388299
-0.044296 0.074687 -0.996222 -297.629669 -0.102773 0.991570 0.078909 19.527559 0.993718 0.105880 -0.036247 5.337712
-0.044076 0.073492 -0.996321 -298.858582 -0.105092 0.991415 0.077780 19.592962 0.993485 0.108134 -0.035974 5.292492
-0.044326 0.074195 -0.996258 -300.099762 -0.108165 0.991019 0.078618 19.668280 0.993143 0.111244 -0.035902 5.238141
-0.044265 0.074878 -0.996210 -301.346558 -0.111495 0.990586 0.079410 19.748087 0.992778 0.114587 -0.035500 5.181916
-0.044200 0.075280 -0.996182 -302.595795 -0.114388 0.990216 0.079905 19.827429 0.992451 0.117484 -0.035157 5.126068
-0.044218 0.074351 -0.996252 -303.846497 -0.115296 0.990183 0.079016 19.905575 0.992347 0.118357 -0.035211 5.072669
-0.044393 0.072084 -0.996409 -305.098602 -0.114428 0.990462 0.076753 19.981403 0.992438 0.117425 -0.035721 5.022176
-0.044787 0.070322 -0.996519 -306.353363 -0.111987 0.990878 0.074958 20.055395 0.992699 0.114954 -0.036503 4.974095
-0.045377 0.070709 -0.996464 -307.612854 -0.109188 0.991164 0.075306 20.129164 0.992984 0.112220 -0.037255 4.926440
-0.045897 0.072458 -0.996315 -308.875610 -0.107407 0.991226 0.077037 20.203506 0.993155 0.110547 -0.037712 4.877252
-0.046240 0.072956 -0.996262 -310.139374 -0.106780 0.991253 0.077546 20.278122 0.993207 0.109966 -0.038044 4.826033
-0.046445 0.071288 -0.996374 -311.418121 -0.107775 0.991269 0.075948 20.349585 0.993089 0.110911 -0.038356 4.773596
-0.046055 0.070375 -0.996456 -312.686310 -0.108685 0.991240 0.075030 20.424927 0.993009 0.111755 -0.038003 4.719736
-0.045119 0.070002 -0.996526 -313.956543 -0.108250 0.991324 0.074540 20.499269 0.993099 0.111236 -0.037150 4.668310
-0.044195 0.070151 -0.996556 -315.229370 -0.106158 0.991554 0.074508 20.573170 0.993366 0.109086 -0.036375 4.620163
-0.043439 0.070854 -0.996540 -316.504303 -0.103416 0.991804 0.075026 20.646658 0.993689 0.106318 -0.035755 4.574170
-0.042774 0.071668 -0.996510 -317.780548 -0.100539 0.992051 0.075663 20.720348 0.994013 0.103425 -0.035228 4.529570
-0.041957 0.071828 -0.996534 -319.034698 -0.099286 0.992175 0.075695 20.795164 0.994174 0.102118 -0.034497 4.473928
-0.041178 0.071431 -0.996595 -320.283691 -0.098616 0.992279 0.075198 20.869947 0.994273 0.101377 -0.033815 4.415943
-0.039394 0.072206 -0.996611 -321.540680 -0.099581 0.992136 0.075819 20.939787 0.994249 0.102229 -0.031893 4.345367
-0.038195 0.073801 -0.996542 -322.799042 -0.101545 0.991819 0.077344 21.012581 0.994097 0.104147 -0.030388 4.289295
-0.036761 0.074389 -0.996552 -324.049683 -0.103404 0.991589 0.077834 21.092026 0.993960 0.105908 -0.028759 4.249636
-0.037025 0.073941 -0.996575 -325.287109 -0.105325 0.991415 0.077473 21.181240 0.993748 0.107832 -0.028920 4.229055
-0.035810 0.077085 -0.996381 -326.535370 -0.108114 0.990869 0.080546 21.252367 0.993493 0.110607 -0.027148 4.178421
-0.035075 0.081251 -0.996077 -327.785126 -0.110445 0.990268 0.084667 21.327406 0.993262 0.112981 -0.025758 4.129910
-0.034449 0.083662 -0.995899 -329.040314 -0.112664 0.989812 0.087048 21.408604 0.993036 0.115202 -0.024672 4.087687
-0.033129 0.085707 -0.995769 -330.299744 -0.115738 0.989284 0.089000 21.496202 0.992727 0.118196 -0.022854 4.052741
-0.032203 0.087569 -0.995637 -331.560242 -0.120183 0.988587 0.090837 21.588303 0.992229 0.122583 -0.021311 4.017632
-0.031439 0.089192 -0.995518 -332.809540 -0.123471 0.988034 0.092422 21.666597 0.991849 0.125824 -0.020049 3.972512
-0.031225 0.085612 -0.995839 -334.078094 -0.127815 0.987803 0.088930 21.742397 0.991306 0.130059 -0.019902 3.928019
-0.031027 0.078241 -0.996451 -335.346161 -0.129073 0.988270 0.081618 21.824081 0.991150 0.131147 -0.020564 3.890844
-0.031326 0.073202 -0.996825 -336.617615 -0.130714 0.988449 0.076696 21.909172 0.990924 0.132702 -0.021394 3.857180
-0.031357 0.074371 -0.996737 -337.880920 -0.130627 0.988369 0.077856 21.985859 0.990935 0.132641 -0.021277 3.822044
-0.031164 0.075823 -0.996634 -339.152161 -0.130797 0.988234 0.079275 22.067921 0.990919 0.132827 -0.020879 3.790553
-0.030777 0.076604 -0.996586 -340.414673 -0.131113 0.988133 0.080004 22.149088 0.990889 0.133127 -0.020367 3.757165
-0.030680 0.079658 -0.996350 -341.670776 -0.131315 0.987857 0.083024 22.228642 0.990866 0.133382 -0.019846 3.723454
-0.030523 0.082539 -0.996120 -342.917175 -0.130316 0.987749 0.085840 22.307858 0.991002 0.132430 -0.019393 3.691715
-0.030556 0.083981 -0.995999 -344.155365 -0.130322 0.987623 0.087273 22.387978 0.991000 0.132467 -0.019234 3.659388
-0.030492 0.083699 -0.996024 -345.383789 -0.130974 0.987561 0.086999 22.467714 0.990916 0.133106 -0.019149 3.626298
-0.030502 0.081897 -0.996174 -346.600922 -0.132689 0.987484 0.085247 22.546522 0.990688 0.134782 -0.019252 3.591779
-0.030336 0.080557 -0.996288 -347.805634 -0.133903 0.987434 0.083919 22.623976 0.990530 0.135951 -0.019167 3.557687
-0.030227 0.081713 -0.996197 -349.001068 -0.134386 0.987271 0.085058 22.700966 0.990467 0.136446 -0.018862 3.524609
-0.030549 0.084129 -0.995986 -350.152435 -0.133704 0.987151 0.087485 22.775450 0.990550 0.135840 -0.018907 3.500107
-0.030456 0.086557 -0.995781 -351.294189 -0.131729 0.987205 0.089842 22.850075 0.990818 0.133909 -0.018663 3.479699
-0.030494 0.089126 -0.995553 -352.425110 -0.130118 0.987186 0.092362 22.926489 0.991030 0.132356 -0.018505 3.457130
-0.030778 0.092360 -0.995249 -353.547241 -0.130268 0.986857 0.095611 23.003788 0.991000 0.132591 -0.018341 3.430492
-0.031560 0.089458 -0.995490 -354.634766 -0.130150 0.987138 0.092834 23.080366 0.990992 0.132493 -0.019511 3.395956
-0.032040 0.082600 -0.996068 -355.705170 -0.130524 0.987698 0.086106 23.156116 0.990927 0.132769 -0.020864 3.357635
-0.032102 0.071231 -0.996943 -356.758789 -0.131335 0.988507 0.074858 23.211905 0.990818 0.133336 -0.022378 3.330059
-0.032677 0.065401 -0.997324 -357.808289 -0.132229 0.988802 0.069176 23.266232 0.990680 0.134137 -0.023663 3.287046
-0.033208 0.063363 -0.997438 -358.860229 -0.132870 0.988849 0.067242 23.315441 0.990577 0.134763 -0.024418 3.238978
-0.033915 0.066756 -0.997193 -359.927887 -0.133814 0.988479 0.070725 23.376120 0.990426 0.135837 -0.024591 3.203649
-0.034380 0.072915 -0.996745 -360.989410 -0.134273 0.987955 0.076904 23.438864 0.990348 0.136480 -0.024176 3.173279
-0.034659 0.077395 -0.996398 -362.035706 -0.134965 0.987501 0.081400 23.501623 0.990244 0.137300 -0.023780 3.142017
-0.034419 0.080094 -0.996193 -363.062256 -0.137141 0.986975 0.084091 23.564386 0.989953 0.139513 -0.022986 3.105715
-0.033610 0.082503 -0.996024 -364.074036 -0.140708 0.986269 0.086445 23.627239 0.989481 0.143054 -0.021540 3.068487
-0.031960 0.083125 -0.996026 -365.066986 -0.143958 0.985762 0.086888 23.688004 0.989067 0.146163 -0.019539 3.033382
-0.029304 0.081601 -0.996234 -366.040131 -0.146873 0.985492 0.085042 23.746910 0.988720 0.148811 -0.016893 3.001327
-0.025821 0.079211 -0.996523 -366.944611 -0.148720 0.985457 0.082185 23.803629 0.988541 0.150325 -0.013665 2.976782
-0.021215 0.076809 -0.996820 -367.822906 -0.149739 0.985554 0.079128 23.857267 0.988498 0.150941 -0.009407 2.957380
-0.014095 0.074248 -0.997140 -368.687897 -0.150368 0.985741 0.075526 23.903887 0.988529 0.151003 -0.002729 2.943918
-0.004078 0.071328 -0.997444 -369.537415 -0.150998 0.985972 0.071125 23.945032 0.988525 0.150902 0.006750 2.937851
0.010384 0.069018 -0.997561 -370.369080 -0.151255 0.986244 0.066662 23.981495 0.988440 0.150194 0.020680 2.944161
0.029368 0.068278 -0.997234 -371.179138 -0.150850 0.986540 0.063105 24.013237 0.988120 0.148579 0.039273 2.966642
0.052517 0.068496 -0.996268 -371.961304 -0.148538 0.987082 0.060036 24.041128 0.987511 0.144831 0.062014 3.008583
0.079017 0.069388 -0.994456 -372.708069 -0.145771 0.987655 0.057332 24.057770 0.986158 0.140433 0.088156 3.086894
0.109066 0.071322 -0.991473 -373.398010 -0.142713 0.988212 0.055389 24.074408 0.983736 0.135455 0.117959 3.188948
0.142203 0.074931 -0.986997 -374.071442 -0.139625 0.988678 0.054943 24.095772 0.979940 0.129997 0.151056 3.299197
0.177603 0.078944 -0.980930 -374.725647 -0.135954 0.989187 0.054995 24.114279 0.974665 0.123594 0.186415 3.429931
0.213563 0.082387 -0.973449 -375.357727 -0.132053 0.989727 0.054794 24.128498 0.967963 0.116845 0.222248 3.579911
0.253466 0.082824 -0.963793 -375.970306 -0.128930 0.990331 0.051199 24.137163 0.958713 0.111285 0.261694 3.758894
0.294134 0.081860 -0.952252 -376.564697 -0.126349 0.990911 0.046158 24.144655 0.947375 0.106740 0.301804 3.959368
0.337432 0.080581 -0.937895 -377.142517 -0.124917 0.991351 0.040232 24.151676 0.933024 0.103583 0.344580 4.179690
0.383021 0.080024 -0.920267 -377.705261 -0.123736 0.991706 0.034738 24.158033 0.915414 0.100564 0.389747 4.421779
0.428944 0.079115 -0.899859 -378.225739 -0.121529 0.992155 0.029301 24.158308 0.895118 0.096790 0.435195 4.712873
0.474513 0.075988 -0.876963 -378.744293 -0.116716 0.992901 0.022883 24.155453 0.872476 0.091497 0.480013 5.012085
0.518345 0.071112 -0.852210 -379.244080 -0.113236 0.993468 0.014026 24.148972 0.847641 0.089231 0.523012 5.328635
0.561191 0.068397 -0.824855 -379.736908 -0.111692 0.993722 0.006411 24.142694 0.820115 0.088532 0.565307 5.655159
0.602378 0.068047 -0.795305 -380.220154 -0.109809 0.993951 0.001873 24.137909 0.790622 0.086203 0.606206 5.993270
0.641208 0.069567 -0.764207 -380.689453 -0.108135 0.994136 -0.000233 24.132103 0.759709 0.082786 0.644971 6.349467
0.678190 0.069930 -0.731552 -381.102386 -0.102736 0.994708 -0.000156 24.115005 0.727669 0.075262 0.681786 6.784812
0.713237 0.069813 -0.697438 -381.524841 -0.099854 0.994998 -0.002516 24.098911 0.693774 0.071436 0.716641 7.204656
0.746040 0.069545 -0.662260 -381.899933 -0.098553 0.995110 -0.006520 24.075289 0.658567 0.070132 0.749246 7.690901
0.776896 0.070717 -0.625645 -382.288147 -0.099061 0.995025 -0.010540 24.056759 0.621787 0.070166 0.780037 8.160789
0.805748 0.068220 -0.588317 -382.658142 -0.094920 0.995378 -0.014578 24.037975 0.584603 0.067589 0.808500 8.654572
0.831801 0.060958 -0.551717 -383.007172 -0.086940 0.995991 -0.021031 24.016567 0.548223 0.065459 0.833766 9.168777
0.855323 0.054823 -0.515188 -383.343994 -0.080963 0.996312 -0.028392 23.991272 0.511731 0.065995 0.856606 9.699693
0.876240 0.052303 -0.479029 -383.673279 -0.078737 0.996271 -0.035244 23.962959 0.475400 0.068598 0.877091 10.247448
0.894741 0.049640 -0.443818 -383.989990 -0.076018 0.996228 -0.041825 23.934067 0.440068 0.071160 0.895140 10.814005
0.911435 0.048611 -0.408562 -384.294708 -0.074004 0.996170 -0.046563 23.902122 0.404734 0.072675 0.911542 11.402383
0.926515 0.051585 -0.372706 -384.565155 -0.074807 0.996036 -0.048104 23.861826 0.368747 0.072451 0.926702 12.057541
0.939647 0.056793 -0.337399 -384.841248 -0.077814 0.995758 -0.049096 23.820892 0.333179 0.072388 0.940081 12.699915
0.951059 0.059493 -0.303225 -385.100525 -0.079190 0.995446 -0.053068 23.777241 0.298687 0.074482 0.951440 13.359543
0.960564 0.061294 -0.271219 -385.344452 -0.080028 0.995072 -0.058544 23.729727 0.266293 0.077940 0.960735 14.036346
0.968138 0.064268 -0.242031 -385.579071 -0.082048 0.994564 -0.064096 23.680393 0.236596 0.081912 0.968149 14.732245
0.973788 0.068628 -0.216860 -385.806213 -0.085355 0.993978 -0.068717 23.629070 0.210837 0.085425 0.973781 15.445914
0.977950 0.073486 -0.195480 -386.025513 -0.088772 0.993545 -0.070611 23.574352 0.189030 0.086407 0.978162 16.179968
0.981147 0.079066 -0.176347 -386.237671 -0.092764 0.993166 -0.070817 23.516842 0.169543 0.085840 0.981777 16.932940
0.983702 0.085053 -0.158418 -386.442017 -0.097315 0.992696 -0.071307 23.457483 0.151196 0.085561 0.984794 17.701780
0.985996 0.089971 -0.140416 -386.635834 -0.100801 0.992297 -0.072004 23.395830 0.132857 0.085149 0.987471 18.488134
0.988071 0.093365 -0.122469 -386.791260 -0.102746 0.992052 -0.072639 23.326502 0.114713 0.084355 0.989810 19.333607
0.989850 0.095441 -0.105303 -386.929596 -0.103419 0.991949 -0.073075 23.254448 0.097481 0.083224 0.991751 20.206644
0.991285 0.095811 -0.090410 -387.052979 -0.102579 0.992010 -0.073437 23.179440 0.082652 0.082071 0.993193 21.103718
0.992385 0.094485 -0.079030 -387.184326 -0.100371 0.992183 -0.074148 23.106112 0.071405 0.081515 0.994111 21.987564
0.993153 0.093032 -0.070655 -387.311157 -0.098313 0.992300 -0.075324 23.031572 0.063103 0.081754 0.994653 22.885483
0.993642 0.092713 -0.063873 -387.435822 -0.097526 0.992260 -0.076851 22.954672 0.056254 0.082592 0.994995 23.798380
0.993956 0.093582 -0.057397 -387.520142 -0.097914 0.992134 -0.077984 22.871506 0.049647 0.083133 0.995300 24.748674
0.994281 0.093446 -0.051684 -387.595795 -0.097348 0.992113 -0.078950 22.784742 0.043899 0.083530 0.995537 25.739117
0.994691 0.091785 -0.046533 -387.685364 -0.095239 0.992362 -0.078406 22.698009 0.038981 0.082421 0.995835 26.744987
0.995089 0.089266 -0.042777 -387.790405 -0.092347 0.992787 -0.076455 22.611013 0.035644 0.080030 0.996154 27.757149
0.995348 0.087519 -0.040264 -387.900635 -0.090324 0.993151 -0.074101 22.524229 0.033503 0.077393 0.996437 28.775707
0.995572 0.085946 -0.038069 -388.002808 -0.088500 0.993511 -0.071434 22.436512 0.031682 0.074487 0.996718 29.800705
0.995776 0.084518 -0.035862 -388.098969 -0.086851 0.993799 -0.069416 22.348120 0.029773 0.072237 0.996943 30.826601
0.995889 0.084052 -0.033756 -388.196960 -0.086227 0.993871 -0.069171 22.260904 0.027735 0.071797 0.997033 31.853876
0.996004 0.083442 -0.031837 -388.291321 -0.085487 0.993919 -0.069396 22.173487 0.025852 0.071841 0.997080 32.880505
0.996175 0.082104 -0.029909 -388.379944 -0.084020 0.994024 -0.069687 22.084446 0.024009 0.071933 0.997120 33.904583
0.996285 0.081614 -0.027456 -388.471649 -0.083370 0.994031 -0.070366 21.995333 0.021549 0.072393 0.997143 34.934650
0.996418 0.081011 -0.024222 -388.561188 -0.082545 0.994056 -0.070968 21.906286 0.018329 0.072713 0.997184 35.965366
0.996534 0.080511 -0.020898 -388.648376 -0.081799 0.994146 -0.070582 21.816648 0.015092 0.072047 0.997287 36.998379
0.996700 0.079209 -0.017741 -388.704254 -0.080261 0.994339 -0.069623 21.727022 0.012126 0.070817 0.997416 38.015747
0.996834 0.078062 -0.015075 -388.771271 -0.078920 0.994510 -0.068709 21.637316 0.009629 0.069682 0.997522 39.041393
0.996945 0.077018 -0.012932 -388.850037 -0.077727 0.994629 -0.068343 21.547640 0.007599 0.069139 0.997577 40.071060
0.996991 0.076714 -0.011178 -388.920624 -0.077307 0.994611 -0.069084 21.458172 0.005817 0.069740 0.997548 41.096161
0.997035 0.076370 -0.009435 -388.991516 -0.076846 0.994567 -0.070225 21.368977 0.004019 0.070742 0.997486 42.119225
0.997012 0.076870 -0.007595 -389.063141 -0.077215 0.994535 -0.070252 21.279974 0.002153 0.070628 0.997500 43.142094
0.997008 0.077102 -0.005475 -389.133301 -0.077297 0.994605 -0.069179 21.191137 0.000112 0.069394 0.997589 44.161739
0.997072 0.076361 -0.003896 -389.163330 -0.076449 0.994721 -0.068433 21.099369 -0.001351 0.068529 0.997648 45.155605
0.997109 0.075935 -0.002716 -389.169800 -0.075944 0.994781 -0.068133 21.007032 -0.002472 0.068142 0.997672 46.129402
0.997087 0.076270 0.000011 -389.197235 -0.076093 0.994765 -0.068215 20.924353 -0.005214 0.068015 0.997670 47.095905
0.997144 0.075488 0.002072 -389.219391 -0.075172 0.994832 -0.068250 20.840939 -0.007214 0.067899 0.997666 48.052521
0.997169 0.075090 0.003727 -389.230865 -0.074663 0.994878 -0.068145 20.755732 -0.008825 0.067674 0.997668 48.995991
0.997135 0.075467 0.005101 -389.238739 -0.074932 0.994761 -0.069526 20.676863 -0.010322 0.068945 0.997566 49.925396
0.997245 0.073895 0.006486 -389.234772 -0.073250 0.994777 -0.071075 20.605495 -0.011704 0.070404 0.997449 50.833881
0.997488 0.070422 0.007670 -389.217010 -0.069685 0.994932 -0.072474 20.532995 -0.012735 0.071758 0.997341 51.730213
0.997408 0.071221 0.010226 -389.200073 -0.070283 0.994808 -0.073598 20.459707 -0.015415 0.072688 0.997235 52.623356
0.997288 0.072357 0.013455 -389.184540 -0.071180 0.994741 -0.073645 20.384123 -0.018713 0.072487 0.997194 53.517555
0.997193 0.072864 0.017228 -389.169495 -0.071433 0.994788 -0.072752 20.307814 -0.022439 0.071318 0.997201 54.406319
0.997118 0.072814 0.021312 -389.146210 -0.071106 0.994850 -0.072214 20.235567 -0.026460 0.070490 0.997161 55.282581
0.996954 0.073404 0.026332 -389.127167 -0.071332 0.994813 -0.072510 20.160322 -0.031518 0.070411 0.997020 56.155079
0.996704 0.074213 0.032756 -389.104675 -0.071678 0.994769 -0.072772 20.085718 -0.037985 0.070184 0.996810 57.016502
0.996287 0.074849 0.042535 -389.097992 -0.071621 0.994762 -0.072932 20.016771 -0.047772 0.069615 0.996429 57.869045
0.995633 0.076840 0.053011 -389.097595 -0.072879 0.994664 -0.073010 19.949389 -0.058338 0.068827 0.995921 58.710487
0.994759 0.077438 0.066767 -389.063812 -0.072445 0.994605 -0.074235 19.879072 -0.072156 0.069009 0.995003 59.523323
0.993637 0.078309 0.080949 -389.013306 -0.072214 0.994513 -0.075677 19.804144 -0.086432 0.069350 0.993840 60.318947
0.992095 0.078851 0.097621 -388.949615 -0.071447 0.994455 -0.077158 19.729265 -0.103165 0.069573 0.992228 61.105621
0.990025 0.078614 0.116916 -388.872559 -0.069814 0.994540 -0.077558 19.655638 -0.122375 0.068622 0.990108 61.882309
0.987487 0.075473 0.138462 -388.780182 -0.065430 0.994979 -0.075718 19.583817 -0.143482 0.065711 0.987469 62.651150
0.984438 0.068685 0.161753 -388.669769 -0.057267 0.995595 -0.074233 19.511740 -0.166140 0.063814 0.984035 63.405430
0.980517 0.061164 0.186671 -388.543732 -0.047944 0.996064 -0.074540 19.438892 -0.190496 0.064138 0.979590 64.142975
0.975384 0.055787 0.213342 -388.368286 -0.039776 0.996110 -0.078628 19.324827 -0.216898 0.068206 0.973808 64.852814
0.969245 0.046733 0.241620 -388.190216 -0.027463 0.996211 -0.082518 19.234663 -0.244561 0.073344 0.966856 65.552971
0.961676 0.037378 0.271629 -387.999939 -0.014799 0.996296 -0.084707 19.141878 -0.273789 0.077440 0.958666 66.243927
0.952324 0.029316 0.303676 -387.794220 -0.003513 0.996360 -0.085168 19.051083 -0.305067 0.080040 0.948960 66.923492
0.941559 0.021450 0.336163 -387.466278 0.007880 0.996294 -0.085645 19.042746 -0.336755 0.083288 0.937901 67.532166
0.929090 0.015118 0.369544 -387.199890 0.017646 0.996213 -0.085122 18.972637 -0.369432 0.085606 0.925305 68.158829
0.914677 0.012017 0.404008 -386.918152 0.024424 0.996088 -0.084928 18.902332 -0.403448 0.087549 0.910804 68.763062
0.897925 0.011696 0.439993 -386.625275 0.028344 0.996034 -0.084322 18.834068 -0.439234 0.088186 0.894033 69.347443
0.878886 0.013098 0.476851 -386.311371 0.030969 0.995947 -0.084437 18.768564 -0.476025 0.088978 0.874919 69.909073
0.857242 0.018019 0.514599 -385.983673 0.031471 0.995685 -0.087291 18.701807 -0.513952 0.091025 0.852976 70.451065
0.831757 0.020583 0.554758 -385.633331 0.035622 0.995274 -0.090338 18.633982 -0.553996 0.094901 0.827092 70.973343
0.802286 0.021388 0.596556 -385.256287 0.040808 0.995054 -0.090558 18.568785 -0.595543 0.096998 0.797445 71.472610
0.770035 0.019865 0.637692 -384.850189 0.049012 0.994719 -0.090172 18.508207 -0.636116 0.100691 0.764995 71.944847
0.735792 0.019113 0.676937 -384.430267 0.056224 0.994426 -0.089190 18.447813 -0.674869 0.103685 0.730616 72.399750
0.699474 0.019230 0.714399 -383.996185 0.060652 0.994433 -0.086155 18.385721 -0.712079 0.103592 0.694414 72.838745
0.661717 0.020550 0.749471 -383.549347 0.063559 0.994488 -0.083386 18.325077 -0.747054 0.102814 0.656764 73.257957
0.622506 0.023100 0.782274 -383.090759 0.066209 0.994426 -0.082053 18.265820 -0.779810 0.102872 0.617506 73.654976
0.581656 0.026490 0.813003 -382.619507 0.067776 0.994415 -0.080892 18.207460 -0.810606 0.102153 0.576612 74.031212
0.540432 0.029880 0.840856 -382.136658 0.070209 0.994282 -0.080457 18.149561 -0.838452 0.102516 0.535244 74.384926
0.499960 0.033619 0.865395 -381.611816 0.072933 0.994061 -0.080753 18.094288 -0.862972 0.103490 0.494539 74.686638
0.460622 0.035840 0.886872 -381.090424 0.075070 0.994031 -0.079162 18.039246 -0.884416 0.103041 0.455181 74.994240
0.423156 0.036040 0.905340 -380.519958 0.073847 0.994511 -0.074107 17.986752 -0.903042 0.098215 0.418172 75.267525
0.386492 0.034749 0.921638 -379.929718 0.072055 0.995097 -0.067736 17.935570 -0.919474 0.092588 0.382093 75.524612
0.351182 0.030878 0.935798 -379.324036 0.072521 0.995556 -0.060066 17.886995 -0.933494 0.088959 0.347381 75.763466
0.317582 0.028713 0.947796 -378.712585 0.076053 0.995549 -0.055644 17.838026 -0.945176 0.089754 0.313984 75.990021
0.285488 0.028538 0.957958 -378.097015 0.078956 0.995458 -0.053185 17.788221 -0.955124 0.090819 0.281938 76.209389
0.253599 0.030928 0.966815 -377.478394 0.076691 0.995699 -0.051969 17.740072 -0.964264 0.087324 0.250136 76.424927
0.222965 0.034916 0.974200 -376.847137 0.073285 0.995929 -0.052469 17.695219 -0.972068 0.083093 0.219498 76.627060
0.195496 0.031950 0.980184 -376.173889 0.076152 0.995957 -0.047654 17.654064 -0.977743 0.083959 0.192272 76.754562
0.168730 0.029637 0.985216 -375.482056 0.078792 0.995943 -0.043454 17.615995 -0.982508 0.084958 0.165710 76.855751
0.145088 0.028564 0.989006 -374.783722 0.082288 0.995771 -0.040831 17.576557 -0.985990 0.087307 0.142124 76.952431
0.124930 0.028161 0.991765 -374.076874 0.085200 0.995600 -0.039003 17.537355 -0.988501 0.089371 0.121981 77.045364
0.108198 0.028518 0.993720 -373.361420 0.087428 0.995442 -0.038088 17.498739 -0.990277 0.091000 0.105212 77.136818
0.094177 0.028527 0.995146 -372.634766 0.088485 0.995392 -0.036909 17.460449 -0.991615 0.091532 0.091218 77.225929
0.082012 0.027259 0.996258 -371.895325 0.088219 0.995503 -0.034502 17.422678 -0.992719 0.090719 0.079239 77.312469
0.071247 0.025407 0.997135 -371.145630 0.088537 0.995568 -0.031694 17.385508 -0.993521 0.090542 0.068682 77.393585
0.061253 0.023531 0.997845 -370.384216 0.089696 0.995546 -0.028983 17.348978 -0.994084 0.091278 0.058869 77.468750
0.051462 0.022729 0.998416 -369.613831 0.091010 0.995474 -0.027355 17.313398 -0.994519 0.092274 0.049161 77.538506
0.041905 0.022851 0.998861 -368.832520 0.091241 0.995473 -0.026601 17.278273 -0.994946 0.092251 0.039630 77.604630
0.032615 0.023197 0.999198 -368.023895 0.090789 0.995528 -0.026076 17.245604 -0.995335 0.091567 0.030362 77.664780
0.023793 0.023866 0.999432 -367.199127 0.091362 0.995479 -0.025947 17.213034 -0.995533 0.091928 0.021505 77.715363
0.015000 0.024180 0.999595 -366.311279 0.095399 0.995112 -0.025504 17.191698 -0.995326 0.095743 0.012619 77.760612
0.008394 0.024060 0.999675 -365.454529 0.096697 0.995006 -0.024761 17.159922 -0.995278 0.096873 0.006024 77.766823
0.001213 0.023718 0.999718 -364.618713 0.097567 0.994946 -0.023724 17.130953 -0.995228 0.097568 -0.001107 77.764969
-0.006577 0.024815 0.999670 -363.743347 0.101479 0.994547 -0.024021 17.124168 -0.994815 0.101288 -0.009060 77.782295
-0.013114 0.023951 0.999627 -362.865845 0.102605 0.994467 -0.022483 17.097481 -0.994635 0.102272 -0.015500 77.771538
-0.019930 0.023369 0.999528 -361.995758 0.102774 0.994478 -0.021203 17.057644 -0.994504 0.102302 -0.022222 77.749252
-0.026085 0.023365 0.999387 -361.123199 0.104232 0.994341 -0.020527 17.013794 -0.994210 0.103633 -0.028373 77.727524
-0.031213 0.023769 0.999229 -360.248199 0.107224 0.994027 -0.020297 16.968889 -0.993744 0.106507 -0.033575 77.698143
-0.034666 0.025048 0.999085 -359.367401 0.110693 0.993631 -0.021071 16.926992 -0.993249 0.109861 -0.037219 77.667450
-0.037148 0.025270 0.998990 -358.478760 0.113243 0.993346 -0.020916 16.887552 -0.992872 0.112351 -0.039763 77.637817
-0.038670 0.026373 0.998903 -357.587372 0.115587 0.993058 -0.021745 16.847506 -0.992544 0.114619 -0.041450 77.607132
-0.039812 0.029167 0.998781 -356.697021 0.117712 0.992750 -0.024300 16.802111 -0.992249 0.116601 -0.042957 77.571564
-0.040371 0.034414 0.998592 -355.804657 0.119625 0.992384 -0.029365 16.758045 -0.991998 0.118270 -0.044181 77.539780
-0.039946 0.037730 0.998489 -354.909637 0.122007 0.991993 -0.032605 16.709959 -0.991725 0.120520 -0.044230 77.504829
-0.038490 0.037443 0.998557 -354.007812 0.123864 0.991769 -0.032415 16.664488 -0.991552 0.122438 -0.042812 77.473747
-0.035757 0.036208 0.998704 -353.095276 0.125662 0.991573 -0.031452 16.625320 -0.991428 0.124374 -0.040006 77.429588
-0.032061 0.036022 0.998836 -352.182190 0.126825 0.991419 -0.031685 16.590315 -0.991407 0.125661 -0.036355 77.379036
-0.029100 0.035848 0.998933 -351.272919 0.128098 0.991249 -0.031842 16.554625 -0.991334 0.127034 -0.033437 77.329475
-0.024179 0.036183 0.999052 -350.368683 0.130110 0.990958 -0.032741 16.512850 -0.991204 0.129195 -0.028669 77.286293
-0.018628 0.035860 0.999183 -349.467834 0.131818 0.990721 -0.033099 16.470459 -0.991098 0.131094 -0.023182 77.258537
-0.012294 0.035069 0.999309 -348.564819 0.131832 0.990717 -0.033147 16.420540 -0.991196 0.131333 -0.016804 77.240585
-0.006312 0.034610 0.999380 -347.663086 0.131916 0.990695 -0.033477 16.366833 -0.991241 0.131622 -0.010819 77.225395
-0.000030 0.034417 0.999407 -346.763000 0.131899 0.990676 -0.034113 16.315025 -0.991263 0.131818 -0.004570 77.215324
0.006270 0.033698 0.999413 -345.864044 0.131361 0.990743 -0.034231 16.263750 -0.991315 0.131498 0.001785 77.210968
0.013049 0.033306 0.999360 -344.965668 0.129111 0.991021 -0.034715 16.218264 -0.991544 0.129481 0.008631 77.205185
0.018497 0.033895 0.999254 -344.068756 0.127459 0.991191 -0.035982 16.176519 -0.991671 0.128030 0.014013 77.199539
0.022576 0.035143 0.999127 -343.175659 0.126502 0.991249 -0.037725 16.134304 -0.991709 0.127242 0.017933 77.197548
0.024740 0.035624 0.999059 -342.291718 0.124690 0.991450 -0.038441 16.089073 -0.991887 0.125523 0.020087 77.216423
0.026294 0.035437 0.999026 -341.412720 0.123596 0.991588 -0.038427 16.041197 -0.991984 0.124486 0.021692 77.244911
0.028190 0.035673 0.998966 -340.535370 0.123241 0.991614 -0.038890 15.991708 -0.991976 0.124210 0.023557 77.273949
0.029843 0.036240 0.998897 -339.656738 0.122862 0.991631 -0.039647 15.942547 -0.991974 0.123911 0.025142 77.302040
0.030270 0.035332 0.998917 -338.785339 0.121301 0.991858 -0.038759 15.881986 -0.992154 0.122343 0.025737 77.329590
0.030932 0.035226 0.998901 -337.917938 0.119899 0.992031 -0.038697 15.815323 -0.992304 0.120964 0.026461 77.356415
0.031699 0.034341 0.998907 -337.027557 0.119456 0.992115 -0.037899 15.758747 -0.992333 0.120527 0.027346 77.382774
0.032499 0.034354 0.998881 -336.142792 0.117559 0.992340 -0.037955 15.720137 -0.992533 0.118661 0.028211 77.427231
0.030718 0.037356 0.998829 -335.248993 0.118550 0.992111 -0.040752 15.724713 -0.992473 0.119664 0.026047 77.468628
0.028356 0.035386 0.998971 -334.342102 0.116460 0.992450 -0.038462 15.624911 -0.992790 0.117431 0.024020 77.442017
0.024935 0.035541 0.999057 -333.457458 0.115669 0.992552 -0.038197 15.575746 -0.992975 0.116512 0.020638 77.459229
0.021611 0.035417 0.999139 -332.566162 0.115734 0.992564 -0.037688 15.525599 -0.993045 0.116449 0.017351 77.468864
0.018338 0.035230 0.999211 -331.679626 0.115511 0.992612 -0.037119 15.475517 -0.993137 0.116101 0.014132 77.477364
0.015146 0.035820 0.999243 -330.801941 0.116492 0.992488 -0.037345 15.427549 -0.993076 0.116969 0.010859 77.484772
0.012715 0.036312 0.999259 -329.930603 0.117404 0.992373 -0.037557 15.378875 -0.993003 0.117795 0.008355 77.483574
0.010730 0.035888 0.999299 -329.058014 0.117113 0.992432 -0.036900 15.330946 -0.993060 0.117426 0.006445 77.482796
0.009070 0.034927 0.999349 -328.183411 0.117038 0.992483 -0.035750 15.282511 -0.993086 0.117286 0.004913 77.481224
0.008044 0.034922 0.999358 -327.309967 0.117756 0.992403 -0.035627 15.234554 -0.993010 0.117966 0.003870 77.478516
0.008033 0.035592 0.999334 -326.437897 0.119376 0.992185 -0.036298 15.186550 -0.992816 0.119588 0.003721 77.473259
0.008668 0.035415 0.999335 -325.567474 0.120641 0.992035 -0.036204 15.133919 -0.992658 0.120874 0.004326 77.485382
0.011769 0.036306 0.999272 -324.695984 0.122167 0.991801 -0.037474 15.084523 -0.992439 0.122518 0.007237 77.480408
0.015207 0.036848 0.999205 -323.824005 0.123592 0.991587 -0.038449 15.033904 -0.992217 0.124078 0.010525 77.475952
0.018838 0.037391 0.999123 -322.954956 0.125005 0.991370 -0.039458 14.980221 -0.991977 0.125639 0.014002 77.478386
0.022299 0.036743 0.999076 -322.083649 0.125496 0.991316 -0.039259 14.928188 -0.991843 0.126256 0.017494 77.482033
0.026511 0.035423 0.999020 -321.219910 0.123664 0.991579 -0.038442 14.883867 -0.991970 0.124562 0.021906 77.499435
0.030765 0.033669 0.998959 -320.346954 0.123506 0.991645 -0.037226 14.840000 -0.991866 0.124523 0.026350 77.504784
0.033641 0.031224 0.998946 -319.469635 0.122967 0.991788 -0.035142 14.796530 -0.991840 0.124019 0.029524 77.506081
0.035950 0.028116 0.998958 -318.594971 0.121967 0.992008 -0.032311 14.753009 -0.991882 0.123002 0.032233 77.512550
0.038077 0.025902 0.998939 -317.723480 0.121054 0.992181 -0.030342 14.708443 -0.991915 0.122081 0.034644 77.523338
0.040050 0.025953 0.998860 -316.856445 0.120401 0.992253 -0.030609 14.664843 -0.991916 0.121489 0.036614 77.537422
0.040934 0.027192 0.998792 -315.991577 0.119446 0.992328 -0.031912 14.622234 -0.991996 0.120608 0.037372 77.554512
0.040883 0.028419 0.998760 -315.128326 0.118590 0.992391 -0.033093 14.579348 -0.992101 0.119795 0.037202 77.572342
0.040502 0.029781 0.998735 -314.281830 0.116938 0.992544 -0.034339 14.531046 -0.992313 0.118181 0.036718 77.624672
0.040308 0.030748 0.998714 -313.445221 0.116385 0.992578 -0.035257 14.475698 -0.992386 0.117656 0.036429 77.686256
0.040291 0.030401 0.998725 -312.598175 0.117690 0.992434 -0.034958 14.428114 -0.992232 0.118948 0.036408 77.721886
0.040588 0.029882 0.998729 -311.723206 0.118012 0.992413 -0.034490 14.388770 -0.992182 0.119262 0.036754 77.732635
0.041275 0.029200 0.998721 -310.875183 0.117579 0.992485 -0.033878 14.341581 -0.992205 0.118827 0.037532 77.764114
0.042267 0.028894 0.998688 -310.027802 0.116775 0.992587 -0.033661 14.294836 -0.992258 0.118045 0.038580 77.790833
0.043096 0.029459 0.998637 -309.198761 0.115381 0.992729 -0.034265 14.251167 -0.992385 0.116701 0.039383 77.832748
0.043422 0.029533 0.998620 -308.352417 0.115175 0.992750 -0.034368 14.216357 -0.992395 0.116507 0.039705 77.862839
0.043582 0.030287 0.998591 -307.508392 0.114340 0.992820 -0.035103 14.172327 -0.992484 0.115709 0.039805 77.893204
0.044303 0.030717 0.998546 -306.664581 0.114556 0.992777 -0.035623 14.126070 -0.992428 0.115966 0.040464 77.923477
0.046729 0.031073 0.998424 -305.813141 0.115723 0.992617 -0.036309 14.065540 -0.992181 0.117237 0.042789 77.954910
0.050126 0.031866 0.998234 -304.970490 0.116308 0.992504 -0.037524 14.017776 -0.991947 0.117983 0.046043 77.990402
0.053057 0.032542 0.998061 -304.124451 0.115274 0.992587 -0.038493 13.969463 -0.991915 0.117092 0.048912 78.030907
0.055692 0.033456 0.997888 -303.276337 0.113228 0.992779 -0.039604 13.920227 -0.992007 0.115195 0.051501 78.074982
0.058000 0.034502 0.997720 -302.425537 0.111440 0.992932 -0.040817 13.870723 -0.992077 0.113554 0.053745 78.120499
0.060092 0.035168 0.997573 -301.570984 0.110226 0.993033 -0.041649 13.821305 -0.992088 0.112461 0.055798 78.166702
0.062068 0.035142 0.997453 -300.710907 0.109113 0.993150 -0.041781 13.770996 -0.992089 0.111427 0.057807 78.214546
0.064128 0.035326 0.997316 -299.848267 0.108351 0.993218 -0.042149 13.719896 -0.992041 0.110764 0.059866 78.263489
0.065823 0.037022 0.997144 -298.982635 0.106931 0.993295 -0.043939 13.667311 -0.992085 0.109518 0.061423 78.314362
0.066842 0.039829 0.996968 -298.113464 0.104802 0.993395 -0.046713 13.613455 -0.992244 0.107606 0.062226 78.367516
0.067822 0.041992 0.996813 -297.237640 0.103225 0.993456 -0.048875 13.559383 -0.992343 0.106210 0.063043 78.421318
0.068121 0.042361 0.996777 -296.355927 0.101812 0.993586 -0.049184 13.504670 -0.992468 0.104834 0.063371 78.475174
0.066591 0.040381 0.996962 -295.456543 0.099541 0.993926 -0.046907 13.444269 -0.992802 0.102362 0.062167 78.531113
0.063964 0.039446 0.997172 -294.549500 0.097489 0.994192 -0.045583 13.381594 -0.993178 0.100129 0.059746 78.586143
0.061664 0.040299 0.997283 -293.643677 0.097462 0.994165 -0.046201 13.323810 -0.993327 0.100047 0.057376 78.634239
0.058650 0.042200 0.997386 -292.734192 0.097434 0.994093 -0.047792 13.268264 -0.993512 0.099982 0.054191 78.678108
0.054412 0.043839 0.997556 -291.819366 0.096767 0.994102 -0.048966 13.212469 -0.993818 0.099194 0.049849 78.719688
0.048138 0.043654 0.997886 -290.888031 0.095638 0.994253 -0.048111 13.158257 -0.994251 0.097753 0.043686 78.760704
0.041878 0.042565 0.998216 -289.949768 0.095013 0.994394 -0.046388 13.095148 -0.994594 0.096786 0.037599 78.787148
0.035564 0.042130 0.998479 -289.001129 0.095347 0.994410 -0.045356 13.039741 -0.994809 0.096814 0.031347 78.810768
0.028909 0.041795 0.998707 -288.046753 0.096231 0.994368 -0.044400 12.990063 -0.994938 0.097390 0.024724 78.832024
0.022659 0.041381 0.998886 -287.087433 0.097782 0.994260 -0.043408 12.940154 -0.994949 0.098656 0.018483 78.846474
0.017142 0.041097 0.999008 -286.128937 0.099028 0.994172 -0.042598 12.888783 -0.994936 0.099661 0.012971 78.857903
0.014274 0.039751 0.999108 -285.172882 0.100103 0.994132 -0.040984 12.838874 -0.994874 0.100598 0.010210 78.862526
0.011882 0.037869 0.999212 -284.219604 0.101496 0.994075 -0.038882 12.788991 -0.994765 0.101878 0.007967 78.862007
0.010054 0.036508 0.999282 -283.266693 0.102305 0.994051 -0.037346 12.737866 -0.994702 0.102607 0.006259 78.861275
0.008250 0.036662 0.999293 -282.316864 0.101947 0.994089 -0.037314 12.686759 -0.994755 0.102182 0.004463 78.861206
0.006451 0.037311 0.999283 -281.369476 0.101907 0.994076 -0.037776 12.635684 -0.994772 0.102077 0.002610 78.860199
0.004928 0.037446 0.999287 -280.424622 0.102129 0.994054 -0.037754 12.584268 -0.994759 0.102242 0.001073 78.857880
0.004350 0.036209 0.999335 -279.491333 0.102453 0.994068 -0.036465 12.528419 -0.994728 0.102544 0.000613 78.849564
0.002477 0.036025 0.999348 -278.565186 0.102945 0.994032 -0.036090 12.467643 -0.994683 0.102966 -0.001247 78.841675
0.000626 0.036227 0.999344 -277.642578 0.103278 0.993996 -0.036099 12.410782 -0.994652 0.103232 -0.003120 78.834938
-0.001801 0.036553 0.999330 -276.726593 0.103062 0.994016 -0.036174 12.357306 -0.994673 0.102928 -0.005557 78.828613
-0.005263 0.036569 0.999317 -275.812897 0.102431 0.994094 -0.035840 12.308138 -0.994726 0.102172 -0.008978 78.827354
-0.008883 0.036370 0.999298 -274.904572 0.102574 0.994100 -0.035269 12.255758 -0.994685 0.102188 -0.012562 78.813522
-0.012338 0.036873 0.999244 -274.006409 0.104173 0.993929 -0.035390 12.204239 -0.994483 0.103657 -0.016104 78.793755
-0.015652 0.038336 0.999143 -273.103516 0.105996 0.993697 -0.036467 12.149651 -0.994243 0.105335 -0.019617 78.790749
-0.018598 0.040856 0.998991 -272.218781 0.108819 0.993312 -0.038599 12.101485 -0.993887 0.107992 -0.022920 78.765816
-0.020339 0.040695 0.998965 -271.330322 0.111440 0.993037 -0.038185 12.053527 -0.993562 0.110548 -0.024733 78.744141
-0.020602 0.038409 0.999049 -270.442383 0.113945 0.992841 -0.035821 12.005842 -0.993273 0.113099 -0.024831 78.721008
-0.020046 0.035804 0.999157 -269.556702 0.115857 0.992709 -0.033248 11.957128 -0.993063 0.115092 -0.024048 78.699158
-0.018371 0.036478 0.999166 -268.677185 0.117354 0.992505 -0.034079 11.908835 -0.992920 0.116629 -0.022514 78.679688
-0.015507 0.038474 0.999139 -267.801117 0.118544 0.992282 -0.036370 11.860493 -0.992827 0.117878 -0.019948 78.662949
-0.011271 0.039433 0.999159 -266.925232 0.120273 0.992021 -0.037795 11.811749 -0.992676 0.119746 -0.015923 78.648811
-0.005410 0.039166 0.999218 -266.030396 0.121383 0.991869 -0.038221 11.762723 -0.992590 0.121081 -0.010121 78.639229
0.002433 0.038501 0.999255 -265.154083 0.121989 0.991784 -0.038510 11.718655 -0.992528 0.121992 -0.002283 78.629761
0.009889 0.037482 0.999248 -264.289917 0.122779 0.991690 -0.038415 11.679007 -0.992384 0.123066 0.005205 78.621796
0.017381 0.035072 0.999233 -263.423950 0.122905 0.991730 -0.036948 11.638231 -0.992266 0.123452 0.012927 78.619644
0.024841 0.031977 0.999180 -262.554413 0.122957 0.991801 -0.034799 11.595546 -0.992101 0.123720 0.020705 78.626350
0.032700 0.031184 0.998978 -261.684052 0.123580 0.991716 -0.035004 11.551465 -0.991795 0.124597 0.028575 78.641037
0.041056 0.032475 0.998629 -260.811279 0.123373 0.991658 -0.037321 11.506794 -0.991510 0.124736 0.036707 78.665100
0.049379 0.034052 0.998199 -259.938293 0.122449 0.991672 -0.039888 11.461308 -0.991245 0.124198 0.044797 78.697571
0.057807 0.034546 0.997729 -259.061890 0.121145 0.991772 -0.041361 11.414103 -0.990950 0.123261 0.053145 78.737572
0.066215 0.033978 0.997226 -258.184052 0.119670 0.991935 -0.041744 11.365482 -0.990603 0.122102 0.061614 78.785049
0.074542 0.033241 0.996664 -257.304688 0.117631 0.992173 -0.041890 11.315668 -0.990256 0.120361 0.070048 78.840492
0.082641 0.033007 0.996033 -256.424408 0.115019 0.992456 -0.042433 11.264368 -0.989919 0.118069 0.078220 78.903770
0.089681 0.033280 0.995414 -255.542023 0.111711 0.992799 -0.043258 11.212408 -0.989685 0.115077 0.085317 78.974052
0.093500 0.033983 0.995039 -254.652725 0.108202 0.993150 -0.044087 11.155765 -0.989722 0.111786 0.089182 79.062767
0.095987 0.034366 0.994789 -253.757370 0.104858 0.993493 -0.044440 11.097689 -0.989843 0.108577 0.091759 79.155945
0.098224 0.034575 0.994564 -252.861603 0.102656 0.993712 -0.044684 11.043962 -0.989855 0.106486 0.094056 79.244598
0.100123 0.034091 0.994390 -251.966263 0.101334 0.993866 -0.044277 10.993165 -0.989801 0.105199 0.096054 79.329430
0.102401 0.033886 0.994166 -251.069626 0.100501 0.993952 -0.044233 10.940593 -0.989653 0.104444 0.098376 79.417435
0.103952 0.033705 0.994011 -250.171249 0.099059 0.994105 -0.044069 10.887767 -0.989637 0.103046 0.100000 79.507599
0.103410 0.033511 0.994074 -249.270767 0.095245 0.994505 -0.043434 10.828112 -0.990067 0.099172 0.099650 79.610184
0.101803 0.033370 0.994244 -248.368256 0.091568 0.994880 -0.042769 10.765177 -0.990581 0.095395 0.098225 79.715897
0.097138 0.034559 0.994671 -247.458969 0.090121 0.994985 -0.043373 10.717556 -0.991182 0.093853 0.093535 79.826889
0.090931 0.035464 0.995226 -246.564926 0.086669 0.995292 -0.043385 10.653253 -0.992078 0.090200 0.087428 79.922592
0.085061 0.036257 0.995716 -245.678513 0.085607 0.995376 -0.043559 10.580668 -0.992691 0.088946 0.081563 80.003517
0.077001 0.036825 0.996351 -244.776642 0.085720 0.995372 -0.043414 10.522693 -0.993339 0.088750 0.073488 80.096634
0.069626 0.038319 0.996836 -243.880005 0.081990 0.995661 -0.044002 10.456344 -0.994197 0.084793 0.066182 80.171249
0.062564 0.038808 0.997286 -242.991379 0.082015 0.995663 -0.043892 10.389627 -0.994665 0.084539 0.059110 80.216270
0.054893 0.040001 0.997690 -242.101486 0.083058 0.995551 -0.044487 10.336926 -0.995032 0.085309 0.051325 80.245438
0.045295 0.041100 0.998127 -241.228210 0.083012 0.995542 -0.044762 10.277985 -0.995518 0.084884 0.041680 80.272438
0.035367 0.041547 0.998511 -240.347824 0.083169 0.995546 -0.044370 10.222436 -0.995908 0.084614 0.031753 80.295547
0.024605 0.039696 0.998909 -239.463638 0.084871 0.995520 -0.041653 10.161652 -0.996088 0.085802 0.021126 80.320381
0.014309 0.038220 0.999167 -238.583694 0.087024 0.995429 -0.039325 10.097274 -0.996103 0.087514 0.010917 80.340088
0.004706 0.037182 0.999298 -237.707092 0.089300 0.995300 -0.037455 10.043365 -0.995993 0.089414 0.001363 80.330231
-0.005536 0.037487 0.999281 -236.834290 0.091984 0.995078 -0.036821 9.996084 -0.995744 0.091715 -0.008957 80.304375
-0.015334 0.038473 0.999142 -235.966843 0.094922 0.994802 -0.036851 9.950306 -0.995366 0.094276 -0.018906 80.271698
-0.023330 0.038593 0.998982 -235.101852 0.099209 0.994411 -0.036100 9.900974 -0.994792 0.098266 -0.027029 80.236176
-0.029016 0.038121 0.998852 -234.242737 0.104447 0.993917 -0.034899 9.848873 -0.994106 0.103315 -0.032821 80.195305
-0.033956 0.037504 0.998719 -233.389038 0.109372 0.993433 -0.033588 9.797284 -0.993420 0.108092 -0.037835 80.150200
-0.037189 0.035795 0.998666 -232.541794 0.113315 0.993063 -0.031375 9.746695 -0.992863 0.111997 -0.040988 80.102585
-0.040039 0.034585 0.998599 -231.703491 0.116389 0.992758 -0.029717 9.702510 -0.992396 0.115036 -0.043775 80.062828
-0.042167 0.034014 0.998532 -230.878708 0.119568 0.992409 -0.028758 9.661851 -0.991930 0.118180 -0.045914 80.025116
-0.042828 0.034302 0.998493 -230.067490 0.123196 0.991964 -0.028795 9.621346 -0.991458 0.121777 -0.046710 79.986992
-0.042503 0.034760 0.998491 -229.266708 0.126342 0.991558 -0.029142 9.580772 -0.991076 0.124913 -0.046537 79.950722
-0.041725 0.034479 0.998534 -228.475327 0.128524 0.991286 -0.028860 9.540463 -0.990828 0.127131 -0.045794 79.916801
-0.039968 0.033841 0.998628 -227.742096 0.130476 0.991045 -0.028363 9.497547 -0.990645 0.129163 -0.044026 79.874931
-0.039217 0.034521 0.998634 -227.034317 0.131259 0.990921 -0.029101 9.466333 -0.990572 0.129938 -0.043393 79.849655
-0.038174 0.033863 0.998698 -226.334061 0.133092 0.990693 -0.028505 9.437700 -0.990368 0.131831 -0.042326 79.825020
-0.037362 0.033621 0.998736 -225.648621 0.134962 0.990446 -0.028294 9.409642 -0.990146 0.133734 -0.041542 79.801109
-0.036521 0.033172 0.998782 -224.982544 0.136574 0.990237 -0.027895 9.379782 -0.989956 0.135388 -0.040696 79.777809
-0.035574 0.032365 0.998843 -224.338089 0.138189 0.990032 -0.027159 9.349504 -0.989767 0.137064 -0.039692 79.755516
-0.034582 0.032117 0.998886 -223.716476 0.139498 0.989854 -0.026999 9.319856 -0.989618 0.138410 -0.038712 79.734650
-0.033219 0.032438 0.998922 -223.114029 0.140571 0.989689 -0.027465 9.290569 -0.989513 0.139506 -0.037437 79.715675
-0.031269 0.033513 0.998949 -222.529877 0.142684 0.989350 -0.028726 9.261122 -0.989274 0.141636 -0.035718 79.697159
-0.028395 0.035549 0.998964 -221.964157 0.145385 0.988887 -0.031058 9.231670 -0.988967 0.144352 -0.033249 79.680038
-0.022542 0.037244 0.999051 -221.431900 0.145710 0.988757 -0.033574 9.212762 -0.989070 0.144815 -0.027716 79.653122
-0.016575 0.037627 0.999154 -220.929138 0.146715 0.988566 -0.034795 9.198388 -0.989040 0.146014 -0.021907 79.623093
-0.008948 0.035447 0.999331 -220.438110 0.147502 0.988486 -0.033743 9.187777 -0.989021 0.147102 -0.014074 79.597740
0.000790 0.032813 0.999461 -219.959473 0.149602 0.988209 -0.032562 9.174058 -0.988746 0.149547 -0.004130 79.578651
0.014214 0.032064 0.999385 -219.494400 0.152890 0.987662 -0.033863 9.155660 -0.988140 0.153277 0.009135 79.566788
0.031614 0.033419 0.998941 -219.056000 0.154646 0.987242 -0.037923 9.122140 -0.987464 0.155681 0.026042 79.586136
0.053734 0.035169 0.997935 -218.628662 0.152657 0.987342 -0.043016 9.085393 -0.986817 0.154654 0.047685 79.625427
0.081360 0.038045 0.995959 -218.211929 0.149074 0.987565 -0.049903 9.049840 -0.985472 0.152531 0.074677 79.683472
0.113861 0.040221 0.992682 -217.802673 0.145297 0.987762 -0.056688 9.016413 -0.982814 0.150689 0.106623 79.758347
0.149521 0.040869 0.987914 -217.400803 0.141092 0.988038 -0.062230 8.982298 -0.978640 0.148691 0.141966 79.851562
0.187543 0.039118 0.981477 -216.994720 0.135058 0.988689 -0.065213 8.949018 -0.972926 0.144785 0.180139 79.952675
0.226557 0.036274 0.973322 -216.595627 0.128555 0.989450 -0.066799 8.912857 -0.965477 0.140260 0.219504 80.067719
0.265986 0.033160 0.963406 -216.206009 0.121342 0.990307 -0.067588 8.874182 -0.956309 0.134880 0.259384 80.197075
0.306201 0.030729 0.951470 -215.827866 0.113592 0.991158 -0.068567 8.833728 -0.945166 0.129075 0.300002 80.339142
0.346481 0.031087 0.937542 -215.459564 0.105174 0.991861 -0.071758 8.794155 -0.932142 0.123468 0.340391 80.490166
0.386347 0.033301 0.921752 -215.103378 0.097555 0.992266 -0.076738 8.752650 -0.917180 0.119569 0.380109 80.651054
0.426241 0.034829 0.903939 -214.757324 0.091672 0.992450 -0.081468 8.712215 -0.899952 0.117591 0.419830 80.822128
0.465346 0.034595 0.884452 -214.419266 0.087375 0.992560 -0.084797 8.673231 -0.880805 0.116738 0.458861 81.003021
0.503098 0.033968 0.863562 -214.090927 0.082403 0.992788 -0.087059 8.633853 -0.860292 0.114960 0.496670 81.195679
0.539731 0.034817 0.841116 -213.774307 0.075820 0.993072 -0.089760 8.592507 -0.838416 0.112219 0.533352 81.400864
0.575914 0.037440 0.816652 -213.467163 0.068780 0.993190 -0.094039 8.548976 -0.814611 0.110327 0.569416 81.618256
0.611503 0.040091 0.790226 -213.166046 0.062553 0.993140 -0.098791 8.503784 -0.788767 0.109843 0.604799 81.848228
0.646923 0.040767 0.761465 -212.868530 0.059400 0.992841 -0.103620 8.458246 -0.760239 0.112266 0.639869 82.090294
0.682538 0.038796 0.729819 -212.573410 0.058953 0.992413 -0.107891 8.411467 -0.728468 0.116665 0.675072 82.345848
0.717241 0.037172 0.695832 -212.301819 0.057121 0.992078 -0.111877 8.358995 -0.694479 0.119989 0.709436 82.649704
0.750485 0.038734 0.659751 -212.087616 0.050512 0.991999 -0.115701 8.294110 -0.658954 0.120157 0.742523 83.069344
0.782797 0.042229 0.620842 -211.849228 0.039938 0.992227 -0.117849 8.235877 -0.620994 0.117047 0.775026 83.452126
0.813520 0.045470 0.579756 -211.611206 0.029055 0.992515 -0.118614 8.179200 -0.580811 0.113339 0.806109 83.842964
0.841910 0.043582 0.537856 -211.374100 0.024498 0.992618 -0.118780 8.120857 -0.539062 0.113178 0.834627 84.249374
0.867643 0.038154 0.495722 -211.139145 0.023920 0.992692 -0.118273 8.057589 -0.496612 0.114476 0.860390 84.672554
0.890537 0.032496 0.453748 -210.913040 0.022159 0.993162 -0.114621 7.992341 -0.454371 0.112129 0.883727 85.115860
0.910323 0.031570 0.412692 -210.698471 0.015694 0.993736 -0.110640 7.931016 -0.413601 0.107196 0.904125 85.574272
0.927195 0.032828 0.373137 -210.491837 0.008717 0.993990 -0.109112 7.867897 -0.374477 0.104420 0.921337 86.043327
0.941413 0.032209 0.335714 -210.287552 0.004393 0.994173 -0.107702 7.803192 -0.337228 0.102867 0.935786 86.521980
0.953861 0.025742 0.299141 -210.079651 0.005388 0.994689 -0.102782 7.739772 -0.300198 0.099652 0.948657 87.006554
0.964633 0.016680 0.263067 -209.882294 0.009954 0.994979 -0.099590 7.674690 -0.263407 0.098686 0.959623 87.521057
0.973759 0.011499 0.227290 -209.703674 0.011674 0.994883 -0.100354 7.605979 -0.227282 0.100374 0.968642 88.054062
0.981473 0.007855 0.191440 -209.540771 0.012119 0.994611 -0.102952 7.534320 -0.191218 0.103365 0.976089 88.605202
0.987627 0.006931 0.156668 -209.404755 0.010050 0.994170 -0.107342 7.460051 -0.156499 0.107588 0.981800 89.212097
0.992281 0.007878 0.123757 -209.281601 0.006027 0.993735 -0.111595 7.387322 -0.123861 0.111479 0.986017 89.811546
0.995596 0.008972 0.093316 -209.172241 0.001466 0.993795 -0.111211 7.311093 -0.093735 0.110858 0.989405 90.433098
0.997811 0.008139 0.065630 -209.072830 -0.001106 0.994309 -0.106522 7.233887 -0.066124 0.106217 0.992141 91.075363
0.999124 0.008488 0.040955 -208.986664 -0.004353 0.994973 -0.100040 7.156109 -0.041598 0.099774 0.994140 91.735619
0.999766 0.009866 0.019246 -208.913040 -0.007989 0.995410 -0.095359 7.077705 -0.020099 0.095182 0.995257 92.410027
0.999941 0.010824 0.000137 -208.849091 -0.010765 0.995586 -0.093223 6.999006 -0.001145 0.093217 0.995644 93.097458
0.999806 0.010094 -0.016912 -208.792282 -0.011668 0.995342 -0.095693 6.919116 0.015868 0.095872 0.995267 93.795654
0.999452 0.007960 -0.032128 -208.811264 -0.011096 0.995063 -0.098622 6.825820 0.031185 0.098924 0.994606 94.656448
0.998948 0.007881 -0.045171 -208.807449 -0.012377 0.994895 -0.100146 6.738308 0.044150 0.100600 0.993946 95.460068
0.998434 0.009052 -0.055203 -208.801056 -0.014405 0.995147 -0.097338 6.650856 0.054053 0.097980 0.993719 96.255814
0.998009 0.010743 -0.062151 -208.800140 -0.016373 0.995735 -0.090789 6.563596 0.060909 0.091626 0.993928 97.071281
0.997726 0.014815 -0.065749 -208.804077 -0.020456 0.996087 -0.085969 6.475222 0.064218 0.087119 0.994125 97.897820
0.997671 0.017696 -0.065875 -208.807785 -0.023345 0.996021 -0.085995 6.385125 0.064091 0.087332 0.994115 98.730179
0.997869 0.016411 -0.063140 -208.866989 -0.022166 0.995556 -0.091523 6.288653 0.061358 0.092728 0.993798 99.655113
0.998036 0.016314 -0.060477 -208.964722 -0.022065 0.995168 -0.095665 6.181622 0.058623 0.096812 0.993574 100.711945
0.998268 0.016615 -0.056428 -209.021133 -0.021970 0.995176 -0.095613 6.075327 0.054567 0.096687 0.993818 101.671135
0.998495 0.016291 -0.052356 -209.067551 -0.021207 0.995276 -0.094737 5.966169 0.050564 0.095705 0.994124 102.634171
0.998776 0.015704 -0.046908 -209.109680 -0.020201 0.995081 -0.096978 5.862901 0.045154 0.097807 0.994180 103.599312
0.999003 0.016342 -0.041537 -209.146011 -0.020380 0.994907 -0.098703 5.762928 0.039712 0.099451 0.994249 104.568436
0.999242 0.016290 -0.035357 -209.173630 -0.019617 0.995201 -0.095859 5.659231 0.033626 0.096480 0.994766 105.546722
0.999465 0.014899 -0.029133 -209.192413 -0.017388 0.996047 -0.087106 5.554830 0.027720 0.087565 0.995772 106.534752
0.999626 0.012630 -0.024221 -209.204208 -0.014524 0.996715 -0.079676 5.451129 0.023134 0.079999 0.996526 107.521599
0.999737 0.009840 -0.020702 -209.210297 -0.011456 0.996777 -0.079397 5.346866 0.019854 0.079613 0.996628 108.500908
0.999809 0.008538 -0.017567 -209.182526 -0.010040 0.996139 -0.087208 5.234297 0.016755 0.087367 0.996035 109.479378
0.999854 0.009126 -0.014437 -209.165466 -0.010453 0.995455 -0.094649 5.125557 0.013507 0.094786 0.995406 110.451965
0.999849 0.013041 -0.011516 -209.172363 -0.014072 0.995432 -0.094423 5.016557 0.010231 0.094570 0.995465 111.422577
0.999822 0.016642 -0.008891 -209.174088 -0.017387 0.995643 -0.091603 4.906439 0.007327 0.091741 0.995755 112.395882
0.999754 0.021009 -0.007097 -209.200546 -0.021565 0.995691 -0.090182 4.807749 0.005171 0.090313 0.995900 113.378197
0.999686 0.024121 -0.006698 -209.204422 -0.024637 0.995458 -0.091948 4.703166 0.004450 0.092084 0.995741 114.344307
0.999678 0.024187 -0.007713 -209.218765 -0.024812 0.995171 -0.094953 4.607627 0.005379 0.095114 0.995452 115.311432
0.999747 0.020251 -0.009786 -209.200226 -0.021099 0.995160 -0.095970 4.482506 0.007794 0.096153 0.995336 116.260017
0.999749 0.018361 -0.012842 -209.184464 -0.019483 0.995436 -0.093415 4.365243 0.011069 0.093641 0.995544 117.213005
0.999722 0.016872 -0.016426 -209.189651 -0.018285 0.995772 -0.090020 4.253612 0.014836 0.090294 0.995804 118.167519
0.999703 0.013881 -0.020028 -209.195404 -0.015617 0.995886 -0.089254 4.144836 0.018707 0.089540 0.995807 119.116730
0.999674 0.012342 -0.022362 -209.228455 -0.014327 0.995763 -0.090829 4.035492 0.021146 0.091120 0.995615 120.047516
0.999609 0.012081 -0.025211 -209.266144 -0.014302 0.995857 -0.089794 3.942258 0.024021 0.090120 0.995640 120.973679
0.999514 0.012284 -0.028648 -209.286591 -0.014749 0.996057 -0.087483 3.853598 0.027460 0.087863 0.995754 121.896629
0.999471 0.008952 -0.031245 -209.312485 -0.011679 0.996035 -0.088183 3.763202 0.030332 0.088502 0.995613 122.808151
0.999370 0.007678 -0.034657 -209.345306 -0.010754 0.995934 -0.089434 3.672724 0.033829 0.089750 0.995389 123.703583
0.999262 0.007833 -0.037593 -209.379791 -0.011320 0.995561 -0.093435 3.581985 0.036694 0.093792 0.994915 124.579948
0.999149 0.009228 -0.040195 -209.417191 -0.013003 0.995423 -0.094674 3.489642 0.039137 0.095116 0.994696 125.439545
0.999026 0.010045 -0.042977 -209.441040 -0.013975 0.995649 -0.092128 3.375658 0.041865 0.092639 0.994819 126.263176
0.998889 0.009417 -0.046160 -209.468460 -0.013553 0.995839 -0.090106 3.270921 0.045119 0.090631 0.994861 127.060715
0.998711 0.008310 -0.050078 -209.504303 -0.012811 0.995839 -0.090218 3.180239 0.049119 0.090743 0.994662 127.846329
0.998465 0.008989 -0.054652 -209.545502 -0.013861 0.995897 -0.089419 3.091201 0.053623 0.090039 0.994493 128.614578
0.998145 0.011141 -0.059852 -209.592117 -0.016370 0.996023 -0.087576 3.005047 0.058638 0.088393 0.994357 129.361832
0.997766 0.011833 -0.065758 -209.640411 -0.017517 0.996095 -0.086533 2.922629 0.064477 0.087491 0.994076 130.087708
0.997305 0.012913 -0.072210 -209.692123 -0.018990 0.996276 -0.084104 2.843199 0.070855 0.085249 0.993836 130.791016
0.996733 0.013648 -0.079596 -209.748215 -0.020276 0.996337 -0.083062 2.766155 0.078171 0.084404 0.993360 131.469955
0.995924 0.014761 -0.088988 -209.810043 -0.022140 0.996344 -0.082509 2.691876 0.087444 0.084143 0.992609 132.126801
0.994583 0.014255 -0.102964 -209.871841 -0.022813 0.996337 -0.082417 2.632596 0.101411 0.084320 0.991265 132.710800
0.992969 0.013415 -0.117607 -209.935928 -0.023295 0.996274 -0.083036 2.578402 0.116054 0.085192 0.989582 133.264984
0.990754 0.013602 -0.134982 -210.007797 -0.025173 0.996114 -0.084385 2.523474 0.133310 0.087002 0.987247 133.807770
0.987870 0.015321 -0.154523 -210.087173 -0.028902 0.995873 -0.086023 2.468421 0.152568 0.089446 0.984237 134.343948
0.984249 0.018586 -0.175808 -210.209549 -0.034569 0.995495 -0.088284 2.405056 0.173375 0.092970 0.980458 134.886978
0.979367 0.018917 -0.201206 -210.326859 -0.037423 0.995366 -0.088571 2.351988 0.198598 0.094273 0.975536 135.415283
0.973221 0.019592 -0.229036 -210.484436 -0.040483 0.995396 -0.086874 2.293867 0.226278 0.093819 0.969534 135.940994
0.965722 0.022122 -0.258637 -210.640549 -0.045274 0.995444 -0.083901 2.240261 0.255602 0.092735 0.962324 136.453064
0.956555 0.026177 -0.290376 -210.814941 -0.051546 0.995456 -0.080061 2.186891 0.286961 0.091550 0.953557 136.956360
0.945144 0.031357 -0.325145 -211.007141 -0.058852 0.995440 -0.075068 2.136954 0.321307 0.090086 0.942679 137.449936
0.931136 0.035256 -0.362964 -211.215790 -0.065785 0.995226 -0.072088 2.092927 0.358690 0.091001 0.929010 137.931305
0.914611 0.039972 -0.402356 -211.443130 -0.073591 0.994936 -0.068438 2.050538 0.397583 0.092205 0.912922 138.400909
0.896130 0.047585 -0.441234 -211.690231 -0.083326 0.994593 -0.061969 2.008491 0.435899 0.092299 0.895250 138.858459
0.876214 0.054705 -0.478807 -211.953400 -0.091930 0.994265 -0.054632 1.968888 0.473072 0.091885 0.876218 139.304779
0.854706 0.058761 -0.515777 -212.218689 -0.097589 0.994046 -0.048467 1.932035 0.509858 0.091758 0.855351 139.743607
0.831555 0.059437 -0.552253 -212.499130 -0.100263 0.993988 -0.043989 1.897038 0.546318 0.091949 0.832515 140.172546
0.806622 0.060152 -0.587999 -212.798462 -0.103301 0.993843 -0.040039 1.865815 0.581970 0.093038 0.807870 140.591293
0.779653 0.062524 -0.623082 -213.118835 -0.107463 0.993600 -0.034761 1.838499 0.616921 0.094060 0.781383 141.001801
0.750557 0.066283 -0.657473 -213.460770 -0.111911 0.993334 -0.027610 1.815469 0.651260 0.094302 0.752972 141.404358
0.719417 0.068672 -0.691175 -213.860825 -0.113867 0.993298 -0.019828 1.799245 0.685180 0.092966 0.722415 141.782715
0.685789 0.068572 -0.724564 -214.251663 -0.112476 0.993576 -0.012426 1.779878 0.719057 0.090016 0.689095 142.165497
0.649495 0.067303 -0.757381 -214.810501 -0.111422 0.993746 -0.007243 1.778738 0.752157 0.089094 0.652932 142.473907
0.610465 0.064334 -0.789425 -215.297653 -0.111736 0.993723 -0.005422 1.769447 0.784121 0.091518 0.613822 142.802521
0.568780 0.059726 -0.820319 -215.792252 -0.110806 0.993832 -0.004469 1.763558 0.814991 0.093438 0.571890 143.122604
0.524671 0.053609 -0.849616 -216.305328 -0.108519 0.994084 -0.004290 1.761941 0.844360 0.094450 0.527385 143.427780
0.478467 0.049899 -0.876686 -216.842285 -0.108897 0.994048 -0.002853 1.761032 0.871326 0.096834 0.481054 143.713226
0.431311 0.051424 -0.900736 -217.405182 -0.111923 0.993712 0.003140 1.760677 0.895233 0.099458 0.434355 143.977295
0.383631 0.054520 -0.921876 -217.989670 -0.114735 0.993334 0.011001 1.764113 0.916331 0.101551 0.387331 144.222092
0.336331 0.056571 -0.940043 -218.592194 -0.114585 0.993236 0.018777 1.771315 0.934746 0.101399 0.340539 144.450516
0.290392 0.059640 -0.955048 -219.212845 -0.115367 0.992957 0.026929 1.779477 0.949928 0.102361 0.295227 144.657761
0.246273 0.062790 -0.967165 -219.850311 -0.116224 0.992611 0.034848 1.790455 0.962206 0.103824 0.251752 144.844360
0.203702 0.062973 -0.977006 -220.500961 -0.117483 0.992290 0.039465 1.805078 0.971958 0.106743 0.209529 145.010223
0.164000 0.060365 -0.984611 -221.163284 -0.118411 0.992113 0.041103 1.822259 0.979328 0.109847 0.169854 145.157639
0.128218 0.058488 -0.990019 -221.840469 -0.118392 0.992023 0.043274 1.842041 0.984653 0.111663 0.134120 145.290833
0.097011 0.057862 -0.993600 -222.531418 -0.116912 0.992059 0.046358 1.864777 0.988392 0.111667 0.103006 145.412918
0.071395 0.060314 -0.995623 -223.238068 -0.115987 0.991900 0.051772 1.888681 0.990681 0.111783 0.077812 145.523590
0.051002 0.064368 -0.996622 -223.957947 -0.114484 0.991719 0.058193 1.914443 0.992114 0.111129 0.057949 145.625763
0.035411 0.067209 -0.997110 -224.724823 -0.112914 0.991616 0.062830 1.946623 0.992973 0.110363 0.042704 145.693008
0.024159 0.068345 -0.997370 -225.475922 -0.111749 0.991592 0.065244 1.978047 0.993442 0.109879 0.031595 145.774384
0.016094 0.068545 -0.997518 -226.272369 -0.111291 0.991570 0.066341 2.014900 0.993657 0.109946 0.023587 145.824249
0.010927 0.067904 -0.997632 -227.089615 -0.110585 0.991653 0.066287 2.054620 0.993806 0.109599 0.018345 145.866669
0.008102 0.067611 -0.997679 -227.927032 -0.110234 0.991691 0.066311 2.096611 0.993872 0.109441 0.015488 145.903595
0.007504 0.067968 -0.997659 -228.749481 -0.110138 0.991673 0.066733 2.136084 0.993888 0.109379 0.014928 145.958435
0.008176 0.068366 -0.997627 -229.583069 -0.109677 0.991702 0.067062 2.175600 0.993933 0.108867 0.015607 146.013947
0.008944 0.068326 -0.997623 -230.427826 -0.108072 0.991884 0.066965 2.214964 0.994102 0.107216 0.016256 146.071045
0.009491 0.067956 -0.997643 -231.309479 -0.106088 0.992126 0.066571 2.269831 0.994311 0.105206 0.016626 146.090149
0.010017 0.068038 -0.997632 -232.221497 -0.104025 0.992340 0.066634 2.323382 0.994524 0.103110 0.017019 146.114075
0.010634 0.068904 -0.997566 -233.119751 -0.102023 0.992491 0.067467 2.375412 0.994725 0.101057 0.017584 146.146896
0.011118 0.069776 -0.997500 -234.030457 -0.099934 0.992645 0.068323 2.426346 0.994932 0.098925 0.018010 146.183746
0.011637 0.069552 -0.997511 -234.953934 -0.097674 0.992885 0.068091 2.477337 0.995150 0.096638 0.018348 146.211319
0.011928 0.069142 -0.997535 -235.892868 -0.095270 0.993146 0.067701 2.528943 0.995379 0.094228 0.018433 146.238312
0.012530 0.069068 -0.997533 -236.835693 -0.092702 0.993395 0.067618 2.580068 0.995615 0.091625 0.018851 146.261047
0.012721 0.069260 -0.997517 -237.787888 -0.090688 0.993566 0.067831 2.630907 0.995798 0.089599 0.018920 146.282303
0.012603 0.069256 -0.997519 -238.753662 -0.088345 0.993773 0.067882 2.682161 0.996010 0.087270 0.018644 146.306610
0.011692 0.068266 -0.997599 -239.732132 -0.085681 0.994065 0.067021 2.734088 0.996253 0.084691 0.017472 146.331985
0.010157 0.066359 -0.997744 -240.722214 -0.083115 0.994399 0.065292 2.786341 0.996488 0.082264 0.015615 146.356186
0.008125 0.064702 -0.997871 -241.727295 -0.080837 0.994680 0.063838 2.839317 0.996693 0.080146 0.013312 146.378433
0.005270 0.065019 -0.997870 -242.746170 -0.078029 0.994868 0.064412 2.893879 0.996937 0.077524 0.010317 146.398499
0.001173 0.068005 -0.997684 -243.780624 -0.075528 0.994840 0.067723 2.950444 0.997143 0.075274 0.006303 146.414337
-0.004187 0.070926 -0.997473 -244.827988 -0.073576 0.994756 0.071043 3.008487 0.997280 0.073687 0.001055 146.424271
-0.010810 0.071278 -0.997398 -245.885178 -0.072444 0.994779 0.071878 3.068145 0.997313 0.073032 -0.005589 146.427246
-0.018016 0.070250 -0.997366 -246.990692 -0.072442 0.994814 0.071380 3.132176 0.997210 0.073536 -0.012833 146.422119
-0.025426 0.071594 -0.997109 -248.119720 -0.073221 0.994620 0.073283 3.201120 0.996991 0.074873 -0.020047 146.404465
-0.032693 0.075638 -0.996599 -249.268082 -0.074719 0.994157 0.077904 3.273803 0.996669 0.077012 -0.026850 146.373657
-0.040107 0.077920 -0.996153 -250.385208 -0.075325 0.993882 0.080776 3.343606 0.996352 0.078275 -0.033992 146.337967
-0.047779 0.071641 -0.996285 -251.461761 -0.074950 0.994355 0.075097 3.417601 0.996042 0.078260 -0.042140 146.292831
-0.055129 0.066039 -0.996293 -252.537476 -0.074743 0.994738 0.070072 3.483851 0.995677 0.078329 -0.049902 146.236755
-0.062319 0.063158 -0.996056 -253.624573 -0.074501 0.994916 0.067749 3.543209 0.995271 0.078429 -0.057297 146.174194
-0.069552 0.064707 -0.995478 -254.718536 -0.074834 0.994743 0.069888 3.601264 0.994767 0.079356 -0.064344 146.105057
-0.076431 0.066173 -0.994877 -255.817978 -0.074068 0.994661 0.071850 3.660026 0.994319 0.079180 -0.071121 146.031235
-0.083259 0.066217 -0.994326 -256.917969 -0.073391 0.994672 0.072387 3.721975 0.993821 0.079002 -0.077955 145.951309
-0.090035 0.066265 -0.993732 -258.018677 -0.074470 0.994542 0.073067 3.784322 0.993150 0.080581 -0.084609 145.862915
-0.096228 0.066646 -0.993125 -259.119568 -0.075459 0.994396 0.074044 3.846310 0.992494 0.082066 -0.090659 145.767761
-0.101962 0.067557 -0.992492 -260.192261 -0.075985 0.994247 0.075484 3.911891 0.991882 0.083111 -0.096241 145.662430
-0.106975 0.069926 -0.991800 -261.260010 -0.075910 0.994038 0.078273 3.978628 0.991360 0.083660 -0.101029 145.552078
-0.110885 0.071705 -0.991243 -262.322449 -0.078320 0.993660 0.080642 4.045280 0.990742 0.086577 -0.104566 145.437134
-0.112946 0.070710 -0.991082 -263.376495 -0.080580 0.993527 0.080068 4.110690 0.990328 0.088905 -0.106516 145.322174
-0.113629 0.068684 -0.991146 -264.407623 -0.084002 0.993371 0.078469 4.174792 0.989966 0.092175 -0.107106 145.203537
-0.114060 0.068392 -0.991117 -265.428345 -0.085307 0.993268 0.078359 4.238549 0.989805 0.093487 -0.107457 145.087219
-0.114663 0.072233 -0.990775 -266.440735 -0.086377 0.992850 0.082382 4.301062 0.989642 0.095026 -0.107603 144.973663
-0.115163 0.076002 -0.990435 -267.441010 -0.088502 0.992318 0.086439 4.361862 0.989396 0.097610 -0.107552 144.860611
-0.115793 0.075287 -0.990416 -268.422333 -0.089617 0.992264 0.085907 4.420570 0.989222 0.098705 -0.108150 144.752182
-0.116495 0.073971 -0.990433 -269.330627 -0.091775 0.992154 0.084895 4.474218 0.988942 0.100786 -0.108793 144.647781
-0.115624 0.074154 -0.990521 -270.217346 -0.094510 0.991863 0.085287 4.525156 0.988787 0.103476 -0.107675 144.541183
-0.113751 0.073648 -0.990776 -271.113312 -0.097570 0.991599 0.084912 4.576807 0.988706 0.106329 -0.105609 144.443176
-0.110584 0.073123 -0.991173 -272.016174 -0.100877 0.991312 0.084388 4.630259 0.988733 0.109319 -0.102246 144.346329
-0.106719 0.070616 -0.991779 -272.927155 -0.102602 0.991367 0.081629 4.684511 0.988981 0.110469 -0.098551 144.254883
-0.102775 0.068244 -0.992361 -273.817932 -0.102949 0.991555 0.078851 4.737499 0.989363 0.110266 -0.094881 144.170700
-0.100052 0.067602 -0.992683 -274.678497 -0.102091 0.991726 0.077828 4.774291 0.989731 0.109131 -0.092323 144.110031
-0.096049 0.066538 -0.993150 -275.540131 -0.103163 0.991723 0.076420 4.832533 0.990015 0.109796 -0.088390 144.020248
-0.093036 0.067000 -0.993406 -276.417358 -0.103731 0.991651 0.076597 4.891046 0.990244 0.110173 -0.085308 143.934814
-0.090601 0.066699 -0.993651 -277.282684 -0.104375 0.991624 0.076080 4.941359 0.990403 0.110605 -0.082880 143.860718
-0.085731 0.065007 -0.994195 -278.105377 -0.106098 0.991599 0.073987 4.989134 0.990652 0.111825 -0.078114 143.763916
-0.082461 0.062657 -0.994623 -278.919678 -0.108533 0.991521 0.071460 5.036839 0.990667 0.113842 -0.074961 143.661087
-0.078647 0.062164 -0.994962 -279.739502 -0.110716 0.991335 0.070690 5.085426 0.990735 0.115717 -0.071082 143.566223
-0.074707 0.064997 -0.995085 -280.589111 -0.109060 0.991354 0.072943 5.134272 0.991223 0.113974 -0.066973 143.524109
-0.070298 0.070668 -0.995020 -281.461365 -0.109072 0.990962 0.078087 5.181885 0.991545 0.114018 -0.061954 143.491455
-0.065712 0.074404 -0.995060 -282.374542 -0.108481 0.990772 0.081249 5.227208 0.991924 0.113284 -0.057033 143.467972
-0.061652 0.074750 -0.995295 -283.222961 -0.107491 0.990894 0.081078 5.277866 0.992292 0.111984 -0.053054 143.419861
-0.057996 0.073331 -0.995620 -284.064972 -0.105987 0.991209 0.079181 5.330114 0.992675 0.110115 -0.049713 143.376022
-0.054347 0.071716 -0.995943 -284.904755 -0.105247 0.991450 0.077136 5.382916 0.992960 0.109012 -0.046334 143.333771
-0.050995 0.070736 -0.996190 -285.750702 -0.105874 0.991484 0.075821 5.434201 0.993071 0.109338 -0.043072 143.291595
-0.048162 0.069787 -0.996398 -286.597931 -0.105941 0.991572 0.074571 5.484458 0.993205 0.109151 -0.040363 143.251358
-0.046135 0.068852 -0.996560 -287.452972 -0.105444 0.991712 0.073399 5.535872 0.993354 0.108467 -0.038491 143.212891
-0.044753 0.068825 -0.996624 -288.297577 -0.104697 0.991806 0.073194 5.589761 0.993496 0.107619 -0.037180 143.181000
-0.043283 0.069436 -0.996646 -289.147980 -0.103889 0.991860 0.073616 5.642763 0.993646 0.106727 -0.035717 143.148300
-0.042663 0.070419 -0.996605 -290.007263 -0.103595 0.991824 0.074517 5.694203 0.993704 0.106422 -0.035018 143.111816
-0.042910 0.070896 -0.996560 -290.872559 -0.102677 0.991884 0.074985 5.745656 0.993788 0.105540 -0.035282 143.073151
-0.044114 0.071794 -0.996443 -291.729645 -0.101579 0.991922 0.075967 5.799294 0.993848 0.104570 -0.036464 143.037521
-0.045740 0.073093 -0.996276 -292.598846 -0.100912 0.991879 0.077405 5.850781 0.993843 0.104077 -0.037992 142.993744
-0.047583 0.074031 -0.996120 -293.466248 -0.100966 0.991785 0.078533 5.900759 0.993751 0.104311 -0.039717 142.945847
-0.049439 0.074253 -0.996013 -294.327698 -0.100251 0.991827 0.078918 5.950602 0.993732 0.103753 -0.041591 142.898483
-0.051638 0.073305 -0.995972 -295.177887 -0.099962 0.991914 0.078189 6.002708 0.993650 0.103597 -0.043893 142.853424
-0.053941 0.071578 -0.995975 -296.027557 -0.100316 0.991993 0.076725 6.054654 0.993492 0.104051 -0.046328 142.804993
-0.056043 0.069783 -0.995986 -296.874329 -0.100182 0.992126 0.075151 6.105522 0.993390 0.103991 -0.048611 142.755447
-0.058330 0.068104 -0.995972 -297.723572 -0.100204 0.992232 0.073718 6.156536 0.993255 0.104100 -0.051052 142.703934
-0.059979 0.065703 -0.996035 -298.575592 -0.101596 0.992247 0.071572 6.206133 0.993016 0.105486 -0.052839 142.648270
-0.060576 0.064085 -0.996104 -299.424194 -0.102984 0.992210 0.070098 6.256216 0.992837 0.106829 -0.053503 142.588379
-0.061134 0.065742 -0.995962 -300.278320 -0.102274 0.992163 0.071770 6.303536 0.992876 0.106248 -0.053931 142.538071
-0.061482 0.068513 -0.995753 -301.142792 -0.102093 0.991977 0.074558 6.352229 0.992872 0.106243 -0.053994 142.486877
-0.061627 0.072417 -0.995468 -302.019470 -0.102892 0.991589 0.078505 6.403934 0.992781 0.107264 -0.053658 142.430618
-0.062079 0.071770 -0.995487 -302.900787 -0.102789 0.991647 0.077904 6.460261 0.992764 0.107161 -0.054183 142.374008
-0.062710 0.069040 -0.995641 -303.788513 -0.102780 0.991853 0.075253 6.519886 0.992725 0.107050 -0.055103 142.316299
-0.062999 0.066539 -0.995793 -304.684326 -0.102901 0.992023 0.072799 6.579642 0.992694 0.107055 -0.055649 142.256927
-0.063388 0.065075 -0.995865 -305.587891 -0.103824 0.992026 0.071433 6.637386 0.992574 0.107923 -0.056125 142.195816
-0.064211 0.065866 -0.995761 -306.494965 -0.104725 0.991865 0.072362 6.690667 0.992425 0.108926 -0.056790 142.139206
-0.064575 0.066768 -0.995677 -307.411835 -0.105629 0.991696 0.073353 6.745052 0.992307 0.109909 -0.056986 142.080490
-0.064623 0.067314 -0.995636 -308.338196 -0.105720 0.991645 0.073907 6.801454 0.992294 0.110034 -0.056967 142.019089
-0.064114 0.066076 -0.995752 -309.273193 -0.106071 0.991701 0.072638 6.859967 0.992289 0.110278 -0.056572 141.956619
-0.063170 0.064169 -0.995938 -310.215332 -0.106661 0.991781 0.070668 6.919187 0.992287 0.110692 -0.055807 141.894287
-0.062839 0.062902 -0.996040 -311.164307 -0.107489 0.991780 0.069416 6.976751 0.992218 0.111425 -0.055560 141.832138
-0.063018 0.061777 -0.996098 -312.117004 -0.106540 0.991962 0.068261 7.031336 0.992309 0.110427 -0.055929 141.771988
-0.063179 0.059851 -0.996206 -313.072968 -0.105227 0.992235 0.066287 7.083561 0.992438 0.109017 -0.056391 141.712189
-0.062827 0.058303 -0.996320 -314.030029 -0.104576 0.992411 0.064669 7.134679 0.992530 0.108253 -0.056253 141.651642
-0.062232 0.058002 -0.996374 -314.990387 -0.104390 0.992455 0.064294 7.184273 0.992587 0.108013 -0.055708 141.591141
-0.061534 0.058888 -0.996366 -315.951385 -0.102717 0.992584 0.065009 7.232217 0.992806 0.106344 -0.055029 141.533752
-0.060773 0.059315 -0.996388 -316.911560 -0.100914 0.992752 0.065254 7.279449 0.993037 0.104515 -0.054347 141.478058
-0.059954 0.059213 -0.996443 -317.871613 -0.100214 0.992838 0.065030 7.327006 0.993158 0.103756 -0.053591 141.420410
-0.059090 0.058826 -0.996518 -318.828247 -0.099919 0.992900 0.064539 7.373893 0.993239 0.103384 -0.052792 141.364014
-0.058089 0.059542 -0.996534 -319.783844 -0.098089 0.993049 0.065053 7.421057 0.993480 0.101527 -0.051845 141.310379
-0.057138 0.061111 -0.996494 -320.738007 -0.097944 0.992967 0.066512 7.468338 0.993550 0.101400 -0.050751 141.256119
-0.055799 0.062480 -0.996485 -321.688629 -0.098246 0.992852 0.067754 7.515352 0.993596 0.101682 -0.049261 141.202103
-0.054438 0.062888 -0.996535 -322.635132 -0.097117 0.992949 0.067967 7.563517 0.993783 0.100480 -0.047946 141.152054
-0.053120 0.062839 -0.996609 -323.575562 -0.096130 0.993061 0.067739 7.611455 0.993950 0.099403 -0.046710 141.103531
-0.052226 0.061330 -0.996750 -324.511200 -0.097351 0.993045 0.066204 7.657485 0.993879 0.100491 -0.045891 141.050171
-0.051828 0.058559 -0.996938 -325.444183 -0.097295 0.993234 0.063400 7.708375 0.993905 0.100283 -0.045780 140.998032
-0.051540 0.058050 -0.996982 -326.374084 -0.096837 0.993314 0.062842 7.758180 0.993964 0.099784 -0.045573 140.948959
-0.051012 0.060297 -0.996876 -327.303314 -0.096484 0.993209 0.065012 7.804497 0.994026 0.099498 -0.044848 140.900955
-0.050348 0.062785 -0.996756 -328.226868 -0.097460 0.992949 0.067468 7.847019 0.993965 0.100540 -0.043874 140.851959
-0.049728 0.062295 -0.996818 -329.144623 -0.097332 0.992999 0.066913 7.890884 0.994008 0.100350 -0.043317 140.805191
-0.049333 0.061389 -0.996894 -330.057312 -0.096264 0.993170 0.065924 7.937180 0.994133 0.099217 -0.043085 140.760925
-0.048925 0.062928 -0.996817 -330.969971 -0.095481 0.993147 0.067384 7.983239 0.994228 0.098473 -0.042581 140.716766
-0.048474 0.064433 -0.996743 -331.878357 -0.095995 0.992996 0.068860 8.027712 0.994200 0.099019 -0.041949 140.670883
-0.048137 0.063566 -0.996816 -332.781525 -0.096384 0.993019 0.067980 8.072995 0.994179 0.099350 -0.041674 140.625900
-0.047894 0.062424 -0.996900 -333.677307 -0.096774 0.993059 0.066833 8.119371 0.994153 0.099674 -0.041520 140.582077
-0.047620 0.063222 -0.996863 -334.568420 -0.097038 0.992980 0.067611 8.165492 0.994140 0.099953 -0.041150 140.538849
-0.047219 0.065425 -0.996740 -335.450958 -0.097367 0.992798 0.069781 8.210175 0.994127 0.100345 -0.040508 140.496002
-0.046856 0.066399 -0.996692 -336.321655 -0.097909 0.992677 0.070736 8.257183 0.994091 0.100900 -0.040012 140.454727
-0.046544 0.066570 -0.996695 -337.182983 -0.097843 0.992675 0.070872 8.303418 0.994112 0.100818 -0.039689 140.414459
-0.046391 0.065305 -0.996786 -338.036285 -0.098008 0.992748 0.069602 8.347245 0.994103 0.100923 -0.039654 140.374115
-0.046272 0.062645 -0.996962 -338.883759 -0.097412 0.992992 0.066918 8.389161 0.994167 0.100213 -0.039845 140.334915
-0.046220 0.060578 -0.997093 -339.727142 -0.096799 0.993190 0.064829 8.430589 0.994230 0.099514 -0.040041 140.296097
-0.046506 0.060501 -0.997084 -340.570221 -0.096204 0.993252 0.064756 8.472724 0.994274 0.098936 -0.040373 140.256912
-0.047030 0.063337 -0.996883 -341.412628 -0.095648 0.993115 0.067611 8.515285 0.994304 0.098530 -0.040648 140.216995
-0.047847 0.066802 -0.996619 -342.252960 -0.095104 0.992923 0.071120 8.558490 0.994316 0.098185 -0.041154 140.176407
-0.048773 0.068721 -0.996443 -343.087830 -0.094487 0.992838 0.073098 8.602562 0.994330 0.097715 -0.041931 140.135223
-0.049851 0.069670 -0.996324 -343.919891 -0.094219 0.992787 0.074138 8.648785 0.994302 0.097568 -0.042928 140.092972
-0.050932 0.070125 -0.996237 -344.749115 -0.092582 0.992904 0.074624 8.696806 0.994401 0.096035 -0.044078 140.051819
-0.052798 0.070025 -0.996147 -345.574402 -0.092033 0.992951 0.074679 8.744226 0.994355 0.095621 -0.045980 140.008209
-0.055622 0.068700 -0.996085 -346.397217 -0.091341 0.993096 0.073595 8.790902 0.994264 0.095077 -0.048963 139.961487
-0.059006 0.065485 -0.996107 -347.222321 -0.091216 0.993317 0.070706 8.841096 0.994081 0.095033 -0.052638 139.905502
-0.062626 0.062899 -0.996053 -348.049469 -0.091998 0.993399 0.068516 8.891707 0.993787 0.095925 -0.056425 139.846939
-0.065491 0.063103 -0.995855 -348.879822 -0.093457 0.993223 0.069083 8.941088 0.993466 0.097594 -0.059149 139.787720
-0.067873 0.065055 -0.995570 -349.713806 -0.094729 0.992943 0.071342 8.989374 0.993186 0.099152 -0.061232 139.728943
-0.069630 0.067039 -0.995317 -350.549774 -0.094406 0.992818 0.073476 9.036487 0.993096 0.099080 -0.062800 139.671524
-0.071135 0.065263 -0.995329 -351.394867 -0.093582 0.993019 0.071800 9.088274 0.993067 0.098252 -0.064532 139.609787
-0.072507 0.063335 -0.995355 -352.246338 -0.093247 0.993179 0.069990 9.138207 0.992999 0.097888 -0.066107 139.542557
-0.073560 0.062938 -0.995303 -353.103790 -0.093305 0.993194 0.069702 9.187279 0.992916 0.097995 -0.067187 139.472092
-0.074524 0.063404 -0.995202 -353.964233 -0.092734 0.993211 0.070222 9.236421 0.992897 0.097523 -0.068138 139.403732
-0.075091 0.064945 -0.995059 -354.825714 -0.093209 0.993051 0.071849 9.285213 0.992810 0.098144 -0.068516 139.336563
-0.075666 0.065479 -0.994981 -355.687592 -0.095039 0.992825 0.072566 9.335350 0.992593 0.100053 -0.068900 139.268890
-0.076172 0.065759 -0.994924 -356.556671 -0.095618 0.992741 0.072935 9.387929 0.992499 0.100689 -0.069332 139.203079
-0.076879 0.065896 -0.994861 -357.429016 -0.096878 0.992598 0.073233 9.440389 0.992323 0.102009 -0.069925 139.136490
-0.077272 0.064962 -0.994892 -358.299805 -0.098674 0.992476 0.072469 9.491064 0.992115 0.103771 -0.070280 139.067688
-0.077847 0.063419 -0.994946 -359.171875 -0.100200 0.992423 0.071098 9.542240 0.991917 0.105228 -0.070901 138.998138
-0.078405 0.063221 -0.994915 -360.044189 -0.100778 0.992372 0.071002 9.593891 0.991815 0.105832 -0.071435 138.929138
-0.078887 0.064542 -0.994792 -360.918152 -0.102751 0.992060 0.072514 9.644196 0.991574 0.107936 -0.071628 138.857407
-0.080256 0.066626 -0.994545 -361.791046 -0.102878 0.991881 0.074751 9.691498 0.991450 0.108316 -0.072750 138.798355
-0.081654 0.069743 -0.994218 -362.668518 -0.101234 0.991808 0.077889 9.743229 0.991506 0.107008 -0.073925 138.734680
-0.082022 0.072524 -0.993988 -363.545502 -0.099340 0.991786 0.080561 9.794126 0.991667 0.105350 -0.074143 138.672256
-0.081901 0.073254 -0.993945 -364.413330 -0.099160 0.991747 0.081263 9.845804 0.991695 0.105215 -0.073961 138.600739
-0.082483 0.071216 -0.994045 -365.279175 -0.099697 0.991850 0.079332 9.896792 0.991593 0.105647 -0.074710 138.534088
-0.082568 0.067908 -0.994268 -366.137146 -0.100824 0.991987 0.076127 9.950747 0.991472 0.106531 -0.075059 138.460510
-0.081640 0.066991 -0.994408 -366.993530 -0.102785 0.991852 0.075258 10.004544 0.991348 0.108354 -0.074089 138.388153
-0.078903 0.068165 -0.994549 -367.848724 -0.104824 0.991561 0.076278 10.056742 0.991356 0.110271 -0.071091 138.318359
-0.075273 0.068615 -0.994799 -368.700226 -0.107803 0.991222 0.076526 10.105222 0.991318 0.113003 -0.067215 138.253128
-0.071088 0.066627 -0.995242 -369.547028 -0.109168 0.991253 0.074158 10.151874 0.991477 0.113920 -0.063193 138.192215
-0.066834 0.064626 -0.995669 -370.389679 -0.109652 0.991379 0.071709 10.198388 0.991720 0.113970 -0.059171 138.134888
-0.062632 0.063754 -0.995999 -371.227112 -0.110161 0.991418 0.070389 10.243453 0.991938 0.114129 -0.055071 138.079346
-0.058209 0.063800 -0.996264 -372.054291 -0.110065 0.991461 0.069923 10.286892 0.992218 0.113723 -0.050689 138.028183
-0.053764 0.063365 -0.996541 -372.866241 -0.109809 0.991556 0.068973 10.328218 0.992498 0.113137 -0.046352 137.983795
-0.049033 0.063775 -0.996759 -373.655457 -0.110616 0.991473 0.068878 10.368666 0.992653 0.113634 -0.041560 137.944107
-0.044415 0.065489 -0.996865 -374.430145 -0.110298 0.991426 0.070047 10.406222 0.992905 0.113063 -0.036811 137.910065
-0.038902 0.069260 -0.996840 -375.192474 -0.107085 0.991560 0.073073 10.442404 0.993488 0.109589 -0.031157 137.886063
-0.031839 0.069786 -0.997054 -375.938171 -0.108897 0.991378 0.072868 10.476624 0.993542 0.110897 -0.023965 137.863266
-0.021729 0.067343 -0.997493 -376.662476 -0.114264 0.991023 0.069396 10.503677 0.993212 0.115486 -0.013838 137.846451
-0.009965 0.064040 -0.997897 -377.339417 -0.114999 0.991252 0.064763 10.539746 0.993315 0.115403 -0.002513 137.853363
0.005198 0.061232 -0.998110 -378.012726 -0.114041 0.991648 0.060243 10.570102 0.993462 0.113512 0.012138 137.867416
0.023346 0.061657 -0.997825 -378.669525 -0.114211 0.991726 0.058609 10.595448 0.993182 0.112594 0.030195 137.891113
0.041843 0.062541 -0.997165 -379.304138 -0.114871 0.991721 0.057380 10.616899 0.992499 0.112144 0.048682 137.920807
0.060319 0.063622 -0.996149 -379.916504 -0.114152 0.991858 0.056436 10.637251 0.991630 0.110309 0.067091 137.962860
0.079602 0.065860 -0.994648 -380.511963 -0.111215 0.992171 0.056797 10.658346 0.990603 0.106099 0.086304 138.015457
0.099647 0.067817 -0.992709 -381.097504 -0.107023 0.992617 0.057068 10.679040 0.989250 0.100556 0.106170 138.074936
0.120457 0.068951 -0.990321 -381.672516 -0.103104 0.993058 0.056601 10.697942 0.987350 0.095288 0.126730 138.139603
0.142543 0.068739 -0.987399 -382.236359 -0.101432 0.993347 0.054510 10.714144 0.984577 0.092383 0.148568 138.207245
0.166524 0.066537 -0.983790 -382.784698 -0.101175 0.993607 0.050076 10.727983 0.980832 0.091196 0.172192 138.283417
0.192434 0.063278 -0.979267 -383.309845 -0.101798 0.993822 0.044215 10.741154 0.976015 0.091178 0.197687 138.372757
0.221055 0.059107 -0.973469 -383.780914 -0.100758 0.994204 0.037486 10.748941 0.970042 0.089799 0.225729 138.498230
0.253486 0.054313 -0.965813 -384.258118 -0.098429 0.994688 0.030105 10.756831 0.962318 0.087433 0.257486 138.624786
0.290120 0.050645 -0.955650 -384.690338 -0.094225 0.995257 0.024140 10.758667 0.952340 0.083043 0.293517 138.792236
0.328357 0.049111 -0.943276 -385.137085 -0.090800 0.995663 0.020232 10.759635 0.940179 0.079006 0.331393 138.959366
0.366937 0.048228 -0.928995 -385.540192 -0.089798 0.995828 0.016231 10.754502 0.925900 0.077467 0.369738 139.162582
0.405852 0.045952 -0.912783 -385.922638 -0.090965 0.995806 0.009687 10.743779 0.909400 0.079099 0.408330 139.383804
0.445053 0.042460 -0.894497 -386.314728 -0.090129 0.995927 0.002432 10.732970 0.890956 0.079538 0.447067 139.603561
0.482987 0.038403 -0.874785 -386.693634 -0.083913 0.996469 -0.002584 10.720655 0.871597 0.074654 0.484505 139.865875
0.519738 0.033895 -0.853653 -387.049164 -0.078481 0.996881 -0.008200 10.705337 0.850712 0.071258 0.520778 140.151169
0.555184 0.031651 -0.831125 -387.395752 -0.076712 0.996964 -0.013275 10.689675 0.828182 0.071127 0.555927 140.439484
0.589501 0.035310 -0.806996 -387.740540 -0.083044 0.996399 -0.017064 10.672300 0.803488 0.077074 0.590310 140.724838
0.622103 0.037892 -0.782018 -388.080627 -0.090041 0.995662 -0.023383 10.652175 0.777739 0.084961 0.622817 141.018173
0.653230 0.034827 -0.756358 -388.410950 -0.089070 0.995540 -0.031083 10.628348 0.751902 0.087672 0.653420 141.336090
0.683320 0.026508 -0.729638 -388.730865 -0.079164 0.996139 -0.037947 10.603209 0.725815 0.083690 0.682780 141.687027
0.713084 0.019432 -0.700810 -389.048492 -0.069409 0.996661 -0.042987 10.577804 0.697634 0.079296 0.712052 142.064377
0.743134 0.019853 -0.668848 -389.371674 -0.069065 0.996497 -0.047155 10.553425 0.665569 0.081235 0.741902 142.459427
0.773056 0.027440 -0.633743 -389.698730 -0.077713 0.995635 -0.051685 10.526004 0.629559 0.089205 0.771814 142.872162
0.802433 0.035687 -0.595674 -390.017426 -0.084334 0.994973 -0.053996 10.491693 0.590753 0.093564 0.801409 143.312378
0.830548 0.038488 -0.555615 -390.316864 -0.083708 0.994903 -0.056210 10.452119 0.550620 0.093195 0.829537 143.783264
0.856899 0.037881 -0.514091 -390.598389 -0.080402 0.994912 -0.060705 10.411249 0.509175 0.093352 0.855585 144.279617
0.881612 0.036361 -0.470571 -390.864197 -0.076781 0.994796 -0.066978 10.369696 0.465686 0.095179 0.879816 144.797714
0.904115 0.036375 -0.425739 -391.116547 -0.074230 0.994591 -0.072658 10.324384 0.420793 0.097293 0.901924 145.338303
0.923521 0.036170 -0.381839 -391.352783 -0.070263 0.994650 -0.075716 10.273885 0.377057 0.096753 0.921122 145.902191
0.939645 0.035700 -0.340282 -391.573944 -0.066334 0.994679 -0.078816 10.220498 0.335658 0.096630 0.937014 146.485947
0.952952 0.035981 -0.300975 -391.782410 -0.063329 0.994651 -0.081604 10.165069 0.296429 0.096825 0.950133 147.088837
0.963609 0.036547 -0.264803 -391.977722 -0.060639 0.994670 -0.083379 10.108058 0.260344 0.096402 0.960691 147.710709
0.971991 0.036737 -0.232127 -392.159851 -0.057696 0.994781 -0.084152 10.048789 0.227824 0.095187 0.969038 148.351395
0.978616 0.037524 -0.202244 -392.330353 -0.055507 0.994919 -0.083986 9.986754 0.198064 0.093416 0.975727 149.009644
0.983851 0.038413 -0.174820 -392.489502 -0.053630 0.995091 -0.083166 9.923114 0.170766 0.091198 0.981081 149.684143
0.987927 0.039199 -0.149876 -392.637512 -0.052003 0.995234 -0.082482 9.859086 0.145927 0.089280 0.985258 150.375824
0.990630 0.039089 -0.130858 -392.734497 -0.050376 0.995185 -0.084070 9.791173 0.126942 0.089874 0.987830 151.161362
0.992895 0.039087 -0.112386 -392.817230 -0.048827 0.995161 -0.085252 9.722611 0.108510 0.090134 0.990000 151.970306
0.994573 0.038321 -0.096729 -392.894501 -0.046854 0.995059 -0.087526 9.652778 0.092897 0.091582 0.991455 152.790543
0.995879 0.036172 -0.083168 -392.963013 -0.043625 0.995021 -0.089597 9.581489 0.079513 0.092855 0.992499 153.624680
0.996810 0.034395 -0.072021 -393.025848 -0.040870 0.995062 -0.090441 9.507651 0.068555 0.093095 0.993294 154.474091
0.997396 0.033089 -0.064081 -393.089355 -0.038810 0.995168 -0.090186 9.426705 0.060786 0.092437 0.993861 155.346375
0.997766 0.031407 -0.058968 -393.149902 -0.036704 0.995175 -0.090983 9.342742 0.055826 0.092944 0.994105 156.237213
0.997994 0.028547 -0.056510 -393.208313 -0.033743 0.995073 -0.093229 9.256038 0.053569 0.094948 0.994039 157.141220
0.998108 0.026622 -0.055416 -393.267975 -0.031857 0.994889 -0.095815 9.166333 0.052582 0.097399 0.993855 158.057068
0.998184 0.025654 -0.054497 -393.329010 -0.030925 0.994687 -0.098189 9.073234 0.051688 0.099696 0.993674 158.985031
0.998239 0.025364 -0.053629 -393.390717 -0.030650 0.994500 -0.100145 8.976073 0.050793 0.101611 0.993526 159.922852
0.998292 0.024463 -0.053058 -393.451416 -0.029725 0.994465 -0.100763 8.875987 0.050299 0.102168 0.993494 160.870789
0.998328 0.023343 -0.052871 -393.511749 -0.028553 0.994577 -0.100003 8.774680 0.050250 0.101345 0.993581 161.828094
0.998367 0.021935 -0.052744 -393.572144 -0.026986 0.994914 -0.097040 8.671403 0.050347 0.098304 0.993882 162.796997
0.998414 0.019890 -0.052674 -393.631836 -0.024775 0.995287 -0.093751 8.568801 0.050560 0.094907 0.994201 163.772552
0.998446 0.017742 -0.052831 -393.691437 -0.022513 0.995584 -0.091121 8.466065 0.050981 0.092169 0.994437 164.751938
0.998459 0.016024 -0.053132 -393.751556 -0.020730 0.995793 -0.089243 8.362987 0.051478 0.090206 0.994591 165.735153
0.998466 0.014051 -0.053554 -393.811157 -0.018823 0.995794 -0.089662 8.258412 0.052068 0.090532 0.994531 166.717514
0.998458 0.013426 -0.053857 -393.872345 -0.018350 0.995590 -0.091989 8.152669 0.052384 0.092835 0.994302 167.701630
0.998462 0.013914 -0.053678 -393.935059 -0.018907 0.995426 -0.093644 8.046578 0.052129 0.094515 0.994157 168.686432
0.998465 0.015540 -0.053171 -393.998810 -0.020460 0.995430 -0.093267 7.938478 0.051478 0.094211 0.994220 169.673950
0.998469 0.017020 -0.052635 -394.061890 -0.021857 0.995450 -0.092740 7.829610 0.050816 0.093749 0.994298 170.659348
0.998494 0.017126 -0.052115 -394.122498 -0.021937 0.995408 -0.093170 7.720541 0.050280 0.094173 0.994285 171.643799
0.998524 0.016938 -0.051605 -394.181793 -0.021686 0.995440 -0.092887 7.610961 0.049796 0.093869 0.994338 172.627823
0.998548 0.017239 -0.051039 -394.240753 -0.021861 0.995571 -0.091423 7.501747 0.049236 0.092405 0.994503 173.610092
0.998564 0.017787 -0.050543 -394.299164 -0.022233 0.995800 -0.088806 7.393466 0.048751 0.089803 0.994766 174.593140
0.998565 0.017214 -0.050708 -394.345062 -0.021569 0.996009 -0.086610 7.291967 0.049015 0.087579 0.994951 175.558456
0.998562 0.017260 -0.050742 -394.397552 -0.021534 0.996155 -0.084913 7.187150 0.049081 0.085884 0.995095 176.516602
0.998472 0.018995 -0.051882 -394.449432 -0.023364 0.996112 -0.084937 7.083763 0.050067 0.086019 0.995034 177.464172
0.998433 0.020153 -0.052196 -394.500000 -0.024533 0.996107 -0.084664 6.981607 0.050287 0.085812 0.995041 178.409256
0.998432 0.020840 -0.051952 -394.551636 -0.025129 0.996208 -0.083285 6.880704 0.050019 0.084460 0.995170 179.358429
0.998430 0.021893 -0.051552 -394.604095 -0.025993 0.996436 -0.080238 6.781862 0.049611 0.081453 0.995442 180.301682
0.998412 0.023781 -0.051073 -394.657562 -0.027665 0.996668 -0.076726 6.686065 0.049078 0.078017 0.995743 181.234024
0.998402 0.025251 -0.050560 -394.710480 -0.029003 0.996769 -0.074903 6.592056 0.048505 0.076249 0.995908 182.149750
0.998428 0.026548 -0.049373 -394.761566 -0.030284 0.996608 -0.076518 6.498512 0.047174 0.077893 0.995844 183.047104
0.998507 0.027682 -0.047101 -394.809601 -0.031516 0.996078 -0.082669 6.404918 0.044628 0.084029 0.995463 183.922089
0.998619 0.028314 -0.044259 -394.853821 -0.032209 0.995429 -0.089906 6.311883 0.041510 0.091207 0.994966 184.776840
0.998745 0.028477 -0.041187 -394.893921 -0.032202 0.995165 -0.092777 6.220890 0.038346 0.093987 0.994834 185.616760
0.998871 0.029266 -0.037427 -394.930725 -0.032543 0.995396 -0.090141 6.130449 0.034617 0.091256 0.995225 186.442764
0.998995 0.031451 -0.031933 -394.962433 -0.034057 0.995831 -0.084618 6.042007 0.029139 0.085621 0.995901 187.229996
0.999189 0.032203 -0.024139 -394.986664 -0.034085 0.996044 -0.082053 5.955348 0.021401 0.082810 0.996335 188.009293
0.999375 0.032960 -0.012772 -395.000977 -0.033892 0.996114 -0.081283 5.872545 0.010042 0.081666 0.996608 188.768845
0.999439 0.033336 0.003051 -395.002991 -0.032987 0.996247 -0.080010 5.792781 -0.005707 0.079864 0.996789 189.512299
0.999206 0.033141 0.022128 -394.990540 -0.031333 0.996494 -0.077573 5.715187 -0.024622 0.076818 0.996741 190.243286
0.998490 0.032052 0.044609 -394.961243 -0.028624 0.996735 -0.075490 5.638708 -0.046883 0.074100 0.996148 190.965729
0.996919 0.031403 0.071879 -394.913727 -0.025970 0.996820 -0.075328 5.562463 -0.074016 0.073229 0.994564 191.678299
0.994058 0.030479 0.104493 -394.826691 -0.022384 0.996717 -0.077799 5.491106 -0.106521 0.074998 0.991477 192.357407
0.989370 0.031032 0.142072 -394.727509 -0.019459 0.996430 -0.082139 5.418905 -0.144114 0.078501 0.986442 193.045685
0.982464 0.031438 0.183782 -394.583160 -0.015640 0.996104 -0.086787 5.349895 -0.185794 0.082391 0.979128 193.706833
0.972854 0.032263 0.229156 -394.407196 -0.011764 0.995847 -0.090271 5.278429 -0.231117 0.085124 0.969195 194.358353
0.960291 0.031543 0.277210 -394.212036 -0.006104 0.995725 -0.092159 5.202739 -0.278931 0.086807 0.956379 195.009048
0.945016 0.030357 0.325612 -393.972809 0.000747 0.995478 -0.094982 5.128807 -0.327023 0.090002 0.940720 195.636185
0.927311 0.028097 0.373235 -393.715179 0.008414 0.995361 -0.095837 5.053611 -0.374197 0.092011 0.922773 196.255844
0.907290 0.027302 0.419619 -393.435974 0.013884 0.995401 -0.094784 4.977741 -0.420278 0.091823 0.902738 196.863663
0.885072 0.026284 0.464711 -393.139130 0.019076 0.995516 -0.092641 4.901996 -0.465062 0.090859 0.880602 197.459381
0.860605 0.025619 0.508627 -392.825500 0.024012 0.995581 -0.090777 4.826684 -0.508706 0.090337 0.856187 198.042221
0.833666 0.028703 0.551522 -392.489532 0.026984 0.995338 -0.092591 4.751007 -0.551609 0.092072 0.829005 198.607147
0.804053 0.032109 0.593689 -392.130219 0.032431 0.994684 -0.097722 4.674585 -0.593673 0.097828 0.798738 199.152863
0.771796 0.036493 0.634822 -391.707581 0.036919 0.994095 -0.102033 4.599414 -0.634797 0.102185 0.765892 199.664780
0.737111 0.039812 0.674598 -391.245911 0.041729 0.993676 -0.104240 4.525814 -0.674482 0.104986 0.730788 200.154007
0.700359 0.039255 0.712710 -390.783234 0.049044 0.993480 -0.102915 4.452760 -0.712104 0.107032 0.693867 200.639420
0.662161 0.036413 0.748477 -390.258453 0.054725 0.993801 -0.096764 4.378269 -0.747361 0.105033 0.656063 201.090286
0.623155 0.034781 0.781324 -389.617950 0.059974 0.993944 -0.092080 4.302009 -0.779795 0.104240 0.617295 201.467178
0.583252 0.034485 0.811559 -389.048309 0.063749 0.994072 -0.088058 4.226093 -0.809786 0.103096 0.577597 201.871582
0.544097 0.034733 0.838303 -388.460602 0.068245 0.993999 -0.085479 4.153171 -0.836243 0.103719 0.538461 202.258041
0.506295 0.036139 0.861602 -387.856964 0.072602 0.993788 -0.084347 4.082441 -0.859298 0.105259 0.500526 202.628433
0.469434 0.035550 0.882251 -387.235107 0.078734 0.993523 -0.081928 4.013013 -0.879450 0.107923 0.463594 202.980453
0.434251 0.036012 0.900072 -386.583160 0.080627 0.993635 -0.078656 3.942789 -0.897176 0.106726 0.428584 203.284531
0.399105 0.037059 0.916157 -385.921844 0.082233 0.993709 -0.076020 3.872049 -0.913211 0.105677 0.393546 203.580109
0.365190 0.037598 0.930174 -385.252869 0.085194 0.993641 -0.073612 3.802326 -0.927027 0.106128 0.359663 203.866013
0.333635 0.039871 0.941859 -384.575104 0.090739 0.993107 -0.074184 3.735483 -0.938325 0.110214 0.327716 204.139359
0.303898 0.040180 0.951856 -383.870361 0.096793 0.992638 -0.072805 3.669588 -0.947775 0.114258 0.297770 204.400055
0.279403 0.035893 0.959503 -383.112854 0.098703 0.992933 -0.065886 3.593521 -0.955087 0.113114 0.273886 204.613876
0.257124 0.033212 0.965807 -382.336670 0.102363 0.992851 -0.061395 3.527679 -0.960941 0.114648 0.251886 204.808472
0.236812 0.032951 0.970997 -381.540039 0.105410 0.992653 -0.059394 3.471656 -0.965821 0.116418 0.231598 204.996536
0.218656 0.035195 0.975167 -380.733887 0.108787 0.992240 -0.060205 3.417764 -0.969719 0.119250 0.213130 205.170761
0.202254 0.037628 0.978610 -379.907532 0.111073 0.991932 -0.061096 3.365476 -0.973013 0.121055 0.196443 205.343597
0.188096 0.037681 0.981428 -379.064484 0.113022 0.991794 -0.059741 3.303796 -0.975626 0.122160 0.182294 205.504440
0.175718 0.036252 0.983773 -378.188354 0.114203 0.991824 -0.056948 3.239570 -0.977794 0.122357 0.170141 205.664276
0.160765 0.035460 0.986356 -377.298401 0.118259 0.991462 -0.054919 3.164005 -0.979882 0.125475 0.155199 205.911194
0.151878 0.033710 0.987824 -376.399048 0.118347 0.991607 -0.052036 3.101888 -0.981288 0.124808 0.146614 206.075470
0.144584 0.032048 0.988974 -375.484222 0.119323 0.991616 -0.049580 3.041126 -0.982271 0.125176 0.139548 206.234772
0.139268 0.030305 0.989791 -374.558533 0.121399 0.991469 -0.047438 2.980117 -0.982785 0.126766 0.134400 206.388702
0.135503 0.030108 0.990319 -373.621094 0.124073 0.991154 -0.047111 2.919347 -0.982978 0.129255 0.130568 206.540192
0.132295 0.030797 0.990732 -372.674713 0.125797 0.990913 -0.047601 2.858484 -0.983195 0.130928 0.127219 206.690155
0.128760 0.030541 0.991205 -371.716003 0.126867 0.990805 -0.047010 2.797855 -0.983527 0.131804 0.123701 206.839264
0.125055 0.029216 0.991720 -370.747467 0.126772 0.990902 -0.045178 2.735816 -0.984017 0.131371 0.120213 206.987762
0.120946 0.028326 0.992255 -369.770752 0.126128 0.991052 -0.043667 2.673345 -0.984613 0.130433 0.116291 207.134232
0.116534 0.029345 0.992753 -368.786835 0.124732 0.991217 -0.043942 2.612201 -0.985323 0.128949 0.111851 207.278625
0.111837 0.031249 0.993235 -367.793976 0.122161 0.991491 -0.044951 2.562133 -0.986188 0.126362 0.107068 207.428650
0.106993 0.032036 0.993744 -366.808533 0.119296 0.991846 -0.044820 2.488605 -0.987077 0.123345 0.102297 207.550354
0.102450 0.034119 0.994152 -365.819855 0.117084 0.992050 -0.046113 2.405006 -0.987824 0.121123 0.097640 207.663162
0.098153 0.034072 0.994588 -364.816895 0.115666 0.992249 -0.045408 2.339441 -0.988426 0.119498 0.093450 207.766449
0.093120 0.033743 0.995082 -363.802490 0.114409 0.992442 -0.044360 2.280254 -0.989060 0.117977 0.088556 207.879089
0.087407 0.033387 0.995613 -362.777374 0.113565 0.992588 -0.043255 2.222986 -0.989678 0.116847 0.082968 208.005753
0.082723 0.032872 0.996030 -361.746246 0.112558 0.992752 -0.042113 2.165407 -0.990196 0.115595 0.078424 208.133438
0.078170 0.032150 0.996421 -360.710358 0.111587 0.992917 -0.040792 2.104480 -0.990675 0.114376 0.074029 208.254242
0.073975 0.030406 0.996796 -359.672333 0.111770 0.992984 -0.038585 2.042861 -0.990977 0.114266 0.070057 208.365158
0.070000 0.028081 0.997152 -358.630005 0.112723 0.992978 -0.035878 1.982086 -0.991158 0.114913 0.066342 208.467850
0.066298 0.026399 0.997450 -357.587280 0.113066 0.993012 -0.033797 1.921745 -0.991373 0.115018 0.062849 208.565598
0.061190 0.029409 0.997693 -356.583771 0.111690 0.993086 -0.036124 1.862689 -0.991857 0.113643 0.057481 208.653214
0.058367 0.033285 0.997740 -355.586487 0.110795 0.993053 -0.039611 1.803131 -0.992127 0.112857 0.054273 208.735199
0.055615 0.037698 0.997740 -354.585052 0.109320 0.993049 -0.043614 1.742326 -0.992449 0.111498 0.051107 208.817734
0.051872 0.038196 0.997923 -353.548706 0.106323 0.993377 -0.043551 1.672725 -0.992977 0.108361 0.047466 208.901184
0.049049 0.037909 0.998076 -352.487915 0.103289 0.993728 -0.042821 1.597383 -0.993441 0.105190 0.044826 208.986893
0.045867 0.035070 0.998332 -351.424500 0.100777 0.994122 -0.039553 1.525058 -0.993851 0.102423 0.042062 209.069107
0.042600 0.032688 0.998558 -350.356049 0.100470 0.994258 -0.036834 1.468030 -0.994028 0.101893 0.039070 209.143112
0.038444 0.033263 0.998707 -349.319366 0.098300 0.994472 -0.036906 1.411630 -0.994413 0.099592 0.034961 209.211304
0.029942 0.036127 0.998898 -348.275116 0.101009 0.994121 -0.038983 1.381677 -0.994434 0.102065 0.026115 209.315735
0.025477 0.036513 0.999008 -347.233215 0.097423 0.994484 -0.038833 1.325401 -0.994917 0.098315 0.021779 209.367798
0.020783 0.035238 0.999163 -346.192719 0.093944 0.994888 -0.037042 1.245489 -0.995360 0.094635 0.017365 209.399979
0.015504 0.035296 0.999257 -345.149597 0.093103 0.994983 -0.036591 1.176027 -0.995536 0.093600 0.012140 209.435883
0.009631 0.035000 0.999341 -344.108276 0.093999 0.994930 -0.035752 1.115564 -0.995526 0.094281 0.006292 209.469101
0.003362 0.033051 0.999448 -343.065643 0.094855 0.994936 -0.033223 1.058450 -0.995485 0.094914 0.000210 209.497299
-0.002797 0.030034 0.999545 -342.023468 0.096409 0.994901 -0.029625 1.003061 -0.995338 0.096282 -0.005679 209.519409
-0.008403 0.028936 0.999546 -340.984192 0.099193 0.994674 -0.027962 0.948221 -0.995032 0.098912 -0.011229 209.534149
-0.013071 0.032176 0.999397 -339.950012 0.103721 0.994133 -0.030650 0.894378 -0.994520 0.103257 -0.016333 209.541809
-0.015636 0.035278 0.999255 -338.927307 0.108035 0.993585 -0.033389 0.847986 -0.994024 0.107433 -0.019347 209.519135
-0.017423 0.033177 0.999298 -337.900726 0.109369 0.993515 -0.031078 0.802917 -0.993848 0.108751 -0.020939 209.495361
-0.017659 0.028024 0.999451 -336.877045 0.112909 0.993268 -0.025857 0.750762 -0.993448 0.112391 -0.020705 209.473160
-0.017807 0.023016 0.999576 -335.855042 0.115675 0.993068 -0.020806 0.697975 -0.993127 0.115255 -0.020346 209.455200
-0.016527 0.026355 0.999515 -334.837494 0.119376 0.992554 -0.024198 0.650489 -0.992711 0.118918 -0.019551 209.448593
-0.014052 0.031335 0.999410 -333.822449 0.122617 0.992019 -0.029379 0.605651 -0.992354 0.122132 -0.017782 209.443359
-0.008740 0.036251 0.999305 -332.814911 0.130207 0.990875 -0.034808 0.554397 -0.991448 0.129813 -0.013380 209.426758
-0.002194 0.037738 0.999285 -331.788574 0.135180 0.990126 -0.037096 0.504987 -0.990818 0.135002 -0.007275 209.410416
0.003311 0.037715 0.999283 -330.752655 0.137671 0.989755 -0.037812 0.454301 -0.990472 0.137697 -0.001915 209.408112
0.008035 0.035949 0.999321 -329.716980 0.138786 0.989641 -0.036718 0.400867 -0.990289 0.138987 0.002963 209.421677
0.013395 0.033876 0.999336 -328.686432 0.138586 0.989717 -0.035409 0.343553 -0.990260 0.138968 0.008563 209.447815
0.020749 0.035936 0.999138 -327.663727 0.137833 0.989708 -0.038461 0.298793 -0.990238 0.138511 0.015582 209.467789
0.028280 0.038868 0.998844 -326.643585 0.140098 0.989226 -0.042462 0.256107 -0.989733 0.141137 0.022530 209.490646
0.035892 0.036986 0.998671 -325.626923 0.141295 0.989087 -0.041709 0.195644 -0.989317 0.142604 0.030275 209.522919
0.043232 0.034018 0.998486 -324.611572 0.142770 0.988952 -0.039877 0.122716 -0.988811 0.144278 0.037898 209.567398
0.050245 0.034356 0.998146 -323.599731 0.144459 0.988648 -0.041302 0.044317 -0.988234 0.146266 0.044711 209.628754
0.057669 0.036379 0.997672 -322.565002 0.144402 0.988522 -0.044393 -0.016388 -0.987837 0.146627 0.051754 209.704376
0.065435 0.038213 0.997124 -321.534760 0.144475 0.988374 -0.047360 -0.077883 -0.987342 0.147158 0.059152 209.791702
0.072734 0.036794 0.996672 -320.510101 0.144770 0.988345 -0.047052 -0.143036 -0.986788 0.147711 0.066559 209.869400
0.079287 0.034369 0.996259 -319.483276 0.144414 0.988466 -0.045593 -0.209504 -0.986335 0.147489 0.073409 209.953964
0.084941 0.033081 0.995837 -318.457153 0.143012 0.988695 -0.045042 -0.275839 -0.986069 0.146243 0.079250 210.045502
0.089140 0.032837 0.995477 -317.430328 0.141374 0.988920 -0.045282 -0.342003 -0.985935 0.144770 0.083510 210.141510
0.092729 0.034374 0.995098 -316.406342 0.139046 0.989163 -0.047126 -0.404587 -0.985935 0.142735 0.086944 210.225784
0.095037 0.036104 0.994819 -315.382080 0.137852 0.989236 -0.049071 -0.466822 -0.985883 0.141801 0.089037 210.311142
0.097215 0.035994 0.994612 -314.353149 0.137658 0.989254 -0.049256 -0.530713 -0.985697 0.141705 0.091214 210.405365
0.099414 0.032267 0.994523 -313.323090 0.136149 0.989632 -0.045719 -0.591141 -0.985688 0.139948 0.093989 210.508621
0.101030 0.027745 0.994497 -312.290985 0.135214 0.989953 -0.041356 -0.651618 -0.985652 0.138648 0.096263 210.615417
0.102325 0.025242 0.994431 -311.258087 0.134017 0.990213 -0.038926 -0.711890 -0.985682 0.137254 0.097941 210.724365
0.102912 0.024204 0.994396 -310.226135 0.133011 0.990390 -0.037873 -0.771599 -0.985757 0.136163 0.098702 210.833466
0.103491 0.024870 0.994319 -309.197510 0.131112 0.990622 -0.038424 -0.832274 -0.985951 0.134343 0.099259 210.943253
0.104123 0.026068 0.994222 -308.170959 0.129573 0.990781 -0.039549 -0.892458 -0.986088 0.132942 0.099785 211.052704
0.104871 0.026874 0.994123 -307.144653 0.128375 0.990905 -0.040330 -0.952012 -0.986165 0.131849 0.100467 211.161942
0.104759 0.026811 0.994136 -306.120789 0.126024 0.991219 -0.040013 -1.012787 -0.986480 0.129476 0.100460 211.272064
0.103569 0.027059 0.994254 -305.097717 0.123251 0.991575 -0.039825 -1.073420 -0.986956 0.126667 0.099362 211.381790
0.100683 0.027678 0.994534 -304.091797 0.120886 0.991866 -0.039843 -1.128359 -0.987547 0.124236 0.096519 211.497467
0.098180 0.026947 0.994804 -303.086365 0.118703 0.992178 -0.038593 -1.182702 -0.988064 0.121875 0.094214 211.612228
0.095820 0.026439 0.995047 -302.081360 0.118123 0.992281 -0.037742 -1.237309 -0.988365 0.121154 0.091957 211.718033
0.094180 0.026271 0.995208 -301.075226 0.118300 0.992273 -0.037390 -1.292761 -0.988501 0.121254 0.090345 211.818024
0.093468 0.026383 0.995273 -300.071106 0.118623 0.992233 -0.037444 -1.348750 -0.988530 0.121562 0.089611 211.914062
0.093375 0.027009 0.995265 -299.071167 0.118458 0.992229 -0.038042 -1.405848 -0.988558 0.121450 0.089449 212.008087
0.093297 0.027786 0.995250 -298.076935 0.117987 0.992258 -0.038764 -1.463604 -0.988622 0.121043 0.089295 212.101013
0.093110 0.028302 0.995253 -297.088837 0.117392 0.992311 -0.039202 -1.521052 -0.988711 0.120485 0.089071 212.192963
0.092799 0.028448 0.995279 -296.117950 0.115086 0.992585 -0.039102 -1.570864 -0.989011 0.118172 0.088836 212.284775
0.091720 0.028366 0.995381 -295.149567 0.114402 0.992675 -0.038832 -1.653622 -0.989191 0.117434 0.087802 212.376068
0.091139 0.031253 0.995347 -294.181732 0.115761 0.992398 -0.041761 -1.718014 -0.989087 0.119029 0.086828 212.457825
0.089703 0.034274 0.995379 -293.208130 0.116321 0.992207 -0.044649 -1.759608 -0.989152 0.119789 0.085018 212.530899
0.087528 0.035527 0.995528 -292.251801 0.114730 0.992354 -0.045502 -1.820157 -0.989533 0.118199 0.082782 212.614609
0.085411 0.035733 0.995704 -291.302765 0.113589 0.992492 -0.045362 -1.881890 -0.989849 0.116974 0.080710 212.694992
0.083066 0.035626 0.995907 -290.359924 0.113389 0.992532 -0.044963 -1.942730 -0.990072 0.116660 0.078407 212.770096
0.080463 0.035339 0.996131 -289.422546 0.113014 0.992603 -0.044344 -2.003150 -0.990330 0.116145 0.075874 212.842804
0.077949 0.034524 0.996360 -288.493927 0.112976 0.992656 -0.043235 -2.062268 -0.990535 0.115934 0.073476 212.912460
0.075602 0.033229 0.996584 -287.572906 0.113030 0.992717 -0.041676 -2.120051 -0.990711 0.115795 0.071296 212.978729
0.073079 0.032890 0.996784 -286.662109 0.113041 0.992742 -0.041046 -2.177363 -0.990899 0.115677 0.068831 213.041519
0.071080 0.034686 0.996868 -285.768921 0.113994 0.992564 -0.042666 -2.231045 -0.990935 0.116670 0.066597 213.090179
0.068248 0.036444 0.997002 -284.880737 0.115056 0.992376 -0.044153 -2.282868 -0.991011 0.117724 0.063535 213.134598
0.065416 0.038081 0.997131 -283.996124 0.115620 0.992251 -0.045480 -2.336066 -0.991137 0.118264 0.060505 213.180908
0.062983 0.038345 0.997278 -283.112793 0.116507 0.992146 -0.045507 -2.390444 -0.991190 0.119056 0.058021 213.227478
0.060911 0.036879 0.997461 -282.234253 0.117195 0.992140 -0.043840 -2.444109 -0.991239 0.119568 0.056110 213.274628
0.059136 0.034583 0.997651 -281.363617 0.118099 0.992138 -0.041393 -2.497817 -0.991239 0.120269 0.054587 213.320480
0.057864 0.032400 0.997798 -280.503235 0.118313 0.992207 -0.039081 -2.551022 -0.991289 0.120315 0.053579 213.365433
0.056943 0.032624 0.997844 -279.658569 0.117767 0.992268 -0.039162 -2.602574 -0.991407 0.119744 0.052660 213.409958
0.056328 0.033454 0.997851 -278.827789 0.117695 0.992247 -0.039911 -2.652855 -0.991451 0.119689 0.051953 213.452103
0.055620 0.032460 0.997925 -278.024445 0.118105 0.992240 -0.038859 -2.711848 -0.991442 0.120021 0.051354 213.497101
0.055273 0.033017 0.997925 -277.236511 0.118398 0.992184 -0.039385 -2.773137 -0.991426 0.120329 0.050931 213.542252
0.055243 0.033033 0.997926 -276.452667 0.118583 0.992161 -0.039407 -2.830668 -0.991406 0.120513 0.050892 213.584869
0.054784 0.030169 0.998042 -275.675323 0.118397 0.992295 -0.036496 -2.882988 -0.991453 0.120164 0.050790 213.636490
0.055298 0.028433 0.998065 -274.906891 0.119093 0.992270 -0.034868 -2.919114 -0.991342 0.120791 0.051484 213.679749
0.056006 0.025890 0.998094 -274.142303 0.119906 0.992254 -0.032469 -2.948739 -0.991204 0.121496 0.052467 213.716217
0.057234 0.024870 0.998051 -273.376892 0.121227 0.992119 -0.031675 -2.986571 -0.990973 0.122803 0.053767 213.737808
0.058198 0.024761 0.997998 -272.626801 0.122363 0.991978 -0.031748 -3.033179 -0.990778 0.123964 0.054700 213.764175
0.058970 0.024878 0.997950 -271.889893 0.123295 0.991853 -0.032013 -3.071347 -0.990616 0.124930 0.055422 213.800217
0.059840 0.026344 0.997861 -271.191498 0.123966 0.991716 -0.033617 -3.113726 -0.990480 0.125713 0.056079 213.833023
0.060631 0.026930 0.997797 -270.462921 0.123886 0.991703 -0.034295 -3.145585 -0.990442 0.125693 0.056791 213.874863
0.061325 0.027272 0.997745 -269.765381 0.123916 0.991685 -0.034724 -3.182496 -0.990396 0.125765 0.057435 213.913147
0.062115 0.026949 0.997705 -269.077942 0.124440 0.991625 -0.034533 -3.215155 -0.990281 0.126299 0.058241 213.947617
0.063260 0.027238 0.997625 -268.427338 0.126794 0.991307 -0.035106 -3.207896 -0.989910 0.128714 0.059256 213.945969
0.064053 0.026963 0.997582 -267.777985 0.127670 0.991198 -0.034990 -3.214606 -0.989746 0.129602 0.060046 213.956696
0.064804 0.027214 0.997527 -267.113251 0.127795 0.991170 -0.035343 -3.269110 -0.989681 0.129769 0.060753 214.013092
0.065502 0.026999 0.997487 -266.467072 0.127303 0.991239 -0.035190 -3.304032 -0.989698 0.129288 0.061491 214.051804
0.066225 0.027406 0.997428 -265.821259 0.127130 0.991244 -0.035678 -3.350020 -0.989672 0.129165 0.062161 214.095764
0.067033 0.027859 0.997361 -265.196838 0.126970 0.991244 -0.036223 -3.380084 -0.989639 0.129064 0.062909 214.128220
0.067755 0.027646 0.997319 -264.577820 0.126620 0.991294 -0.036082 -3.411816 -0.989634 0.128726 0.063665 214.161972
0.068398 0.027419 0.997281 -263.966919 0.126467 0.991320 -0.035930 -3.444127 -0.989610 0.128581 0.064336 214.196136
0.069107 0.027709 0.997225 -263.365387 0.126674 0.991279 -0.036323 -3.477883 -0.989534 0.128832 0.064993 214.230820
0.069863 0.027827 0.997168 -262.773590 0.126525 0.991291 -0.036529 -3.511828 -0.989500 0.128718 0.065733 214.266586
0.070337 0.027672 0.997139 -262.189240 0.126569 0.991287 -0.036440 -3.539109 -0.989460 0.128770 0.066221 214.296951
0.070739 0.027376 0.997119 -261.608673 0.126286 0.991333 -0.036177 -3.565922 -0.989469 0.128481 0.066668 214.327362
0.070937 0.026690 0.997124 -261.030945 0.125968 0.991399 -0.035499 -3.592547 -0.989495 0.128123 0.066964 214.357300
0.071068 0.026054 0.997131 -260.457825 0.125474 0.991484 -0.034850 -3.618990 -0.989548 0.127590 0.067193 214.386963
0.071210 0.025774 0.997128 -259.886902 0.125489 0.991491 -0.034590 -3.644923 -0.989536 0.127592 0.067369 214.415710
0.071471 0.025745 0.997110 -259.326569 0.125579 0.991480 -0.034602 -3.673625 -0.989506 0.127689 0.067628 214.447495
0.071673 0.025776 0.997095 -258.762634 0.125893 0.991437 -0.034680 -3.699255 -0.989451 0.128013 0.067813 214.476105
0.071748 0.026052 0.997082 -258.199554 0.125914 0.991424 -0.034966 -3.725430 -0.989443 0.128054 0.067853 214.504715
0.071817 0.026800 0.997058 -257.638733 0.125701 0.991425 -0.035704 -3.752083 -0.989464 0.127895 0.067832 214.533279
0.072096 0.028130 0.997001 -257.079681 0.125754 0.991369 -0.037065 -3.778883 -0.989438 0.128049 0.067936 214.561203
0.072456 0.029696 0.996929 -256.521667 0.126520 0.991208 -0.038722 -3.805478 -0.989313 0.128938 0.068062 214.588150
0.072606 0.031114 0.996875 -255.963867 0.127237 0.991057 -0.040201 -3.831677 -0.989211 0.129757 0.067998 214.615036
0.072882 0.031754 0.996835 -255.406937 0.127082 0.991049 -0.040863 -3.858077 -0.989210 0.129658 0.068194 214.642883
0.073257 0.030952 0.996833 -254.849594 0.126502 0.991156 -0.040073 -3.884100 -0.989258 0.129037 0.068693 214.671310
0.073511 0.029461 0.996859 -254.292282 0.126398 0.991227 -0.038617 -3.910111 -0.989251 0.128840 0.069143 214.698944
0.073931 0.028441 0.996858 -253.737198 0.126818 0.991210 -0.037686 -3.936169 -0.989167 0.129206 0.069673 214.725754
0.074576 0.028000 0.996822 -253.183609 0.127243 0.991167 -0.037362 -3.962143 -0.989064 0.129625 0.070355 214.752747
0.074493 0.028302 0.996819 -252.653503 0.126070 0.991309 -0.037567 -3.993304 -0.989220 0.128468 0.070278 214.797958
0.075289 0.029497 0.996725 -252.119949 0.125278 0.991363 -0.038802 -4.019881 -0.989261 0.127789 0.070942 214.834625
0.076607 0.029750 0.996618 -251.589523 0.124872 0.991398 -0.039194 -4.046912 -0.989211 0.127452 0.072233 214.870499
0.077907 0.028654 0.996549 -251.065475 0.125208 0.991390 -0.038295 -4.075034 -0.989067 0.127759 0.073649 214.910873
0.079606 0.028519 0.996419 -250.540649 0.124892 0.991428 -0.038354 -4.102406 -0.988971 0.127498 0.075361 214.948486
0.080843 0.029235 0.996298 -250.018326 0.124117 0.991494 -0.039166 -4.130400 -0.988969 0.126824 0.076526 214.987015
0.081601 0.032176 0.996145 -249.499176 0.121367 0.991720 -0.041976 -4.162297 -0.989248 0.124325 0.077019 215.027176
0.082595 0.036274 0.995923 -248.985001 0.118102 0.991938 -0.045924 -4.195920 -0.989560 0.121414 0.077645 215.069107
0.083647 0.039855 0.995698 -248.477554 0.117017 0.991893 -0.049534 -4.233565 -0.989601 0.120657 0.078305 215.112762
0.085137 0.043387 0.995424 -247.965485 0.117690 0.991619 -0.053288 -4.262536 -0.989394 0.121688 0.079316 215.154541
0.086377 0.045952 0.995202 -247.460281 0.118039 0.991426 -0.056024 -4.296393 -0.989245 0.122311 0.080212 215.191055
0.087187 0.043967 0.995221 -246.983307 0.117917 0.991547 -0.054135 -4.340720 -0.989188 0.122073 0.081265 215.218430
0.087313 0.044849 0.995170 -246.488266 0.113449 0.992038 -0.054662 -4.385041 -0.989700 0.117674 0.081529 215.259613
0.087621 0.044315 0.995168 -245.972763 0.111262 0.992323 -0.053986 -4.419943 -0.989920 0.115455 0.082017 215.308029
0.088021 0.043177 0.995183 -245.447815 0.111218 0.992386 -0.052894 -4.449784 -0.989890 0.115337 0.082549 215.356857
0.088303 0.042598 0.995183 -244.932724 0.111259 0.992411 -0.052352 -4.482275 -0.989860 0.115345 0.082893 215.400635
0.084218 0.046106 0.995380 -244.467117 0.114090 0.991913 -0.055599 -4.472281 -0.989893 0.118245 0.078276 215.490097
0.085065 0.047751 0.995231 -244.001923 0.110583 0.992227 -0.057060 -4.460320 -0.990219 0.114909 0.079123 215.591583
0.086757 0.047926 0.995076 -243.431549 0.107198 0.992593 -0.057153 -4.593382 -0.990445 0.111628 0.080976 215.523056
0.085248 0.049475 0.995130 -242.924210 0.107506 0.992478 -0.058553 -4.627671 -0.990543 0.111975 0.079288 215.559250
0.083704 0.051137 0.995177 -242.419769 0.107596 0.992380 -0.060044 -4.662713 -0.990665 0.112103 0.077564 215.595795
0.082032 0.051471 0.995299 -241.912460 0.106996 0.992438 -0.060143 -4.700490 -0.990869 0.111427 0.075904 215.632690
0.080533 0.050410 0.995477 -241.403351 0.106357 0.992584 -0.058869 -4.739625 -0.991061 0.110617 0.074573 215.668747
0.079059 0.049424 0.995644 -240.891052 0.106194 0.992668 -0.057710 -4.778304 -0.991197 0.110294 0.073231 215.703934
0.077577 0.048824 0.995790 -240.376419 0.106101 0.992723 -0.056940 -4.815856 -0.991324 0.110071 0.071832 215.738480
0.076298 0.047742 0.995941 -239.859741 0.105759 0.992830 -0.055695 -4.852896 -0.991460 0.109579 0.070701 215.773544
0.075284 0.046312 0.996086 -239.341125 0.106213 0.992865 -0.054190 -4.889773 -0.991489 0.109877 0.069827 215.807373
0.074186 0.045064 0.996226 -238.820419 0.107683 0.992775 -0.052927 -4.926528 -0.991413 0.111203 0.068797 215.839493
0.073017 0.043326 0.996389 -238.297180 0.109654 0.992649 -0.051201 -4.962279 -0.991284 0.112996 0.067729 215.870361
0.071877 0.040599 0.996587 -237.770950 0.110594 0.992685 -0.048418 -4.997220 -0.991262 0.113696 0.066861 215.901901
0.070696 0.037714 0.996785 -237.244720 0.110853 0.992798 -0.045425 -5.031619 -0.991319 0.113708 0.066006 215.933929
0.069519 0.034991 0.996967 -236.717926 0.111196 0.992885 -0.042603 -5.065754 -0.991364 0.113820 0.065133 215.965500
0.068474 0.032077 0.997137 -236.192459 0.111382 0.992988 -0.039592 -5.099301 -0.991415 0.113774 0.064420 215.996796
0.067595 0.029407 0.997279 -235.667496 0.112773 0.992934 -0.036923 -5.131629 -0.991319 0.114963 0.063801 216.026474
0.066629 0.027624 0.997396 -235.144119 0.114921 0.992752 -0.035173 -5.163485 -0.991138 0.116965 0.062971 216.055054
0.065378 0.026795 0.997500 -234.622375 0.116605 0.992585 -0.034307 -5.195685 -0.991024 0.118556 0.061768 216.083771
0.064158 0.026564 0.997586 -234.101959 0.116473 0.992613 -0.033924 -5.228556 -0.991119 0.118368 0.060590 216.114120
0.062578 0.026541 0.997687 -233.582458 0.115319 0.992758 -0.033644 -5.261519 -0.991355 0.117157 0.059064 216.145187
0.060287 0.026522 0.997829 -233.061615 0.113897 0.992935 -0.033275 -5.289191 -0.991661 0.115655 0.056841 216.176117
0.057082 0.026364 0.998022 -232.542358 0.113569 0.992990 -0.032728 -5.314660 -0.991889 0.115212 0.053688 216.203110
0.052536 0.026161 0.998276 -232.023956 0.114854 0.992864 -0.032065 -5.339526 -0.991992 0.116340 0.049157 216.224609
0.046485 0.026016 0.998580 -231.507935 0.116291 0.992723 -0.031278 -5.367829 -0.992126 0.117580 0.043121 216.242172
0.037381 0.028130 0.998905 -230.968185 0.117263 0.992574 -0.032340 -5.372805 -0.992397 0.118343 0.033805 216.297195
0.029374 0.028672 0.999157 -230.422333 0.116925 0.992627 -0.031922 -5.370436 -0.992706 0.117764 0.025806 216.361069
0.020305 0.028724 0.999381 -229.881546 0.116855 0.992667 -0.030906 -5.368546 -0.992941 0.117410 0.016800 216.415344
0.010020 0.029653 0.999509 -229.349396 0.117222 0.992633 -0.030624 -5.368775 -0.993055 0.117472 0.006470 216.459518
-0.001323 0.030851 0.999523 -228.972290 0.119597 0.992354 -0.030473 -5.487456 -0.992822 0.119500 -0.005003 216.256699
-0.015899 0.033823 0.999301 -228.493134 0.122051 0.992019 -0.031636 -5.512505 -0.992396 0.121463 -0.019901 216.233704
-0.032577 0.037368 0.998771 -228.024445 0.123116 0.991840 -0.033094 -5.537161 -0.991857 0.121886 -0.036913 216.203918
-0.051253 0.042452 0.997783 -227.568512 0.124219 0.991608 -0.035810 -5.559525 -0.990930 0.122108 -0.056097 216.166306
-0.071124 0.046963 0.996361 -227.121338 0.126821 0.991210 -0.037669 -5.579607 -0.989372 0.123681 -0.076456 216.118225
-0.091684 0.047541 0.994652 -226.682953 0.129808 0.990907 -0.035398 -5.599539 -0.987290 0.125869 -0.097021 216.060165
-0.112572 0.046166 0.992571 -226.255844 0.133254 0.990597 -0.030962 -5.618840 -0.984667 0.128778 -0.117666 215.993240
-0.133240 0.045211 0.990052 -225.844727 0.137142 0.990190 -0.026761 -5.636567 -0.981549 0.132212 -0.138134 215.918640
-0.153295 0.043856 0.987207 -225.445847 0.139686 0.989944 -0.022289 -5.653592 -0.978257 0.134482 -0.157879 215.843491
-0.172345 0.041548 0.984160 -225.056396 0.141055 0.989854 -0.017089 -5.669671 -0.974884 0.135875 -0.176457 215.768417
-0.190625 0.040295 0.980835 -224.677185 0.141986 0.989782 -0.013069 -5.684792 -0.971340 0.136773 -0.194399 215.692551
-0.209422 0.040251 0.976996 -224.306000 0.142778 0.989702 -0.010170 -5.699019 -0.967345 0.137364 -0.213013 215.615082
-0.229036 0.040507 0.972575 -223.939377 0.143154 0.989672 -0.007508 -5.712420 -0.962834 0.137509 -0.232470 215.534988
-0.249690 0.039782 0.967508 -223.575455 0.142717 0.989755 -0.003866 -5.724761 -0.957750 0.137114 -0.252810 215.451675
-0.271815 0.038647 0.961573 -223.223343 0.142862 0.989742 0.000604 -5.735217 -0.951686 0.137536 -0.274549 215.360031
-0.296799 0.038532 0.954162 -222.888565 0.143151 0.989690 0.004561 -5.725926 -0.944149 0.137943 -0.299255 215.231491
-0.322532 0.038442 0.945777 -222.573013 0.144146 0.989515 0.008937 -5.708302 -0.935519 0.139211 -0.324692 215.085236
-0.349737 0.038281 0.936066 -222.275131 0.143634 0.989543 0.013196 -5.699706 -0.925771 0.139067 -0.351577 214.938431
-0.377515 0.039186 0.925174 -221.980148 0.143642 0.989488 0.016702 -5.691897 -0.914794 0.139198 -0.379176 214.788727
-0.405933 0.042290 0.912924 -221.692001 0.143437 0.989496 0.017942 -5.684910 -0.902576 0.138230 -0.407735 214.635376
-0.434573 0.047003 0.899409 -221.410583 0.142750 0.989607 0.017255 -5.678757 -0.889251 0.135889 -0.436767 214.479431
-0.463747 0.052611 0.884404 -221.143784 0.142304 0.989697 0.015744 -5.676331 -0.874464 0.133156 -0.466457 214.322083
-0.494318 0.058451 0.867313 -220.886200 0.141206 0.989884 0.013766 -5.671040 -0.857735 0.129274 -0.497572 214.154678
-0.526264 0.064892 0.847842 -220.635574 0.140024 0.990085 0.011134 -5.664206 -0.838713 0.124577 -0.530133 213.976624
-0.559201 0.069720 0.826095 -220.388245 0.138170 0.990358 0.009947 -5.656384 -0.817436 0.119703 -0.563443 213.785934
-0.593019 0.073008 0.801871 -220.144394 0.136766 0.990542 0.010958 -5.646258 -0.793487 0.116167 -0.597396 213.579880
-0.627386 0.075138 0.775075 -219.929749 0.136597 0.990520 0.014543 -5.635708 -0.766634 0.114996 -0.631702 213.336685
-0.661725 0.077779 0.745701 -219.702209 0.138570 0.990157 0.019687 -5.622948 -0.736830 0.116359 -0.665989 213.086334
-0.695958 0.079787 0.713635 -219.480713 0.141016 0.989642 0.026877 -5.609248 -0.704099 0.119339 -0.700002 212.818161
-0.729663 0.079058 0.679221 -219.262238 0.140824 0.989375 0.036122 -5.595072 -0.669148 0.122006 -0.733044 212.535110
-0.762452 0.074855 0.642700 -219.046432 0.136387 0.989561 0.046544 -5.579947 -0.632507 0.123144 -0.764702 212.238235
-0.794093 0.070646 0.603677 -218.839020 0.131132 0.989743 0.056667 -5.562661 -0.593481 0.124161 -0.795212 211.925751
-0.823781 0.069244 0.562663 -218.644135 0.127901 0.989623 0.065469 -5.541785 -0.552290 0.125898 -0.824089 211.595245
-0.850788 0.069347 0.520915 -218.460037 0.125985 0.989262 0.074068 -5.516089 -0.510185 0.128643 -0.850389 211.245773
-0.875240 0.066361 0.479115 -218.279144 0.119693 0.989451 0.081605 -5.487130 -0.468646 0.128770 -0.873950 210.881531
-0.897011 0.061505 0.437709 -218.101715 0.110060 0.990161 0.086412 -5.456488 -0.428088 0.125686 -0.894954 210.503708
-0.914962 0.063272 0.398549 -217.939728 0.106640 0.990433 0.087576 -5.418461 -0.389195 0.122630 -0.912956 210.067657
-0.930314 0.067080 0.360576 -217.778473 0.105496 0.990526 0.087914 -5.371758 -0.351262 0.119828 -0.928577 209.603348
-0.943532 0.069841 0.323833 -217.622910 0.103825 0.990618 0.088860 -5.318253 -0.314589 0.117464 -0.941932 209.114578
-0.955075 0.069485 0.288102 -217.474304 0.098691 0.991210 0.088102 -5.262347 -0.279447 0.112576 -0.953538 208.615707
-0.964877 0.066485 0.254148 -217.332382 0.091586 0.991880 0.088228 -5.207125 -0.246220 0.108406 -0.963132 208.103317
-0.972200 0.064977 0.224958 -217.217697 0.087983 0.991697 0.093786 -5.153384 -0.216996 0.110971 -0.969844 207.542465
-0.978664 0.063464 0.195420 -217.123779 0.084181 0.991460 0.099596 -5.104586 -0.187429 0.113921 -0.975649 206.962677
-0.983868 0.065922 0.166308 -217.041962 0.083764 0.991185 0.102640 -5.046660 -0.158076 0.114915 -0.980717 206.364349
-0.988148 0.066904 0.138159 -216.964661 0.081674 0.991201 0.104161 -4.987776 -0.129974 0.114211 -0.984917 205.758255
-0.991529 0.065758 0.112009 -216.885941 0.077682 0.991364 0.105645 -4.929482 -0.104095 0.113452 -0.988075 205.145920
-0.993756 0.066639 0.089486 -216.819595 0.076143 0.991298 0.107375 -4.868783 -0.081552 0.113517 -0.990183 204.510147
-0.994647 0.071950 0.074169 -216.777557 0.079889 0.990683 0.110291 -4.797049 -0.065543 0.115625 -0.991127 203.829529
-0.995278 0.075780 0.060642 -216.742859 0.082242 0.990264 0.112304 -4.719326 -0.051540 0.116761 -0.991822 203.126678
-0.995609 0.077643 0.052299 -216.702881 0.083168 0.990062 0.113399 -4.644886 -0.042974 0.117250 -0.992171 202.409119
-0.995965 0.075818 0.048004 -216.661270 0.080893 0.990123 0.114509 -4.570622 -0.038847 0.117930 -0.992262 201.678345
-0.996138 0.075460 0.044896 -216.617935 0.080175 0.990168 0.114627 -4.492829 -0.035804 0.117784 -0.992393 200.935501
-0.996188 0.075526 0.043652 -216.571884 0.080090 0.990186 0.114525 -4.413498 -0.034573 0.117584 -0.992461 200.177185
-0.995882 0.078930 0.044612 -216.535126 0.083594 0.989874 0.114719 -4.332316 -0.035105 0.117975 -0.992396 199.391785
-0.995710 0.080043 0.046431 -216.493301 0.084907 0.989789 0.114487 -4.239794 -0.036793 0.117938 -0.992339 198.583618
-0.995531 0.080722 0.049009 -216.452240 0.085941 0.989539 0.115869 -4.140408 -0.039144 0.119564 -0.992054 197.756577
-0.995625 0.077603 0.052055 -216.394714 0.083267 0.989599 0.117302 -4.049288 -0.042411 0.121123 -0.991731 196.923264
-0.995596 0.075807 0.055150 -216.332275 0.081925 0.989539 0.118743 -3.959128 -0.045571 0.122739 -0.991392 196.073975
-0.995198 0.078274 0.058779 -216.278625 0.084739 0.989507 0.117020 -3.859366 -0.049003 0.121439 -0.991388 195.197433
-0.994927 0.078956 0.062343 -216.227371 0.085866 0.989380 0.117269 -3.752268 -0.052422 0.122027 -0.991141 194.299606
-0.994602 0.079492 0.066696 -216.177261 0.086746 0.989685 0.114012 -3.650633 -0.056944 0.119183 -0.991237 193.413864
-0.994335 0.079741 0.070288 -216.127533 0.087223 0.990015 0.110728 -3.547801 -0.060756 0.116231 -0.991361 192.524750
-0.993972 0.080677 0.074243 -216.075958 0.088389 0.990297 0.107229 -3.446455 -0.064871 0.113144 -0.991458 191.630692
-0.993503 0.083260 0.077591 -216.013840 0.091360 0.990001 0.107469 -3.348629 -0.067867 0.113859 -0.991176 190.726334
-0.993033 0.086186 0.080360 -215.948822 0.094832 0.989304 0.110833 -3.251412 -0.069948 0.117681 -0.990584 189.807114
-0.992537 0.089737 0.082567 -215.880295 0.098998 0.988312 0.115918 -3.152752 -0.071199 0.123227 -0.989820 188.879456
-0.992201 0.091968 0.084138 -215.808334 0.101714 0.987548 0.120008 -3.053036 -0.072054 0.127630 -0.989201 187.949509
-0.992095 0.092953 0.084300 -215.742401 0.102950 0.987022 0.123233 -2.947766 -0.071751 0.130938 -0.988790 187.026627
-0.992098 0.093313 0.083875 -215.667191 0.103488 0.986552 0.126508 -2.845015 -0.070942 0.134189 -0.988413 186.095062
-0.992326 0.091592 0.083074 -215.588593 0.101889 0.986316 0.129612 -2.742733 -0.070066 0.137081 -0.988079 185.160355
-0.992599 0.089368 0.082224 -215.500763 0.099545 0.986583 0.129397 -2.639964 -0.069556 0.136624 -0.988178 184.224136
-0.992650 0.089718 0.081214 -215.418137 0.099771 0.986533 0.129605 -2.533345 -0.068493 0.136756 -0.988234 183.283676
-0.992592 0.091158 0.080319 -215.341095 0.101235 0.986075 0.131935 -2.425984 -0.067173 0.139088 -0.987999 182.341248
-0.992688 0.090171 0.080235 -215.263458 0.100421 0.985806 0.134533 -2.322102 -0.066965 0.141607 -0.987655 181.401230
-0.992873 0.088432 0.079894 -215.184647 0.098425 0.986445 0.131298 -2.219698 -0.067199 0.138224 -0.988118 180.468597
-0.993062 0.086563 0.079596 -215.105255 0.095962 0.987752 0.123027 -2.119391 -0.067971 0.129812 -0.989206 179.543762
-0.993414 0.082805 0.079202 -215.022537 0.091741 0.988912 0.116768 -2.022704 -0.068655 0.123265 -0.989995 178.619766
-0.993737 0.078333 0.079694 -214.938126 0.087244 0.989494 0.115283 -1.928566 -0.069826 0.121514 -0.990130 177.694290
-0.993936 0.073840 0.081476 -214.853119 0.083190 0.989513 0.118072 -1.836459 -0.071902 0.124134 -0.989656 176.766068
-0.993971 0.071296 0.083292 -214.767532 0.081102 0.989335 0.120983 -1.743332 -0.073777 0.127008 -0.989154 175.841843
-0.993761 0.071127 0.085902 -214.692154 0.081406 0.989089 0.122776 -1.642766 -0.076232 0.129002 -0.988709 174.920609
-0.993522 0.071538 0.088298 -214.616226 0.082346 0.988664 0.125539 -1.543011 -0.078316 0.131997 -0.988151 174.004547
-0.993092 0.072616 0.092173 -214.535065 0.083932 0.988537 0.125498 -1.452908 -0.082004 0.132368 -0.987802 173.104904
-0.992703 0.073414 0.095662 -214.448441 0.085023 0.988689 0.123547 -1.364649 -0.085509 0.130779 -0.987716 172.214218
-0.992346 0.073260 0.099415 -214.353577 0.084959 0.989246 0.119044 -1.278452 -0.089625 0.126579 -0.987899 171.339478
-0.991848 0.074632 0.103285 -214.264572 0.086433 0.989604 0.114936 -1.186911 -0.093634 0.122926 -0.987988 170.469910
-0.991300 0.076861 0.106843 -214.176331 0.088930 0.989583 0.113202 -1.098086 -0.097029 0.121719 -0.987810 169.608948
-0.991052 0.075233 0.110250 -214.081024 0.087945 0.989422 0.115363 -1.014271 -0.100404 0.124027 -0.987186 168.760513
-0.990916 0.072096 0.113517 -213.982239 0.085632 0.989161 0.119274 -0.936072 -0.103687 0.127910 -0.986350 167.928940
-0.990632 0.071175 0.116541 -213.885300 0.085283 0.988991 0.120921 -0.861872 -0.106651 0.129728 -0.985797 167.118439
-0.990153 0.073004 0.119441 -213.791946 0.087323 0.988998 0.119403 -0.787766 -0.109409 0.128657 -0.985634 166.330368
-0.989755 0.073045 0.122675 -213.703659 0.087666 0.989094 0.118355 -0.710372 -0.112691 0.127897 -0.985364 165.578644
-0.989556 0.071178 0.125347 -213.611313 0.086203 0.989166 0.118824 -0.640692 -0.115531 0.128387 -0.984971 164.852402
-0.989192 0.071420 0.128059 -213.519180 0.086831 0.989078 0.119094 -0.575919 -0.118155 0.128927 -0.984590 164.141251
-0.988776 0.072208 0.130802 -213.433060 0.087909 0.989051 0.118530 -0.506562 -0.120811 0.128698 -0.984297 163.444656
-0.988717 0.068684 0.133122 -213.341568 0.084665 0.989353 0.118363 -0.438315 -0.123575 0.128299 -0.984006 162.753632
-0.988779 0.063728 0.135108 -213.243103 0.079944 0.989765 0.118212 -0.375420 -0.126192 0.127687 -0.983753 162.073105
-0.988580 0.061565 0.137547 -213.148834 0.078104 0.989904 0.118273 -0.315926 -0.128876 0.127665 -0.983409 161.406448
-0.988348 0.060856 0.139519 -213.058273 0.077460 0.990124 0.116841 -0.255286 -0.131030 0.126287 -0.983302 160.754059
-0.988603 0.058731 0.138616 -212.967911 0.075034 0.990472 0.115473 -0.192664 -0.130513 0.124558 -0.983591 160.120270
-0.989342 0.052779 0.135709 -212.877975 0.068890 0.990751 0.116897 -0.132498 -0.128284 0.125000 -0.983828 159.505905
-0.990040 0.049868 0.131659 -212.798126 0.065797 0.990645 0.119549 -0.077006 -0.124465 0.127021 -0.984059 158.914108
-0.990548 0.049394 0.127967 -212.727463 0.065144 0.990393 0.121975 -0.025319 -0.120711 0.129158 -0.984249 158.346054
-0.990856 0.051487 0.124717 -212.664413 0.066809 0.990283 0.121963 0.025089 -0.117225 0.129180 -0.984667 157.803818
-0.991044 0.053975 0.122142 -212.606049 0.068817 0.990294 0.120751 0.075086 -0.114439 0.128075 -0.985140 157.285019
-0.991360 0.054277 0.119408 -212.547607 0.068434 0.990671 0.117839 0.122070 -0.111899 0.124992 -0.985827 156.780121
-0.991645 0.053592 0.117332 -212.488525 0.067153 0.991110 0.114849 0.165843 -0.110133 0.121768 -0.986429 156.282364
-0.991736 0.052727 0.116956 -212.429657 0.066026 0.991408 0.112914 0.210384 -0.109997 0.119702 -0.986697 155.787552
-0.991723 0.052761 0.117059 -212.372284 0.066094 0.991381 0.113107 0.256341 -0.110082 0.119907 -0.986663 155.295670
-0.991684 0.052093 0.117685 -212.313858 0.065591 0.991325 0.113890 0.303564 -0.110730 0.120662 -0.986498 154.807953
-0.991482 0.052739 0.119081 -212.256180 0.066243 0.991447 0.112448 0.350595 -0.112133 0.119378 -0.986496 154.327042
-0.991196 0.052581 0.121517 -212.197937 0.066171 0.991654 0.110644 0.392497 -0.114685 0.117710 -0.986403 153.861511
-0.990820 0.052151 0.124728 -212.135590 0.065747 0.992029 0.107487 0.432363 -0.118127 0.114701 -0.986351 153.381195
-0.990310 0.051928 0.128798 -212.072311 0.065422 0.992543 0.102843 0.470830 -0.122497 0.110272 -0.986323 152.904160
-0.989693 0.052863 0.133092 -212.009613 0.066202 0.992994 0.097874 0.509523 -0.126985 0.105677 -0.986259 152.430359
-0.988817 0.055991 0.138225 -211.965195 0.069676 0.992916 0.096231 0.556161 -0.131857 0.104784 -0.985714 152.002640
-0.988020 0.059217 0.142512 -211.921722 0.073265 0.992736 0.095428 0.603774 -0.135826 0.104726 -0.985182 151.573761
-0.987210 0.061610 0.147043 -211.875336 0.076289 0.992418 0.096360 0.652152 -0.139991 0.106345 -0.984425 151.139313
-0.986607 0.059232 0.151985 -211.800720 0.075348 0.991869 0.102556 0.682901 -0.144673 0.112634 -0.983047 150.683273
-0.985961 0.057359 0.156811 -211.724792 0.074914 0.991277 0.108427 0.711120 -0.149224 0.118652 -0.981658 150.222076
-0.985166 0.056048 0.162194 -211.647827 0.075307 0.990490 0.115138 0.741353 -0.154198 0.125644 -0.980018 149.756195
-0.984149 0.057412 0.167794 -211.572586 0.078033 0.989822 0.119004 0.773858 -0.159253 0.130211 -0.978613 149.289764
-0.983063 0.060419 0.173023 -211.492371 0.081598 0.989651 0.118035 0.816146 -0.164101 0.130154 -0.977819 148.818451
-0.982096 0.061802 0.177952 -211.404449 0.083219 0.989814 0.115513 0.862733 -0.169000 0.128254 -0.977235 148.335709
-0.981346 0.060197 0.182580 -211.311050 0.082042 0.990023 0.114551 0.905532 -0.173862 0.127393 -0.976494 147.844421
-0.980830 0.057148 0.186299 -211.214966 0.079583 0.990142 0.115256 0.949581 -0.177875 0.127873 -0.975709 147.346420
-0.980482 0.054570 0.188886 -211.118530 0.077642 0.990094 0.116979 0.995269 -0.180631 0.129361 -0.975007 146.840378
-0.980177 0.052983 0.190907 -211.022293 0.076635 0.989966 0.118713 1.041999 -0.182702 0.130990 -0.974402 146.327362
-0.980019 0.051957 0.191994 -210.922607 0.075776 0.990014 0.118873 1.091259 -0.183900 0.131046 -0.974170 145.802139
-0.980192 0.050814 0.191423 -210.819321 0.074368 0.990231 0.117942 1.142048 -0.183559 0.129841 -0.974395 145.261002
-0.980609 0.049452 0.189634 -210.714066 0.072411 0.990593 0.116108 1.195424 -0.182108 0.127589 -0.974965 144.705551
-0.981144 0.048269 0.187153 -210.591492 0.070639 0.990878 0.114758 1.261322 -0.179906 0.125814 -0.975604 144.101044
-0.981780 0.046786 0.184173 -210.461472 0.068739 0.991022 0.114673 1.334620 -0.177155 0.125244 -0.976181 143.474136
-0.982433 0.046566 0.180712 -210.333496 0.068374 0.990848 0.116385 1.409146 -0.173638 0.126697 -0.976625 142.828613
-0.983378 0.046950 0.175397 -210.181992 0.068134 0.990819 0.116770 1.481590 -0.168304 0.126780 -0.977548 142.148605
-0.983968 0.045725 0.172384 -210.140503 0.066429 0.990987 0.116316 1.532502 -0.165512 0.125902 -0.978137 141.494247
-0.985269 0.042552 0.165630 -210.023438 0.062085 0.991469 0.114597 1.604800 -0.159340 0.123192 -0.979507 140.812363
-0.986941 0.039946 0.156046 -209.887665 0.057883 0.992005 0.112139 1.684870 -0.150319 0.119706 -0.981364 140.091187
-0.988713 0.038166 0.144881 -209.777557 0.054633 0.992268 0.111436 1.761441 -0.139507 0.118094 -0.983153 139.370499
-0.990765 0.036681 0.130534 -209.689514 0.051635 0.992243 0.113084 1.835796 -0.125373 0.118779 -0.984973 138.627609
-0.992458 0.036714 0.116956 -209.635040 0.050083 0.992276 0.113492 1.913088 -0.111886 0.118493 -0.986630 137.883759
-0.994018 0.036629 0.102888 -209.573608 0.048220 0.992477 0.112530 2.004661 -0.097993 0.116818 -0.988307 137.097336
-0.995469 0.036734 0.087711 -209.518417 0.046505 0.992609 0.112088 2.098547 -0.082946 0.115659 -0.989819 136.297165
-0.996544 0.038887 0.073403 -209.470749 0.047005 0.992561 0.112303 2.192023 -0.068490 0.115365 -0.990959 135.486359
-0.997211 0.040865 0.062443 -209.422256 0.047887 0.992161 0.115425 2.281249 -0.057236 0.118094 -0.991351 134.653091
-0.997800 0.041246 0.051905 -209.375305 0.047182 0.991787 0.118873 2.365938 -0.046575 0.121061 -0.991551 133.816162
-0.998140 0.042396 0.043818 -209.337891 0.047388 0.991645 0.119975 2.454123 -0.038365 0.121828 -0.991809 132.964386
-0.998325 0.042471 0.039280 -209.310440 0.046857 0.991851 0.118471 2.562568 -0.033928 0.120113 -0.992180 132.088211
-0.998436 0.043657 0.034924 -209.290863 0.047518 0.991794 0.118686 2.674111 -0.029455 0.120160 -0.992317 131.196152
-0.998469 0.044974 0.032220 -209.270996 0.048553 0.991510 0.120620 2.781904 -0.026520 0.121999 -0.992175 130.292816
-0.998507 0.045406 0.030339 -209.248550 0.048838 0.991068 0.124092 2.887325 -0.024432 0.125388 -0.991807 129.378067
-0.998393 0.048491 0.029320 -209.228195 0.051799 0.990774 0.125233 2.989563 -0.022977 0.126550 -0.991694 128.454285
-0.998295 0.050412 0.029418 -209.206757 0.053629 0.991161 0.121336 3.089197 -0.023042 0.122706 -0.992175 127.522034
-0.998125 0.053455 0.029805 -209.184784 0.056554 0.991723 0.115267 3.191069 -0.023396 0.116736 -0.992886 126.577415
-0.997983 0.055238 0.031285 -209.160706 0.058442 0.991884 0.112915 3.293143 -0.024793 0.114516 -0.993112 125.617180
-0.997868 0.056395 0.032843 -209.134247 0.059871 0.991352 0.116770 3.396842 -0.025974 0.118486 -0.992615 124.637932
-0.997662 0.058941 0.034574 -209.108124 0.062698 0.990782 0.120083 3.501702 -0.027176 0.121970 -0.992161 123.647278
-0.997510 0.060319 0.036543 -209.075607 0.064366 0.990419 0.122171 3.607576 -0.028823 0.124220 -0.991836 122.644493
-0.997421 0.060473 0.038645 -209.040161 0.064823 0.990225 0.123502 3.715869 -0.030797 0.125688 -0.991592 121.636314
-0.997238 0.061893 0.041061 -209.003983 0.066634 0.989735 0.126431 3.824976 -0.032813 0.128817 -0.991125 120.631027
-0.996798 0.066882 0.043831 -208.970154 0.071967 0.989277 0.127088 3.934973 -0.034860 0.129836 -0.990922 119.628166
-0.996579 0.067925 0.047085 -208.929733 0.073343 0.989448 0.124946 4.039418 -0.038101 0.127972 -0.991045 118.629951
-0.995998 0.073400 0.050987 -208.887512 0.079103 0.989535 0.120680 4.143716 -0.041595 0.124230 -0.991381 117.634727
-0.995259 0.079415 0.056151 -208.842209 0.085589 0.989347 0.117759 4.246870 -0.046201 0.122006 -0.991453 116.637894
-0.994540 0.083717 0.062300 -208.787720 0.090599 0.988945 0.117381 4.347728 -0.051784 0.122384 -0.991130 115.640556
-0.994081 0.083252 0.069803 -208.715637 0.091148 0.988723 0.118824 4.450055 -0.059124 0.124483 -0.990458 114.648369
-0.993572 0.083081 0.076891 -208.636749 0.091947 0.988503 0.120025 4.551182 -0.066035 0.126323 -0.989789 113.658424
-0.993120 0.082169 0.083423 -208.552780 0.091823 0.988594 0.119369 4.648632 -0.072662 0.126208 -0.989338 112.668930
-0.992908 0.078213 0.089535 -208.459091 0.088277 0.989483 0.114582 4.747441 -0.079631 0.121673 -0.989370 111.694389
-0.992415 0.077333 0.095556 -208.365585 0.088026 0.989656 0.113272 4.844147 -0.085807 0.120825 -0.988958 110.711967
-0.992105 0.073665 0.101491 -208.264496 0.085450 0.989432 0.117136 4.936149 -0.091789 0.124884 -0.987916 109.737900
-0.991729 0.072191 0.106124 -208.160202 0.085148 0.988733 0.123108 5.027538 -0.096040 0.131127 -0.986703 108.762589
-0.991425 0.070081 0.110299 -208.051361 0.083921 0.988437 0.126294 5.122240 -0.100172 0.134467 -0.985842 107.792015
-0.991346 0.067323 0.112695 -207.934128 0.081357 0.988821 0.124951 5.220428 -0.103022 0.133039 -0.985741 106.838600
-0.991347 0.064648 0.114241 -207.818573 0.078719 0.989244 0.123282 5.308217 -0.105043 0.131208 -0.985774 105.903145
-0.991306 0.063213 0.115400 -207.705200 0.077328 0.989482 0.122242 5.391368 -0.106459 0.130102 -0.985768 104.979904
-0.991020 0.064983 0.116861 -207.597931 0.079242 0.989382 0.121832 5.476512 -0.107703 0.129998 -0.985647 104.072212
-0.990591 0.069033 0.118167 -207.496033 0.083238 0.989299 0.119824 5.562685 -0.108630 0.128532 -0.985738 103.182869
-0.990153 0.073469 0.119156 -207.397049 0.087799 0.988902 0.119845 5.648333 -0.109028 0.129127 -0.985616 102.314095
-0.989672 0.077492 0.120599 -207.304047 0.092050 0.988467 0.120241 5.742762 -0.109890 0.130101 -0.985392 101.484909
-0.989497 0.077161 0.122239 -207.206024 0.092123 0.988258 0.121892 5.818608 -0.111398 0.131873 -0.984987 100.669365
-0.989562 0.075120 0.122976 -207.107269 0.090171 0.988452 0.121779 5.893304 -0.112407 0.131597 -0.984909 99.878876
-0.989741 0.073373 0.122598 -207.010971 0.088238 0.988774 0.120579 5.965970 -0.112374 0.130160 -0.985103 99.114929
-0.990065 0.070972 0.121384 -206.917572 0.085688 0.988988 0.120656 6.035671 -0.111484 0.129859 -0.985245 98.375999
-0.990560 0.066913 0.119637 -206.825134 0.081433 0.989318 0.120900 6.101558 -0.110268 0.129500 -0.985428 97.663651
-0.990972 0.063560 0.118047 -206.737518 0.077872 0.989607 0.120880 6.165035 -0.109136 0.128982 -0.985622 96.977844
-0.991250 0.060978 0.117068 -206.655273 0.075315 0.989640 0.122226 6.226978 -0.108402 0.129973 -0.985573 96.316689
-0.991394 0.060133 0.116286 -206.579041 0.074467 0.989593 0.123118 6.287259 -0.107672 0.130717 -0.985555 95.682549
-0.991553 0.058990 0.115511 -206.505676 0.073411 0.989455 0.124855 6.345129 -0.106928 0.132280 -0.985428 95.072388
-0.991694 0.055733 0.115917 -206.452179 0.070470 0.989372 0.127185 6.402546 -0.107596 0.134297 -0.985082 94.537086
-0.992072 0.050802 0.114946 -206.390701 0.065565 0.989535 0.128530 6.457751 -0.107213 0.135048 -0.985021 94.033669
-0.992441 0.046765 0.113470 -206.324875 0.061414 0.989709 0.129243 6.509322 -0.106257 0.135234 -0.985099 93.553642
-0.992705 0.043219 0.112556 -206.262695 0.057721 0.989971 0.128934 6.555529 -0.105855 0.134489 -0.985244 93.096466
-0.992699 0.045737 0.111608 -206.209381 0.059791 0.990224 0.126018 6.598111 -0.104752 0.131771 -0.985729 92.653503
-0.992408 0.050996 0.111922 -206.162216 0.064644 0.990434 0.121902 6.637486 -0.104634 0.128212 -0.986211 92.221802
-0.992194 0.052088 0.113303 -206.121109 0.065418 0.990939 0.117301 6.676241 -0.106167 0.123798 -0.986611 91.801292
-0.992157 0.045681 0.116358 -206.074768 0.059130 0.991617 0.114884 6.716178 -0.110134 0.120863 -0.986540 91.389595
-0.992185 0.040324 0.118084 -206.029388 0.053787 0.992122 0.113135 6.755668 -0.112592 0.118603 -0.986537 90.978180
-0.991994 0.039097 0.120081 -205.989120 0.052785 0.992190 0.113010 6.797593 -0.114724 0.118443 -0.986310 90.566650
-0.991474 0.043829 0.122714 -205.955292 0.058036 0.991703 0.114696 6.841989 -0.116669 0.120840 -0.985792 90.153618
-0.990874 0.050539 0.124960 -205.921783 0.065134 0.991156 0.115608 6.885759 -0.118012 0.122692 -0.985403 89.743111
-0.990460 0.054502 0.126560 -205.884598 0.069218 0.990957 0.114947 6.925753 -0.119150 0.122611 -0.985276 89.336227
-0.990202 0.056160 0.127848 -205.815872 0.070838 0.991030 0.113315 6.959429 -0.120337 0.121261 -0.985299 88.933006
-0.989853 0.055594 0.130767 -205.769730 0.070603 0.991073 0.113084 7.005988 -0.123313 0.121169 -0.984942 88.528748
-0.988861 0.059428 0.136462 -205.726761 0.075381 0.990516 0.114868 7.052392 -0.128341 0.123875 -0.983962 88.131493
-0.987834 0.064219 0.141628 -205.686066 0.080981 0.989948 0.115946 7.100235 -0.132759 0.126005 -0.983105 87.734146
-0.986875 0.066195 0.147293 -205.637817 0.083717 0.989700 0.116121 7.145641 -0.138089 0.126927 -0.982252 87.335144
-0.986106 0.064082 0.153262 -205.582657 0.082303 0.989873 0.115654 7.185630 -0.144298 0.126660 -0.981394 86.933517
-0.985348 0.062915 0.158525 -205.514603 0.081695 0.990015 0.114871 7.220009 -0.149714 0.126139 -0.980650 86.528694
-0.984062 0.066146 0.165064 -205.444565 0.085711 0.989735 0.114355 7.254550 -0.155806 0.126680 -0.979630 86.116837
-0.982533 0.072994 0.171176 -205.333603 0.093021 0.989338 0.112050 7.280436 -0.161171 0.126015 -0.978847 85.691681
-0.981472 0.074390 0.176576 -205.251587 0.094513 0.989601 0.108423 7.329422 -0.166674 0.123103 -0.978296 85.262856
-0.980604 0.073594 0.181657 -205.161316 0.093619 0.990137 0.104226 7.379466 -0.172194 0.119211 -0.977822 84.829079
-0.979898 0.070141 0.186762 -205.063873 0.090181 0.990785 0.101054 7.424903 -0.177952 0.115865 -0.977194 84.388954
-0.978945 0.067072 0.192790 -204.963135 0.087880 0.990949 0.101476 7.467412 -0.184239 0.116281 -0.975978 83.935516
-0.977657 0.067479 0.199079 -204.862640 0.089358 0.990655 0.103038 7.509420 -0.190265 0.118524 -0.974551 83.468674
-0.976253 0.070579 0.204813 -204.760620 0.093106 0.990365 0.102505 7.552296 -0.195604 0.119140 -0.973419 82.990555
-0.975027 0.072987 0.209749 -204.652786 0.096082 0.990122 0.102098 7.596066 -0.200226 0.119701 -0.972410 82.499702
-0.974171 0.073418 0.213544 -204.538147 0.097015 0.990022 0.102195 7.640507 -0.203910 0.120271 -0.971574 81.994614
-0.973852 0.070033 0.216123 -204.414368 0.093561 0.990516 0.100613 7.685047 -0.207027 0.118202 -0.971168 81.478065
-0.973805 0.067067 0.217267 -204.286819 0.089811 0.991268 0.096541 7.729957 -0.208895 0.113526 -0.971326 80.951309
-0.973954 0.065165 0.217177 -204.154510 0.086962 0.991921 0.092356 7.779058 -0.209403 0.108836 -0.971753 80.396805
-0.974154 0.063986 0.216634 -204.020599 0.085162 0.992307 0.089859 7.830411 -0.209217 0.105985 -0.972108 79.823441
-0.974640 0.060812 0.215359 -203.891769 0.082228 0.992366 0.091914 7.889598 -0.208125 0.107292 -0.972200 79.232994
-0.975617 0.055205 0.212421 -203.745178 0.077793 0.991993 0.099485 7.946101 -0.205227 0.113584 -0.972101 78.621994
-0.976480 0.049669 0.209807 -203.597733 0.073634 0.991421 0.107996 8.002467 -0.202643 0.120904 -0.971760 78.002213
-0.977631 0.043493 0.205778 -203.451218 0.068161 0.991099 0.114351 8.054723 -0.198973 0.125820 -0.971894 77.369034
-0.978915 0.037338 0.200823 -203.306107 0.061135 0.991639 0.113635 8.111739 -0.194901 0.123517 -0.973014 76.728485
-0.980231 0.034240 0.194869 -203.173965 0.056796 0.992155 0.111365 8.178239 -0.189528 0.120231 -0.974486 76.077492
-0.981721 0.033060 0.187433 -203.050095 0.053922 0.992760 0.107319 8.247163 -0.182528 0.115464 -0.976396 75.415993
-0.983464 0.034502 0.177787 -202.934662 0.053469 0.993240 0.103021 8.317177 -0.173031 0.110824 -0.978661 74.736847
-0.985656 0.035144 0.165064 -202.827789 0.052172 0.993620 0.099980 8.383638 -0.160497 0.107157 -0.981202 74.039146
-0.988060 0.036641 0.149649 -202.719986 0.051677 0.993859 0.097845 8.458533 -0.145145 0.104410 -0.983885 73.329735
-0.990444 0.037075 0.132838 -202.616455 0.050305 0.993946 0.097664 8.529119 -0.128413 0.103413 -0.986314 72.606743
-0.992534 0.038222 0.115821 -202.525894 0.049877 0.993790 0.099455 8.595229 -0.111300 0.104489 -0.988278 71.874794
-0.994508 0.038702 0.097238 -202.449432 0.048762 0.993453 0.103306 8.663557 -0.092602 0.107481 -0.989885 71.135635
-0.996314 0.037604 0.077091 -202.393341 0.045952 0.992920 0.109531 8.729527 -0.072426 0.112670 -0.990989 70.381668
-0.997695 0.037032 0.056865 -202.356598 0.043334 0.992544 0.113922 8.794944 -0.052221 0.116124 -0.991860 69.620911
-0.998568 0.038357 0.037295 -202.334412 0.042374 0.992617 0.113645 8.869786 -0.032660 0.115063 -0.992820 68.852318
-0.998962 0.041117 0.019593 -202.329025 0.042992 0.993281 0.107435 8.949638 -0.015043 0.108165 -0.994018 68.080444
-0.998928 0.045806 0.006689 -202.339127 0.046248 0.993858 0.100522 9.047911 -0.002042 0.100723 -0.994912 67.285599
-0.998671 0.051494 -0.002380 -202.351990 0.051009 0.993813 0.098661 9.132886 0.007446 0.098407 -0.995118 66.487663
-0.998286 0.057922 -0.008334 -202.361908 0.056786 0.993240 0.101237 9.199008 0.014141 0.100590 -0.994827 65.685532
-0.997909 0.063602 -0.011532 -202.373215 0.062068 0.992659 0.103801 9.263602 0.018050 0.102868 -0.994531 64.876122
-0.997539 0.069177 -0.011445 -202.386795 0.067594 0.992127 0.105416 9.335629 0.018648 0.104383 -0.994362 64.058884
-0.997380 0.071849 -0.008351 -202.396332 0.070527 0.991610 0.108325 9.414163 0.016065 0.107451 -0.994080 63.231106
-0.997303 0.073320 -0.003217 -202.400833 0.072480 0.990853 0.113832 9.495907 0.011534 0.113292 -0.993494 62.389343
-0.997109 0.075904 0.003696 -202.400681 0.075817 0.990260 0.116777 9.580268 0.005204 0.116720 -0.993151 61.540684
-0.996791 0.079123 0.012134 -202.395416 0.079990 0.990326 0.113382 9.673511 -0.003044 0.113989 -0.993477 60.679356
-0.996365 0.082530 0.021083 -202.384354 0.084348 0.990466 0.108915 9.767993 -0.011893 0.110296 -0.993827 59.810970
-0.996093 0.083107 0.029870 -202.358521 0.085806 0.990792 0.104727 9.854369 -0.020892 0.106882 -0.994052 58.929161
-0.995919 0.081509 0.038729 -202.318420 0.085077 0.991166 0.101740 9.935740 -0.030095 0.104620 -0.994057 58.038998
-0.995596 0.080658 0.047775 -202.269470 0.085160 0.991214 0.101202 10.016868 -0.039192 0.104824 -0.993718 57.140686
-0.995020 0.082253 0.056300 -202.215820 0.087724 0.990823 0.102825 10.099837 -0.047326 0.107252 -0.993104 56.231995
-0.994624 0.081241 0.064207 -202.151337 0.087698 0.990583 0.105134 10.181714 -0.055061 0.110199 -0.992382 55.315952
-0.994370 0.078092 0.071620 -202.080322 0.085419 0.990725 0.105679 10.265861 -0.062703 0.111201 -0.991817 54.394321
-0.993917 0.076595 0.079139 -202.008224 0.084699 0.990891 0.104697 10.349397 -0.070398 0.110763 -0.991350 53.472488
-0.993404 0.075999 0.085866 -201.934479 0.084898 0.990816 0.105238 10.432433 -0.077079 0.111833 -0.990732 52.547733
-0.992932 0.075767 0.091358 -201.858597 0.085443 0.990567 0.107124 10.517182 -0.082380 0.114172 -0.990040 51.622196
-0.992615 0.074964 0.095369 -201.781677 0.085265 0.990381 0.108968 10.601584 -0.086282 0.116295 -0.989460 50.697247
-0.992271 0.075368 0.098573 -201.690063 0.086132 0.990201 0.109920 10.685273 -0.089323 0.117560 -0.989040 49.766285
-0.992054 0.074517 0.101372 -201.591537 0.085294 0.990648 0.106493 10.767722 -0.092488 0.114293 -0.989132 48.839504
-0.991870 0.074095 0.103463 -201.488846 0.084801 0.991036 0.103222 10.853225 -0.094887 0.111156 -0.989262 47.910587
-0.991731 0.074192 0.104717 -201.384048 0.085275 0.990738 0.105664 10.936511 -0.095908 0.113719 -0.988873 46.983452
-0.991761 0.073390 0.104996 -201.279892 0.084791 0.990462 0.108600 11.017194 -0.096024 0.116608 -0.988525 46.055725
-0.991316 0.078455 0.105536 -201.197784 0.089955 0.989959 0.109031 11.094731 -0.095922 0.117578 -0.988420 45.136311
-0.991024 0.082172 0.105445 -201.116638 0.093550 0.989748 0.107919 11.169717 -0.095496 0.116814 -0.988552 44.220467
-0.990750 0.084194 0.106422 -201.038132 0.095351 0.989943 0.104495 11.255223 -0.096554 0.113676 -0.988815 43.322063
-0.990531 0.087365 0.105903 -200.944595 0.098458 0.989641 0.104478 11.340138 -0.095677 0.113915 -0.988872 42.419064
-0.990199 0.085958 0.110073 -200.875565 0.098075 0.989097 0.109852 11.429326 -0.099430 0.119571 -0.987834 41.536827
-0.990530 0.082705 0.109590 -200.809006 0.095572 0.988418 0.117876 11.521202 -0.098572 0.127233 -0.986962 40.653801
-0.991145 0.077914 0.107521 -200.733902 0.091245 0.987925 0.125206 11.613463 -0.096467 0.133908 -0.986287 39.769043
-0.991821 0.073720 0.104193 -200.658951 0.087053 0.987709 0.129820 11.705715 -0.093342 0.137828 -0.986047 38.888031
-0.992259 0.074056 0.099689 -200.543961 0.086461 0.988193 0.126483 11.785644 -0.089145 0.134123 -0.986946 37.987785
-0.992226 0.078419 0.096633 -200.417282 0.089606 0.989027 0.117455 11.861777 -0.086361 0.125199 -0.988365 37.089882
-0.992249 0.079613 0.095415 -200.319275 0.090084 0.989731 0.110985 11.943594 -0.085599 0.118720 -0.989231 36.219627
-0.992130 0.081530 0.095025 -200.237686 0.091799 0.989768 0.109230 12.024259 -0.085148 0.117093 -0.989464 35.364502
-0.991890 0.083562 0.095767 -200.158722 0.094011 0.989434 0.110363 12.100448 -0.085533 0.118470 -0.989267 34.518604
-0.991828 0.083893 0.096118 -200.078461 0.094342 0.989456 0.109889 12.174716 -0.085885 0.118058 -0.989285 33.686806
-0.991675 0.085392 0.096370 -199.999756 0.095771 0.989444 0.108762 12.248618 -0.086065 0.117086 -0.989385 32.873192
-0.991247 0.089196 0.097328 -199.925858 0.099809 0.988880 0.110246 12.320822 -0.086412 0.118996 -0.989127 32.074200
-0.991010 0.090239 0.098779 -199.850067 0.101409 0.988221 0.114610 12.391284 -0.087272 0.123596 -0.988487 31.289492
-0.991018 0.088464 0.100290 -199.770309 0.100140 0.987940 0.118092 12.461070 -0.088633 0.127075 -0.987925 30.526325
-0.990721 0.089378 0.102394 -199.704056 0.101289 0.987866 0.117727 12.525604 -0.090629 0.127006 -0.987752 29.800655
-0.990529 0.090307 0.103433 -199.638779 0.102109 0.988085 0.115150 12.588208 -0.091800 0.124621 -0.987948 29.101923
-0.990420 0.091238 0.103648 -199.567352 0.102634 0.988560 0.110522 12.650217 -0.092379 0.120101 -0.988454 28.420317
-0.990430 0.090396 0.104299 -199.490509 0.101535 0.989066 0.106955 12.710406 -0.093490 0.116522 -0.988778 27.761122
-0.990283 0.089803 0.106176 -199.415421 0.101116 0.989162 0.106461 12.765510 -0.095464 0.116162 -0.988631 27.125818
-0.989976 0.089263 0.109446 -199.343018 0.101178 0.988920 0.108623 12.814889 -0.098537 0.118608 -0.988039 26.516876
-0.989442 0.089451 0.114028 -199.272003 0.102198 0.988516 0.111317 12.862709 -0.102760 0.121795 -0.987221 25.936413
-0.988862 0.088890 0.119372 -199.200287 0.102447 0.988334 0.112696 12.908344 -0.107961 0.123669 -0.986433 25.384834
-0.988330 0.086765 0.125207 -199.135559 0.101042 0.988492 0.112573 12.955951 -0.113998 0.123910 -0.985723 24.871431
-0.987764 0.084837 0.130861 -199.063080 0.099856 0.988584 0.112829 12.996072 -0.119795 0.124515 -0.984959 24.394196
-0.987032 0.083985 0.136794 -198.993042 0.099721 0.988628 0.112560 13.032702 -0.125785 0.124742 -0.984183 23.940062
-0.986154 0.083950 0.143013 -198.929962 0.100279 0.988739 0.111081 13.073204 -0.132077 0.123883 -0.983467 23.503496
-0.985169 0.083742 0.149765 -198.865616 0.100598 0.988965 0.108753 13.111560 -0.139005 0.122206 -0.982722 23.077686
-0.984168 0.082102 0.157079 -198.798935 0.099705 0.989173 0.107672 13.148030 -0.146538 0.121629 -0.981699 22.661402
-0.983022 0.079761 0.165244 -198.730881 0.098336 0.989335 0.107448 13.184095 -0.154911 0.121873 -0.980382 22.254234
-0.981558 0.078579 0.174270 -198.662720 0.098056 0.989506 0.106115 13.219252 -0.164102 0.121247 -0.978963 21.854855
-0.979800 0.078545 0.183912 -198.594208 0.098827 0.989672 0.103834 13.253722 -0.173857 0.119912 -0.977443 21.461294
-0.977769 0.077086 0.195001 -198.518570 0.098154 0.990055 0.100777 13.284101 -0.185293 0.117676 -0.975612 21.128429
-0.975658 0.075429 0.205917 -198.441208 0.097217 0.990445 0.097815 13.313485 -0.196570 0.115453 -0.973669 20.802267
-0.973283 0.073891 0.217393 -198.362610 0.096243 0.990902 0.094081 13.340878 -0.208464 0.112490 -0.971539 20.482754
-0.970549 0.072568 0.229716 -198.282745 0.095437 0.991353 0.090049 13.367593 -0.221194 0.109320 -0.969083 20.169611
-0.967398 0.071477 0.242964 -198.200943 0.095049 0.991689 0.086703 13.395044 -0.234747 0.106969 -0.966153 19.861977
-0.963794 0.070170 0.257252 -198.116806 0.094841 0.991877 0.084765 13.423410 -0.249213 0.106094 -0.962620 19.558989
-0.959572 0.068891 0.272904 -198.030441 0.094976 0.991968 0.083538 13.452385 -0.264957 0.106080 -0.958407 19.260656
-0.954416 0.068481 0.290517 -197.941254 0.096229 0.991950 0.082306 13.480990 -0.282541 0.106510 -0.953323 18.965921
-0.948122 0.068515 0.310434 -197.844681 0.098368 0.991804 0.081533 13.506028 -0.302303 0.107840 -0.947092 18.683744
-0.940621 0.067536 0.332672 -197.727921 0.100018 0.991643 0.081480 13.517903 -0.324389 0.109915 -0.939516 18.448254
-0.931951 0.063801 0.356928 -197.609421 0.099327 0.991663 0.082086 13.534738 -0.348715 0.111953 -0.930518 18.194794
-0.922231 0.058628 0.382167 -197.482895 0.097349 0.991803 0.082764 13.549244 -0.374182 0.113532 -0.920379 17.950729
-0.911660 0.053486 0.407448 -197.351334 0.095550 0.991908 0.083582 13.562125 -0.399681 0.115130 -0.909395 17.714466
-0.900206 0.050278 0.432553 -197.217346 0.095857 0.991827 0.084205 13.574602 -0.424784 0.117264 -0.897667 17.485674
-0.887641 0.047834 0.458044 -197.083130 0.096646 0.991791 0.083714 13.590652 -0.450280 0.118576 -0.884978 17.253841
-0.873922 0.045956 0.483888 -196.940933 0.097542 0.991850 0.081965 13.602752 -0.476177 0.118831 -0.871283 17.038752
-0.858925 0.045566 0.510069 -196.793106 0.099518 0.991897 0.078971 13.614223 -0.502338 0.118591 -0.856500 16.831724
-0.842612 0.045601 0.536587 -196.642685 0.101412 0.992018 0.074941 13.628007 -0.528887 0.117563 -0.840511 16.617176
-0.825135 0.045415 0.563107 -196.479462 0.102561 0.992242 0.070259 13.639166 -0.555546 0.115726 -0.823392 16.415850
-0.806120 0.043848 0.590125 -196.300323 0.101893 0.992641 0.065430 13.649308 -0.582913 0.112874 -0.804656 16.217403
-0.785346 0.042971 0.617564 -196.106873 0.101946 0.992945 0.060551 13.658731 -0.610605 0.110512 -0.784186 16.018446
-0.762707 0.043387 0.645286 -195.899002 0.103191 0.993129 0.055190 13.667055 -0.638457 0.108682 -0.761944 15.818278
-0.738045 0.046077 0.673177 -195.676559 0.106840 0.993059 0.049162 13.674222 -0.666240 0.108206 -0.737845 15.615251
-0.711828 0.048159 0.700700 -195.435623 0.109825 0.993006 0.043319 13.679916 -0.693713 0.107789 -0.712139 15.411407
-0.684007 0.050356 0.727735 -195.189484 0.113858 0.992757 0.038320 13.687387 -0.720534 0.109070 -0.684787 15.202012
-0.654173 0.051688 0.754577 -194.920868 0.116656 0.992619 0.033138 13.693792 -0.747294 0.109704 -0.655375 14.998000
-0.622479 0.053318 0.780818 -194.644104 0.119363 0.992472 0.027386 13.701009 -0.773479 0.110248 -0.624159 14.795223
-0.589819 0.052496 0.805828 -194.344513 0.118634 0.992690 0.022162 13.706125 -0.798773 0.108670 -0.591735 14.599004
-0.555973 0.050606 0.829658 -194.023941 0.117576 0.992896 0.018227 13.708529 -0.822842 0.107681 -0.557974 14.407481
-0.520674 0.047952 0.852407 -193.697235 0.117702 0.992919 0.016038 13.708137 -0.845603 0.108679 -0.522631 14.217642
-0.484821 0.046886 0.873355 -193.351028 0.119795 0.992710 0.013206 13.707720 -0.866370 0.111027 -0.486904 14.030542
-0.448700 0.046792 0.892457 -192.985703 0.122100 0.992473 0.009351 13.706134 -0.885302 0.113165 -0.451036 13.849999
-0.412918 0.045180 0.909646 -192.599823 0.123268 0.992351 0.006667 13.704118 -0.902387 0.114882 -0.415330 13.675517
-0.378493 0.043352 0.924588 -192.204071 0.124636 0.992192 0.004500 13.702919 -0.917174 0.116940 -0.380941 13.505484
-0.346484 0.042358 0.937099 -191.790405 0.126551 0.991957 0.001953 13.700530 -0.929479 0.119268 -0.349058 13.337211
-0.318336 0.041923 0.947051 -191.356354 0.128016 0.991771 -0.000873 13.696253 -0.939295 0.120959 -0.321083 13.172328
-0.294335 0.041230 0.954813 -190.913956 0.128098 0.991756 -0.003338 13.690245 -0.947078 0.121328 -0.297190 13.010686
-0.274057 0.040964 0.960841 -190.453690 0.128947 0.991636 -0.005499 13.684073 -0.953029 0.122390 -0.277048 12.847727
-0.256254 0.041491 0.965718 -189.973969 0.131833 0.991243 -0.007607 13.678578 -0.957577 0.125364 -0.259481 12.684183
-0.239074 0.042777 0.970059 -189.477173 0.138008 0.990383 -0.009662 13.674180 -0.961143 0.131566 -0.242678 12.519403
-0.220140 0.043076 0.974517 -188.962540 0.145037 0.989365 -0.010970 13.668699 -0.964626 0.138926 -0.224047 12.358829
-0.199111 0.040518 0.979139 -188.429871 0.150368 0.988576 -0.010332 13.660480 -0.968371 0.145174 -0.202930 12.208259
-0.175647 0.036724 0.983768 -187.884705 0.155358 0.987816 -0.009138 13.650442 -0.972116 0.151231 -0.179212 12.069356
-0.149378 0.032239 0.988254 -187.294449 0.159667 0.987138 -0.008069 13.637322 -0.975803 0.156586 -0.152605 11.950717
-0.121583 0.027556 0.992198 -186.693069 0.163328 0.986543 -0.007385 13.622755 -0.979051 0.161155 -0.124448 11.852792
-0.093355 0.023710 0.995350 -186.087662 0.165086 0.986246 -0.008010 13.605482 -0.981851 0.163571 -0.095986 11.777370
-0.066763 0.020892 0.997550 -185.483536 0.165426 0.986175 -0.009584 13.573782 -0.983959 0.164381 -0.069296 11.756663
-0.039437 0.019036 0.999041 -184.875809 0.164606 0.986282 -0.012296 13.536638 -0.985570 0.163963 -0.042030 11.758523
-0.012643 0.019588 0.999728 -184.269043 0.162870 0.986496 -0.017270 13.498532 -0.986566 0.162607 -0.015663 11.772404
0.013627 0.021483 0.999676 -183.665421 0.159867 0.986861 -0.023387 13.460251 -0.987044 0.160134 0.010014 11.798446
0.037745 0.023911 0.999002 -183.066528 0.157263 0.987114 -0.029569 13.422911 -0.986834 0.158221 0.033498 11.829485
0.058262 0.026309 0.997954 -182.467255 0.154379 0.987390 -0.035045 13.386253 -0.986292 0.156106 0.053466 11.865276
0.074470 0.027935 0.996831 -181.865784 0.150397 0.987859 -0.038921 13.349240 -0.985816 0.152819 0.069364 11.907977
0.086923 0.028253 0.995814 -181.244003 0.145975 0.988447 -0.040786 13.329220 -0.985462 0.148910 0.081794 11.942126
0.096713 0.028241 0.994912 -180.630844 0.142262 0.988941 -0.041902 13.299737 -0.985093 0.145590 0.091626 11.991726
0.105559 0.027158 0.994042 -180.030426 0.141147 0.989096 -0.042013 13.261703 -0.984344 0.144741 0.100574 12.048389
0.114537 0.025215 0.993098 -179.432175 0.140342 0.989241 -0.041304 13.222392 -0.983456 0.144103 0.109765 12.108124
0.123371 0.023580 0.992080 -178.836319 0.140031 0.989300 -0.040928 13.183611 -0.982431 0.143972 0.118748 12.173226
0.132095 0.023671 0.990954 -178.240814 0.139672 0.989295 -0.042251 13.145157 -0.981347 0.143990 0.127373 12.243988
0.140388 0.024950 0.989782 -177.642410 0.138374 0.989376 -0.044568 13.106141 -0.980379 0.143218 0.135444 12.321788
0.147084 0.026813 0.988760 -177.035202 0.136849 0.989467 -0.047190 13.066392 -0.979611 0.142251 0.141866 12.400822
0.151706 0.028946 0.988001 -176.421661 0.135363 0.989545 -0.049776 13.026194 -0.979113 0.141289 0.146202 12.485717
0.155441 0.030691 0.987368 -175.796844 0.134704 0.989521 -0.051964 12.985234 -0.978618 0.141081 0.149677 12.568590
0.159017 0.031252 0.986781 -175.164291 0.135259 0.989384 -0.053132 12.944903 -0.977967 0.141920 0.153101 12.651994
0.162351 0.030968 0.986247 -174.518402 0.136195 0.989237 -0.053483 12.903710 -0.977289 0.143005 0.156386 12.742914
0.165672 0.029954 0.985726 -173.855362 0.135975 0.989298 -0.052917 12.859643 -0.976762 0.142801 0.159825 12.841148
0.169124 0.029224 0.985161 -173.179871 0.134613 0.989507 -0.052463 12.813217 -0.976359 0.141487 0.163415 12.945789
0.172735 0.028808 0.984547 -172.490875 0.134249 0.989555 -0.052508 12.766592 -0.975776 0.141244 0.167062 13.054137
0.176443 0.028843 0.983888 -171.789017 0.133559 0.989624 -0.052963 12.719676 -0.975207 0.140751 0.170759 13.167396
0.180194 0.029487 0.983189 -171.074890 0.132161 0.989761 -0.053906 12.671285 -0.974711 0.139653 0.174452 13.286486
0.183670 0.030316 0.982520 -170.357376 0.131419 0.989794 -0.055109 12.622325 -0.974162 0.139244 0.177812 13.404655
0.186732 0.032114 0.981885 -169.633972 0.129967 0.989872 -0.057094 12.572233 -0.973776 0.138275 0.180668 13.525207
0.188402 0.036091 0.981429 -168.905167 0.126925 0.990048 -0.060774 12.519032 -0.973855 0.136018 0.181946 13.648432
0.188636 0.040301 0.981220 -168.161469 0.124413 0.990126 -0.064585 12.463609 -0.974135 0.134259 0.181759 13.775790
0.188615 0.042047 0.981150 -167.399139 0.123529 0.990131 -0.066179 12.408789 -0.974250 0.133683 0.181560 13.904464
0.188381 0.040803 0.981248 -166.621384 0.124328 0.990106 -0.065041 12.353355 -0.974194 0.134249 0.181444 14.034385
0.188287 0.037661 0.981391 -165.829117 0.123576 0.990414 -0.061717 12.294421 -0.974309 0.132897 0.181827 14.169229
0.189466 0.037361 0.981177 -165.026505 0.124026 0.990360 -0.061662 12.234899 -0.974022 0.133374 0.183005 14.305843
0.191914 0.039264 0.980626 -164.214371 0.124429 0.990162 -0.063999 12.174901 -0.973492 0.134299 0.185140 14.446296
0.195103 0.038300 0.980035 -163.377380 0.125072 0.990107 -0.063593 12.110795 -0.972775 0.134982 0.188383 14.612170
0.199498 0.034525 0.979290 -162.505951 0.126309 0.990135 -0.060640 12.043501 -0.971723 0.135790 0.193170 14.783366
0.204156 0.030906 0.978450 -161.620956 0.126947 0.990225 -0.057767 11.974557 -0.970672 0.136004 0.198236 14.952210
0.209348 0.029251 0.977403 -160.724167 0.128526 0.990057 -0.057159 11.904839 -0.969357 0.137588 0.203507 15.125604
0.215140 0.030438 0.976108 -159.819473 0.129645 0.989777 -0.059440 11.837201 -0.967939 0.139335 0.208994 15.303945
0.219600 0.033791 0.975004 -158.906357 0.129087 0.989606 -0.063372 11.765901 -0.967012 0.139776 0.212955 15.516671
0.224046 0.037281 0.973865 -157.972107 0.127591 0.989545 -0.067236 11.691630 -0.966191 0.139320 0.216947 15.743434
0.226850 0.041528 0.973043 -157.027893 0.123441 0.989806 -0.071024 11.615699 -0.966074 0.136226 0.219411 15.969987
0.227878 0.043005 0.972740 -156.071152 0.117310 0.990534 -0.071273 11.536476 -0.966597 0.130354 0.220677 16.196579
0.228044 0.042684 0.972714 -155.101639 0.112164 0.991235 -0.069793 11.454865 -0.967169 0.125020 0.221258 16.418707
0.227485 0.043590 0.972805 -154.122223 0.107143 0.991811 -0.069497 11.370649 -0.967869 0.120040 0.220952 16.638918
0.226495 0.045497 0.972949 -153.129990 0.104001 0.992067 -0.070603 11.285439 -0.968444 0.117178 0.219966 16.859060
0.225358 0.046695 0.973156 -152.127594 0.100531 0.992404 -0.070900 11.199990 -0.969076 0.113811 0.218951 17.080914
0.223067 0.043950 0.973812 -151.111755 0.096745 0.993052 -0.066980 11.115097 -0.969990 0.109152 0.217264 17.305201
0.219709 0.038898 0.974789 -150.085968 0.092926 0.993826 -0.060603 11.030054 -0.971129 0.103898 0.214738 17.528860
0.215070 0.037068 0.975895 -149.054962 0.090965 0.994175 -0.057809 10.947692 -0.972352 0.101205 0.210444 17.747435
0.209016 0.039301 0.977122 -148.023102 0.089612 0.994218 -0.059159 10.868205 -0.973797 0.099927 0.204286 17.959501
0.201039 0.042288 0.978670 -146.972672 0.088432 0.994205 -0.061126 10.789059 -0.975583 0.098834 0.196134 18.159983
0.190848 0.042850 0.980684 -145.928238 0.089471 0.994128 -0.060851 10.708920 -0.977533 0.099355 0.185893 18.351648
0.178556 0.041088 0.983071 -144.875397 0.089752 0.994281 -0.057860 10.628698 -0.979827 0.098564 0.173847 18.531420
0.164717 0.037543 0.985626 -143.816971 0.089069 0.994626 -0.052771 10.551382 -0.982311 0.096481 0.160487 18.700191
0.150832 0.035189 0.987933 -142.752686 0.091101 0.994618 -0.049337 10.478099 -0.984352 0.097442 0.146815 18.852619
0.137222 0.036279 0.989876 -141.700272 0.091887 0.994553 -0.049189 10.399597 -0.986269 0.097707 0.133141 19.005421
0.125172 0.039503 0.991348 -140.638412 0.093850 0.994254 -0.051470 10.336213 -0.987686 0.099481 0.120745 19.146631
0.114593 0.041014 0.992565 -139.550171 0.096141 0.993999 -0.052174 10.269142 -0.988749 0.101406 0.109963 19.235880
0.105246 0.040210 0.993633 -138.461472 0.099804 0.993710 -0.050786 10.194601 -0.989425 0.104513 0.100570 19.326452
0.097727 0.039145 0.994443 -137.372757 0.103470 0.993411 -0.049273 10.122186 -0.989819 0.107710 0.093032 19.420174
0.092968 0.039642 0.994879 -136.280823 0.107408 0.992977 -0.049605 10.051190 -0.989858 0.111469 0.088057 19.507811
0.090716 0.039920 0.995076 -135.185455 0.110407 0.992633 -0.049888 9.980087 -0.989737 0.114388 0.085640 19.594889
0.090719 0.038636 0.995127 -134.080139 0.112652 0.992434 -0.048802 9.908431 -0.989484 0.116530 0.085680 19.685577
0.092506 0.036734 0.995035 -132.968796 0.114040 0.992352 -0.047238 9.836123 -0.989160 0.117844 0.087608 19.779161
0.095292 0.036361 0.994785 -131.853180 0.115571 0.992170 -0.047337 9.763906 -0.988717 0.119480 0.090343 19.878216
0.098592 0.037528 0.994420 -130.735352 0.117020 0.991918 -0.049037 9.692464 -0.988223 0.121202 0.093403 19.979475
0.102100 0.037281 0.994075 -129.610382 0.119141 0.991646 -0.049427 9.620725 -0.987614 0.123482 0.096805 20.084448
0.105837 0.036363 0.993719 -128.476959 0.121375 0.991386 -0.049205 9.546782 -0.986948 0.125820 0.100511 20.193783
0.109736 0.036938 0.993274 -127.339897 0.122324 0.991210 -0.050376 9.471080 -0.986405 0.127030 0.104253 20.309208
0.113525 0.037875 0.992813 -126.196968 0.123047 0.991043 -0.051878 9.395938 -0.985886 0.128051 0.107848 20.429972
0.116458 0.035300 0.992568 -125.043747 0.123819 0.991055 -0.049775 9.320978 -0.985447 0.128696 0.111045 20.556110
0.118021 0.030931 0.992529 -123.886368 0.123447 0.991303 -0.045573 9.249680 -0.985307 0.127902 0.113176 20.688540
0.119207 0.028540 0.992459 -122.721489 0.123658 0.991377 -0.043363 9.179380 -0.985138 0.127895 0.114650 20.822115
0.119925 0.029551 0.992343 -121.551041 0.124976 0.991155 -0.044619 9.109181 -0.984885 0.129370 0.115172 20.954159
0.120300 0.031882 0.992226 -120.371857 0.124998 0.991042 -0.047001 9.037334 -0.984837 0.129679 0.115237 21.088322
0.120411 0.033214 0.992168 -119.184425 0.123850 0.991128 -0.048211 8.963037 -0.984968 0.128685 0.115229 21.224571
0.120637 0.034161 0.992109 -117.984657 0.121522 0.991382 -0.048914 8.884550 -0.985230 0.126464 0.115445 21.362913
0.120687 0.035038 0.992072 -116.782761 0.118433 0.991730 -0.049435 8.806762 -0.985600 0.123460 0.115539 21.505901
0.120737 0.034752 0.992076 -115.575729 0.115862 0.992062 -0.048853 8.729174 -0.985900 0.120842 0.115751 21.649328
0.120716 0.032702 0.992148 -114.360176 0.113928 0.992396 -0.046572 8.651464 -0.986128 0.118655 0.116071 21.793999
0.120810 0.031835 0.992165 -113.136925 0.112600 0.992595 -0.045560 8.574438 -0.986268 0.117221 0.116331 21.938976
0.121124 0.032859 0.992093 -111.909966 0.114211 0.992352 -0.046812 8.498626 -0.986045 0.118978 0.116445 22.080576
0.121759 0.035522 0.991924 -110.677177 0.116114 0.991987 -0.049779 8.420885 -0.985744 0.121236 0.116658 22.221287
0.122389 0.038720 0.991726 -109.440849 0.117310 0.991669 -0.053197 8.339890 -0.985524 0.122850 0.116827 22.363874
0.123104 0.039933 0.991590 -108.195419 0.119051 0.991380 -0.054706 8.255567 -0.985226 0.124783 0.117289 22.508005
0.123524 0.037733 0.991624 -106.942474 0.121156 0.991227 -0.052811 8.169684 -0.984918 0.126665 0.117868 22.653688
0.124040 0.034927 0.991662 -105.689430 0.122292 0.991223 -0.050209 8.082526 -0.984713 0.127500 0.118679 22.803209
0.124729 0.034260 0.991599 -104.431274 0.125159 0.990876 -0.049979 7.999296 -0.984265 0.130342 0.119303 22.951633
0.125330 0.034946 0.991499 -103.163742 0.126920 0.990603 -0.050958 7.917156 -0.983963 0.132228 0.119717 23.101864
0.125662 0.036978 0.991384 -101.893707 0.125527 0.990680 -0.052864 7.831288 -0.984100 0.131088 0.119848 23.256971
0.126166 0.040752 0.991172 -100.619942 0.122944 0.990810 -0.056388 7.743055 -0.984361 0.128973 0.119996 23.415646
0.126452 0.041825 0.991091 -99.343399 0.119289 0.991219 -0.057051 7.651028 -0.984774 0.125441 0.120352 23.577251
0.126626 0.040309 0.991131 -98.066658 0.115671 0.991756 -0.055112 7.557230 -0.985183 0.121623 0.120919 23.740191
0.127138 0.038165 0.991151 -96.783852 0.114691 0.991990 -0.052910 7.465231 -0.985232 0.120403 0.121743 23.902092
0.128286 0.036739 0.991056 -95.506424 0.116311 0.991859 -0.051826 7.376846 -0.984892 0.121919 0.122969 24.059731
0.129648 0.035582 0.990921 -94.224678 0.118023 0.991697 -0.051053 7.288356 -0.984511 0.123570 0.124372 24.219206
0.131275 0.036653 0.990668 -92.945679 0.119061 0.991500 -0.052463 7.201307 -0.984170 0.124837 0.125795 24.381340
0.132569 0.036782 0.990491 -91.666443 0.117529 0.991678 -0.052558 7.112449 -0.984180 0.123378 0.127143 24.549078
0.133560 0.037112 0.990346 -90.384033 0.114103 0.992076 -0.052566 7.020934 -0.984450 0.120022 0.128267 24.721991
0.134531 0.038333 0.990167 -89.104538 0.111894 0.992273 -0.053618 6.930176 -0.984571 0.118006 0.129202 24.895319
0.135659 0.037137 0.990059 -87.823868 0.110903 0.992447 -0.052424 6.837847 -0.984529 0.116913 0.130515 25.068638
0.137164 0.034071 0.989962 -86.543633 0.112347 0.992424 -0.049723 6.747552 -0.984156 0.118039 0.132297 25.239740
0.139034 0.030905 0.989805 -85.266083 0.115591 0.992174 -0.047217 6.660495 -0.983518 0.120978 0.134373 25.410208
0.140850 0.028226 0.989628 -83.991432 0.118156 0.991969 -0.045110 6.576056 -0.982955 0.123285 0.136383 25.582827
0.143969 0.028476 0.989172 -82.720985 0.118912 0.991844 -0.045861 6.498648 -0.982412 0.124226 0.139409 25.734894
0.145219 0.029790 0.988951 -81.454773 0.119254 0.991732 -0.047387 6.422606 -0.982186 0.124818 0.140465 25.887455
0.146362 0.031213 0.988738 -80.188850 0.118479 0.991754 -0.048848 6.342371 -0.982110 0.124294 0.141457 26.055716
0.147494 0.030617 0.988589 -78.922356 0.117375 0.991915 -0.048233 6.257681 -0.982073 0.123149 0.142708 26.239290
0.148781 0.028136 0.988470 -77.656166 0.117720 0.991982 -0.045955 6.170087 -0.981838 0.123200 0.144275 26.437674
0.150221 0.025778 0.988316 -76.393082 0.118779 0.991948 -0.043928 6.081537 -0.981491 0.123991 0.145949 26.647226
0.151739 0.025415 0.988094 -75.136955 0.120155 0.991780 -0.043963 5.996520 -0.981090 0.125394 0.147438 26.849188
0.153277 0.027110 0.987812 -73.884857 0.119969 0.991718 -0.045833 5.915006 -0.980874 0.125532 0.148756 27.039688
0.154568 0.029471 0.987542 -72.633904 0.118700 0.991760 -0.048176 5.831536 -0.980825 0.124668 0.149796 27.231907
0.155174 0.030769 0.987408 -71.386612 0.116333 0.991990 -0.049194 5.746542 -0.981014 0.122502 0.150351 27.427172
0.154496 0.028429 0.987584 -70.144501 0.114894 0.992286 -0.046540 5.660298 -0.981290 0.120657 0.150037 27.624565
0.154007 0.025837 0.987732 -68.900024 0.114667 0.992435 -0.043839 5.576423 -0.981393 0.120012 0.149879 27.817589
0.153744 0.025014 0.987794 -67.656464 0.116988 0.992186 -0.043334 5.498044 -0.981161 0.122223 0.149615 28.003855
0.153841 0.025818 0.987758 -66.414032 0.119685 0.991811 -0.044565 5.421300 -0.980820 0.125076 0.149491 28.187284
0.154142 0.027724 0.987659 -65.179283 0.120458 0.991621 -0.046636 5.341113 -0.980678 0.126160 0.149511 28.373882
0.154430 0.030483 0.987533 -63.948093 0.118988 0.991674 -0.049219 5.258654 -0.980813 0.125105 0.149517 28.563330
0.154575 0.031593 0.987476 -62.716759 0.117404 0.991818 -0.050110 5.174822 -0.980980 0.123680 0.149601 28.754730
0.154806 0.030316 0.987479 -61.498531 0.115558 0.992111 -0.048575 5.082822 -0.981163 0.121630 0.150081 28.945946
0.155553 0.030415 0.987359 -60.279907 0.114993 0.992173 -0.048681 4.993384 -0.981111 0.121112 0.150837 29.135893
0.156632 0.030755 0.987178 -59.060936 0.116339 0.991981 -0.049365 4.911146 -0.980781 0.122579 0.151797 29.324486
0.157630 0.029511 0.987057 -57.841103 0.117235 0.991925 -0.048379 4.830383 -0.980514 0.123343 0.152897 29.514074
0.158552 0.030890 0.986867 -56.625217 0.117383 0.991831 -0.049905 4.749897 -0.980348 0.123754 0.153630 29.705416
0.159543 0.035670 0.986547 -55.416218 0.118438 0.991436 -0.055002 4.667604 -0.980060 0.125620 0.153952 29.895399
0.160253 0.038995 0.986306 -54.213902 0.117826 0.991318 -0.058338 4.579765 -0.980018 0.125561 0.154268 30.087378
0.160783 0.038338 0.986245 -53.018158 0.117257 0.991426 -0.057656 4.489729 -0.979999 0.124913 0.154908 30.280174
0.161503 0.036264 0.986205 -51.821575 0.117893 0.991459 -0.055764 4.398690 -0.979805 0.125273 0.155848 30.471630
0.162324 0.033711 0.986162 -50.637150 0.119501 0.991388 -0.053561 4.306574 -0.979474 0.126542 0.156897 30.658604
0.163342 0.032878 0.986021 -49.452885 0.120988 0.991232 -0.053095 4.218461 -0.979122 0.127969 0.157932 30.846395
0.164286 0.033355 0.985849 -48.270355 0.122117 0.991052 -0.053882 4.132749 -0.978824 0.129240 0.158743 31.036993
0.165475 0.035449 0.985577 -47.101982 0.120934 0.991081 -0.055952 4.050141 -0.978771 0.128448 0.159712 31.222685
0.165921 0.036564 0.985461 -45.936306 0.119905 0.991150 -0.056964 3.965679 -0.978822 0.127614 0.160068 31.412062
0.165681 0.035119 0.985554 -44.775696 0.117898 0.991493 -0.055151 3.866324 -0.979106 0.125332 0.160130 31.618612
0.166240 0.033564 0.985514 -43.618454 0.117652 0.991606 -0.053618 3.774601 -0.979041 0.124861 0.160895 31.817682
0.166991 0.032421 0.985425 -42.459808 0.118106 0.991605 -0.052640 3.689479 -0.978859 0.125175 0.161760 32.011147
0.167747 0.032287 0.985301 -41.305992 0.118893 0.991505 -0.052733 3.606547 -0.978634 0.125991 0.162483 32.203075
0.168567 0.032812 0.985143 -40.157101 0.118785 0.991485 -0.053350 3.525737 -0.978506 0.126014 0.163234 32.395863
0.169234 0.032545 0.985038 -39.015961 0.118824 0.991490 -0.053173 3.442795 -0.978386 0.126045 0.163927 32.589260
0.169321 0.034367 0.984961 -37.903160 0.118067 0.991487 -0.054892 3.367692 -0.978463 0.125584 0.163822 32.787685
0.170545 0.035585 0.984707 -36.791714 0.117684 0.991458 -0.056212 3.291892 -0.978297 0.125471 0.164900 32.971214
0.171091 0.035385 0.984620 -35.702065 0.117814 0.991449 -0.056103 3.208363 -0.978186 0.125601 0.165459 33.158745
0.171684 0.034318 0.984554 -34.624084 0.118522 0.991414 -0.055225 3.119865 -0.977996 0.126172 0.166141 33.350460
0.172017 0.032955 0.984542 -33.553078 0.119312 0.991386 -0.054031 3.032809 -0.977842 0.126761 0.166603 33.538960
0.172455 0.031663 0.984508 -32.494656 0.119197 0.991467 -0.052767 2.948514 -0.977778 0.126451 0.167209 33.725952
0.172982 0.030250 0.984460 -31.447901 0.118883 0.991579 -0.051359 2.867501 -0.977723 0.125921 0.167929 33.909485
0.173484 0.029000 0.984410 -30.417839 0.118760 0.991656 -0.050144 2.789511 -0.977649 0.125607 0.168592 34.087563
0.173893 0.029333 0.984327 -29.407175 0.117273 0.991825 -0.050274 2.713972 -0.977756 0.124178 0.169031 34.262615
0.174130 0.029938 0.984268 -28.419178 0.116099 0.991941 -0.050711 2.640852 -0.977855 0.123103 0.169251 34.434170
0.174590 0.028886 0.984218 -27.449057 0.116056 0.991998 -0.049703 2.568901 -0.977778 0.122902 0.169840 34.607048
0.174807 0.025046 0.984284 -26.489845 0.116275 0.992155 -0.045898 2.500978 -0.977712 0.122470 0.170523 34.775238
0.175220 0.022109 0.984281 -25.550785 0.118277 0.992034 -0.043340 2.435177 -0.977398 0.124012 0.171208 34.938301
0.175678 0.025150 0.984126 -24.631901 0.118496 0.991864 -0.046501 2.369039 -0.977290 0.124785 0.171268 35.099556
0.175101 0.033277 0.983988 -23.733658 0.117402 0.991592 -0.054426 2.303268 -0.977526 0.125052 0.169721 35.259094
0.173427 0.038260 0.984103 -22.847431 0.119791 0.991006 -0.059640 2.239859 -0.977534 0.128230 0.167284 35.411690
0.170726 0.037048 0.984622 -21.989405 0.121785 0.990837 -0.058400 2.174916 -0.977763 0.129883 0.164649 35.555401
0.167191 0.032066 0.985403 -21.126192 0.120873 0.991264 -0.052767 2.106113 -0.978486 0.127931 0.161854 35.701546
0.163682 0.029758 0.986064 -20.280657 0.122800 0.991156 -0.050297 2.041967 -0.978840 0.129321 0.158580 35.838326
0.160784 0.027837 0.986597 -19.455744 0.127920 0.990583 -0.048797 1.984753 -0.978665 0.134051 0.155709 35.963470
0.157217 0.025852 0.987225 -18.649847 0.130642 0.990327 -0.046740 1.929185 -0.978884 0.136322 0.152319 36.085735
0.153173 0.022394 0.987945 -17.864054 0.131272 0.990422 -0.042803 1.872451 -0.979441 0.136245 0.148766 36.205318
0.149772 0.020009 0.988518 -17.099140 0.131977 0.990443 -0.040044 1.820397 -0.979872 0.136458 0.145699 36.319942
0.146511 0.019331 0.989020 -16.358929 0.132007 0.990484 -0.038916 1.773822 -0.980361 0.136259 0.142565 36.429142
0.143440 0.018609 0.989484 -15.640897 0.134107 0.990235 -0.038065 1.728938 -0.980530 0.138156 0.139543 36.530209
0.140831 0.019545 0.989841 -14.947361 0.136874 0.989820 -0.039019 1.683814 -0.980526 0.140979 0.136721 36.624348
0.137977 0.021829 0.990195 -14.274742 0.140663 0.989191 -0.041409 1.641442 -0.980396 0.144998 0.133414 36.712711
0.135391 0.023972 0.990502 -13.622822 0.144474 0.988544 -0.043673 1.601877 -0.980202 0.149014 0.130376 36.795647
0.133070 0.026093 0.990763 -12.993038 0.146494 0.988155 -0.045700 1.560919 -0.980220 0.151222 0.127671 36.875206
0.130641 0.026933 0.991063 -12.383768 0.146488 0.988134 -0.046165 1.516735 -0.980548 0.151210 0.125144 36.953354
0.128766 0.027898 0.991283 -11.790963 0.147024 0.988020 -0.046905 1.475214 -0.980715 0.151782 0.123122 37.029209
0.127227 0.029916 0.991422 -11.209620 0.147051 0.987929 -0.048682 1.434356 -0.980912 0.151982 0.121291 37.104107
0.125220 0.031615 0.991625 -10.645642 0.145879 0.988042 -0.049923 1.394338 -0.981346 0.150908 0.119111 37.176373
0.123350 0.031546 0.991861 -10.104239 0.143504 0.988422 -0.049284 1.353714 -0.981933 0.148415 0.117393 37.247707
0.122524 0.031184 0.991975 -9.583663 0.141574 0.988735 -0.048569 1.314599 -0.982316 0.146389 0.116728 37.315857
0.122542 0.031778 0.991955 -9.082864 0.140879 0.988809 -0.049082 1.277138 -0.982414 0.145760 0.116694 37.380684
0.123654 0.032533 0.991792 -8.601568 0.139792 0.988924 -0.049868 1.241107 -0.982429 0.144810 0.117736 37.445126
0.126890 0.033216 0.991360 -8.129128 0.139050 0.988974 -0.050935 1.204767 -0.982122 0.144311 0.120871 37.511288
0.132017 0.033249 0.990690 -7.675374 0.138487 0.989016 -0.051648 1.170030 -0.981526 0.144016 0.125962 37.577454
0.138905 0.033351 0.989743 -7.243074 0.137352 0.989124 -0.052608 1.136748 -0.980734 0.143252 0.132813 37.645546
0.146844 0.033811 0.988582 -6.829951 0.134461 0.989456 -0.053815 1.104070 -0.979978 0.140828 0.140748 37.717228
0.156606 0.034322 0.987064 -6.464499 0.131225 0.989812 -0.055239 1.078309 -0.978905 0.138178 0.150506 37.777290
0.166787 0.034775 0.985379 -6.133937 0.128232 0.990125 -0.056648 1.055709 -0.977619 0.135805 0.160681 37.833870
0.179272 0.034623 0.983190 -5.816764 0.126013 0.990339 -0.057851 1.032589 -0.975696 0.134265 0.173176 37.895546
0.194828 0.033803 0.980255 -5.512994 0.124518 0.990467 -0.058904 1.009237 -0.972901 0.133536 0.188762 37.963604
0.214902 0.033157 0.976073 -5.218263 0.124156 0.990387 -0.060980 0.984836 -0.968711 0.134290 0.208720 38.040375
0.239492 0.031867 0.970375 -4.937198 0.123913 0.990284 -0.063104 0.957660 -0.962958 0.135354 0.233216 38.134102
0.268058 0.030528 0.962918 -4.698534 0.120701 0.990558 -0.065006 0.917913 -0.955811 0.133651 0.261843 38.282776
0.298392 0.029510 0.953987 -4.438601 0.115038 0.991123 -0.066641 0.887947 -0.947485 0.129630 0.292348 38.411739
0.329572 0.029415 0.943671 -4.189015 0.107543 0.991839 -0.068476 0.857228 -0.937985 0.124054 0.323719 38.554321
0.362754 0.029830 0.931407 -3.947608 0.099676 0.992511 -0.070609 0.825705 -0.926539 0.118452 0.357065 38.705498
0.397293 0.030344 0.917190 -3.711755 0.092599 0.993026 -0.072965 0.794379 -0.913008 0.113918 0.391712 38.860077
0.431509 0.031295 0.901565 -3.481126 0.085936 0.993427 -0.075615 0.763578 -0.898006 0.110105 0.425982 39.018837
0.465296 0.032803 0.884548 -3.254667 0.079535 0.993721 -0.078690 0.733384 -0.881575 0.106966 0.459765 39.181534
0.499647 0.035299 0.865510 -3.030685 0.073797 0.993802 -0.083133 0.702928 -0.863080 0.105409 0.493944 39.349453
0.534293 0.037572 0.844464 -2.806854 0.068289 0.993827 -0.087424 0.671651 -0.842536 0.104378 0.528429 39.525131
0.568997 0.038680 0.821429 -2.582513 0.063147 0.993888 -0.090543 0.640003 -0.819911 0.103390 0.563077 39.709614
0.603658 0.039512 0.796264 -2.359956 0.058341 0.993903 -0.093550 0.606427 -0.795106 0.102927 0.597672 39.901905
0.638693 0.038336 0.768506 -2.137069 0.055253 0.993894 -0.095500 0.571065 -0.767475 0.103458 0.632675 40.102512
0.673604 0.037264 0.738152 -1.917396 0.051172 0.993979 -0.096877 0.534533 -0.737319 0.103030 0.667641 40.321800
0.708002 0.037777 0.705199 -1.703631 0.045763 0.994014 -0.099195 0.496810 -0.704726 0.102502 0.702036 40.564377
0.741899 0.041263 0.669240 -1.496986 0.036908 0.994077 -0.102208 0.459425 -0.669495 0.100529 0.735982 40.829422
0.774711 0.044873 0.630721 -1.294478 0.028005 0.994064 -0.105124 0.422520 -0.631695 0.099104 0.768856 41.114479
0.805209 0.046879 0.591135 -1.093211 0.020339 0.994099 -0.106541 0.383812 -0.592642 0.097810 0.799504 41.419399
0.832446 0.047227 0.552090 -0.893753 0.014129 0.994227 -0.106354 0.341382 -0.553927 0.096334 0.826973 41.744110
0.856968 0.046799 0.513240 -0.697225 0.008286 0.994488 -0.104517 0.294592 -0.515303 0.093821 0.851857 42.089043
0.878752 0.048605 0.474798 -0.508465 0.001618 0.994491 -0.104802 0.247584 -0.477277 0.092863 0.873832 42.443909
0.897809 0.050875 0.437436 -0.321840 -0.003930 0.994190 -0.107563 0.197519 -0.440366 0.094852 0.892793 42.815666
0.914393 0.051785 0.401501 -0.136678 -0.007897 0.993876 -0.110207 0.147251 -0.404750 0.097602 0.909203 43.210918
0.928538 0.051649 0.367628 0.045198 -0.010891 0.993638 -0.112094 0.096109 -0.371079 0.100080 0.923193 43.627674
0.941053 0.048720 0.334730 0.224080 -0.011360 0.993566 -0.112678 0.043247 -0.338067 0.102233 0.935552 44.066723
0.952778 0.045542 0.300235 0.394667 -0.012589 0.993763 -0.110792 -0.012978 -0.303408 0.101781 0.947409 44.531250
0.963620 0.037754 0.264598 0.560407 -0.009746 0.994277 -0.106375 -0.070226 -0.267100 0.099927 0.958474 45.020947
0.972839 0.031988 0.229262 0.711944 -0.009157 0.994948 -0.099968 -0.131896 -0.231301 0.095153 0.968217 45.576462
0.980252 0.029692 0.195511 0.842503 -0.011284 0.995450 -0.094604 -0.197464 -0.197431 0.090530 0.976127 46.170052
0.986127 0.027450 0.163709 0.958454 -0.012147 0.995520 -0.093762 -0.266764 -0.165549 0.090473 0.982042 46.794098
0.990877 0.021166 0.133091 1.066371 -0.008181 0.995214 -0.097371 -0.335086 -0.134515 0.095393 0.986309 47.448708
0.994473 0.015846 0.103788 1.145198 -0.005303 0.994863 -0.101086 -0.411502 -0.104858 0.099977 0.989449 48.255432
0.996996 0.010841 0.076682 1.214505 -0.003076 0.994913 -0.100684 -0.485016 -0.077383 0.100145 0.991959 49.010574
0.998792 0.003245 0.049016 1.268950 0.001441 0.995448 -0.095282 -0.566945 -0.049102 0.095238 0.994242 49.802238
0.999801 -0.003396 0.019682 1.302629 0.005160 0.995900 -0.090312 -0.650135 -0.019294 0.090396 0.995718 50.626118
0.999908 -0.009736 -0.009487 1.319632 0.008863 0.996078 -0.088027 -0.728434 0.010306 0.087935 0.996072 51.439510
0.999198 -0.013568 -0.037658 1.316478 0.010372 0.996430 -0.083768 -0.806740 0.038660 0.083310 0.995773 52.274330
0.997939 -0.012335 -0.062975 1.289639 0.007301 0.996804 -0.079544 -0.885440 0.063755 0.078920 0.994840 53.125340
0.996285 -0.005135 -0.085969 1.222036 -0.001587 0.996957 -0.077923 -0.967845 0.086106 0.077770 0.993245 54.029316
0.994270 0.000623 -0.106899 1.144881 -0.009182 0.996786 -0.079582 -1.047694 0.106505 0.080108 0.991080 54.924015
0.992082 0.002770 -0.125566 1.039989 -0.013348 0.996420 -0.083479 -1.131016 0.124884 0.084494 0.988566 55.870628
0.990026 0.005808 -0.140769 0.912371 -0.018251 0.996018 -0.087260 -1.219844 0.139702 0.088959 0.986189 56.846558
0.988147 0.009203 -0.153239 0.784811 -0.022990 0.995815 -0.088439 -1.309726 0.151783 0.090913 0.984224 57.818947
0.986419 0.012325 -0.163785 0.647764 -0.026455 0.996083 -0.084367 -1.401168 0.162103 0.087555 0.982881 58.811039
0.984913 0.013992 -0.172487 0.504136 -0.028080 0.996439 -0.079507 -1.494231 0.170760 0.083150 0.981798 59.815376
0.983619 0.016419 -0.179511 0.352036 -0.030865 0.996476 -0.077980 -1.586556 0.177597 0.082242 0.980660 60.825401
0.982793 0.016343 -0.183985 0.198503 -0.030777 0.996642 -0.075870 -1.678314 0.182128 0.080226 0.979996 61.839912
0.982499 0.018225 -0.185371 -0.016009 -0.032563 0.996681 -0.074596 -1.778175 0.183396 0.079327 0.979832 62.895050
0.982452 0.017767 -0.185669 -0.235357 -0.032523 0.996521 -0.076728 -1.870707 0.183660 0.081419 0.979612 63.946018
0.982430 0.017451 -0.185810 -0.452516 -0.032746 0.996291 -0.079563 -1.960699 0.183733 0.084249 0.979358 64.994743
0.982467 0.017354 -0.185632 -0.670975 -0.032828 0.996204 -0.080611 -2.053257 0.183527 0.085291 0.979307 66.049072
0.982467 0.019004 -0.185464 -0.871609 -0.034213 0.996276 -0.079147 -2.149446 0.183269 0.084104 0.979458 67.108246
0.982527 0.019339 -0.185109 -1.058919 -0.033903 0.996543 -0.075838 -2.248936 0.183002 0.080789 0.979787 68.175423
0.982787 0.019150 -0.183743 -1.271343 -0.033585 0.996559 -0.075769 -2.347503 0.181659 0.080636 0.980049 69.233200
0.982822 0.019518 -0.183521 -1.485107 -0.033792 0.996613 -0.074968 -2.445986 0.181435 0.079882 0.980152 70.295082
0.982879 0.019943 -0.183171 -1.688936 -0.034002 0.996683 -0.073933 -2.546152 0.181088 0.078895 0.980297 71.357101
0.983073 0.020055 -0.182109 -1.902883 -0.034762 0.996353 -0.077921 -2.636511 0.179882 0.082932 0.980186 72.401375
0.983087 0.019875 -0.182056 -2.096746 -0.034969 0.996174 -0.080077 -2.728822 0.179768 0.085089 0.980021 73.453690
0.983111 0.018634 -0.182057 -2.284567 -0.033853 0.996152 -0.080844 -2.825373 0.179849 0.085641 0.979958 74.509644
0.983194 0.017756 -0.181702 -2.472493 -0.032533 0.996369 -0.078671 -2.925224 0.179646 0.083260 0.980201 75.567978
0.983339 0.017167 -0.180969 -2.659330 -0.031191 0.996701 -0.074926 -3.026602 0.179086 0.079322 0.980630 76.626045
0.983549 0.016274 -0.179906 -2.848583 -0.029757 0.996924 -0.072500 -3.135581 0.178173 0.076660 0.981008 77.670578
0.983754 0.015100 -0.178888 -3.035169 -0.028518 0.996948 -0.072669 -3.237896 0.177245 0.076589 0.981182 78.706688
0.983932 0.014190 -0.177983 -3.221004 -0.027895 0.996812 -0.074734 -3.335672 0.176355 0.078498 0.981192 79.739708
0.984109 0.014184 -0.177001 -3.407427 -0.028136 0.996667 -0.076558 -3.432644 0.175325 0.080321 0.981229 80.772545
0.984307 0.013842 -0.175917 -3.590945 -0.027426 0.996805 -0.075017 -3.527491 0.174317 0.078664 0.981542 81.804146
0.984487 0.015157 -0.174803 -3.773490 -0.027812 0.997147 -0.070173 -3.622234 0.173240 0.073945 0.982099 82.832359
0.984676 0.015844 -0.173673 -3.952677 -0.027913 0.997345 -0.067262 -3.715661 0.172146 0.071078 0.982504 83.849426
0.984789 0.015948 -0.173021 -4.127445 -0.028072 0.997300 -0.067849 -3.805241 0.171471 0.071674 0.982578 84.847061
0.984904 0.016253 -0.172333 -4.299785 -0.028488 0.997226 -0.068757 -3.892949 0.170737 0.072629 0.982636 85.827049
0.985014 0.017121 -0.171625 -4.470535 -0.029246 0.997232 -0.068359 -3.980877 0.169980 0.072353 0.982787 86.792961
0.985062 0.019284 -0.171114 -4.639756 -0.031321 0.997198 -0.067919 -4.068502 0.169324 0.072264 0.982907 87.741920
0.985116 0.019396 -0.170792 -4.803901 -0.031644 0.997095 -0.069273 -4.155905 0.168953 0.073645 0.982868 88.673187
0.985118 0.019049 -0.170824 -4.964218 -0.031772 0.996894 -0.072052 -4.242368 0.168920 0.076406 0.982663 89.587410
0.985161 0.019813 -0.170484 -5.123233 -0.032879 0.996703 -0.074158 -4.327133 0.168452 0.078663 0.982566 90.482971
0.985238 0.019586 -0.170064 -5.277891 -0.032226 0.996891 -0.071885 -4.409908 0.168126 0.076305 0.982808 91.365578
0.985284 0.020059 -0.169746 -5.429192 -0.031690 0.997310 -0.066084 -4.490598 0.167964 0.070491 0.983269 92.230774
0.985364 0.022099 -0.169025 -5.579506 -0.032644 0.997672 -0.059861 -4.569065 0.167309 0.064502 0.983792 93.075447
0.985431 0.021150 -0.168759 -5.722124 -0.031380 0.997813 -0.058174 -4.642662 0.167159 0.062622 0.983939 93.895111
0.985518 0.019096 -0.168492 -5.853525 -0.029573 0.997767 -0.059889 -4.708209 0.166971 0.064005 0.983881 94.662521
0.985624 0.018081 -0.167980 -5.985693 -0.028994 0.997608 -0.062730 -4.774078 0.166444 0.066699 0.983792 95.426422
0.985759 0.018355 -0.167158 -6.115230 -0.029635 0.997430 -0.065225 -4.839320 0.165531 0.069250 0.983770 96.165741
0.986048 0.020361 -0.165210 -6.240665 -0.031781 0.997262 -0.066773 -4.903282 0.163398 0.071092 0.983995 96.881134
0.986815 0.022620 -0.160268 -6.357659 -0.033813 0.997149 -0.067457 -4.965924 0.158283 0.071987 0.984766 97.570854
0.988154 0.025124 -0.151395 -6.463853 -0.035674 0.997089 -0.067378 -5.027495 0.149261 0.071981 0.986174 98.236458
0.990022 0.027102 -0.138281 -6.554663 -0.036637 0.997088 -0.066872 -5.087346 0.136065 0.071270 0.988133 98.873817
0.992216 0.028874 -0.121129 -6.629445 -0.037148 0.997087 -0.066609 -5.144492 0.118854 0.070590 0.990399 99.486069
0.994583 0.030057 -0.099504 -6.686262 -0.036777 0.997114 -0.066401 -5.199388 0.097221 0.069700 0.992819 100.072609
0.996776 0.031654 -0.073719 -6.725078 -0.036652 0.997049 -0.067450 -5.252202 0.071367 0.069935 0.994995 100.631271
0.998500 0.033475 -0.043329 -6.745471 -0.036448 0.996900 -0.069719 -5.303897 0.040861 0.071194 0.996625 101.167030
0.999377 0.034402 -0.007823 -6.745143 -0.034879 0.996762 -0.072441 -5.353617 0.005306 0.072668 0.997341 101.682175
0.998973 0.032360 0.031713 -6.702815 -0.029927 0.996775 -0.074449 -5.398645 -0.034022 0.073424 0.996720 102.148293
0.996981 0.028682 0.072160 -6.650502 -0.023179 0.996839 -0.075983 -5.443788 -0.074111 0.074080 0.994494 102.611198
0.993200 0.025555 0.113580 -6.582837 -0.016740 0.996820 -0.077901 -5.487820 -0.115210 0.075469 0.990470 103.054039
0.987209 0.025129 0.157437 -6.503101 -0.012562 0.996689 -0.080320 -5.531716 -0.158934 0.077314 0.984257 103.476822
0.978795 0.026327 0.203144 -6.411205 -0.009728 0.996561 -0.082283 -5.575358 -0.204612 0.078563 0.975685 103.883583
0.968345 0.025985 0.248256 -6.304157 -0.005510 0.996548 -0.082823 -5.617113 -0.249552 0.078833 0.965146 104.275604
0.956101 0.024125 0.292042 -6.158509 0.000146 0.996565 -0.082804 -5.655180 -0.293038 0.079212 0.952814 104.622475
0.942101 0.021725 0.334624 -6.017725 0.006591 0.996506 -0.083256 -5.694143 -0.335264 0.080641 0.938666 104.969757
0.926482 0.020873 0.375758 -5.870515 0.011818 0.996353 -0.084489 -5.731449 -0.376152 0.082718 0.922858 105.298866
0.909156 0.022019 0.415874 -5.719756 0.015189 0.996183 -0.085952 -5.766581 -0.416180 0.084461 0.905350 105.610062
0.890201 0.022359 0.455018 -5.563917 0.019699 0.995971 -0.087484 -5.800205 -0.455141 0.086842 0.886174 105.901169
0.870306 0.021048 0.492060 -5.403203 0.026286 0.995677 -0.089083 -5.832087 -0.491807 0.090463 0.865992 106.171005
0.851604 0.016722 0.523919 -5.225649 0.036247 0.995220 -0.090684 -5.858928 -0.522931 0.096217 0.846926 106.364578
0.831998 0.012090 0.554646 -5.045319 0.046835 0.994662 -0.091939 -5.884141 -0.552798 0.102469 0.826991 106.530548
0.812556 0.007547 0.582834 -4.871306 0.056767 0.994137 -0.092017 -5.907748 -0.580112 0.107855 0.807365 106.686089
0.794278 0.006354 0.607522 -4.711723 0.062650 0.993757 -0.092305 -5.929418 -0.604316 0.111378 0.788921 106.824165
0.776110 0.009792 0.630522 -4.564006 0.063490 0.993585 -0.093581 -5.952150 -0.627394 0.112661 0.770508 106.967049
0.757650 0.016087 0.652462 -4.431240 0.061106 0.993555 -0.095456 -5.972885 -0.649794 0.112191 0.751785 107.106133
0.738441 0.022172 0.673953 -4.303174 0.058088 0.993652 -0.096337 -5.991700 -0.671812 0.110287 0.732465 107.238686
0.718958 0.025971 0.694569 -4.175427 0.056058 0.993879 -0.095190 -6.008623 -0.692789 0.107374 0.713101 107.365150
0.699046 0.028233 0.714519 -4.048055 0.053862 0.994302 -0.091985 -6.021747 -0.713045 0.102787 0.693542 107.478645
0.678702 0.030795 0.733767 -3.916217 0.051220 0.994702 -0.089123 -6.036121 -0.732625 0.098071 0.673530 107.587448
0.657820 0.032348 0.752480 -3.769352 0.050371 0.994951 -0.086808 -6.052855 -0.751489 0.095007 0.652869 107.690536
0.636249 0.031923 0.770823 -3.619462 0.053973 0.994853 -0.085752 -6.069278 -0.769594 0.096164 0.631251 107.785347
0.614267 0.029351 0.788552 -3.460815 0.061417 0.994498 -0.084860 -6.084521 -0.786704 0.100557 0.609084 107.862679
0.591744 0.026543 0.805688 -3.301189 0.067866 0.994269 -0.082602 -6.099621 -0.803263 0.103558 0.586551 107.939865
0.569414 0.022428 0.821744 -3.147472 0.073153 0.994279 -0.077827 -6.108405 -0.818789 0.104429 0.564515 108.016640
0.547806 0.018716 0.836396 -2.991112 0.076381 0.994455 -0.072280 -6.117662 -0.833111 0.103480 0.543339 108.092133
0.526617 0.016240 0.849948 -2.831721 0.079742 0.994465 -0.068410 -6.126314 -0.846354 0.103802 0.522407 108.163406
0.506109 0.016029 0.862320 -2.671890 0.083157 0.994261 -0.067288 -6.137841 -0.858450 0.105763 0.501872 108.231705
0.485850 0.016340 0.873889 -2.509444 0.086479 0.994020 -0.066666 -6.149349 -0.869754 0.107962 0.481531 108.297890
0.465972 0.016109 0.884653 -2.343473 0.088121 0.994018 -0.064516 -6.160810 -0.880400 0.108019 0.461765 108.366615
0.446560 0.016135 0.894608 -2.175725 0.086184 0.994413 -0.060955 -6.171149 -0.890593 0.104321 0.442675 108.438004
0.426980 0.016248 0.904115 -2.004870 0.083557 0.994851 -0.057340 -6.180281 -0.900392 0.100027 0.423424 108.508827
0.407819 0.014459 0.912948 -1.830172 0.084612 0.994974 -0.053555 -6.191531 -0.909134 0.099087 0.404546 108.570671
0.390108 0.010538 0.920709 -1.652455 0.090551 0.994648 -0.049752 -6.206140 -0.916306 0.102780 0.387065 108.620590
0.373271 0.007411 0.927693 -1.471138 0.096048 0.994285 -0.046591 -6.212475 -0.922737 0.106494 0.370425 108.671684
0.357614 0.004183 0.933860 -1.288734 0.100686 0.993988 -0.043010 -6.222737 -0.928426 0.109407 0.355042 108.723221
0.343171 0.002262 0.939271 -1.108486 0.100351 0.994184 -0.039059 -6.236089 -0.933897 0.107660 0.340947 108.782700
0.330505 0.002011 0.943802 -0.924463 0.098415 0.994472 -0.036584 -6.247731 -0.938659 0.104976 0.328480 108.841118
0.318697 0.003340 0.947851 -0.743431 0.096882 0.994641 -0.036081 -6.256939 -0.942892 0.103329 0.316665 108.894554
0.307636 0.005671 0.951487 -0.556422 0.099131 0.994349 -0.037979 -6.262829 -0.946325 0.106006 0.305335 108.940887
0.296855 0.008830 0.954881 -0.368584 0.105399 0.993544 -0.041956 -6.265718 -0.949088 0.113097 0.294008 108.977402
0.285048 0.010990 0.958450 -0.181138 0.112223 0.992674 -0.044760 -6.270226 -0.951921 0.120318 0.281727 109.010406
0.272884 0.011844 0.961974 0.009248 0.113230 0.992578 -0.044341 -6.280049 -0.955360 0.121025 0.269517 109.053268
0.261128 0.012349 0.965225 0.200037 0.109991 0.993024 -0.042463 -6.291998 -0.959017 0.117255 0.257949 109.101082
0.249810 0.013497 0.968201 0.391243 0.106745 0.993424 -0.041391 -6.302454 -0.962393 0.113690 0.246725 109.145653
0.239595 0.014925 0.970759 0.585473 0.106186 0.993480 -0.041483 -6.310575 -0.965049 0.113020 0.236447 109.184891
0.231679 0.016438 0.972653 0.786153 0.107621 0.993286 -0.042422 -6.318775 -0.966820 0.114506 0.228354 109.221970
0.225883 0.019793 0.973953 0.998899 0.110749 0.992789 -0.045863 -6.327801 -0.967839 0.118224 0.222062 109.259880
0.222420 0.024568 0.974642 1.223268 0.112595 0.992346 -0.050710 -6.338619 -0.968427 0.121018 0.217951 109.303192
0.221401 0.028801 0.974757 1.464282 0.111085 0.992312 -0.054552 -6.351095 -0.968835 0.120359 0.216498 109.356659
0.221264 0.031506 0.974705 1.723641 0.108418 0.992487 -0.056693 -6.363525 -0.969168 0.118220 0.216186 109.416840
0.221006 0.030899 0.974782 2.001849 0.107288 0.992660 -0.055791 -6.377226 -0.969353 0.116913 0.216069 109.478394
0.221145 0.029077 0.974807 2.295169 0.107485 0.992739 -0.053996 -6.393923 -0.969300 0.116718 0.216414 109.539940
0.221083 0.028065 0.974851 2.600082 0.107772 0.992760 -0.053023 -6.412865 -0.969281 0.116784 0.216457 109.603851
0.220473 0.027291 0.975011 2.912873 0.106497 0.992958 -0.051876 -6.432211 -0.969561 0.115273 0.216014 109.672134
0.219894 0.026071 0.975175 3.233691 0.103464 0.993381 -0.049889 -6.450691 -0.970021 0.111866 0.215741 109.745689
0.219410 0.024650 0.975321 3.561840 0.101940 0.993629 -0.048046 -6.468945 -0.970292 0.109966 0.215498 109.820930
0.218637 0.022809 0.975540 3.896861 0.101817 0.993736 -0.046054 -6.488716 -0.970480 0.109396 0.214944 109.889252
0.216719 0.021063 0.976007 4.237942 0.101796 0.993829 -0.044051 -6.510417 -0.970912 0.108900 0.213237 109.958382
0.214986 0.020454 0.976403 4.585299 0.101347 0.993915 -0.043136 -6.529820 -0.971344 0.108229 0.211605 110.029884
0.213660 0.020483 0.976693 4.939985 0.100329 0.994033 -0.042795 -6.548090 -0.971742 0.107134 0.210330 110.105331
0.211741 0.019029 0.977141 5.303205 0.099653 0.994178 -0.040956 -6.568820 -0.972232 0.106047 0.208611 110.181870
0.209575 0.016232 0.977658 5.673869 0.100584 0.994199 -0.038069 -6.590515 -0.972606 0.106315 0.206726 110.257217
0.206974 0.014213 0.978244 6.048939 0.103690 0.993943 -0.036380 -6.608827 -0.972836 0.108964 0.204246 110.327682
0.204262 0.012165 0.978840 6.428263 0.107566 0.993589 -0.034796 -6.626339 -0.972988 0.112397 0.201644 110.394745
0.200020 0.010345 0.979737 6.811000 0.109392 0.993456 -0.032824 -6.645987 -0.973666 0.113740 0.197579 110.462311
0.192708 0.011177 0.981192 7.189985 0.106529 0.993786 -0.032244 -6.667472 -0.975456 0.110739 0.190320 110.538849
0.185644 0.012628 0.982536 7.573921 0.102545 0.994208 -0.032154 -6.686713 -0.977251 0.106723 0.183273 110.612770
0.177798 0.012809 0.983984 7.962081 0.101004 0.994396 -0.031196 -6.711406 -0.978870 0.104933 0.175508 110.681770
0.170900 0.013983 0.985189 8.349011 0.103484 0.994113 -0.032061 -6.727677 -0.979838 0.107430 0.168446 110.737213
0.164273 0.016333 0.986280 8.741216 0.107335 0.993630 -0.034333 -6.740538 -0.980558 0.111502 0.161472 110.785225
0.156825 0.019129 0.987441 9.141238 0.112444 0.992964 -0.037096 -6.754323 -0.981204 0.116849 0.153570 110.831131
0.149141 0.020328 0.988607 9.550986 0.115821 0.992547 -0.037883 -6.772077 -0.982009 0.120151 0.145675 110.877411
0.141227 0.020106 0.989773 9.969453 0.116231 0.992542 -0.036748 -6.792599 -0.983130 0.120232 0.137836 110.933258
0.134522 0.020389 0.990701 10.396067 0.115306 0.992674 -0.036087 -6.812747 -0.984179 0.119088 0.131184 110.989273
0.129630 0.020470 0.991351 10.832067 0.114972 0.992733 -0.035533 -6.834281 -0.984874 0.118583 0.126335 111.038635
0.125303 0.019492 0.991927 11.279976 0.116510 0.992599 -0.034224 -6.855719 -0.985253 0.119857 0.122104 111.082886
0.122502 0.017304 0.992318 11.741405 0.120106 0.992240 -0.032130 -6.876753 -0.985173 0.123120 0.119473 111.124634
0.122377 0.016242 0.992350 12.215229 0.126491 0.991456 -0.031828 -6.896009 -0.984390 0.129419 0.119276 111.166084
0.124936 0.017087 0.992018 12.698550 0.133300 0.990497 -0.033849 -6.914228 -0.983169 0.136465 0.121471 111.211578
0.131664 0.018377 0.991124 13.193110 0.136946 0.989903 -0.036547 -6.934896 -0.981789 0.140542 0.127818 111.269569
0.144573 0.018398 0.989323 13.696068 0.137873 0.989699 -0.038553 -6.959249 -0.979841 0.141974 0.140548 111.342300
0.162581 0.017895 0.986532 14.211992 0.137983 0.989597 -0.040692 -6.985236 -0.976999 0.142741 0.158420 111.429077
0.182686 0.016716 0.983029 14.738653 0.135808 0.989841 -0.042071 -7.012844 -0.973746 0.141189 0.178560 111.533577
0.202343 0.014046 0.979213 15.278361 0.133168 0.990214 -0.041722 -7.040934 -0.970218 0.138842 0.198492 111.651512
0.219957 0.010745 0.975450 15.830959 0.128589 0.990894 -0.039912 -7.071311 -0.966997 0.134211 0.216572 111.783508
0.235201 0.010318 0.971891 16.390894 0.122053 0.991714 -0.040066 -7.105636 -0.964252 0.128045 0.231992 111.928879
0.247253 0.013598 0.968856 16.959618 0.113307 0.992635 -0.042849 -7.142887 -0.962303 0.120373 0.243891 112.083855
0.254192 0.019046 0.966966 17.539236 0.106930 0.993123 -0.047672 -7.178971 -0.961224 0.115516 0.250407 112.241386
0.256320 0.025321 0.966260 18.132887 0.103606 0.993177 -0.053511 -7.212643 -0.961023 0.113827 0.251947 112.395523
0.254427 0.029312 0.966647 18.741961 0.101229 0.993241 -0.056764 -7.247064 -0.961779 0.112295 0.249740 112.550163
0.249349 0.028948 0.967981 19.368954 0.100005 0.993439 -0.055471 -7.284958 -0.963236 0.110635 0.244818 112.701752
0.241813 0.024846 0.970005 20.014053 0.098238 0.993908 -0.049949 -7.325255 -0.965336 0.107370 0.237899 112.851776
0.232732 0.018900 0.972357 20.672380 0.098213 0.994243 -0.042833 -7.365249 -0.967568 0.105467 0.229535 112.995903
0.223578 0.015306 0.974566 21.340275 0.098613 0.994391 -0.038241 -7.402880 -0.969685 0.104654 0.220814 113.134331
0.214597 0.014428 0.976596 22.015131 0.100114 0.994299 -0.036690 -7.439429 -0.971558 0.105644 0.211929 113.265808
0.205915 0.017980 0.978405 22.696394 0.099756 0.994236 -0.039266 -7.474438 -0.973472 0.105687 0.202935 113.394875
0.197692 0.022897 0.979996 23.386660 0.099988 0.994041 -0.043396 -7.508085 -0.975151 0.106567 0.194225 113.520927
0.190602 0.026265 0.981316 24.088266 0.099833 0.993940 -0.045994 -7.543097 -0.976577 0.106734 0.186825 113.645775
0.185066 0.026161 0.982378 24.800222 0.098214 0.994148 -0.044977 -7.581810 -0.977806 0.104807 0.181413 113.769882
0.180819 0.023865 0.983227 25.516623 0.095569 0.994548 -0.041715 -7.623593 -0.978862 0.101509 0.177551 113.895203
0.177696 0.021922 0.983841 26.233887 0.094320 0.994769 -0.039202 -7.664770 -0.979554 0.099761 0.174698 114.017906
0.175285 0.020553 0.984303 26.953259 0.094010 0.994864 -0.037515 -7.703759 -0.980018 0.099110 0.172452 114.135735
0.172898 0.018829 0.984759 27.674784 0.093732 0.994965 -0.035483 -7.741456 -0.980469 0.098439 0.170262 114.253860
0.170650 0.016521 0.985193 28.397911 0.093508 0.995075 -0.032884 -7.778721 -0.980885 0.097735 0.168263 114.371506
0.169184 0.014083 0.985483 29.122919 0.092962 0.995211 -0.030181 -7.815792 -0.981190 0.096718 0.167064 114.488220
0.168093 0.015430 0.985650 29.845116 0.093676 0.995102 -0.031555 -7.853688 -0.981310 0.097636 0.165823 114.602448
0.167703 0.020167 0.985631 30.564396 0.093292 0.994979 -0.036233 -7.892211 -0.981413 0.098028 0.164980 114.715981
0.167698 0.025004 0.985521 31.283087 0.093529 0.994765 -0.041154 -7.928822 -0.981391 0.099076 0.164481 114.828972
0.167631 0.027351 0.985470 32.002686 0.093454 0.994672 -0.043504 -7.964959 -0.981410 0.099388 0.164181 114.942802
0.167661 0.025635 0.985511 32.723724 0.093374 0.994755 -0.041762 -8.005837 -0.981413 0.099023 0.164388 115.056778
0.168142 0.023789 0.985476 33.442734 0.092371 0.994929 -0.039779 -8.050246 -0.981425 0.097717 0.165091 115.172615
0.169082 0.024236 0.985304 34.156967 0.091240 0.995019 -0.040133 -8.093163 -0.981370 0.096685 0.166028 115.289200
0.170344 0.025341 0.985059 34.867191 0.088055 0.995278 -0.040832 -8.133183 -0.981442 0.093695 0.167307 115.409523
0.171012 0.023913 0.984979 35.577961 0.085405 0.995582 -0.039000 -8.173211 -0.981560 0.090791 0.168214 115.531349
0.171743 0.020256 0.984933 36.279865 0.084073 0.995839 -0.035141 -8.215868 -0.981547 0.088842 0.169325 115.657524
0.172145 0.018535 0.984898 36.979794 0.081544 0.996122 -0.032999 -8.251328 -0.981691 0.085992 0.169966 115.792778
0.173247 0.018613 0.984703 37.678886 0.077245 0.996484 -0.032427 -8.283197 -0.981844 0.081681 0.171200 115.930183
0.174945 0.020604 0.984363 38.376171 0.071968 0.996838 -0.033657 -8.318213 -0.981944 0.076731 0.172909 116.065529
0.177264 0.024449 0.983859 39.071964 0.071616 0.996720 -0.037672 -8.355718 -0.981554 0.077138 0.174931 116.191940
0.180053 0.029179 0.983224 39.765720 0.070681 0.996592 -0.042520 -8.396331 -0.981114 0.077152 0.177376 116.316788
0.183007 0.032735 0.982566 40.458183 0.066559 0.996739 -0.045606 -8.438242 -0.980855 0.073744 0.180231 116.447517
0.186525 0.033674 0.981873 41.142620 0.063801 0.996887 -0.046310 -8.481889 -0.980376 0.071282 0.183796 116.579544
0.189764 0.033958 0.981242 41.822872 0.063644 0.996874 -0.046809 -8.532072 -0.979765 0.071333 0.187009 116.708679
0.191650 0.036589 0.980781 42.498108 0.065022 0.996635 -0.049886 -8.578030 -0.979307 0.073333 0.188625 116.838257
0.192640 0.040555 0.980430 43.174568 0.064889 0.996432 -0.053967 -8.621858 -0.979121 0.074016 0.189320 116.971970
0.192580 0.044363 0.980278 43.852402 0.063287 0.996335 -0.057524 -8.667978 -0.979238 0.073117 0.189066 117.107079
0.192624 0.044908 0.980244 44.535686 0.064579 0.996205 -0.058330 -8.716324 -0.979145 0.074539 0.188993 117.236870
0.192278 0.043007 0.980397 45.221725 0.068406 0.996021 -0.057109 -8.766011 -0.978953 0.078046 0.188571 117.362068
0.191463 0.039525 0.980703 45.913620 0.071169 0.995999 -0.054037 -8.821573 -0.978916 0.080141 0.187884 117.485527
0.190460 0.036371 0.981021 46.595619 0.072364 0.996074 -0.050980 -8.870338 -0.979024 0.080700 0.187079 117.614189
0.189614 0.034555 0.981251 47.276234 0.073037 0.996115 -0.049192 -8.919251 -0.979138 0.080995 0.186353 117.743248
0.189187 0.035587 0.981295 47.952778 0.074915 0.995907 -0.050561 -8.968699 -0.979079 0.083079 0.185747 117.869339
0.188949 0.037256 0.981279 48.627483 0.079479 0.995421 -0.053098 -9.015917 -0.978765 0.088024 0.185123 117.991158
0.188793 0.038422 0.981265 49.303101 0.083246 0.995011 -0.054977 -9.060906 -0.978481 0.092065 0.184653 118.113358
0.188516 0.038578 0.981312 49.977615 0.084563 0.994878 -0.055357 -9.107248 -0.978422 0.093419 0.184288 118.238876
0.188614 0.036071 0.981389 50.653912 0.084800 0.994993 -0.052870 -9.156170 -0.978383 0.093194 0.184611 118.367020
0.189200 0.034128 0.981345 51.328003 0.086379 0.994943 -0.051255 -9.203554 -0.978131 0.094465 0.185295 118.493790
0.190049 0.033332 0.981208 52.001583 0.087427 0.994878 -0.050731 -9.249206 -0.977873 0.095425 0.186161 118.621918
0.189946 0.033947 0.981208 52.667233 0.083134 0.995256 -0.050527 -9.297261 -0.978268 0.091169 0.186223 118.761818
0.189600 0.034287 0.981262 53.334435 0.081665 0.995376 -0.050561 -9.345315 -0.978459 0.089721 0.185923 118.898399
0.189442 0.035159 0.981262 54.002995 0.081272 0.995368 -0.051355 -9.392871 -0.978523 0.089478 0.185707 119.028473
0.188052 0.036895 0.981466 54.668766 0.082390 0.995178 -0.053199 -9.438030 -0.978697 0.090867 0.184105 119.158455
0.186559 0.037734 0.981718 55.338963 0.078426 0.995500 -0.053168 -9.485397 -0.979308 0.086912 0.182760 119.289185
0.186604 0.036409 0.981760 56.009377 0.079279 0.995496 -0.051988 -9.531633 -0.979231 0.087535 0.182877 119.413330
0.186960 0.034775 0.981752 56.679314 0.083741 0.995171 -0.051198 -9.578266 -0.978791 0.091785 0.183145 119.532051
0.186427 0.034385 0.981866 57.346508 0.087818 0.994803 -0.051513 -9.625901 -0.978536 0.095829 0.182439 119.651161
0.186148 0.034519 0.981915 58.012222 0.086659 0.994910 -0.051405 -9.672320 -0.978692 0.094660 0.182209 119.777527
0.185491 0.034410 0.982044 58.677727 0.083214 0.995247 -0.050592 -9.717165 -0.979116 0.091105 0.181745 119.909317
0.185904 0.034238 0.981971 59.341324 0.083069 0.995266 -0.050430 -9.763476 -0.979050 0.090947 0.182179 120.035736
0.186840 0.033474 0.981820 60.005627 0.087113 0.994917 -0.050499 -9.811476 -0.978520 0.094963 0.182974 120.155579
0.187514 0.036046 0.981600 60.667240 0.090379 0.994454 -0.053785 -9.859037 -0.978094 0.098801 0.183216 120.276939
0.187485 0.041599 0.981386 61.321442 0.089987 0.994173 -0.059333 -9.903564 -0.978136 0.099436 0.182648 120.409485
0.188271 0.044377 0.981113 61.979267 0.088679 0.994129 -0.061983 -9.950282 -0.978105 0.098674 0.183230 120.543602
0.188863 0.043494 0.981040 62.648151 0.087891 0.994260 -0.061000 -10.004358 -0.978062 0.097744 0.183956 120.663330
0.188992 0.039385 0.981188 63.315800 0.087049 0.994589 -0.056691 -10.053610 -0.978113 0.096125 0.184540 120.793503
0.188957 0.034068 0.981394 63.983410 0.087888 0.994800 -0.051456 -10.104630 -0.978044 0.095976 0.184980 120.921310
0.188928 0.031368 0.981489 64.647552 0.087672 0.994959 -0.048676 -10.154721 -0.978069 0.095245 0.185226 121.050194
0.188393 0.032908 0.981542 65.309074 0.085098 0.995132 -0.049698 -10.202212 -0.978399 0.092890 0.184675 121.182549
0.187770 0.036657 0.981529 65.965775 0.083690 0.995071 -0.053175 -10.247808 -0.978641 0.092129 0.183777 121.314087
0.187348 0.039190 0.981511 66.624786 0.085249 0.994784 -0.055993 -10.293944 -0.978587 0.094163 0.183030 121.440086
0.187173 0.038907 0.981556 67.286812 0.088466 0.994487 -0.056291 -10.340061 -0.978335 0.097370 0.182700 121.562721
0.186407 0.035374 0.981835 67.951866 0.087568 0.994775 -0.052466 -10.385804 -0.978562 0.095757 0.182335 121.691620
0.185378 0.030882 0.982182 68.618469 0.084631 0.995290 -0.047267 -10.432433 -0.979016 0.091885 0.181890 121.824707
0.185150 0.029002 0.982282 69.281944 0.084841 0.995359 -0.045381 -10.480588 -0.979041 0.091740 0.181830 121.951149
0.184977 0.030561 0.982267 69.942200 0.087315 0.995052 -0.047403 -10.527312 -0.978855 0.094536 0.181393 122.072906
0.184157 0.034519 0.982290 70.601685 0.085962 0.994987 -0.051083 -10.569034 -0.979130 0.093848 0.180267 122.200645
0.182988 0.036315 0.982444 71.263748 0.085515 0.994941 -0.052706 -10.609267 -0.979388 0.093658 0.178956 122.328728
0.182746 0.032724 0.982615 71.930138 0.088598 0.994831 -0.049609 -10.653925 -0.979160 0.096124 0.178902 122.450371
0.182477 0.029230 0.982776 72.597664 0.089853 0.994879 -0.046274 -10.702275 -0.979095 0.096749 0.178916 122.573418
0.181643 0.031276 0.982867 73.259659 0.089788 0.994791 -0.048250 -10.748075 -0.979257 0.097014 0.177888 122.699684
0.181643 0.033850 0.982781 73.921547 0.090790 0.994561 -0.051037 -10.791320 -0.979164 0.098497 0.177582 122.823418
0.182336 0.036072 0.982574 74.582840 0.096255 0.993871 -0.054350 -10.834512 -0.978513 0.104488 0.177746 122.938896
0.182193 0.037007 0.982566 75.245308 0.099164 0.993505 -0.055808 -10.882629 -0.978249 0.107603 0.177340 123.057991
0.181760 0.038657 0.982583 75.905632 0.098436 0.993492 -0.057296 -10.933874 -0.978403 0.107135 0.176772 123.183441
0.182103 0.043510 0.982317 76.563835 0.097687 0.993277 -0.062106 -10.983533 -0.978415 0.107268 0.176627 123.308197
0.182753 0.042511 0.982239 77.223450 0.098192 0.993280 -0.061259 -11.033587 -0.978243 0.107643 0.177350 123.429794
0.183267 0.039069 0.982287 77.888229 0.097400 0.993572 -0.057691 -11.083506 -0.978226 0.106247 0.178284 123.556053
0.183817 0.032994 0.982406 78.555611 0.095796 0.994077 -0.051311 -11.136153 -0.978281 0.103542 0.179568 123.687370
0.184838 0.028438 0.982358 79.222878 0.095186 0.994363 -0.046697 -11.189233 -0.978148 0.102137 0.181089 123.817253
0.185381 0.031144 0.982173 79.882553 0.096263 0.994114 -0.049693 -11.232902 -0.977940 0.103759 0.181291 123.944908
0.186280 0.034840 0.981879 80.542160 0.097751 0.993754 -0.053808 -11.271285 -0.977622 0.106003 0.181711 124.072517
0.187426 0.035358 0.981642 81.204933 0.097982 0.993694 -0.054501 -11.317704 -0.977379 0.106399 0.182779 124.198792
0.188311 0.032349 0.981577 81.869263 0.098214 0.993826 -0.051596 -11.363131 -0.977186 0.106119 0.183971 124.329727
0.189087 0.025499 0.981629 82.541733 0.101352 0.993816 -0.045339 -11.409923 -0.976716 0.108062 0.185332 124.457253
0.189999 0.021858 0.981541 83.209961 0.107021 0.993333 -0.042839 -11.455468 -0.975934 0.113185 0.186393 124.580223
0.190487 0.027550 0.981303 83.864906 0.107121 0.993053 -0.048675 -11.503077 -0.975827 0.114390 0.186212 124.708382
0.189769 0.036626 0.981146 84.515717 0.103646 0.992972 -0.057115 -11.551984 -0.976342 0.112530 0.184638 124.843300
0.189764 0.043671 0.980858 85.167938 0.103112 0.992599 -0.064144 -11.596315 -0.976400 0.113310 0.183857 124.974686
0.190846 0.043666 0.980648 85.826866 0.107703 0.992046 -0.065135 -11.640126 -0.975694 0.118050 0.184625 125.097267
0.190511 0.037515 0.980968 86.492157 0.109142 0.992265 -0.059145 -11.692887 -0.975598 0.118332 0.184943 125.226761
0.189826 0.033863 0.981234 87.151054 0.104805 0.992996 -0.054545 -11.749703 -0.976208 0.113192 0.184947 125.364326
0.189890 0.036330 0.981132 87.801140 0.102884 0.993077 -0.056684 -11.803422 -0.976400 0.111707 0.184838 125.497948
0.190489 0.042412 0.980773 88.445908 0.105460 0.992400 -0.063398 -11.853241 -0.976008 0.115509 0.184568 125.622810
0.190876 0.045948 0.980538 89.086349 0.108994 0.991734 -0.067692 -11.903333 -0.975544 0.119794 0.184289 125.744690
0.190713 0.045301 0.980600 89.729477 0.109542 0.991713 -0.067120 -11.954707 -0.975514 0.120218 0.184170 125.871437
0.190249 0.040411 0.980903 90.371712 0.106589 0.992395 -0.061559 -12.008483 -0.975932 0.116265 0.184494 126.003265
0.189712 0.035824 0.981186 91.014320 0.102506 0.993149 -0.056081 -12.062783 -0.976474 0.111217 0.184740 126.135689
0.189450 0.033821 0.981308 91.651245 0.100272 0.993515 -0.053601 -12.114778 -0.976757 0.108552 0.184830 126.264488
0.189390 0.034339 0.981302 92.281776 0.100808 0.993427 -0.054220 -12.163204 -0.976714 0.109191 0.184683 126.387459
0.188791 0.036055 0.981356 92.905060 0.101463 0.993261 -0.056013 -12.208121 -0.976761 0.110145 0.183859 126.508804
0.187693 0.034481 0.981622 93.518257 0.103105 0.993170 -0.054602 -12.253518 -0.976801 0.111459 0.182857 126.625366
0.186902 0.032952 0.981826 94.125359 0.103717 0.993189 -0.053078 -12.299109 -0.976888 0.111751 0.182211 126.741615
0.186507 0.031550 0.981947 94.723625 0.102085 0.993451 -0.051310 -12.346118 -0.977135 0.109812 0.182065 126.859756
0.186279 0.032448 0.981961 95.301620 0.100172 0.993618 -0.051836 -12.391585 -0.977377 0.108021 0.181839 126.973114
0.185837 0.033351 0.982015 95.873383 0.101341 0.993443 -0.052917 -12.432845 -0.977340 0.109352 0.181238 127.085373
0.186561 0.034521 0.981836 96.424911 0.109729 0.992396 -0.055743 -12.471171 -0.976296 0.118134 0.181354 127.177582
0.186338 0.034672 0.981874 96.957985 0.115078 0.991727 -0.056859 -12.510209 -0.975722 0.123587 0.180806 127.271103
0.185367 0.033075 0.982112 97.469894 0.113197 0.992061 -0.054777 -12.551273 -0.976127 0.121325 0.180151 127.373688
0.184515 0.031627 0.982320 97.960976 0.108549 0.992711 -0.052353 -12.590100 -0.976816 0.116290 0.179737 127.477921
0.184229 0.030593 0.982407 98.431366 0.108654 0.992755 -0.051292 -12.626273 -0.976859 0.116192 0.179569 127.569977
0.184457 0.029673 0.982393 98.879059 0.112499 0.992337 -0.051097 -12.661440 -0.976381 0.119943 0.179705 127.649460
0.184372 0.028944 0.982430 99.307892 0.116293 0.991901 -0.051048 -12.695593 -0.975952 0.123661 0.179514 127.725708
0.183511 0.029875 0.982563 99.709282 0.116111 0.991881 -0.051845 -12.728140 -0.976136 0.123599 0.178552 127.797180
0.182465 0.030851 0.982728 100.098534 0.115137 0.991959 -0.052520 -12.757089 -0.976447 0.122731 0.177446 127.870819
0.181478 0.030746 0.982914 100.478355 0.113998 0.992115 -0.052082 -12.782977 -0.976765 0.121501 0.176542 127.946014
0.180670 0.028490 0.983131 100.845703 0.116200 0.991960 -0.050101 -12.807538 -0.976655 0.123292 0.175907 128.014771
0.180181 0.025358 0.983306 101.196526 0.120498 0.991569 -0.047651 -12.832489 -0.976225 0.127072 0.175607 128.075256
0.179463 0.023813 0.983476 101.527039 0.124557 0.991110 -0.046729 -12.856653 -0.975847 0.130885 0.174902 128.131622
0.178744 0.023306 0.983619 101.836052 0.125438 0.991021 -0.046277 -12.879813 -0.975866 0.131655 0.174215 128.188919
0.178672 0.022334 0.983655 102.125046 0.124508 0.991192 -0.045122 -12.901231 -0.975999 0.130534 0.174317 128.245300
0.178638 0.021138 0.983687 102.395149 0.122125 0.991562 -0.043486 -12.920890 -0.976306 0.127900 0.174549 128.299454
0.178042 0.020586 0.983808 102.643959 0.119672 0.991907 -0.042413 -12.938325 -0.976718 0.125285 0.174136 128.350311
0.178160 0.021038 0.983776 102.871468 0.117286 0.992190 -0.042459 -12.953943 -0.976986 0.122947 0.174301 128.398026
0.179454 0.022491 0.983509 103.080261 0.116814 0.992178 -0.044004 -12.968005 -0.976807 0.122784 0.175423 128.441086
0.182713 0.024715 0.982855 103.267563 0.117147 0.992014 -0.046724 -12.981128 -0.976161 0.123675 0.178358 128.482376
0.188586 0.026602 0.981696 103.436714 0.117992 0.991778 -0.049543 -12.994510 -0.974943 0.125176 0.183896 128.523529
0.198332 0.028141 0.979730 103.586769 0.118174 0.991608 -0.052405 -13.008194 -0.972984 0.126172 0.193343 128.568451
0.212976 0.029134 0.976623 103.725769 0.118005 0.991470 -0.055312 -13.021088 -0.969905 0.127026 0.207721 128.620132
0.230658 0.028608 0.972614 103.863785 0.116879 0.991515 -0.056883 -13.032553 -0.965990 0.126798 0.225358 128.673264
0.249969 0.025673 0.967914 104.001686 0.116556 0.991581 -0.056403 -13.044177 -0.961213 0.126915 0.244871 128.734238
0.273264 0.021884 0.961690 104.131699 0.116186 0.991671 -0.055582 -13.055943 -0.954897 0.126924 0.268445 128.802292
0.300584 0.018708 0.953572 104.265114 0.113509 0.991999 -0.055244 -13.068840 -0.946976 0.124845 0.296055 128.879013
0.329136 0.017393 0.944122 104.392166 0.108197 0.992550 -0.056005 -13.082934 -0.938063 0.120585 0.324802 128.965820
0.360192 0.017379 0.932716 104.508041 0.100937 0.993230 -0.057487 -13.097470 -0.927401 0.114852 0.355999 129.061768
0.394777 0.017774 0.918605 104.612541 0.092516 0.993962 -0.058992 -13.112363 -0.914106 0.108275 0.390749 129.166245
0.429651 0.019365 0.902787 104.712898 0.083482 0.994636 -0.061067 -13.127374 -0.899127 0.101604 0.425730 129.275940
0.463025 0.022662 0.886055 104.812492 0.072999 0.995301 -0.063604 -13.142323 -0.883334 0.094131 0.459195 129.392380
0.496607 0.025658 0.867596 104.911812 0.063966 0.995762 -0.066063 -13.157647 -0.865615 0.088304 0.492860 129.512192
0.531896 0.027756 0.846355 105.013626 0.056916 0.996030 -0.068434 -13.173717 -0.844894 0.084571 0.528205 129.636841
0.567374 0.029645 0.822926 105.118988 0.050303 0.996237 -0.070571 -13.190918 -0.821923 0.081436 0.563748 129.770294
0.602687 0.031804 0.797344 105.218803 0.042679 0.996489 -0.072009 -13.208894 -0.796836 0.077428 0.599213 129.914886
0.638218 0.034278 0.769092 105.315491 0.032781 0.996892 -0.071636 -13.227339 -0.769158 0.070930 0.635110 130.067490
0.674194 0.036193 0.737667 105.410019 0.024571 0.997146 -0.071381 -13.244411 -0.738146 0.066250 0.671380 130.223801
0.709972 0.037770 0.703216 105.501549 0.019322 0.997139 -0.073067 -13.261260 -0.703965 0.065463 0.707211 130.381744
0.744624 0.038825 0.666353 105.589417 0.015689 0.997012 -0.075625 -13.278398 -0.667300 0.066767 0.741790 130.542725
0.777250 0.040817 0.627866 105.675598 0.010792 0.996881 -0.078168 -13.297188 -0.629099 0.067532 0.774385 130.718567
0.806767 0.044383 0.589200 105.757561 0.003948 0.996747 -0.080490 -13.316133 -0.590855 0.067263 0.803968 130.909210
0.832665 0.049151 0.551591 105.837097 -0.004681 0.996642 -0.081743 -13.336497 -0.553758 0.065482 0.830099 131.111923
0.855459 0.053286 0.515122 105.917351 -0.012782 0.996561 -0.081861 -13.358062 -0.517713 0.063444 0.853198 131.325974
0.875895 0.056267 0.479211 105.996635 -0.018193 0.996322 -0.083730 -13.378497 -0.482159 0.064619 0.873696 131.547745
0.895135 0.057249 0.442104 106.075363 -0.021805 0.996154 -0.084850 -13.400495 -0.445262 0.066311 0.892941 131.777161
0.911821 0.058498 0.406399 106.150162 -0.026068 0.996049 -0.084888 -13.424043 -0.409760 0.066808 0.909743 132.016327
0.926077 0.060347 0.372477 106.219681 -0.030861 0.995934 -0.084632 -13.447709 -0.376070 0.066881 0.924174 132.264999
0.939234 0.063182 0.337415 106.283684 -0.036681 0.995760 -0.084355 -13.470980 -0.341314 0.066852 0.937569 132.524506
0.951150 0.065428 0.301715 106.344040 -0.041670 0.995549 -0.084525 -13.495397 -0.305903 0.067822 0.949643 132.793274
0.961272 0.066725 0.267404 106.399765 -0.045470 0.995350 -0.084917 -13.521604 -0.271827 0.069469 0.959835 133.071701
0.970257 0.066412 0.232788 106.449997 -0.047925 0.995295 -0.084198 -13.548594 -0.237285 0.070537 0.968876 133.349152
0.978366 0.064298 0.196633 106.495979 -0.048528 0.995283 -0.083999 -13.575476 -0.201108 0.072639 0.976871 133.631149
0.985063 0.063139 0.160200 106.534294 -0.049874 0.995086 -0.085526 -13.603507 -0.164814 0.076259 0.983372 133.928497
0.990294 0.066377 0.122113 106.555740 -0.055943 0.994636 -0.086987 -13.632272 -0.127233 0.079311 0.988696 134.239227
0.994107 0.070397 0.082438 106.565346 -0.063107 0.994124 -0.087941 -13.662816 -0.088145 0.082220 0.992708 134.560913
0.996433 0.072354 0.043428 106.567772 -0.068243 0.993629 -0.089685 -13.694360 -0.049641 0.086401 0.995022 134.893845
0.997330 0.072757 0.006262 106.562294 -0.071878 0.993180 -0.091791 -13.727300 -0.012899 0.091095 0.995758 135.237534
0.996735 0.075327 -0.029054 106.544197 -0.077806 0.992277 -0.096593 -13.759528 0.021553 0.098538 0.994899 135.591400
0.994848 0.079731 -0.062617 106.515305 -0.085750 0.991267 -0.100177 -13.793624 0.054083 0.105031 0.992996 135.958374
0.992532 0.080891 -0.091314 106.484901 -0.089953 0.990922 -0.099905 -13.831246 0.082404 0.107372 0.990798 136.343628
0.990495 0.081289 -0.110963 106.452118 -0.092343 0.990852 -0.098404 -13.871998 0.101948 0.107714 0.988940 136.746353
0.988970 0.081480 -0.123695 106.400574 -0.093839 0.990791 -0.097607 -13.918734 0.114602 0.108137 0.987508 137.200592
0.987967 0.079171 -0.132868 106.328255 -0.092494 0.990950 -0.097277 -13.972490 0.123963 0.108397 0.986348 137.710281
0.986898 0.077742 -0.141378 106.252594 -0.091917 0.991064 -0.096657 -14.028476 0.132600 0.108385 0.985225 138.231262
0.985826 0.077357 -0.148868 106.159416 -0.092598 0.990836 -0.098323 -14.087052 0.139898 0.110713 0.983956 138.763733
0.984593 0.079418 -0.155791 106.051842 -0.095647 0.990419 -0.099594 -14.143227 0.146389 0.112961 0.982756 139.314621
0.983307 0.080958 -0.162948 105.946724 -0.098053 0.990170 -0.099744 -14.200318 0.153272 0.114056 0.981580 139.879730
0.982295 0.082175 -0.168360 105.845108 -0.099819 0.990052 -0.099155 -14.261279 0.158536 0.114205 0.980725 140.462555
0.981711 0.082206 -0.171716 105.745468 -0.100244 0.990010 -0.099147 -14.326107 0.161851 0.114548 0.980144 141.064087
0.981366 0.082807 -0.173389 105.641678 -0.101010 0.989954 -0.098924 -14.396718 0.163455 0.114595 0.979872 141.696686
0.981205 0.082812 -0.174300 105.527153 -0.101228 0.989869 -0.099557 -14.466045 0.164290 0.115329 0.979646 142.347610
0.981194 0.081743 -0.174863 105.412201 -0.100303 0.989912 -0.100061 -14.537105 0.164920 0.115717 0.979495 143.009750
0.981119 0.080465 -0.175871 105.295372 -0.098992 0.990127 -0.099233 -14.608790 0.166149 0.114769 0.979398 143.699097
0.981013 0.080482 -0.176452 105.174644 -0.098711 0.990370 -0.097069 -14.684579 0.166941 0.112643 0.979511 144.414093
0.980915 0.080839 -0.176834 105.044487 -0.098800 0.990540 -0.095226 -14.766764 0.167463 0.110879 0.979623 145.145813
0.980624 0.080822 -0.178451 104.914093 -0.098917 0.990557 -0.094929 -14.850160 0.169093 0.110741 0.979359 145.896103
0.980303 0.080445 -0.180376 104.776604 -0.098951 0.990445 -0.096051 -14.929950 0.170925 0.112007 0.978897 146.659149
0.979893 0.081158 -0.182270 104.632782 -0.100008 0.990275 -0.096712 -15.008662 0.172648 0.112996 0.978480 147.440018
0.979317 0.083621 -0.184242 104.477753 -0.102473 0.990162 -0.095276 -15.093022 0.174462 0.112186 0.978252 148.242493
0.978857 0.084659 -0.186205 104.320610 -0.103296 0.990316 -0.092757 -15.182886 0.176548 0.110030 0.978122 149.063110
0.978297 0.085681 -0.188662 104.160637 -0.104226 0.990412 -0.090657 -15.272677 0.179086 0.108353 0.977848 149.895264
0.977419 0.086482 -0.192805 103.997925 -0.105339 0.990375 -0.089776 -15.364642 0.183186 0.108059 0.977121 150.739609
0.976659 0.086708 -0.196517 103.830719 -0.105842 0.990388 -0.089034 -15.455647 0.186908 0.107755 0.976449 151.591248
0.975803 0.086629 -0.200756 103.644295 -0.106075 0.990438 -0.088200 -15.542382 0.191196 0.107361 0.975662 152.451385
0.974805 0.086776 -0.205485 103.458069 -0.106883 0.990294 -0.088842 -15.630298 0.195782 0.108567 0.974619 153.310944
0.973930 0.088133 -0.209027 103.239693 -0.108719 0.990070 -0.089108 -15.718781 0.199098 0.109511 0.973841 154.183441
0.972950 0.088973 -0.213193 103.031700 -0.109765 0.990077 -0.087737 -15.811866 0.203270 0.108765 0.973063 155.064362
0.972181 0.090806 -0.215913 102.818443 -0.111459 0.990087 -0.085459 -15.906539 0.206013 0.107147 0.972666 155.950653
0.971475 0.091860 -0.218624 102.600731 -0.112320 0.990195 -0.083047 -16.000391 0.208851 0.105234 0.972268 156.841690
0.970981 0.091654 -0.220898 102.391953 -0.112062 0.990339 -0.081664 -16.092024 0.211280 0.104048 0.971872 157.728073
0.970448 0.091294 -0.223372 102.188232 -0.111528 0.990561 -0.079681 -16.177805 0.213989 0.102238 0.971470 158.619217
0.970124 0.090903 -0.224934 101.973465 -0.110765 0.990836 -0.077290 -16.265600 0.215847 0.099896 0.971303 159.508148
0.969820 0.090119 -0.226557 101.763634 -0.109585 0.991156 -0.074838 -16.351236 0.217809 0.097407 0.971118 160.388290
0.969603 0.089342 -0.227788 101.556381 -0.108969 0.991206 -0.075065 -16.430910 0.219078 0.097604 0.970813 161.267334
0.969762 0.088957 -0.227264 101.338203 -0.108485 0.991271 -0.074906 -16.517790 0.218617 0.097297 0.970948 162.148941
0.970083 0.087727 -0.226368 101.124588 -0.107354 0.991320 -0.075878 -16.603508 0.217747 0.097910 0.971081 163.018646
0.970388 0.086553 -0.225514 100.919861 -0.106272 0.991366 -0.076795 -16.692993 0.216920 0.098486 0.971208 163.889587
0.970964 0.084220 -0.223910 100.718735 -0.103981 0.991519 -0.077956 -16.782076 0.215446 0.098975 0.971486 164.772980
0.971390 0.083571 -0.222302 100.535225 -0.103327 0.991525 -0.078755 -16.869780 0.213836 0.099472 0.971791 165.674500
0.972360 0.081869 -0.218664 100.338676 -0.101306 0.991699 -0.079185 -16.958378 0.210365 0.099148 0.972582 166.550568
0.973064 0.081432 -0.215670 100.155907 -0.100543 0.991779 -0.079153 -17.057192 0.207451 0.098704 0.973252 167.417252
0.974250 0.077171 -0.211852 99.960632 -0.095767 0.992266 -0.078957 -17.137218 0.204121 0.097212 0.974107 168.295456
0.975085 0.075215 -0.208692 99.776703 -0.093322 0.992551 -0.078306 -17.225691 0.201247 0.095830 0.974841 169.165436
0.975883 0.072954 -0.205741 99.595512 -0.090698 0.992806 -0.078157 -17.314375 0.198559 0.094932 0.975480 170.031738
0.976576 0.070288 -0.203367 99.416756 -0.087779 0.993058 -0.078289 -17.402174 0.196453 0.094307 0.975968 170.896194
0.976997 0.068547 -0.201933 99.236458 -0.085799 0.993259 -0.077941 -17.483189 0.195229 0.093473 0.976292 171.756439
0.977255 0.068858 -0.200579 99.056641 -0.085269 0.993579 -0.074347 -17.564518 0.194171 0.089759 0.976852 172.610397
0.977584 0.069239 -0.198839 98.872635 -0.084608 0.993962 -0.069855 -17.644394 0.192801 0.085112 0.977540 173.456009
0.977708 0.070278 -0.197859 98.692513 -0.084748 0.994239 -0.065620 -17.723558 0.192107 0.080926 0.978031 174.292511
0.977740 0.071330 -0.197327 98.519928 -0.085562 0.994239 -0.064548 -17.799999 0.191585 0.079994 0.978210 175.112991
0.977845 0.071578 -0.196711 98.348320 -0.085759 0.994223 -0.064532 -17.870848 0.190956 0.079972 0.978335 175.906281
0.977804 0.071143 -0.197074 98.189888 -0.085548 0.994174 -0.065563 -17.943930 0.191261 0.080967 0.978193 176.674057
0.977757 0.071806 -0.197069 98.026665 -0.086621 0.993944 -0.067603 -18.016695 0.191021 0.083170 0.978055 177.424179
0.977600 0.072702 -0.197517 97.867844 -0.088109 0.993622 -0.070352 -18.088621 0.191142 0.086178 0.977771 178.149811
0.977461 0.072034 -0.198447 97.717896 -0.088034 0.993438 -0.073005 -18.163218 0.191886 0.088829 0.977388 178.855362
0.977280 0.071454 -0.199546 97.574135 -0.087777 0.993374 -0.074176 -18.234730 0.192923 0.090006 0.977077 179.537125
0.977188 0.071730 -0.199896 97.422363 -0.088113 0.993336 -0.074288 -18.301023 0.193234 0.090206 0.976996 180.196930
0.977059 0.072117 -0.200385 97.273605 -0.088622 0.993264 -0.074642 -18.364313 0.193651 0.090689 0.976869 180.829926
0.976787 0.072383 -0.201616 97.141075 -0.089060 0.993206 -0.074896 -18.428566 0.194825 0.091113 0.976596 181.435791
0.976622 0.072091 -0.202513 97.010422 -0.088901 0.993200 -0.075165 -18.484610 0.195716 0.091412 0.976390 182.019180
0.976388 0.071795 -0.203745 96.887939 -0.089041 0.993065 -0.076761 -18.545057 0.196822 0.093089 0.976010 182.583496
0.976372 0.071239 -0.204015 96.764580 -0.088838 0.992953 -0.078430 -18.604233 0.196989 0.094700 0.975821 183.125214
0.976381 0.071744 -0.203797 96.647667 -0.089310 0.992919 -0.078326 -18.656820 0.196734 0.094678 0.975875 183.635620
0.976342 0.072293 -0.203787 96.540848 -0.089710 0.992944 -0.077550 -18.709183 0.196741 0.093996 0.975939 184.124649
0.976366 0.072150 -0.203725 96.436607 -0.089502 0.992984 -0.077270 -18.761003 0.196720 0.093678 0.975974 184.602783
0.976404 0.071561 -0.203750 96.337708 -0.088761 0.993106 -0.076557 -18.807856 0.196867 0.092836 0.976025 185.058105
0.976396 0.070278 -0.204234 96.244118 -0.087447 0.993244 -0.076277 -18.854250 0.197493 0.092336 0.975945 185.498657
0.976510 0.068732 -0.204220 96.154083 -0.085898 0.993369 -0.076405 -18.900858 0.197613 0.092152 0.975939 185.916428
0.976716 0.068944 -0.203156 96.067596 -0.086183 0.993279 -0.077257 -18.944523 0.196463 0.092967 0.976094 186.308090
0.977283 0.069970 -0.200056 95.988846 -0.087063 0.993148 -0.077947 -18.983744 0.193230 0.093594 0.976678 186.674149
0.978228 0.070606 -0.195155 95.919601 -0.087328 0.993086 -0.078438 -19.019775 0.188267 0.093773 0.977631 187.018341
0.979319 0.069693 -0.189941 95.857529 -0.086130 0.993091 -0.079689 -19.054316 0.183074 0.094400 0.978555 187.341797
0.980328 0.067775 -0.185375 95.801216 -0.084024 0.993146 -0.081238 -19.087904 0.178599 0.095216 0.979303 187.651855
0.981286 0.066521 -0.180701 95.750450 -0.082469 0.993196 -0.082215 -19.118708 0.174002 0.095579 0.980095 187.940582
0.982215 0.065847 -0.175835 95.703384 -0.081406 0.993237 -0.082775 -19.147392 0.169195 0.095616 0.980933 188.211914
0.982991 0.065593 -0.171541 95.660423 -0.080884 0.993200 -0.083717 -19.175669 0.164883 0.096167 0.981613 188.464554
0.983791 0.064451 -0.167331 95.621651 -0.079685 0.993105 -0.085972 -19.203455 0.160637 0.097911 0.982144 188.704208
0.984616 0.062872 -0.163029 95.585533 -0.078018 0.993041 -0.088222 -19.230663 0.156347 0.099584 0.982669 188.939896
0.985301 0.062030 -0.159166 95.550705 -0.076976 0.993006 -0.089516 -19.256826 0.152501 0.100453 0.983184 189.172928
0.985934 0.061529 -0.155395 95.516342 -0.076200 0.992996 -0.090285 -19.282532 0.148751 0.100856 0.983718 189.406769
0.986635 0.060315 -0.151372 95.477715 -0.074759 0.992984 -0.091606 -19.303267 0.144784 0.101698 0.984223 189.645447
0.986905 0.059019 -0.150118 95.456902 -0.073287 0.993117 -0.091355 -19.335749 0.143692 0.101161 0.984438 189.887604
0.986952 0.058377 -0.150057 95.434242 -0.072812 0.993041 -0.092565 -19.357708 0.143608 0.102283 0.984334 190.128204
0.987185 0.057886 -0.148713 95.401291 -0.072252 0.993033 -0.093083 -19.382753 0.142289 0.102635 0.984489 190.363068
0.987226 0.056910 -0.148820 95.370041 -0.071380 0.993033 -0.093761 -19.408302 0.142447 0.103185 0.984409 190.599899
0.987441 0.056396 -0.147577 95.331223 -0.070772 0.993050 -0.094036 -19.431349 0.141248 0.103299 0.984569 190.826385
0.987598 0.056442 -0.146511 95.290855 -0.070639 0.993104 -0.093566 -19.454546 0.140219 0.102755 0.984774 191.048965
0.987685 0.056281 -0.145982 95.249939 -0.070532 0.993037 -0.094353 -19.479479 0.139655 0.103487 0.984777 191.275620
0.987865 0.052287 -0.146249 95.214111 -0.066940 0.993017 -0.097130 -19.513966 0.140148 0.105741 0.984467 191.531235
0.988100 0.048092 -0.146099 95.177895 -0.063063 0.993023 -0.099633 -19.547178 0.140287 0.107660 0.984240 191.797379
0.988032 0.047186 -0.146860 95.134331 -0.062175 0.993122 -0.099209 -19.577394 0.141168 0.107153 0.984169 192.089294
0.987870 0.047712 -0.147771 95.085907 -0.062683 0.993174 -0.098360 -19.609221 0.142068 0.106429 0.984118 192.391296
0.987514 0.050773 -0.149124 95.030983 -0.065789 0.993053 -0.097548 -19.642975 0.143134 0.106141 0.983995 192.714203
0.987170 0.052962 -0.150631 94.975548 -0.068028 0.992988 -0.096682 -19.678568 0.144454 0.105688 0.983850 193.046143
0.986793 0.053966 -0.152734 94.912613 -0.069200 0.992949 -0.096246 -19.715311 0.146463 0.105543 0.983569 193.398315
0.986431 0.056008 -0.154330 94.842209 -0.071208 0.992946 -0.094787 -19.753643 0.147933 0.104491 0.983461 193.764633
0.986047 0.056211 -0.156693 94.776253 -0.071505 0.993026 -0.093733 -19.791515 0.150330 0.103629 0.983190 194.144913
0.985711 0.054103 -0.159521 94.716324 -0.069661 0.993169 -0.093601 -19.830091 0.153367 0.103375 0.982747 194.532364
0.985568 0.050351 -0.161621 94.657768 -0.066155 0.993377 -0.093930 -19.872425 0.155821 0.103266 0.982372 194.927414
0.985118 0.052057 -0.163808 94.587494 -0.067844 0.993418 -0.092292 -19.918631 0.157924 0.102031 0.982165 195.345596
0.984652 0.055242 -0.165558 94.510437 -0.070856 0.993423 -0.089938 -19.965317 0.159500 0.100289 0.982090 195.775055
0.984089 0.060146 -0.167184 94.419838 -0.075775 0.993169 -0.088724 -20.007984 0.160706 0.099981 0.981925 196.225159
0.983554 0.063873 -0.168940 94.328644 -0.079803 0.992808 -0.089236 -20.049082 0.162024 0.101250 0.981579 196.685410
0.983167 0.064345 -0.171002 94.242561 -0.080684 0.992634 -0.090375 -20.094791 0.163927 0.102652 0.981116 197.159241
0.983023 0.061431 -0.172894 94.160431 -0.077710 0.992994 -0.089010 -20.148333 0.166215 0.100935 0.980909 197.663971
0.982925 0.059458 -0.174136 94.073036 -0.075634 0.993264 -0.087770 -20.202246 0.167744 0.099442 0.980802 198.181946
0.982686 0.059511 -0.175461 93.973679 -0.075709 0.993318 -0.087106 -20.252790 0.169105 0.098882 0.980625 198.716873
0.982303 0.060511 -0.177256 93.868713 -0.076900 0.993227 -0.087096 -20.305298 0.170785 0.099185 0.980303 199.273514
0.982020 0.060419 -0.178851 93.762817 -0.076870 0.993279 -0.086522 -20.361645 0.172421 0.098715 0.980063 199.847275
0.981734 0.060819 -0.180275 93.650848 -0.077274 0.993319 -0.085698 -20.420057 0.173858 0.098063 0.979875 200.440765
0.981449 0.060642 -0.181879 93.534042 -0.077279 0.993309 -0.085816 -20.479000 0.175457 0.098279 0.979569 201.053085
0.981190 0.059828 -0.183542 93.414070 -0.076648 0.993346 -0.085948 -20.538568 0.177178 0.098400 0.979247 201.684052
0.980908 0.059434 -0.185166 93.289665 -0.076328 0.993412 -0.085473 -20.600050 0.178866 0.097974 0.978983 202.331879
0.980594 0.059577 -0.186776 93.156281 -0.076587 0.993415 -0.085206 -20.667688 0.180469 0.097857 0.978700 202.999832
0.980184 0.059924 -0.188812 93.026848 -0.076964 0.993468 -0.084239 -20.741486 0.182530 0.097101 0.978393 203.683990
0.980153 0.061211 -0.188555 92.864441 -0.077974 0.993511 -0.082801 -20.808559 0.182263 0.095860 0.978566 204.390854
0.979865 0.061515 -0.189951 92.698860 -0.078284 0.993546 -0.082070 -20.876736 0.183676 0.095288 0.978357 205.104233
0.979530 0.061180 -0.191772 92.558594 -0.078114 0.993564 -0.082014 -20.944094 0.185520 0.095315 0.978006 205.834686
0.979245 0.061681 -0.193063 92.415390 -0.078675 0.993553 -0.081623 -21.016228 0.186784 0.095117 0.977785 206.583435
0.979028 0.061327 -0.194275 92.271408 -0.078664 0.993456 -0.082809 -21.089176 0.187925 0.096355 0.977445 207.344086
0.978904 0.061395 -0.194880 92.120224 -0.078961 0.993359 -0.083677 -21.163363 0.188448 0.097300 0.977251 208.117233
0.978733 0.061947 -0.195560 91.948570 -0.079565 0.993322 -0.083544 -21.245770 0.189078 0.097326 0.977127 208.918411
0.978915 0.060808 -0.195010 91.766655 -0.078444 0.993371 -0.084015 -21.316874 0.188607 0.097540 0.977196 209.729111
0.978977 0.061043 -0.194623 91.581421 -0.078524 0.993417 -0.083404 -21.391829 0.188251 0.096933 0.977325 210.553787
0.979134 0.061171 -0.193789 91.388893 -0.078358 0.993523 -0.082291 -21.469624 0.187499 0.095758 0.977586 211.384064
0.979008 0.061721 -0.194252 91.205750 -0.078687 0.993614 -0.080859 -21.547367 0.188020 0.094447 0.977613 212.226257
0.978837 0.061872 -0.195059 91.032425 -0.078698 0.993707 -0.079708 -21.627653 0.188899 0.093372 0.977547 213.078049
0.978880 0.062665 -0.194599 90.861313 -0.079389 0.993679 -0.079359 -21.716911 0.188395 0.093131 0.977667 213.941772
0.979407 0.062202 -0.192077 90.668732 -0.078973 0.993587 -0.080920 -21.806028 0.185811 0.094422 0.978038 214.819092
0.979808 0.061396 -0.190284 90.474289 -0.078245 0.993528 -0.082326 -21.892673 0.183997 0.095552 0.978270 215.702515
0.980661 0.059821 -0.186349 90.258476 -0.076407 0.993606 -0.083121 -21.966928 0.180185 0.095751 0.978961 216.585373
0.981065 0.056617 -0.185222 90.080956 -0.072897 0.993938 -0.082294 -22.060968 0.179439 0.094238 0.979245 217.476669
0.981293 0.054237 -0.184724 89.916962 -0.070566 0.994048 -0.082992 -22.161488 0.179124 0.094474 0.979280 218.368332
0.981255 0.052181 -0.185515 89.746117 -0.068902 0.994007 -0.084855 -22.260292 0.179975 0.096046 0.978970 219.255615
0.981229 0.051405 -0.185865 89.587967 -0.068263 0.994000 -0.085458 -22.359430 0.180357 0.096542 0.978851 220.143707
0.981464 0.050572 -0.184853 89.398064 -0.067124 0.994168 -0.084402 -22.441128 0.179507 0.095246 0.979134 221.029297
0.981457 0.050370 -0.184944 89.218758 -0.066613 0.994346 -0.082683 -22.523190 0.179733 0.093470 0.979265 221.915207
0.981407 0.050458 -0.185191 89.053581 -0.066443 0.994484 -0.081147 -22.614618 0.180074 0.091943 0.979347 222.796417
0.981327 0.050606 -0.185565 88.892632 -0.066517 0.994529 -0.080541 -22.709406 0.180474 0.091380 0.979325 223.676514
0.981257 0.050892 -0.185866 88.732964 -0.066819 0.994516 -0.080451 -22.803560 0.180752 0.091362 0.979276 224.555191
0.981203 0.049556 -0.186506 88.563866 -0.065675 0.994527 -0.081258 -22.892485 0.181458 0.091980 0.979087 225.430496
0.980944 0.047338 -0.188436 88.397179 -0.063810 0.994560 -0.082324 -22.982506 0.183513 0.092779 0.978629 226.301697
0.980437 0.045201 -0.191576 88.227631 -0.062092 0.994605 -0.083097 -23.071356 0.186785 0.093366 0.977953 227.168228
0.979654 0.044005 -0.195809 88.053818 -0.061130 0.994732 -0.082281 -23.160372 0.191157 0.092577 0.977183 228.030167
0.978665 0.043351 -0.200840 87.875488 -0.060499 0.994953 -0.080041 -23.248859 0.196357 0.090484 0.976349 228.882904
0.977544 0.043699 -0.206149 87.694145 -0.060893 0.995106 -0.077809 -23.335184 0.201739 0.088615 0.975422 229.722183
0.976438 0.044693 -0.211120 87.510094 -0.061921 0.995205 -0.075706 -23.418301 0.206723 0.086995 0.974524 230.546448
0.975441 0.045830 -0.215439 87.325958 -0.062917 0.995336 -0.073127 -23.497961 0.211083 0.084886 0.973775 231.356400
0.974694 0.046643 -0.218621 87.143967 -0.063464 0.995487 -0.070556 -23.575285 0.214343 0.082646 0.973255 232.146408
0.974159 0.048138 -0.220672 86.963921 -0.064841 0.995501 -0.069076 -23.651220 0.216354 0.081600 0.972898 232.923157
0.973813 0.049141 -0.221977 86.788322 -0.065823 0.995485 -0.068380 -23.723427 0.217614 0.081201 0.972651 233.679703
0.973560 0.049507 -0.223005 86.618919 -0.065950 0.995578 -0.066890 -23.793249 0.218707 0.079828 0.972519 234.419800
0.973468 0.050557 -0.223166 86.449936 -0.066690 0.995631 -0.065351 -23.857946 0.218887 0.078500 0.972587 235.141846
0.973525 0.051769 -0.222644 86.286636 -0.067572 0.995662 -0.063950 -23.924555 0.218367 0.077301 0.972799 235.842041
0.973637 0.052385 -0.222006 86.128807 -0.068159 0.995619 -0.063988 -23.987371 0.217681 0.077432 0.972943 236.521927
0.973817 0.052573 -0.221171 85.976730 -0.068331 0.995595 -0.064203 -24.045809 0.216820 0.077634 0.973119 237.183716
0.974176 0.052011 -0.219716 85.831192 -0.067625 0.995647 -0.064142 -24.102627 0.215424 0.077344 0.973452 237.826263
0.974602 0.052358 -0.217738 85.690712 -0.067629 0.995702 -0.063274 -24.159782 0.213488 0.076391 0.973954 238.450348
0.975160 0.052113 -0.215282 85.556557 -0.067324 0.995680 -0.063932 -24.216110 0.211020 0.076837 0.974456 239.057922
0.975809 0.051607 -0.212450 85.427406 -0.067182 0.995505 -0.066749 -24.270903 0.208050 0.079407 0.974890 239.651749
0.976463 0.050910 -0.209590 85.312263 -0.066900 0.995306 -0.069919 -24.325525 0.205047 0.082294 0.975286 240.236542
0.977385 0.050547 -0.205339 85.182434 -0.066622 0.995167 -0.072133 -24.377867 0.200701 0.084181 0.976028 240.819733
0.978397 0.049908 -0.200619 85.066971 -0.065798 0.995135 -0.073325 -24.431383 0.195983 0.084941 0.976921 241.397583
0.979490 0.049137 -0.195406 84.956818 -0.064589 0.995202 -0.073496 -24.485929 0.190858 0.084609 0.977964 241.971741
0.980523 0.047569 -0.190557 84.850578 -0.062692 0.995275 -0.074127 -24.541573 0.186131 0.084629 0.978873 242.544769
0.981419 0.045864 -0.186316 84.748001 -0.060826 0.995296 -0.075387 -24.597086 0.181982 0.085320 0.979593 243.113907
0.982219 0.045457 -0.182150 84.645973 -0.060165 0.995288 -0.076042 -24.651802 0.177834 0.085649 0.980326 243.680435
0.982976 0.045296 -0.178063 84.545677 -0.059715 0.995281 -0.076470 -24.705814 0.173759 0.085801 0.981043 244.244553
0.983932 0.042977 -0.173296 84.415604 -0.057004 0.995416 -0.076792 -24.775229 0.169201 0.085435 0.981871 244.810822
0.984342 0.040416 -0.171570 84.312836 -0.054372 0.995513 -0.077434 -24.835093 0.167671 0.085551 0.982123 245.366043
0.984622 0.039157 -0.170255 84.215286 -0.052912 0.995625 -0.077014 -24.894529 0.166494 0.084837 0.982386 245.909637
0.984689 0.038896 -0.169924 84.121796 -0.052740 0.995577 -0.077734 -24.940657 0.166149 0.085505 0.982386 246.438278
0.984598 0.038204 -0.170611 84.032738 -0.052198 0.995562 -0.078295 -24.982861 0.166862 0.085995 0.982223 246.958420
0.984371 0.037017 -0.172172 83.947968 -0.051055 0.995658 -0.077827 -25.027908 0.168543 0.085400 0.981988 247.470459
0.984035 0.035479 -0.174403 83.863068 -0.049522 0.995813 -0.076833 -25.076027 0.170947 0.084243 0.981671 247.970490
0.983407 0.034201 -0.178159 83.780167 -0.048619 0.995830 -0.077191 -25.121870 0.174777 0.084572 0.980968 248.458191
0.982846 0.033591 -0.181346 83.689667 -0.048365 0.995805 -0.077666 -25.168522 0.177977 0.085105 0.980348 248.933762
0.982129 0.034514 -0.185018 83.588364 -0.049656 0.995728 -0.077836 -25.216465 0.181540 0.085633 0.979647 249.396896
0.981367 0.035319 -0.188868 83.481964 -0.050807 0.995674 -0.077797 -25.264658 0.185302 0.085943 0.978915 249.848831
0.980617 0.034085 -0.192947 83.387276 -0.050104 0.995634 -0.078754 -25.309185 0.189419 0.086894 0.978044 250.299072
0.979885 0.031404 -0.197079 83.293716 -0.048009 0.995633 -0.080047 -25.353308 0.193704 0.087898 0.977114 250.744614
0.979067 0.029061 -0.201455 83.197655 -0.046118 0.995686 -0.080496 -25.397564 0.198247 0.088102 0.976184 251.187653
0.978101 0.028705 -0.206139 83.097260 -0.046060 0.995738 -0.079886 -25.441788 0.202968 0.087631 0.975256 251.627151
0.977088 0.029289 -0.210809 82.993484 -0.046900 0.995768 -0.079027 -25.485144 0.207602 0.087104 0.974327 252.064026
0.975971 0.030714 -0.215725 82.891838 -0.048723 0.995710 -0.078660 -25.527653 0.212383 0.087279 0.973281 252.499466
0.974981 0.031850 -0.219993 82.781479 -0.050226 0.995652 -0.078447 -25.569891 0.216539 0.087533 0.972342 252.925659
0.974145 0.032902 -0.223513 82.675407 -0.051594 0.995592 -0.078310 -25.612534 0.219952 0.087817 0.971550 253.350464
0.973693 0.032947 -0.225467 82.573662 -0.051902 0.995549 -0.078660 -25.654787 0.221871 0.088294 0.971070 253.770538
0.973574 0.032105 -0.226104 82.475586 -0.051167 0.995564 -0.078950 -25.696299 0.222566 0.088433 0.970898 254.188705
0.973744 0.030535 -0.225586 82.380814 -0.049508 0.995649 -0.078933 -25.736891 0.222194 0.088028 0.971020 254.606491
0.974053 0.030258 -0.224288 82.284042 -0.049064 0.995686 -0.078750 -25.776461 0.220937 0.087712 0.971336 255.018967
0.974402 0.030547 -0.222724 82.189873 -0.049196 0.995686 -0.078660 -25.816004 0.219360 0.087604 0.971702 255.435013
0.974663 0.030708 -0.221558 82.093315 -0.049498 0.995584 -0.079762 -25.856409 0.218129 0.088708 0.971879 255.855148
0.975198 0.029824 -0.219315 81.986694 -0.048488 0.995597 -0.080212 -25.899036 0.215957 0.088857 0.972351 256.284302
0.975556 0.026975 -0.218092 81.897949 -0.045266 0.995822 -0.079307 -25.941862 0.215041 0.087239 0.972700 256.721832
0.976233 0.024261 -0.215365 81.801460 -0.042275 0.995943 -0.079431 -25.973585 0.212564 0.086648 0.973297 257.168427
0.976691 0.023414 -0.213369 81.705444 -0.041008 0.996078 -0.078401 -26.012362 0.210696 0.085323 0.973820 257.616577
0.977137 0.025915 -0.211022 81.604469 -0.043628 0.995862 -0.079716 -26.057640 0.208083 0.087100 0.974225 258.068298
0.977544 0.028891 -0.208738 81.499817 -0.046597 0.995672 -0.080406 -26.105177 0.205512 0.088327 0.974660 258.529297
0.977869 0.030039 -0.207048 81.402107 -0.047477 0.995681 -0.079772 -26.157839 0.203757 0.087836 0.975073 259.000214
0.978141 0.024981 -0.206436 81.308899 -0.042413 0.995855 -0.080451 -26.201052 0.203571 0.087448 0.975147 259.480591
0.978239 0.018634 -0.206640 81.215256 -0.036071 0.996066 -0.080936 -26.244680 0.204319 0.086628 0.975064 259.969360
0.978232 0.018380 -0.206698 81.108269 -0.035360 0.996266 -0.078749 -26.291203 0.204478 0.084344 0.975230 260.467285
0.977918 0.023605 -0.207652 80.986984 -0.040002 0.996371 -0.075118 -26.338387 0.205125 0.081766 0.975314 260.977203
0.977482 0.027486 -0.209224 80.865250 -0.044066 0.996210 -0.074989 -26.383814 0.206370 0.082519 0.974987 261.491669
0.977024 0.029499 -0.211076 80.742844 -0.046386 0.996065 -0.075506 -26.431236 0.208018 0.083562 0.974549 262.018005
0.976389 0.028913 -0.214075 80.619324 -0.045951 0.996120 -0.075041 -26.480005 0.211074 0.083106 0.973930 262.557587
0.975397 0.027050 -0.218789 80.492226 -0.044345 0.996232 -0.074524 -26.528051 0.215949 0.082393 0.972922 263.109161
0.973927 0.025784 -0.225391 80.357269 -0.043811 0.996194 -0.075347 -26.576250 0.222590 0.083257 0.971350 263.668579
0.971845 0.026456 -0.234129 80.209229 -0.045520 0.996037 -0.076398 -26.627178 0.231181 0.084905 0.969199 264.236572
0.969131 0.029006 -0.244831 80.046944 -0.049329 0.995788 -0.077282 -26.680422 0.241558 0.086974 0.966480 264.811401
0.965741 0.030990 -0.257653 79.874786 -0.053036 0.995458 -0.079061 -26.733236 0.254033 0.090017 0.962997 265.395905
0.961573 0.030903 -0.272805 79.697037 -0.055046 0.995169 -0.081291 -26.784847 0.268975 0.093184 0.958628 265.989105
0.957040 0.032423 -0.288136 79.498978 -0.058321 0.994944 -0.081750 -26.839962 0.284029 0.095042 0.954094 266.586456
0.952056 0.037038 -0.303673 79.283142 -0.064297 0.994698 -0.080255 -26.897179 0.299091 0.095932 0.949389 267.192871
0.947402 0.043330 -0.317098 79.054878 -0.071739 0.994331 -0.078464 -26.955477 0.311900 0.097085 0.945141 267.807861
0.943578 0.049799 -0.327385 78.818085 -0.079069 0.993914 -0.076702 -27.014975 0.321572 0.098259 0.941773 268.432281
0.941211 0.054378 -0.333416 78.570274 -0.084433 0.993501 -0.076314 -27.071800 0.327098 0.099978 0.939686 269.061279
0.939525 0.058275 -0.337486 78.326363 -0.088979 0.993112 -0.076220 -27.127264 0.330718 0.101640 0.938240 269.693726
0.938430 0.063147 -0.339649 78.082825 -0.094067 0.992710 -0.075340 -27.187914 0.332415 0.102651 0.937530 270.335724
0.938159 0.067051 -0.339649 77.856094 -0.097840 0.992422 -0.074327 -27.247450 0.332091 0.102962 0.937610 270.983337
0.939752 0.069786 -0.334659 77.612816 -0.099627 0.992355 -0.072827 -27.306009 0.327018 0.101780 0.939521 271.642059
0.941851 0.070498 -0.328551 77.374107 -0.099265 0.992481 -0.071601 -27.362953 0.321033 0.100052 0.941768 272.306763
0.943576 0.074715 -0.322615 77.115211 -0.102803 0.992171 -0.070893 -27.433372 0.314793 0.100059 0.943871 273.019958
0.946528 0.076532 -0.313412 76.878769 -0.104106 0.991943 -0.072182 -27.498730 0.305363 0.100950 0.946870 273.729736
0.949977 0.077364 -0.302588 76.652466 -0.104554 0.991710 -0.074687 -27.563248 0.294301 0.102588 0.950190 274.440704
0.953630 0.076415 -0.291119 76.434502 -0.103069 0.991663 -0.077325 -27.629147 0.282783 0.103745 0.953557 275.164307
0.957151 0.076167 -0.279392 76.222237 -0.101926 0.991663 -0.078834 -27.697601 0.271059 0.103933 0.956935 275.900604
0.960538 0.076315 -0.267474 76.015862 -0.101033 0.991671 -0.079878 -27.769642 0.259150 0.103749 0.960248 276.648315
0.963670 0.076802 -0.255815 75.814728 -0.100455 0.991664 -0.080693 -27.843859 0.247485 0.103460 0.963352 277.407104
0.966472 0.077237 -0.244879 75.619011 -0.099893 0.991657 -0.081467 -27.919207 0.236544 0.103197 0.966124 278.177368
0.968843 0.076821 -0.235460 75.430641 -0.098663 0.991703 -0.082409 -27.995764 0.227175 0.103072 0.968383 278.955078
0.970833 0.076461 -0.227237 75.240700 -0.097670 0.991702 -0.083586 -28.076822 0.218959 0.103342 0.970245 279.745667
0.972450 0.076297 -0.220274 75.045448 -0.097180 0.991582 -0.085560 -28.155006 0.211891 0.104609 0.971679 280.548248
0.973670 0.075483 -0.215101 74.862968 -0.096077 0.991569 -0.086937 -28.234734 0.206724 0.105315 0.972714 281.356171
0.974548 0.074974 -0.211269 74.685364 -0.095272 0.991590 -0.087578 -28.316027 0.202926 0.105478 0.973496 282.174561
0.975119 0.074021 -0.208959 74.506660 -0.094022 0.991721 -0.087447 -28.399632 0.200756 0.104917 0.974006 283.011322
0.975439 0.073817 -0.207535 74.327545 -0.093529 0.991824 -0.086819 -28.487347 0.199429 0.104097 0.974367 283.851990
0.975570 0.073553 -0.207007 74.136681 -0.092825 0.992050 -0.084961 -28.568291 0.199112 0.102100 0.974644 284.687622
0.975498 0.073808 -0.207257 73.945023 -0.092369 0.992397 -0.081336 -28.649237 0.199677 0.098488 0.974899 285.532379
0.975312 0.075582 -0.207494 73.752884 -0.092947 0.992823 -0.075239 -28.730864 0.200318 0.092667 0.975339 286.388458
0.975084 0.078021 -0.207661 73.560013 -0.094166 0.993161 -0.069012 -28.811651 0.200857 0.086847 0.975763 287.250122
0.974847 0.079156 -0.208346 73.368851 -0.094751 0.993314 -0.065949 -28.890907 0.201732 0.084031 0.975829 288.112823
0.974753 0.078708 -0.208955 73.173668 -0.094631 0.993234 -0.067315 -28.962471 0.202242 0.085389 0.975606 288.967377
0.974425 0.079511 -0.210173 72.982620 -0.095832 0.993028 -0.068628 -29.036369 0.203251 0.087014 0.975252 289.812164
0.974076 0.080823 -0.211289 72.786148 -0.097322 0.992866 -0.068875 -29.111414 0.204214 0.087653 0.974993 290.660156
0.973638 0.082020 -0.212840 72.588478 -0.098505 0.992809 -0.068021 -29.186537 0.205730 0.087194 0.974716 291.533234
0.973357 0.082592 -0.213903 72.392494 -0.098990 0.992823 -0.067100 -29.262022 0.206825 0.086487 0.974548 292.386017
0.973042 0.083395 -0.215024 72.193604 -0.099880 0.992744 -0.066958 -29.336473 0.207880 0.086629 0.974311 293.233673
0.972721 0.084079 -0.216206 71.994034 -0.100806 0.992612 -0.067516 -29.409517 0.208931 0.087469 0.974011 294.078369
0.972699 0.082793 -0.216801 71.792488 -0.099901 0.992590 -0.069152 -29.485918 0.209469 0.088923 0.973763 294.910309
0.972376 0.083302 -0.218047 71.590767 -0.100646 0.992480 -0.069660 -29.560886 0.210604 0.089681 0.973449 295.746460
0.972068 0.086859 -0.218035 71.392967 -0.103735 0.992334 -0.067162 -29.634848 0.210530 0.087904 0.973627 296.579407
0.971992 0.087852 -0.217975 71.198059 -0.104082 0.992500 -0.064103 -29.702749 0.210708 0.084994 0.973847 297.435577
0.972053 0.088560 -0.217420 71.002007 -0.104415 0.992566 -0.062523 -29.774487 0.210266 0.083478 0.974073 298.267975
0.972071 0.090068 -0.216713 70.806244 -0.106294 0.992247 -0.064393 -29.842627 0.209233 0.085630 0.974109 299.091888
0.972122 0.091485 -0.215894 70.613449 -0.108083 0.991925 -0.066340 -29.909945 0.208081 0.087825 0.974160 299.900787
0.972271 0.092282 -0.214878 70.424324 -0.108673 0.991902 -0.065730 -29.980013 0.207072 0.087259 0.974427 300.703888
0.972467 0.093279 -0.213558 70.238892 -0.109348 0.991896 -0.064678 -30.050264 0.205794 0.086249 0.974786 301.493683
0.972720 0.094672 -0.211784 70.058266 -0.110504 0.991801 -0.064179 -30.116041 0.203971 0.085831 0.975207 302.254364
0.972958 0.095113 -0.210491 69.889046 -0.110773 0.991790 -0.063874 -30.178492 0.202687 0.085463 0.975507 302.997528
0.973207 0.094771 -0.209489 69.726517 -0.110311 0.991849 -0.063757 -30.240374 0.201739 0.085158 0.975730 303.732483
0.973524 0.095427 -0.207710 69.562943 -0.110821 0.991793 -0.063753 -30.303583 0.199922 0.085084 0.976110 304.434784
0.973695 0.095995 -0.206647 69.399666 -0.111319 0.991733 -0.063821 -30.366249 0.198811 0.085146 0.976331 305.122894
0.973828 0.095677 -0.206169 69.249397 -0.111051 0.991731 -0.064305 -30.425245 0.198311 0.085518 0.976401 305.788391
0.973790 0.096008 -0.206190 69.105972 -0.111483 0.991653 -0.064765 -30.481737 0.198250 0.086054 0.976366 306.427887
0.973687 0.098705 -0.205405 68.955055 -0.114311 0.991282 -0.065521 -30.548429 0.197147 0.087277 0.976480 307.047119
0.973621 0.099202 -0.205478 68.820656 -0.115088 0.991104 -0.066828 -30.602865 0.197020 0.088714 0.976377 307.648254
0.973641 0.098788 -0.205582 68.688538 -0.115077 0.990969 -0.068813 -30.657288 0.196927 0.090656 0.976218 308.243347
0.973645 0.097302 -0.206271 68.555313 -0.114423 0.990766 -0.072732 -30.711409 0.197289 0.094418 0.975787 308.836060
0.973791 0.094987 -0.206663 68.422913 -0.112915 0.990637 -0.076726 -30.766388 0.197440 0.098050 0.975398 309.422028
0.974041 0.092289 -0.206708 68.273033 -0.111037 0.990510 -0.080991 -30.823645 0.197271 0.101840 0.975044 310.028931
0.974139 0.092621 -0.206093 68.140633 -0.112015 0.990107 -0.084493 -30.879183 0.196228 0.105393 0.974877 310.595490
0.974331 0.091881 -0.205518 68.014854 -0.111579 0.989994 -0.086377 -30.935986 0.195525 0.107092 0.974833 311.149078
0.974862 0.089331 -0.204116 67.893860 -0.108783 0.990326 -0.086131 -30.993483 0.194447 0.106170 0.975150 311.696289
0.975452 0.086722 -0.202417 67.778435 -0.105776 0.990726 -0.085272 -31.050089 0.193144 0.104591 0.975580 312.232117
0.975842 0.086939 -0.200437 67.661720 -0.105673 0.990785 -0.084722 -31.105820 0.191223 0.103856 0.976036 312.753113
0.976203 0.089311 -0.197613 67.548721 -0.107785 0.990554 -0.084771 -31.161139 0.188175 0.104052 0.976608 313.253021
0.976821 0.091632 -0.193452 67.439377 -0.109672 0.990354 -0.084675 -31.212423 0.183827 0.103928 0.977449 313.741943
0.978010 0.090887 -0.187711 67.338341 -0.108362 0.990470 -0.085012 -31.263235 0.178195 0.103484 0.978538 314.223297
0.979711 0.087368 -0.180369 67.254311 -0.104348 0.990738 -0.086886 -31.311247 0.171108 0.103944 0.979753 314.681244
0.981603 0.085742 -0.170599 67.175499 -0.101948 0.990835 -0.088604 -31.358587 0.161438 0.104367 0.981349 315.122253
0.983300 0.088377 -0.159090 67.097458 -0.103447 0.990640 -0.089055 -31.406103 0.149730 0.104025 0.983239 315.549255
0.984992 0.090769 -0.146804 67.028488 -0.104661 0.990442 -0.089829 -31.452345 0.137246 0.103845 0.985078 315.961884
0.986897 0.090431 -0.133633 66.972809 -0.103157 0.990440 -0.091582 -31.497293 0.124073 0.104167 0.986790 316.361084
0.989060 0.087799 -0.118538 66.932327 -0.099221 0.990600 -0.094155 -31.542013 0.109158 0.104886 0.988475 316.743011
0.991158 0.085901 -0.101133 66.900925 -0.095746 0.990680 -0.096876 -31.586397 0.091867 0.105702 0.990144 317.111572
0.993077 0.084397 -0.081703 66.876137 -0.092359 0.990777 -0.099139 -31.629087 0.072582 0.106000 0.991713 317.465881
0.994751 0.082224 -0.060899 66.862953 -0.088112 0.990946 -0.101297 -31.670488 0.052019 0.106131 0.992990 317.812897
0.996268 0.077706 -0.037554 66.872307 -0.081266 0.991144 -0.105011 -31.705748 0.029061 0.107671 0.993762 318.130768
0.997211 0.073254 -0.014240 66.885651 -0.074368 0.991359 -0.108058 -31.740519 0.006200 0.108816 0.994042 318.442963
0.997695 0.067176 0.009623 66.905106 -0.065702 0.991666 -0.110815 -31.775011 -0.016987 0.109928 0.993794 318.749451
0.997377 0.063873 0.034066 66.930191 -0.059649 0.991782 -0.113181 -31.816900 -0.041015 0.110852 0.992990 319.042267
0.996539 0.059431 0.058117 66.958694 -0.052389 0.991869 -0.115973 -31.858641 -0.064537 0.112527 0.991550 319.329834
0.994968 0.056530 0.082722 66.989159 -0.046441 0.991785 -0.119185 -31.900106 -0.088780 0.114744 0.989420 319.613800
0.992513 0.056227 0.108433 67.020393 -0.042949 0.991706 -0.121131 -31.940245 -0.114345 0.115565 0.986696 319.896149
0.989230 0.057700 0.134514 67.053429 -0.041307 0.991716 -0.121627 -31.979052 -0.140418 0.114760 0.983419 320.177490
0.985133 0.058009 0.161701 67.092178 -0.038658 0.991977 -0.120358 -32.016331 -0.167386 0.112318 0.979472 320.457520
0.980206 0.055463 0.190052 67.146599 -0.033444 0.992548 -0.117167 -32.050304 -0.195135 0.108492 0.974757 320.727020
0.974578 0.049970 0.218407 67.243172 -0.025418 0.993176 -0.113817 -32.079041 -0.222604 0.105371 0.969197 320.961060
0.968222 0.044106 0.246174 67.326653 -0.017215 0.993744 -0.110344 -32.112614 -0.249502 0.102599 0.962923 321.209320
0.961100 0.037825 0.273598 67.407845 -0.008747 0.994249 -0.106733 -32.147099 -0.276062 0.100188 0.955903 321.460693
0.953055 0.032774 0.301016 67.491051 -0.001185 0.994520 -0.104535 -32.181221 -0.302793 0.099270 0.947871 321.709717
0.944154 0.028864 0.328240 67.576675 0.005347 0.994682 -0.102850 -32.216454 -0.329462 0.098862 0.938978 321.958862
0.934644 0.026982 0.354561 67.674568 0.009534 0.994856 -0.100845 -32.251038 -0.355458 0.097635 0.929578 322.203156
0.924438 0.026350 0.380420 67.769943 0.012243 0.995043 -0.098677 -32.287235 -0.381135 0.095878 0.919534 322.459076
0.913908 0.025191 0.405139 67.881134 0.015166 0.995256 -0.096099 -32.322701 -0.405638 0.093970 0.909190 322.712280
0.904715 0.022560 0.425420 68.003281 0.019173 0.995429 -0.093562 -32.357971 -0.425586 0.092803 0.900146 322.972229
0.899011 0.017207 0.437586 68.119057 0.025886 0.995392 -0.092325 -32.391750 -0.437159 0.094329 0.894423 323.237762
0.897067 0.011558 0.441741 68.241974 0.032406 0.995245 -0.091849 -32.423870 -0.440703 0.096710 0.892428 323.505005
0.897432 0.009356 0.441053 68.402443 0.033772 0.995383 -0.089835 -32.450752 -0.439857 0.095517 0.892973 323.763123
0.899736 0.008890 0.436344 68.512840 0.032694 0.995609 -0.087702 -32.480232 -0.435209 0.093174 0.895495 324.019745
0.904937 0.009000 0.425451 68.663414 0.031108 0.995702 -0.087232 -32.502480 -0.424408 0.092174 0.900767 324.257568
0.911746 0.009489 0.410644 68.790009 0.029528 0.995632 -0.088566 -32.522568 -0.409690 0.092875 0.907484 324.466309
0.918662 0.010832 0.394897 68.860664 0.027033 0.995556 -0.090196 -32.546230 -0.394119 0.093536 0.914286 324.690704
0.927078 0.010542 0.374720 68.921371 0.025920 0.995409 -0.092134 -32.570171 -0.373971 0.095127 0.922548 324.913574
0.937368 0.008084 0.348246 68.975891 0.026251 0.995248 -0.093765 -32.594254 -0.347350 0.097034 0.932701 325.129272
0.948145 0.005095 0.317798 69.026779 0.026437 0.995141 -0.094832 -32.618221 -0.316737 0.098316 0.943404 325.340851
0.959014 0.004372 0.283327 69.055862 0.023558 0.995188 -0.095098 -32.642483 -0.282380 0.097874 0.954296 325.560181
0.969946 0.004727 0.243275 69.068520 0.019018 0.995279 -0.095168 -32.664894 -0.242577 0.096934 0.965277 325.772400
0.979942 0.006367 0.199182 69.070374 0.012889 0.995371 -0.095236 -32.687012 -0.198867 0.095893 0.975324 325.980957
0.988101 0.009555 0.153506 69.054512 0.005058 0.995508 -0.094537 -32.709038 -0.153720 0.094189 0.983614 326.186890
0.994268 0.013247 0.106090 69.023895 -0.003338 0.995655 -0.093052 -32.729816 -0.106862 0.092164 0.989992 326.390564
0.998233 0.016280 0.057149 68.985085 -0.011013 0.995762 -0.091307 -32.749195 -0.058394 0.090517 0.994181 326.591522
0.999796 0.018362 0.008377 68.939354 -0.017534 0.995778 -0.090093 -32.766602 -0.009996 0.089927 0.995898 326.786896
0.999021 0.019725 -0.039577 68.887276 -0.023184 0.995769 -0.088914 -32.783188 0.037655 0.089744 0.995252 326.980286
0.995967 0.021242 -0.087176 68.827057 -0.028859 0.995784 -0.087059 -32.799335 0.084959 0.089222 0.992381 327.169617
0.990620 0.023248 -0.134656 68.759232 -0.034775 0.995867 -0.083892 -32.814102 0.132148 0.087788 0.987335 327.352295
0.983013 0.025426 -0.181770 68.683006 -0.040416 0.996035 -0.079241 -32.826599 0.179034 0.085241 0.980143 327.530579
0.973150 0.027039 -0.228578 68.596741 -0.044861 0.996313 -0.073127 -32.837887 0.225757 0.081418 0.970774 327.711487
0.960715 0.027711 -0.276148 68.505615 -0.048006 0.996596 -0.067004 -32.848705 0.273351 0.077628 0.958777 327.891602
0.945493 0.028323 -0.324407 68.407562 -0.050828 0.996836 -0.061102 -32.859829 0.321650 0.074261 0.943941 328.070770
0.927774 0.030872 -0.371864 68.293907 -0.055002 0.997000 -0.054453 -32.869781 0.369068 0.070973 0.926688 328.244232
0.908215 0.035388 -0.417007 68.163902 -0.060201 0.997102 -0.046495 -32.879826 0.414153 0.067331 0.907714 328.419495
0.887750 0.041545 -0.458448 68.032562 -0.066411 0.997059 -0.038244 -32.889576 0.455510 0.064397 0.887898 328.594482
0.868055 0.047585 -0.494183 67.901810 -0.072372 0.996891 -0.031132 -32.898846 0.491165 0.062790 0.868800 328.768402
0.850568 0.052152 -0.523273 67.764542 -0.076545 0.996750 -0.025078 -32.908287 0.520264 0.061384 0.851796 328.948486
0.835435 0.054984 -0.546831 67.624130 -0.078260 0.996745 -0.019339 -32.917141 0.543988 0.058952 0.837019 329.132874
0.822039 0.056046 -0.566667 67.443962 -0.077432 0.996902 -0.013727 -32.923454 0.564142 0.055163 0.823833 329.334930
0.810101 0.057693 -0.583445 67.284210 -0.077683 0.996934 -0.009278 -32.930851 0.581121 0.052840 0.812099 329.531677
0.798904 0.062004 -0.598254 67.113266 -0.084495 0.996377 -0.009568 -32.938961 0.595493 0.058193 0.801250 329.725800
0.790018 0.065841 -0.609539 66.936333 -0.093416 0.995534 -0.013537 -32.945560 0.605925 0.067634 0.792641 329.915924
0.784359 0.069108 -0.616446 66.756332 -0.100161 0.994844 -0.015911 -32.951321 0.612167 0.074224 0.787236 330.125031
0.780620 0.066806 -0.621426 66.573936 -0.098638 0.994979 -0.016941 -32.957844 0.617174 0.074520 0.783289 330.354950
0.778352 0.062201 -0.624738 66.389366 -0.096568 0.995099 -0.021236 -32.968651 0.620356 0.076859 0.780545 330.604431
0.779796 0.060015 -0.623151 66.193069 -0.101267 0.994377 -0.030953 -32.981834 0.617789 0.087241 0.781489 330.849518
0.784856 0.060813 -0.616686 65.988403 -0.111350 0.992815 -0.043811 -32.996365 0.609591 0.103052 0.785989 331.104004
0.793402 0.058228 -0.605906 65.789238 -0.117774 0.991288 -0.058954 -33.012733 0.597194 0.118134 0.793348 331.373108
0.806219 0.051011 -0.589414 65.600395 -0.117416 0.990253 -0.074901 -33.031506 0.579849 0.129593 0.804351 331.660675
0.821548 0.051573 -0.567803 65.404877 -0.122322 0.988653 -0.087187 -33.055000 0.556863 0.141083 0.818535 331.961090
0.835952 0.054506 -0.546088 65.207878 -0.128140 0.986937 -0.097647 -33.077744 0.533632 0.151605 0.832017 332.277405
0.849446 0.054288 -0.524876 65.020988 -0.125661 0.986888 -0.101292 -33.104710 0.512495 0.151999 0.845130 332.620483
0.863111 0.055188 -0.501989 64.840370 -0.120825 0.987708 -0.099157 -33.138786 0.490346 0.146236 0.859171 332.985779
0.875548 0.061959 -0.479141 64.651382 -0.120003 0.988552 -0.091451 -33.183266 0.467990 0.137568 0.872960 333.364014
0.885553 0.072291 -0.458879 64.457275 -0.122284 0.989254 -0.080142 -33.235035 0.448155 0.127083 0.884876 333.755920
0.894161 0.079718 -0.440592 64.266342 -0.123403 0.989787 -0.071352 -33.286602 0.430405 0.118171 0.894867 334.162476
0.902124 0.081695 -0.423671 64.087082 -0.121582 0.990253 -0.067933 -33.333965 0.413992 0.112794 0.903265 334.586426
0.909486 0.080135 -0.407940 63.909153 -0.118164 0.990604 -0.068847 -33.376820 0.398589 0.110818 0.910409 335.024750
0.916198 0.077444 -0.393171 63.732445 -0.114726 0.990771 -0.072186 -33.416512 0.383951 0.111244 0.916627 335.481140
0.922652 0.073803 -0.378504 63.554283 -0.111014 0.990798 -0.077418 -33.455166 0.369307 0.113450 0.922356 335.957306
0.928691 0.071459 -0.363905 63.373569 -0.108009 0.990838 -0.081070 -33.495770 0.354777 0.114594 0.927901 336.454529
0.934317 0.070104 -0.349480 63.192348 -0.104871 0.991136 -0.081546 -33.540398 0.340665 0.112839 0.933388 336.975922
0.939515 0.069715 -0.335338 63.010445 -0.101455 0.991772 -0.078061 -33.588417 0.327137 0.107361 0.938858 337.526764
0.943695 0.070786 -0.323154 62.822556 -0.099753 0.992260 -0.073948 -33.639683 0.315418 0.102020 0.943453 338.092682
0.947317 0.069785 -0.312603 62.639194 -0.096749 0.992731 -0.071573 -33.690464 0.305336 0.098047 0.947183 338.681213
0.950108 0.063994 -0.305286 62.458233 -0.090130 0.993303 -0.072285 -33.744312 0.298616 0.096193 0.949513 339.288391
0.951931 0.057060 -0.300951 62.272923 -0.083241 0.993711 -0.074892 -33.796658 0.294785 0.096343 0.950695 339.916931
0.953129 0.052695 -0.297939 62.080769 -0.079732 0.993654 -0.079321 -33.847767 0.291868 0.099359 0.951283 340.560974
0.954030 0.055036 -0.294614 61.875038 -0.082537 0.993231 -0.081729 -33.901848 0.288121 0.102288 0.952114 341.223694
0.955178 0.058219 -0.290249 61.664886 -0.085492 0.992944 -0.082171 -33.961472 0.283417 0.103302 0.953417 341.908905
0.956841 0.061337 -0.284067 61.455311 -0.088150 0.992678 -0.082574 -34.025028 0.276923 0.104050 0.955241 342.613464
0.958855 0.066516 -0.275994 61.243553 -0.092110 0.992463 -0.080817 -34.089386 0.268538 0.102914 0.957756 343.342010
0.961411 0.068022 -0.266577 61.037537 -0.092321 0.992535 -0.079687 -34.154758 0.259166 0.101222 0.960514 344.090637
0.963964 0.069071 -0.256909 60.835320 -0.092075 0.992644 -0.078603 -34.224339 0.249590 0.099425 0.963233 344.858063
0.966047 0.075528 -0.247079 60.611588 -0.098870 0.991595 -0.083453 -34.290573 0.238699 0.105048 0.965394 345.633667
0.967967 0.079287 -0.238233 60.395119 -0.102934 0.990743 -0.088498 -34.355915 0.229011 0.110185 0.967167 346.422791
0.970027 0.078025 -0.230128 60.198124 -0.101144 0.990754 -0.090419 -34.426701 0.220946 0.110984 0.968951 347.232971
0.972042 0.076719 -0.221920 60.017197 -0.097684 0.991574 -0.085075 -34.512421 0.213523 0.104374 0.971346 348.066803
0.973684 0.077619 -0.214278 59.833527 -0.096877 0.992006 -0.080862 -34.598751 0.206289 0.099492 0.973420 348.913910
0.974964 0.078320 -0.208115 59.655216 -0.096661 0.992141 -0.079454 -34.680267 0.200257 0.097580 0.974871 349.771942
0.975862 0.077079 -0.204334 59.491814 -0.095863 0.991871 -0.083667 -34.756351 0.196223 0.101236 0.975319 350.635681
0.976417 0.077350 -0.201564 59.308853 -0.096690 0.991423 -0.087923 -34.836617 0.193034 0.105339 0.975521 351.508545
0.977178 0.074319 -0.198996 59.128231 -0.093816 0.991476 -0.090398 -34.924126 0.190581 0.107004 0.975822 352.394562
0.977738 0.071539 -0.197255 58.949150 -0.091112 0.991582 -0.091993 -35.015221 0.189013 0.107917 0.976026 353.290527
0.978382 0.066704 -0.195753 58.772480 -0.086052 0.992028 -0.092053 -35.104576 0.188053 0.106908 0.976323 354.195312
0.978694 0.063709 -0.195187 58.594448 -0.081981 0.992829 -0.086999 -35.195911 0.188245 0.101148 0.976900 355.113342
0.978950 0.061765 -0.194528 58.413517 -0.078617 0.993679 -0.080125 -35.286415 0.188349 0.093732 0.977619 356.040253
0.979150 0.059490 -0.194230 58.226948 -0.075953 0.994021 -0.078429 -35.374996 0.188403 0.091545 0.977815 356.967865
0.979076 0.060574 -0.194273 58.041515 -0.077208 0.993862 -0.079221 -35.459290 0.188281 0.092563 0.977743 357.900543
0.978795 0.063776 -0.194659 57.844742 -0.081159 0.993267 -0.082660 -35.544792 0.188076 0.096706 0.977382 358.838196
0.978245 0.067795 -0.196060 57.644402 -0.085728 0.992732 -0.084458 -35.634026 0.188909 0.099428 0.976947 359.783447
0.977955 0.068699 -0.197190 57.445454 -0.087105 0.992460 -0.086224 -35.725620 0.189780 0.101500 0.976565 360.735931
0.977761 0.068698 -0.198151 57.247238 -0.087483 0.992302 -0.087652 -35.819542 0.190605 0.103037 0.976244 361.692535
0.977611 0.068582 -0.198927 57.047127 -0.087514 0.992270 -0.087980 -35.915127 0.191355 0.103419 0.976057 362.652924
0.977487 0.067454 -0.199923 56.848404 -0.086070 0.992576 -0.085919 -36.011871 0.192643 0.101193 0.976037 363.615234
0.977189 0.067262 -0.201442 56.647232 -0.085325 0.992944 -0.082355 -36.108234 0.194480 0.097664 0.976032 364.577240
0.976953 0.066337 -0.202885 56.446270 -0.083958 0.993292 -0.079505 -36.203682 0.196249 0.094706 0.975970 365.537292
0.976809 0.064761 -0.204085 56.245285 -0.082660 0.993327 -0.080424 -36.297760 0.197515 0.095429 0.975644 366.491425
0.976628 0.065188 -0.204811 56.038017 -0.083854 0.992947 -0.083811 -36.391815 0.197903 0.099026 0.975206 367.442108
0.976404 0.065811 -0.205680 55.827095 -0.085075 0.992633 -0.086257 -36.480846 0.198488 0.101720 0.974810 368.383057
0.975957 0.066164 -0.207677 55.621899 -0.085756 0.992529 -0.086786 -36.583656 0.200383 0.102508 0.974340 369.336639
0.975531 0.065516 -0.209872 55.414116 -0.084868 0.992797 -0.084558 -36.679440 0.202821 0.100300 0.974065 370.285736
0.975241 0.063245 -0.211909 55.209724 -0.082133 0.993280 -0.081538 -36.771904 0.205328 0.096924 0.973881 371.225891
0.974927 0.061338 -0.213904 55.002876 -0.079624 0.993773 -0.077938 -36.867214 0.207792 0.093015 0.973741 372.162750
0.974727 0.057984 -0.215743 54.794281 -0.076288 0.994069 -0.077494 -36.960037 0.209970 0.091994 0.973369 373.099731
0.974428 0.053918 -0.218136 54.584602 -0.073042 0.994068 -0.080573 -37.047653 0.212497 0.094446 0.972586 374.035553
0.974190 0.049049 -0.220333 54.371883 -0.069176 0.994012 -0.084573 -37.138016 0.214865 0.097631 0.971750 374.970215
0.973723 0.046462 -0.222947 54.153358 -0.067535 0.993842 -0.087842 -37.233860 0.217493 0.100590 0.970865 375.898926
0.973323 0.042918 -0.225392 53.938499 -0.064384 0.993969 -0.088764 -37.329792 0.220222 0.100906 0.970216 376.821869
0.972826 0.041397 -0.227806 53.722095 -0.062640 0.994252 -0.086819 -37.424225 0.222902 0.098730 0.969828 377.736542
0.972338 0.043547 -0.229485 53.499207 -0.063879 0.994588 -0.081926 -37.517681 0.224675 0.094318 0.969858 378.647034
0.971909 0.046307 -0.230759 53.276470 -0.065912 0.994774 -0.077978 -37.607613 0.225942 0.090998 0.969881 379.543945
0.971659 0.046935 -0.231684 53.058094 -0.066252 0.994880 -0.076304 -37.693886 0.226917 0.089491 0.969794 380.426575
0.971486 0.048067 -0.232172 52.841057 -0.067449 0.994803 -0.076268 -37.777924 0.227299 0.089752 0.969680 381.292328
0.971346 0.050396 -0.232265 52.625446 -0.070182 0.994502 -0.077718 -37.861935 0.227071 0.091792 0.969542 382.136658
0.971383 0.049033 -0.232402 52.419170 -0.069305 0.994393 -0.079872 -37.942120 0.227182 0.093692 0.969334 382.953033
0.971391 0.047090 -0.232769 52.220955 -0.067639 0.994408 -0.081101 -38.023022 0.227648 0.094525 0.969144 383.758942
0.971440 0.047151 -0.232552 52.028488 -0.067253 0.994581 -0.079278 -38.104507 0.227554 0.092654 0.969347 384.547455
0.971506 0.047772 -0.232150 51.839478 -0.067403 0.994721 -0.077369 -38.182999 0.227229 0.090812 0.969598 385.307251
0.971872 0.045925 -0.230989 51.664894 -0.065389 0.994859 -0.077324 -38.258514 0.226250 0.090253 0.969879 386.022003
0.972249 0.043901 -0.229793 51.497490 -0.063674 0.994811 -0.079343 -38.328617 0.225117 0.091773 0.969999 386.715363
0.972775 0.044343 -0.227472 51.331375 -0.064945 0.994355 -0.083891 -38.398346 0.222468 0.096380 0.970164 387.392365
0.973559 0.047238 -0.223497 51.170853 -0.068166 0.993885 -0.086862 -38.469372 0.218028 0.099800 0.970826 388.031799
0.974522 0.047666 -0.219166 51.018410 -0.068896 0.993532 -0.090258 -38.538303 0.213446 0.103058 0.971503 388.651001
0.975562 0.045772 -0.214904 50.886269 -0.067207 0.993347 -0.093509 -38.601971 0.209193 0.105667 0.972148 389.242981
0.976707 0.045106 -0.209783 50.758060 -0.066083 0.993369 -0.094077 -38.669994 0.204149 0.105749 0.973211 389.809204
0.977969 0.045399 -0.203750 50.636364 -0.066053 0.993212 -0.095735 -38.727161 0.198020 0.107083 0.974331 390.354126
0.979657 0.045414 -0.195469 50.528522 -0.065506 0.993070 -0.097574 -38.779263 0.189683 0.108394 0.975843 390.868530
0.981757 0.046057 -0.184482 50.424732 -0.065149 0.992972 -0.098798 -38.830002 0.178635 0.109014 0.977857 391.358917
0.984055 0.046163 -0.171771 50.335098 -0.063901 0.993012 -0.099206 -38.885708 0.165991 0.108600 0.980129 391.837494
0.986277 0.046282 -0.158479 50.259979 -0.062910 0.992837 -0.101567 -38.944504 0.152643 0.110143 0.982124 392.298340
0.988587 0.046955 -0.143150 50.196198 -0.062415 0.992460 -0.105482 -39.004040 0.137118 0.113213 0.984064 392.740967
0.990919 0.048936 -0.125240 50.145149 -0.062752 0.992076 -0.108850 -39.063087 0.118921 0.115720 0.986136 393.165680
0.993192 0.050660 -0.104897 50.112309 -0.062227 0.991969 -0.110102 -39.118061 0.098476 0.115880 0.988369 393.569427
0.995460 0.048406 -0.081961 50.099892 -0.057336 0.992237 -0.110349 -39.168152 0.075982 0.114547 0.990507 393.958984
0.997303 0.047047 -0.056327 50.091431 -0.053167 0.992216 -0.112607 -39.215099 0.050591 0.115298 0.992041 394.340454
0.998479 0.047451 -0.028059 50.099174 -0.050416 0.991895 -0.116624 -39.261749 0.022297 0.117861 0.992779 394.709869
0.998754 0.049868 0.001640 50.117126 -0.049322 0.991719 -0.118574 -39.308102 -0.007541 0.118345 0.992944 395.068512
0.998176 0.050775 0.032646 50.149811 -0.046631 0.992015 -0.117170 -39.351871 -0.038336 0.115434 0.992575 395.418427
0.996517 0.052378 0.064886 50.189426 -0.044768 0.992510 -0.113660 -39.393345 -0.070353 0.110359 0.991398 395.769562
0.993640 0.053274 0.099205 50.245205 -0.042184 0.992956 -0.110719 -39.439831 -0.104405 0.105830 0.988888 396.110596
0.989427 0.051454 0.135597 50.318317 -0.036693 0.993342 -0.109199 -39.479950 -0.140313 0.103069 0.984727 396.435608
0.983791 0.048491 0.172639 50.413963 -0.030121 0.993749 -0.107491 -39.518223 -0.176772 0.100548 0.979102 396.754974
0.976021 0.045441 0.212878 50.513599 -0.023620 0.994301 -0.103952 -39.553993 -0.216389 0.096431 0.971533 397.070984
0.966104 0.046075 0.254010 50.630470 -0.021765 0.994977 -0.097702 -39.589142 -0.257236 0.088861 0.962253 397.381134
0.954427 0.047524 0.294633 50.746410 -0.022348 0.995848 -0.088238 -39.623379 -0.297605 0.077632 0.951527 397.691711
0.941518 0.046267 0.333770 50.871178 -0.020070 0.996469 -0.081517 -39.657413 -0.336363 0.070050 0.939123 397.993561
0.927544 0.040084 0.371558 51.017475 -0.011121 0.996751 -0.079771 -39.694031 -0.373548 0.069859 0.924976 398.281342
0.912249 0.030620 0.408491 51.173832 0.002785 0.996714 -0.080936 -39.728573 -0.409627 0.074972 0.909166 398.559357
0.894969 0.024410 0.445460 51.359245 0.014416 0.996398 -0.083566 -39.766006 -0.445896 0.081210 0.891392 398.835144
0.876070 0.024207 0.481575 51.546528 0.020754 0.995920 -0.087816 -39.803329 -0.481736 0.086927 0.871994 399.118469
0.855310 0.031585 0.517152 51.745308 0.018987 0.995559 -0.092209 -39.840836 -0.517768 0.088686 0.850912 399.401062
0.833747 0.041136 0.550612 51.959000 0.014037 0.995318 -0.095618 -39.876350 -0.551968 0.087450 0.829267 399.690369
0.811120 0.050592 0.582688 52.189690 0.009805 0.994935 -0.100036 -39.908241 -0.584798 0.086853 0.806515 399.986481
0.788877 0.052880 0.612271 52.447372 0.012543 0.994697 -0.102071 -39.940800 -0.614423 0.088200 0.784030 400.283997
0.767255 0.047085 0.639612 52.738064 0.023631 0.994547 -0.101563 -39.976795 -0.640907 0.093040 0.761959 400.578491
0.744666 0.038100 0.666348 53.055500 0.038480 0.994257 -0.099852 -40.017300 -0.666327 0.099997 0.738923 400.873077
0.721680 0.033009 0.691439 53.395599 0.050649 0.993666 -0.100303 -40.066936 -0.690372 0.107407 0.715437 401.186005
0.698394 0.030529 0.715062 53.762074 0.061290 0.992868 -0.102253 -40.111538 -0.713084 0.115238 0.691541 401.504791
0.675019 0.034787 0.736979 54.137295 0.060784 0.992870 -0.102540 -40.154221 -0.735292 0.114013 0.668091 401.829041
0.651405 0.041600 0.757588 54.522015 0.052995 0.993561 -0.100127 -40.206905 -0.756877 0.105371 0.645006 402.169220
0.627713 0.045508 0.777114 54.928253 0.046051 0.994370 -0.095430 -40.256863 -0.777082 0.095689 0.622083 402.507446
0.603714 0.045199 0.795918 55.369110 0.045080 0.994858 -0.090693 -40.309399 -0.795924 0.090632 0.598572 402.839355
0.578597 0.044304 0.814409 55.828907 0.046514 0.995105 -0.087181 -40.360901 -0.814286 0.088324 0.573704 403.166046
0.552463 0.047307 0.832193 56.295986 0.043976 0.995342 -0.085777 -40.413742 -0.832376 0.083985 0.547809 403.493439
0.525639 0.052562 0.849083 56.772385 0.037368 0.995699 -0.084774 -40.469898 -0.849887 0.076289 0.521413 403.821960
0.499531 0.056489 0.864452 57.268974 0.032338 0.995959 -0.083770 -40.526291 -0.865692 0.069800 0.495686 404.145630
0.473510 0.057589 0.878904 57.794971 0.031876 0.996085 -0.082441 -40.581951 -0.880211 0.067052 0.469820 404.456451
0.446191 0.059140 0.892981 58.344097 0.034191 0.995958 -0.083045 -40.636250 -0.894284 0.067585 0.442366 404.755768
0.417794 0.060278 0.906539 58.913586 0.036180 0.995900 -0.082894 -40.692291 -0.907821 0.067431 0.413901 405.046783
0.389803 0.060621 0.918901 59.504097 0.037295 0.995973 -0.081527 -40.750607 -0.920142 0.066050 0.385972 405.329987
0.362809 0.059706 0.929949 60.115753 0.040567 0.995986 -0.079774 -40.809383 -0.930980 0.066668 0.358931 405.601776
0.337021 0.057054 0.939767 60.748718 0.045607 0.996000 -0.076825 -40.867149 -0.940391 0.068752 0.333071 405.862091
0.312385 0.053223 0.948463 61.402130 0.050384 0.996095 -0.072491 -40.923573 -0.948618 0.070432 0.308484 406.113159
0.289206 0.049221 0.956001 62.116844 0.055421 0.996141 -0.068053 -40.981003 -0.955661 0.072663 0.285362 406.340942
0.269075 0.047134 0.961965 62.860775 0.062736 0.995822 -0.066342 -41.039509 -0.961073 0.078201 0.264993 406.550476
0.252209 0.047522 0.966505 63.631077 0.070884 0.995202 -0.067431 -41.096863 -0.965073 0.085515 0.247630 406.745758
0.237781 0.048955 0.970085 64.429916 0.076723 0.994661 -0.069002 -41.152481 -0.968284 0.090836 0.232756 406.935089
0.225379 0.049262 0.973025 65.245132 0.081124 0.994303 -0.069130 -41.200752 -0.970887 0.094515 0.220098 407.151337
0.218202 0.047007 0.974771 66.088066 0.085910 0.994036 -0.067167 -41.265530 -0.972114 0.098399 0.212862 407.342072
0.212506 0.045326 0.976108 66.947716 0.090346 0.993733 -0.065814 -41.336536 -0.972974 0.102174 0.207079 407.515594
0.209159 0.043806 0.976900 67.821663 0.093010 0.993575 -0.064468 -41.402687 -0.973448 0.104345 0.203741 407.699249
0.206648 0.041908 0.977517 68.702980 0.095444 0.993453 -0.062769 -41.467716 -0.973749 0.106270 0.201295 407.887329
0.204191 0.042483 0.978009 69.606468 0.097464 0.993211 -0.063493 -41.536373 -0.974067 0.108285 0.198664 408.089722
0.203213 0.043775 0.978156 70.510231 0.099775 0.992874 -0.065163 -41.598419 -0.974037 0.110838 0.197397 408.279205
0.202319 0.043642 0.978347 71.424690 0.102726 0.992549 -0.065521 -41.659439 -0.973916 0.113758 0.196329 408.464539
0.203288 0.043000 0.978175 72.359665 0.106420 0.992145 -0.065731 -41.729237 -0.973318 0.117460 0.197114 408.643433
0.203476 0.042584 0.978153 73.301170 0.109994 0.991735 -0.066058 -41.799065 -0.972882 0.121033 0.197110 408.823090
0.203985 0.042225 0.978062 74.254745 0.112610 0.991425 -0.066289 -41.868809 -0.972476 0.123661 0.197481 409.014679
0.205017 0.038550 0.977999 75.222183 0.114898 0.991367 -0.063164 -41.937943 -0.971990 0.125320 0.198818 409.205750
0.205971 0.032267 0.978026 76.205101 0.116276 0.991568 -0.057202 -42.006100 -0.971626 0.125502 0.200481 409.409332
0.207539 0.029487 0.977782 77.209793 0.118030 0.991488 -0.054954 -42.083614 -0.971080 0.126813 0.202292 409.622772
0.209641 0.029648 0.977329 78.235901 0.119186 0.991311 -0.055638 -42.150448 -0.970486 0.128148 0.204285 409.840546
0.211473 0.029836 0.976928 79.274994 0.121311 0.991003 -0.056526 -42.211983 -0.969826 0.130466 0.205951 410.063263
0.213656 0.030820 0.976423 80.320129 0.124717 0.990463 -0.058554 -42.277454 -0.968915 0.134287 0.207773 410.291290
0.216435 0.032132 0.975768 81.373611 0.127854 0.989917 -0.060959 -42.346058 -0.967889 0.137950 0.210144 410.528503
0.219689 0.030906 0.975080 82.436943 0.130607 0.989568 -0.060792 -42.421062 -0.966787 0.140708 0.213361 410.773865
0.222727 0.027432 0.974495 83.510803 0.132719 0.989443 -0.058188 -42.500164 -0.965805 0.142294 0.216734 411.024719
0.224923 0.024799 0.974061 84.589745 0.132774 0.989571 -0.055855 -42.577263 -0.965287 0.141892 0.219284 411.275879
0.226070 0.024815 0.973795 85.670738 0.131167 0.989795 -0.055674 -42.654270 -0.965240 0.140315 0.220508 411.531128
0.226811 0.026665 0.973574 86.755905 0.129477 0.989926 -0.057278 -42.730350 -0.965293 0.139048 0.221073 411.789185
0.227451 0.028222 0.973380 87.837532 0.127445 0.990119 -0.058489 -42.806702 -0.965414 0.137356 0.221606 412.041504
0.227507 0.028609 0.973356 88.943176 0.125182 0.990414 -0.058370 -42.888798 -0.965696 0.135126 0.221745 412.311829
0.227167 0.030268 0.973385 90.046906 0.124433 0.990421 -0.059839 -42.970852 -0.965873 0.134715 0.221224 412.573456
0.226873 0.032276 0.973390 91.155701 0.124117 0.990343 -0.061767 -43.054237 -0.965984 0.134827 0.220675 412.834869
0.226649 0.033259 0.973409 92.270531 0.124001 0.990298 -0.062710 -43.139061 -0.966050 0.134917 0.220326 413.096222
0.226098 0.031865 0.973583 93.391350 0.123688 0.990435 -0.061142 -43.224583 -0.966220 0.134244 0.219994 413.358215
0.225273 0.029846 0.973838 94.517418 0.123093 0.990649 -0.058836 -43.309303 -0.966488 0.133127 0.219492 413.621368
0.224236 0.028665 0.974113 95.643623 0.120841 0.991035 -0.056982 -43.393517 -0.967013 0.130490 0.218762 413.886444
0.223181 0.028710 0.974354 96.772003 0.118163 0.991398 -0.056278 -43.476482 -0.967588 0.127693 0.217869 414.151611
0.222271 0.028411 0.974570 97.902809 0.115510 0.991768 -0.055258 -43.558521 -0.968118 0.124855 0.217160 414.416534
0.221509 0.026961 0.974785 99.037292 0.114019 0.992044 -0.053349 -43.639603 -0.968470 0.122961 0.216672 414.680542
0.220955 0.026169 0.974933 100.175247 0.114134 0.992077 -0.052496 -43.720150 -0.968582 0.122872 0.216217 414.942535
0.220647 0.027912 0.974954 101.310448 0.116008 0.991743 -0.054648 -43.800179 -0.968430 0.125161 0.215587 415.199890
0.220471 0.030490 0.974917 102.444633 0.118917 0.991214 -0.057894 -43.882313 -0.968117 0.128698 0.214908 415.455292
0.220544 0.031964 0.974852 103.590340 0.121860 0.990729 -0.060054 -43.965626 -0.967734 0.132040 0.214604 415.710571
0.220887 0.029746 0.974845 104.714279 0.123483 0.990637 -0.058207 -44.051624 -0.967450 0.133233 0.215146 415.955261
0.220512 0.026735 0.975018 105.838455 0.124733 0.990643 -0.055374 -44.136776 -0.967376 0.133828 0.215113 416.198975
0.219938 0.023096 0.975240 106.972801 0.124904 0.990823 -0.051635 -44.220242 -0.967484 0.133168 0.215034 416.448181
0.219232 0.021879 0.975427 108.111160 0.126066 0.990732 -0.050556 -44.302269 -0.967494 0.134052 0.214442 416.713379
0.219209 0.023678 0.975391 109.263367 0.127222 0.990476 -0.052638 -44.379196 -0.967348 0.135630 0.214109 416.987427
0.219890 0.026116 0.975175 110.427345 0.128616 0.990139 -0.055518 -44.454159 -0.967009 0.137630 0.214363 417.261261
0.220852 0.029010 0.974876 111.596313 0.129291 0.989864 -0.058748 -44.533226 -0.966699 0.139017 0.214862 417.531738
0.221662 0.031287 0.974622 112.767982 0.128588 0.989819 -0.061020 -44.617481 -0.966608 0.138850 0.215382 417.796448
0.222142 0.031457 0.974506 113.948692 0.126539 0.990095 -0.060806 -44.707088 -0.966768 0.136821 0.215961 418.059784
0.222620 0.029774 0.974451 115.135986 0.123782 0.990580 -0.058546 -44.799870 -0.967015 0.133653 0.216836 418.324036
0.223099 0.029764 0.974341 116.320229 0.121171 0.990934 -0.058016 -44.890736 -0.967235 0.131005 0.217470 418.595795
0.223573 0.032072 0.974160 117.503311 0.119340 0.991037 -0.060018 -44.978844 -0.967354 0.129675 0.217741 418.870911
0.224094 0.033067 0.974006 118.688721 0.117432 0.991226 -0.060670 -45.068142 -0.967467 0.127975 0.218245 419.146576
0.224598 0.032192 0.973920 119.879562 0.116049 0.991457 -0.059534 -45.159874 -0.967517 0.126393 0.218942 419.423828
0.225187 0.031337 0.973811 121.070091 0.115227 0.991611 -0.058556 -45.250813 -0.967478 0.125395 0.219687 419.701233
0.225788 0.030493 0.973699 122.260559 0.115151 0.991666 -0.057759 -45.340309 -0.967347 0.125163 0.220394 419.977386
0.226116 0.028175 0.973693 123.451416 0.115691 0.991730 -0.055565 -45.428867 -0.967205 0.125212 0.220986 420.253235
0.226425 0.025038 0.973707 124.643280 0.116850 0.991751 -0.052675 -45.516071 -0.966994 0.125705 0.221631 420.529297
0.226749 0.023493 0.973670 125.833366 0.118018 0.991679 -0.051412 -45.601498 -0.966776 0.126567 0.222090 420.805176
0.227052 0.023741 0.973594 127.018692 0.119152 0.991515 -0.051966 -45.684185 -0.966566 0.127803 0.222296 421.080872
0.227017 0.024024 0.973594 128.206650 0.119934 0.991395 -0.052430 -45.768028 -0.966477 0.128669 0.222182 421.357117
0.226872 0.024929 0.973606 129.391098 0.120644 0.991252 -0.053495 -45.852821 -0.966423 0.129596 0.221880 421.633209
0.226854 0.025864 0.973585 130.574692 0.121164 0.991131 -0.054564 -45.937828 -0.966362 0.130342 0.221708 421.908783
0.226917 0.025031 0.973592 131.756088 0.122527 0.990993 -0.054037 -46.023342 -0.966175 0.131553 0.221805 422.182098
0.226695 0.024335 0.973662 132.934967 0.123304 0.990927 -0.053476 -46.108746 -0.966129 0.132179 0.221638 422.459900
0.226770 0.023643 0.973662 134.118408 0.124060 0.990860 -0.052956 -46.194126 -0.966015 0.132801 0.221764 422.732452
0.226696 0.023327 0.973687 135.300797 0.123860 0.990905 -0.052578 -46.278164 -0.966058 0.132520 0.221745 423.005402
0.226538 0.022749 0.973737 136.479904 0.122558 0.991115 -0.051669 -46.363087 -0.966260 0.131043 0.221738 423.282288
0.226338 0.023444 0.973767 137.653030 0.121539 0.991217 -0.052115 -46.447559 -0.966436 0.130147 0.221500 423.559113
0.225921 0.025111 0.973822 138.822891 0.119344 0.991423 -0.053253 -46.532223 -0.966807 0.128251 0.220986 423.835754
0.225079 0.026850 0.973971 139.991699 0.117803 0.991536 -0.054559 -46.618835 -0.967193 0.127016 0.220010 424.109711
0.224149 0.028654 0.974134 141.157837 0.117164 0.991525 -0.056126 -46.705513 -0.967486 0.126714 0.218891 424.380310
0.223322 0.028188 0.974337 142.320755 0.116673 0.991622 -0.055431 -46.792690 -0.967736 0.126058 0.218162 424.648285
0.222702 0.026419 0.974528 143.471924 0.116992 0.991683 -0.053621 -46.878208 -0.967840 0.125953 0.217759 424.910156
0.221397 0.026103 0.974834 144.614944 0.115480 0.991906 -0.052788 -46.959995 -0.968322 0.124260 0.216590 425.178955
0.220316 0.026998 0.975055 145.752502 0.115494 0.991862 -0.053561 -47.043533 -0.968566 0.124413 0.215406 425.443695
0.220179 0.028753 0.975036 146.884796 0.115736 0.991735 -0.055381 -47.130814 -0.968569 0.125041 0.215031 425.703247
0.220808 0.029743 0.974864 148.018051 0.116831 0.991530 -0.056715 -47.217987 -0.968295 0.126418 0.215463 425.961700
0.222026 0.028236 0.974632 149.153152 0.118115 0.991440 -0.055631 -47.304176 -0.967860 0.127470 0.216790 426.219727
0.223044 0.024940 0.974489 150.291199 0.119544 0.991427 -0.052735 -47.388741 -0.967450 0.128256 0.218150 426.478516
0.223905 0.022766 0.974345 151.427521 0.120887 0.991357 -0.050945 -47.470615 -0.967084 0.129191 0.219218 426.737610
0.226275 0.024088 0.973766 152.513428 0.120849 0.991276 -0.052604 -47.544281 -0.966538 0.129582 0.221390 426.971008
0.226832 0.025331 0.973605 153.590668 0.121150 0.991163 -0.054015 -47.614025 -0.966369 0.130205 0.221758 427.197052
0.227442 0.026977 0.973418 154.671249 0.121664 0.990996 -0.055893 -47.685871 -0.966161 0.131141 0.222111 427.426270
0.228534 0.028227 0.973127 155.769424 0.122902 0.990745 -0.057601 -47.755718 -0.965746 0.132763 0.222950 427.674561
0.228815 0.028006 0.973068 156.879425 0.125002 0.990465 -0.057901 -47.825600 -0.965411 0.134884 0.223132 427.931732
0.229301 0.027149 0.972977 157.993118 0.126111 0.990356 -0.057355 -47.898918 -0.965151 0.135854 0.223666 428.192474
0.229567 0.025185 0.972968 159.107086 0.127279 0.990303 -0.055665 -47.973305 -0.964934 0.136618 0.224134 428.452362
0.230046 0.022282 0.972925 160.222610 0.127932 0.990369 -0.052932 -48.051476 -0.964734 0.136645 0.224979 428.713715
0.230342 0.020875 0.972886 161.336105 0.128404 0.990376 -0.051653 -48.130589 -0.964600 0.136819 0.225444 428.975403
0.230765 0.020888 0.972785 162.450211 0.128583 0.990346 -0.051768 -48.210884 -0.964476 0.137030 0.225851 429.238129
0.231290 0.022195 0.972631 163.567062 0.129782 0.990100 -0.053456 -48.292828 -0.964190 0.138594 0.226119 429.500580
0.231870 0.023820 0.972455 164.684952 0.131041 0.989823 -0.055490 -48.376736 -0.963879 0.140297 0.226388 429.763062
0.232329 0.024399 0.972331 165.810715 0.132267 0.989606 -0.056436 -48.464050 -0.963602 0.141719 0.226686 430.027496
0.232830 0.023650 0.972230 166.927979 0.133843 0.989412 -0.056122 -48.546047 -0.963264 0.143192 0.227200 430.289734
0.233208 0.023659 0.972139 168.046677 0.134042 0.989379 -0.056235 -48.629158 -0.963144 0.143422 0.227559 430.553864
0.233018 0.025748 0.972132 169.162949 0.133340 0.989362 -0.058166 -48.713596 -0.963287 0.143178 0.227105 430.819458
0.232297 0.028500 0.972227 170.280777 0.132185 0.989371 -0.060587 -48.798069 -0.963621 0.142589 0.226061 431.085052
0.230990 0.028501 0.972538 171.408524 0.129755 0.989739 -0.059825 -48.879845 -0.964265 0.140010 0.224922 431.358459
0.229118 0.027513 0.973009 172.540787 0.127732 0.990106 -0.058075 -48.956402 -0.964982 0.137591 0.223336 431.637390
0.227698 0.026778 0.973364 173.671921 0.125631 0.990459 -0.056637 -49.032799 -0.965593 0.135181 0.222161 431.911682
0.226065 0.026988 0.973738 174.802643 0.123195 0.990797 -0.056062 -49.112442 -0.966290 0.132634 0.220660 432.179321
0.224219 0.027813 0.974142 175.932678 0.120590 0.991118 -0.056054 -49.195713 -0.967049 0.130039 0.218872 432.441498
0.222874 0.029397 0.974403 177.038284 0.118704 0.991288 -0.057058 -49.275967 -0.967593 0.128382 0.217443 432.692719
0.221189 0.030732 0.974746 178.141830 0.117326 0.991405 -0.057882 -49.358143 -0.968148 0.127165 0.215682 432.937561
0.219777 0.030732 0.975066 179.255386 0.117159 0.991437 -0.057657 -49.441658 -0.968489 0.126910 0.214294 433.182983
0.218977 0.030198 0.975263 180.374161 0.118296 0.991326 -0.057257 -49.523880 -0.968532 0.127908 0.213505 433.428833
0.219150 0.028923 0.975262 181.496719 0.119405 0.991251 -0.056229 -49.606480 -0.968357 0.128774 0.213778 433.677094
0.219321 0.027515 0.975264 182.621887 0.121557 0.991043 -0.055296 -49.688164 -0.968051 0.130677 0.214012 433.925201
0.219499 0.027084 0.975237 183.746323 0.123202 0.990842 -0.055248 -49.771069 -0.967802 0.132278 0.214152 434.176392
0.219717 0.027037 0.975189 184.874542 0.124920 0.990607 -0.055611 -49.853714 -0.967533 0.134039 0.214276 434.428741
0.220005 0.026237 0.975145 186.043747 0.125784 0.990530 -0.055030 -49.939255 -0.967355 0.134764 0.214621 434.685303
0.220111 0.024017 0.975179 187.190018 0.125805 0.990649 -0.052794 -50.020275 -0.967329 0.134303 0.215031 434.939178
0.220077 0.022424 0.975225 188.328354 0.126112 0.990691 -0.051239 -50.100025 -0.967296 0.134264 0.215199 435.191833
0.220060 0.023724 0.975198 189.458527 0.125694 0.990681 -0.052465 -50.179218 -0.967354 0.134123 0.215026 435.444061
0.219969 0.026316 0.975151 190.590210 0.125669 0.990542 -0.055079 -50.259235 -0.967378 0.134662 0.214582 435.695129
0.220090 0.028229 0.975071 191.723450 0.125329 0.990478 -0.056964 -50.341297 -0.967395 0.134742 0.214456 435.946625
0.220095 0.028860 0.975051 192.852020 0.124980 0.990489 -0.057529 -50.425426 -0.967439 0.134524 0.214394 436.196930
0.220191 0.027911 0.975057 193.981400 0.124007 0.990679 -0.056363 -50.510254 -0.967542 0.133324 0.214678 436.448822
0.220397 0.026504 0.975050 195.108505 0.122928 0.990905 -0.054722 -50.594849 -0.967633 0.131921 0.215134 436.701019
0.222028 0.027340 0.974657 196.218918 0.121677 0.991016 -0.055517 -50.675407 -0.967418 0.130919 0.216706 436.943390
0.222710 0.028456 0.974469 197.328171 0.120496 0.991105 -0.056481 -50.755032 -0.967409 0.129997 0.217301 437.187164
0.223498 0.029345 0.974263 198.439270 0.118764 0.991279 -0.057103 -50.836868 -0.967441 0.128470 0.218063 437.437653
0.224156 0.029114 0.974118 199.574982 0.117294 0.991481 -0.056625 -50.928226 -0.967468 0.126950 0.218831 437.715942
0.225274 0.028945 0.973865 200.692001 0.116127 0.991635 -0.056336 -51.012634 -0.967350 0.125784 0.220027 437.972992
0.226391 0.028647 0.973615 201.804581 0.116526 0.991592 -0.056272 -51.096184 -0.967041 0.126190 0.221149 438.227509
0.227533 0.028108 0.973364 202.914520 0.117318 0.991510 -0.056057 -51.179222 -0.966677 0.126948 0.222303 438.482635
0.228755 0.026829 0.973114 204.023804 0.118314 0.991443 -0.055148 -51.261753 -0.966267 0.127749 0.223623 438.738312
0.230119 0.025065 0.972839 205.130554 0.119544 0.991368 -0.053821 -51.342400 -0.965792 0.128682 0.225137 438.994720
0.231355 0.023814 0.972577 206.227005 0.120786 0.991262 -0.053006 -51.422810 -0.965342 0.129737 0.226457 439.252228
0.232528 0.023805 0.972298 207.330963 0.121627 0.991140 -0.053354 -51.502472 -0.964955 0.130664 0.227572 439.510956
0.233831 0.024227 0.971975 208.415802 0.122514 0.990986 -0.054176 -51.583363 -0.964527 0.131748 0.228755 439.766357
0.234707 0.024136 0.971767 209.509995 0.123791 0.990810 -0.054508 -51.665722 -0.964151 0.133089 0.229562 440.028015
0.235744 0.024523 0.971506 210.611801 0.126272 0.990434 -0.055642 -51.747540 -0.963576 0.135791 0.230392 440.289948
0.236743 0.025444 0.971239 211.714218 0.129068 0.989973 -0.057398 -51.827171 -0.962961 0.138945 0.231085 440.549500
0.237664 0.025225 0.971020 212.819397 0.130974 0.989700 -0.057768 -51.905605 -0.962477 0.140907 0.231912 440.809723
0.238368 0.024107 0.970876 213.919632 0.131186 0.989729 -0.056784 -51.988487 -0.962274 0.140901 0.232757 441.073212
0.238748 0.023543 0.970796 215.016403 0.130461 0.989865 -0.056091 -52.071106 -0.962277 0.140043 0.233257 441.338531
0.238298 0.024979 0.970870 216.098465 0.128116 0.990124 -0.056921 -52.153160 -0.962705 0.137948 0.232743 441.609924
0.237926 0.026530 0.970921 217.184509 0.125977 0.990340 -0.057932 -52.236481 -0.963079 0.136097 0.232285 441.879608
0.237519 0.027831 0.970984 218.277512 0.124700 0.990445 -0.058894 -52.319683 -0.963345 0.135069 0.231779 442.144257
0.237033 0.026567 0.971138 219.376633 0.124183 0.990597 -0.057410 -52.403454 -0.963532 0.134207 0.231505 442.404755
0.236484 0.024656 0.971322 220.485794 0.124492 0.990669 -0.055458 -52.487606 -0.963626 0.134036 0.231209 442.661865
0.235596 0.025305 0.971522 221.580261 0.124308 0.990664 -0.055949 -52.569561 -0.963868 0.133948 0.230251 442.921875
0.234442 0.027409 0.971744 222.668900 0.123410 0.990675 -0.057717 -52.651413 -0.964264 0.133454 0.228873 443.181061
0.233329 0.029425 0.971953 223.757721 0.121489 0.990828 -0.059162 -52.735161 -0.964778 0.131885 0.227613 443.439819
0.232263 0.029384 0.972208 224.848648 0.120814 0.990930 -0.058814 -52.819351 -0.965121 0.131117 0.226606 443.696808
0.231395 0.027040 0.972484 225.940033 0.121721 0.990953 -0.056517 -52.902027 -0.965215 0.131449 0.226010 443.950043
0.230379 0.024806 0.972784 227.031845 0.122750 0.990948 -0.054340 -52.984386 -0.965328 0.131927 0.225249 444.201416
0.229376 0.024189 0.973038 228.122208 0.124313 0.990776 -0.053936 -53.064053 -0.965366 0.133334 0.224253 444.450775
0.228217 0.024306 0.973306 229.210297 0.125177 0.990658 -0.054092 -53.142418 -0.965530 0.134181 0.223043 444.699005
0.225439 0.023745 0.973968 230.274734 0.125359 0.990685 -0.053169 -53.217182 -0.966159 0.134082 0.220362 444.961700
0.224497 0.022636 0.974211 231.340164 0.125751 0.990697 -0.051998 -53.298073 -0.966327 0.134182 0.219562 445.205261
0.223501 0.022131 0.974452 232.412308 0.126760 0.990591 -0.051572 -53.383984 -0.966425 0.135048 0.218593 445.434418
0.222974 0.023549 0.974540 233.488861 0.128226 0.990313 -0.053269 -53.466976 -0.966354 0.136839 0.217794 445.663147
0.222610 0.025672 0.974569 234.567474 0.130152 0.989921 -0.055805 -53.548077 -0.966181 0.139264 0.217025 445.894867
0.222283 0.026483 0.974622 235.648331 0.132475 0.989539 -0.057103 -53.628613 -0.965940 0.141806 0.216449 446.129578
0.221972 0.026164 0.974702 236.729309 0.133421 0.989422 -0.056945 -53.708866 -0.965882 0.142686 0.216132 446.368927
0.222254 0.025171 0.974663 237.799469 0.133026 0.989535 -0.055891 -53.786430 -0.965871 0.142077 0.216580 446.606537
0.221860 0.024395 0.974773 238.868896 0.131987 0.989735 -0.054811 -53.863857 -0.966104 0.140817 0.216362 446.844055
0.221212 0.024326 0.974922 239.939102 0.130474 0.989963 -0.054307 -53.942009 -0.966458 0.139215 0.215817 447.083344
0.220597 0.024898 0.975047 241.012436 0.128311 0.990245 -0.054315 -54.020996 -0.966888 0.137092 0.215250 447.324341
0.219696 0.027168 0.975190 242.058609 0.126446 0.990387 -0.056078 -54.088989 -0.967339 0.135628 0.214148 447.571075
0.219786 0.027939 0.975148 243.136429 0.125837 0.990427 -0.056739 -54.167835 -0.967397 0.135180 0.214166 447.816833
0.219733 0.028720 0.975137 244.232574 0.125443 0.990436 -0.057438 -54.258114 -0.967461 0.134945 0.214028 448.051758
0.219557 0.028228 0.975191 245.324081 0.125138 0.990509 -0.056847 -54.344151 -0.967540 0.134514 0.213940 448.286865
0.219370 0.026791 0.975274 246.394180 0.124636 0.990662 -0.055249 -54.425354 -0.967647 0.133674 0.213983 448.523529
0.219325 0.025141 0.975328 247.462570 0.124085 0.990831 -0.053446 -54.505257 -0.967728 0.132746 0.214194 448.759125
0.219305 0.023223 0.975380 248.526749 0.123256 0.991047 -0.051310 -54.582752 -0.967839 0.131474 0.214480 448.994629
0.219140 0.021766 0.975451 249.587021 0.122813 0.991184 -0.049709 -54.659481 -0.967933 0.130692 0.214534 449.229858
0.219020 0.023172 0.975445 250.644653 0.123524 0.991015 -0.051278 -54.735687 -0.967870 0.131722 0.214189 449.461884
0.219053 0.026260 0.975359 251.697510 0.124620 0.990697 -0.054662 -54.811161 -0.967721 0.133523 0.213742 449.691589
0.219203 0.026986 0.975306 252.748520 0.126546 0.990387 -0.055846 -54.887226 -0.967437 0.135662 0.213681 449.918762
0.219451 0.025293 0.975296 253.797302 0.128947 0.990141 -0.054693 -54.965076 -0.967064 0.137764 0.214025 450.143494
0.219520 0.023768 0.975318 254.842514 0.130326 0.990028 -0.053461 -55.041874 -0.966864 0.138846 0.214233 450.369354
0.219534 0.022525 0.975344 255.887100 0.130919 0.990011 -0.052332 -55.117146 -0.966781 0.139180 0.214392 450.596954
0.219514 0.021689 0.975368 256.919922 0.132072 0.989889 -0.051737 -55.193600 -0.966628 0.140175 0.214429 450.822327
0.219313 0.022254 0.975401 257.955566 0.133030 0.989721 -0.052493 -55.268482 -0.966542 0.141269 0.214097 451.047638
0.219407 0.022834 0.975366 258.987396 0.134678 0.989446 -0.053460 -55.338787 -0.966292 0.143089 0.214016 451.275696
0.219776 0.021749 0.975308 260.008667 0.136060 0.989297 -0.052722 -55.413475 -0.966015 0.144286 0.214464 451.499817
0.220074 0.021240 0.975252 261.023590 0.137478 0.989109 -0.052566 -55.484386 -0.965747 0.145644 0.214757 451.727081
0.220935 0.021527 0.975051 262.036926 0.137672 0.989056 -0.053032 -55.556904 -0.965522 0.145954 0.215553 451.952118
0.221974 0.022488 0.974793 263.056610 0.136690 0.989143 -0.053947 -55.639744 -0.965423 0.145219 0.216490 452.168060
0.223482 0.023752 0.974419 264.063019 0.135687 0.989210 -0.055233 -55.716015 -0.965217 0.144560 0.217848 452.395050
0.226484 0.025540 0.973680 265.063110 0.135413 0.989122 -0.057444 -55.793621 -0.964555 0.144859 0.220561 452.623688
0.231896 0.026146 0.972389 266.059326 0.136504 0.988872 -0.059144 -55.870712 -0.963115 0.146450 0.225746 452.854462
0.239972 0.024316 0.970475 267.050568 0.137197 0.988802 -0.058701 -55.949104 -0.961036 0.147232 0.233948 453.094208
0.250625 0.021867 0.967837 268.035065 0.138085 0.988714 -0.058097 -56.028957 -0.958186 0.148204 0.244777 453.340881
0.263588 0.021383 0.964398 269.010071 0.137586 0.988699 -0.059528 -56.108940 -0.954773 0.148379 0.257667 453.602631
0.278485 0.021686 0.960195 269.975128 0.137079 0.988612 -0.062086 -56.189686 -0.950607 0.148912 0.272341 453.880005
0.295307 0.021124 0.955169 270.932190 0.136186 0.988616 -0.063968 -56.272762 -0.945646 0.148971 0.289068 454.174042
0.314054 0.019481 0.949205 271.878326 0.135543 0.988628 -0.065136 -56.357750 -0.939679 0.149114 0.307842 454.484924
0.334403 0.017662 0.942264 272.815155 0.134673 0.988668 -0.066326 -56.444080 -0.932758 0.149077 0.328234 454.815125
0.355945 0.015593 0.934377 273.711761 0.132886 0.988855 -0.067126 -56.529358 -0.925010 0.148058 0.349905 455.154297
0.377566 0.014199 0.925873 274.603455 0.130152 0.989142 -0.068246 -56.622959 -0.916790 0.146272 0.371619 455.521332
0.399490 0.013786 0.916633 275.498444 0.127862 0.989275 -0.070604 -56.720459 -0.907776 0.145408 0.393443 455.912079
0.422162 0.014711 0.906401 276.382599 0.124905 0.989388 -0.074234 -56.815872 -0.897875 0.144552 0.415844 456.320374
0.445264 0.015771 0.895260 277.258575 0.122370 0.989392 -0.078291 -56.910892 -0.886997 0.144413 0.438611 456.748047
0.468110 0.015410 0.883535 278.121735 0.119048 0.989632 -0.080335 -57.006077 -0.875614 0.142788 0.461422 457.197021
0.490539 0.015142 0.871288 278.970764 0.114911 0.989993 -0.081902 -57.101513 -0.863810 0.140297 0.483891 457.668976
0.512298 0.014003 0.858693 279.806641 0.111698 0.990287 -0.082789 -57.199184 -0.851512 0.138326 0.505758 458.161774
0.533562 0.013825 0.845648 280.627533 0.108821 0.990433 -0.084854 -57.299099 -0.838731 0.137299 0.526952 458.673401
0.554144 0.014688 0.832291 281.437378 0.105514 0.990540 -0.087733 -57.400387 -0.825706 0.136435 0.547351 459.206360
0.573450 0.015999 0.819084 282.233978 0.102051 0.990626 -0.090798 -57.504074 -0.812860 0.135657 0.566442 459.757355
0.590909 0.017430 0.806550 283.019653 0.097740 0.990854 -0.093021 -57.609829 -0.800796 0.133799 0.583801 460.327148
0.606404 0.018548 0.794940 283.796936 0.093432 0.991139 -0.094400 -57.717270 -0.789648 0.131517 0.599298 460.914642
0.620217 0.018481 0.784212 284.565460 0.089633 0.991504 -0.094256 -57.826252 -0.779292 0.128751 0.613291 461.516754
0.632867 0.017314 0.774067 285.327515 0.086197 0.991959 -0.092662 -57.935390 -0.769447 0.125365 0.626285 462.134644
0.644660 0.015889 0.764305 286.082184 0.083453 0.992345 -0.091020 -58.044636 -0.759900 0.122460 0.638399 462.765259
0.655533 0.016321 0.754990 286.827850 0.080384 0.992578 -0.091253 -58.154552 -0.750876 0.120509 0.649355 463.406769
0.664684 0.019032 0.746883 287.565948 0.076271 0.992723 -0.093174 -58.263233 -0.743221 0.118898 0.658396 464.058746
0.671356 0.021979 0.740809 288.301575 0.071640 0.992954 -0.094384 -58.371548 -0.737664 0.116436 0.665051 464.720398
0.675246 0.023534 0.737217 289.038086 0.068119 0.993229 -0.094100 -58.482090 -0.734441 0.113759 0.669070 465.385468
0.676845 0.025365 0.735689 289.774353 0.064670 0.993492 -0.093752 -58.592915 -0.733279 0.111033 0.670800 466.051300
0.677033 0.026123 0.735488 290.509460 0.063717 0.993536 -0.093942 -58.703262 -0.733189 0.110465 0.670993 466.711945
0.676554 0.025729 0.735943 291.246277 0.063717 0.993595 -0.093313 -58.814484 -0.733631 0.110024 0.670581 467.368011
0.674623 0.026680 0.737680 291.978577 0.062961 0.993625 -0.093517 -58.925232 -0.735473 0.109532 0.668642 468.019409
0.670933 0.029175 0.740943 292.710297 0.061130 0.993648 -0.094482 -59.036602 -0.738993 0.108684 0.664887 468.666840
0.665293 0.031497 0.745917 293.445068 0.059356 0.993715 -0.094902 -59.146706 -0.744218 0.107412 0.659242 469.307373
0.657477 0.033224 0.752742 294.185333 0.057037 0.993965 -0.093690 -59.256065 -0.751312 0.104533 0.651614 469.940002
0.647361 0.033345 0.761454 294.933594 0.056217 0.994232 -0.091333 -59.365074 -0.760107 0.101931 0.641753 470.560059
0.635141 0.034108 0.771642 295.687531 0.055895 0.994375 -0.089962 -59.471313 -0.770371 0.100269 0.629662 471.161591
0.620842 0.034452 0.783178 296.450562 0.056037 0.994527 -0.088174 -59.575054 -0.781930 0.098629 0.615514 471.748688
0.605632 0.034905 0.794979 297.220062 0.056666 0.994609 -0.086841 -59.677631 -0.793725 0.097641 0.600388 472.315979
0.589757 0.036677 0.806747 297.993439 0.058362 0.994420 -0.087875 -59.780781 -0.805469 0.098908 0.584325 472.864349
0.572752 0.041349 0.818685 298.779510 0.060583 0.993860 -0.092582 -59.883709 -0.817487 0.102625 0.566729 473.393494
0.554199 0.047090 0.831051 299.570465 0.063434 0.993105 -0.098576 -59.987926 -0.829963 0.107348 0.547390 473.900848
0.534083 0.050282 0.843935 300.373718 0.066152 0.992683 -0.101010 -60.093521 -0.842840 0.109775 0.526849 474.389587
0.512725 0.046804 0.857276 301.195007 0.070083 0.992899 -0.096125 -60.198360 -0.855687 0.109366 0.505804 474.859406
0.490975 0.037603 0.870362 302.031799 0.075762 0.993439 -0.085659 -60.301468 -0.867874 0.107997 0.484904 475.306519
0.468904 0.030405 0.882726 302.878204 0.081291 0.993679 -0.077409 -60.398746 -0.879500 0.108055 0.463468 475.731995
0.446557 0.030909 0.894221 303.727478 0.085400 0.993368 -0.076984 -60.488270 -0.890670 0.110744 0.440955 476.135193
0.424046 0.034884 0.904968 304.580627 0.089074 0.992805 -0.080010 -60.575260 -0.901250 0.114537 0.417887 476.515289
0.401215 0.038385 0.915179 305.447723 0.091975 0.992383 -0.081947 -60.663452 -0.911354 0.117051 0.394629 476.878326
0.377920 0.039613 0.924990 306.325897 0.095379 0.992102 -0.081457 -60.752708 -0.920912 0.119008 0.371156 477.220367
0.354734 0.039317 0.934140 307.214417 0.098230 0.992018 -0.079056 -60.841980 -0.929792 0.119804 0.348041 477.542725
0.331920 0.039225 0.942492 308.112030 0.101216 0.991885 -0.076926 -60.929783 -0.937861 0.120928 0.325256 477.844116
0.310014 0.039333 0.949918 309.021149 0.105773 0.991514 -0.075577 -61.015919 -0.944829 0.123904 0.303223 478.126129
0.289463 0.040456 0.956333 309.939972 0.111240 0.990914 -0.075590 -61.101009 -0.950703 0.128263 0.282332 478.388885
0.270142 0.041422 0.961929 310.867981 0.116032 0.990391 -0.075233 -61.184715 -0.955803 0.131938 0.262740 478.635925
0.252088 0.041096 0.966831 311.805145 0.120347 0.990009 -0.073462 -61.267155 -0.960191 0.134874 0.244624 478.868866
0.234852 0.039706 0.971220 312.752441 0.123092 0.989906 -0.070235 -61.349728 -0.964206 0.136044 0.227593 479.093567
0.218517 0.040130 0.975008 313.710632 0.125041 0.989765 -0.068763 -61.431557 -0.967789 0.136942 0.211262 479.301910
0.203195 0.041333 0.978266 314.669769 0.125704 0.989739 -0.067928 -61.505833 -0.971035 0.136774 0.195914 479.500702
0.189018 0.041704 0.981088 315.639008 0.127312 0.989624 -0.066596 -61.580879 -0.973685 0.137491 0.181747 479.687225
0.176449 0.041010 0.983455 316.621399 0.129924 0.989418 -0.064571 -61.658672 -0.975697 0.139168 0.169253 479.862823
0.165780 0.041180 0.985303 317.615753 0.131970 0.989214 -0.063548 -61.736061 -0.977292 0.140565 0.158557 480.030792
0.156909 0.038947 0.986845 318.592255 0.136041 0.988844 -0.060658 -61.819649 -0.978198 0.143769 0.149861 480.179596
0.149277 0.037288 0.988092 319.571808 0.139154 0.988550 -0.058329 -61.904453 -0.978955 0.146204 0.142378 480.319641
0.142187 0.034898 0.989225 320.580658 0.140414 0.988561 -0.055058 -61.980835 -0.979830 0.146729 0.135659 480.467773
0.136046 0.032367 0.990174 321.608887 0.141904 0.988523 -0.051811 -62.049900 -0.980487 0.147558 0.129891 480.616180
0.130236 0.029759 0.991036 322.633118 0.143140 0.988513 -0.048495 -62.108692 -0.981095 0.148173 0.124480 480.764099
0.126883 0.027554 0.991535 323.649750 0.145387 0.988301 -0.046070 -62.170094 -0.981204 0.150002 0.121392 480.887360
0.123807 0.025988 0.991966 324.675659 0.149703 0.987726 -0.044562 -62.234295 -0.980949 0.154018 0.118396 481.005768
0.120997 0.025101 0.992335 325.727509 0.154326 0.987049 -0.043785 -62.293858 -0.980583 0.158441 0.115556 481.139557
0.117725 0.026968 0.992680 326.766602 0.156766 0.986591 -0.045395 -62.361065 -0.980594 0.160963 0.111918 481.277557
0.115643 0.030814 0.992813 327.794830 0.155226 0.986677 -0.048705 -62.423801 -0.981087 0.159744 0.109319 481.400513
0.113016 0.035719 0.992951 328.840210 0.149188 0.987414 -0.052500 -62.485096 -0.982329 0.154068 0.106264 481.530487
0.110568 0.038647 0.993117 329.893799 0.142696 0.988273 -0.054346 -62.550140 -0.983571 0.147722 0.103756 481.668030
0.107831 0.039211 0.993396 330.953278 0.134676 0.989434 -0.053675 -62.620312 -0.985005 0.139575 0.101410 481.804718
0.104559 0.038028 0.993791 332.016876 0.126911 0.990588 -0.051259 -62.693340 -0.986388 0.131482 0.098749 481.939636
0.100977 0.036466 0.994220 333.077576 0.121492 0.991396 -0.048702 -62.767635 -0.987442 0.125708 0.095677 482.065674
0.096571 0.038488 0.994582 334.133636 0.117800 0.991786 -0.049819 -62.841450 -0.988330 0.121972 0.091243 482.182800
0.091660 0.041055 0.994944 335.188171 0.114609 0.992075 -0.051496 -62.916119 -0.989173 0.118749 0.086228 482.292999
0.086851 0.043007 0.995293 336.243561 0.111630 0.992355 -0.052622 -62.992817 -0.989946 0.115675 0.081386 482.391724
0.082249 0.042443 0.995708 337.299225 0.109568 0.992651 -0.051364 -63.071239 -0.990570 0.113322 0.076993 482.487854
0.076843 0.038873 0.996285 338.332550 0.108067 0.993028 -0.047082 -63.142754 -0.991169 0.111283 0.072106 482.578827
0.069050 0.034387 0.997020 339.345764 0.104282 0.993681 -0.041496 -63.212780 -0.992148 0.106836 0.065028 482.664398
0.058859 0.032603 0.997734 340.335175 0.101905 0.994048 -0.038496 -63.278545 -0.993051 0.103941 0.055186 482.739502
0.046566 0.033035 0.998369 341.298706 0.099880 0.994289 -0.037559 -63.340153 -0.993909 0.101466 0.043000 482.800720
0.028558 0.031226 0.999104 342.200073 0.097274 0.994681 -0.033870 -63.389828 -0.994848 0.098154 0.025368 482.820343
0.005417 0.030474 0.999521 343.079407 0.098824 0.994625 -0.030861 -63.432972 -0.995089 0.098943 0.002376 482.841278
-0.019078 0.030177 0.999363 343.943573 0.100697 0.994520 -0.028108 -63.474316 -0.994734 0.100097 -0.022013 482.859528
-0.048021 0.030361 0.998384 344.789429 0.103130 0.994346 -0.025280 -63.523174 -0.993508 0.101749 -0.050881 482.825745
-0.081871 0.029098 0.996218 345.593018 0.107612 0.993987 -0.020190 -63.560932 -0.990816 0.105551 -0.084511 482.762177
-0.117953 0.025464 0.992693 346.392761 0.110684 0.993779 -0.012341 -63.614147 -0.986831 0.108419 -0.120038 482.648621
-0.158339 0.021735 0.987146 347.118042 0.115575 0.993293 -0.003334 -63.638897 -0.980597 0.113562 -0.159789 482.521545
-0.200463 0.020925 0.979477 347.811798 0.118488 0.992951 0.003037 -63.657925 -0.972509 0.116664 -0.201530 482.372589
-0.243178 0.021733 0.969738 348.470367 0.120682 0.992658 0.008016 -63.673702 -0.962444 0.118979 -0.244016 482.201324
-0.287380 0.025153 0.957486 349.107056 0.118811 0.992871 0.009577 -63.685360 -0.950419 0.116511 -0.288320 482.014862
-0.333127 0.029148 0.942431 349.728241 0.113491 0.993495 0.009388 -63.692585 -0.936027 0.110085 -0.334268 481.809387
-0.379652 0.031503 0.924593 350.331787 0.108195 0.994073 0.010555 -63.697552 -0.918781 0.104044 -0.380811 481.577820
-0.426467 0.033945 0.903866 350.916199 0.107823 0.994077 0.013540 -63.700329 -0.898053 0.103231 -0.427602 481.312561
-0.473092 0.036714 0.880248 351.479279 0.109511 0.993833 0.017405 -63.699596 -0.874179 0.104630 -0.474196 481.015259
-0.518964 0.039817 0.853868 351.992371 0.112032 0.993466 0.021763 -63.689625 -0.847422 0.106954 -0.520034 480.644196
-0.562805 0.042341 0.825505 352.502777 0.115600 0.992904 0.027885 -63.679447 -0.818466 0.111121 -0.563706 480.285187
-0.604120 0.043080 0.795728 352.992737 0.119366 0.992163 0.036906 -63.666203 -0.787903 0.117278 -0.604528 479.903351
-0.643832 0.042268 0.763998 353.463135 0.121466 0.991458 0.047508 -63.648960 -0.755464 0.123388 -0.643466 479.501282
-0.681835 0.042102 0.730293 353.909271 0.122655 0.990788 0.057395 -63.627720 -0.721149 0.128707 -0.680718 479.080414
-0.717744 0.043383 0.694955 354.331879 0.122477 0.990362 0.064668 -63.602345 -0.685451 0.131531 -0.716139 478.639862
-0.751675 0.044640 0.658022 354.733459 0.119903 0.990329 0.069784 -63.572201 -0.648543 0.131353 -0.749759 478.181030
-0.783748 0.045316 0.619423 355.117188 0.115074 0.990661 0.073125 -63.537045 -0.610324 0.128592 -0.781644 477.703918
-0.812983 0.047681 0.580331 355.434204 0.112898 0.990636 0.076765 -63.485401 -0.571237 0.127927 -0.810754 477.157990
-0.839604 0.050138 0.540878 355.764587 0.111522 0.990430 0.081302 -63.439701 -0.531626 0.128582 -0.837162 476.627106
-0.864113 0.050108 0.500797 356.078766 0.107201 0.990523 0.085861 -63.393162 -0.491748 0.127880 -0.861295 476.079865
-0.886175 0.048109 0.460847 356.375336 0.100212 0.990954 0.089248 -63.346035 -0.452385 0.125272 -0.882980 475.518341
-0.904826 0.047914 0.423078 356.645782 0.094808 0.991374 0.090488 -63.291210 -0.415093 0.121988 -0.901563 474.920227
-0.921254 0.048603 0.385912 356.893768 0.090657 0.991667 0.091520 -63.231926 -0.378247 0.119298 -0.917985 474.304565
-0.934573 0.052855 0.351823 357.120911 0.091134 0.991474 0.093133 -63.171299 -0.343900 0.119102 -0.931422 473.682892
-0.945208 0.057195 0.321421 357.332855 0.093025 0.990904 0.097233 -63.110233 -0.312936 0.121805 -0.941931 473.054352
-0.953623 0.057681 0.295426 357.520660 0.091902 0.990397 0.103281 -63.060993 -0.286632 0.125641 -0.949767 472.440613
-0.959769 0.057972 0.274740 357.706787 0.090861 0.989932 0.108526 -63.003368 -0.265682 0.129123 -0.955374 471.806213
-0.964057 0.059739 0.258893 357.881866 0.091675 0.989347 0.113080 -62.943417 -0.249379 0.132749 -0.959263 471.169464
-0.967007 0.062289 0.247016 358.047272 0.093191 0.988933 0.115441 -62.880428 -0.237091 0.134652 -0.962110 470.533295
-0.969289 0.063078 0.237697 358.209564 0.093231 0.988648 0.117821 -62.816479 -0.227567 0.136363 -0.964167 469.898285
-0.971189 0.062034 0.230097 358.370178 0.091460 0.988612 0.119499 -62.753304 -0.220063 0.137101 -0.965803 469.264252
-0.972683 0.060568 0.224095 358.531860 0.089043 0.988867 0.119217 -62.689335 -0.214379 0.135915 -0.967248 468.620453
-0.973856 0.059535 0.219229 358.684357 0.087088 0.989159 0.118236 -62.626865 -0.209812 0.134236 -0.968483 468.003387
-0.974712 0.060834 0.215021 358.835663 0.087465 0.989322 0.116582 -62.562374 -0.205633 0.132441 -0.969625 467.374115
-0.975095 0.063688 0.212447 358.981506 0.089492 0.989426 0.114137 -62.499905 -0.202932 0.130306 -0.970484 466.747040
-0.975366 0.066754 0.210251 359.125031 0.092001 0.989363 0.112677 -62.438717 -0.200493 0.129243 -0.971132 466.118774
-0.975786 0.067382 0.208092 359.269379 0.092287 0.989370 0.112380 -62.377178 -0.198307 0.128863 -0.971631 465.492126
-0.976162 0.067323 0.206340 359.412537 0.092119 0.989313 0.113011 -62.315102 -0.196526 0.129325 -0.971932 464.867004
-0.976421 0.067007 0.205215 359.549133 0.092287 0.988929 0.116193 -62.254368 -0.195157 0.132392 -0.971795 464.235657
-0.976611 0.067621 0.204106 359.683624 0.093295 0.988513 0.118896 -62.194561 -0.193721 0.135158 -0.971702 463.605469
-0.976722 0.067166 0.203722 359.820160 0.093019 0.988395 0.120092 -62.133823 -0.193291 0.136247 -0.971635 462.982849
-0.976717 0.067181 0.203741 359.957520 0.093166 0.988301 0.120747 -62.072079 -0.193246 0.136918 -0.971550 462.365509
-0.976505 0.068386 0.204359 360.094421 0.094469 0.988180 0.120722 -62.009205 -0.193688 0.137191 -0.971423 461.750702
-0.976111 0.068470 0.206203 360.233368 0.094954 0.988051 0.121400 -61.945576 -0.195426 0.138079 -0.970949 461.137543
-0.975806 0.067089 0.208090 360.375641 0.093837 0.988152 0.121446 -61.882458 -0.197477 0.138034 -0.970541 460.527222
-0.975479 0.067780 0.209392 360.512329 0.094452 0.988257 0.120111 -61.822159 -0.198791 0.136944 -0.970427 459.916382
-0.974881 0.069292 0.211672 360.639435 0.096198 0.988155 0.119565 -61.758915 -0.200880 0.136923 -0.969999 459.299103
-0.974372 0.072741 0.212856 360.763672 0.099517 0.988026 0.117903 -61.694668 -0.201731 0.136063 -0.969944 458.685913
-0.974355 0.073447 0.212695 360.901886 0.099848 0.988198 0.116160 -61.633839 -0.201653 0.134418 -0.970189 458.081238
-0.974269 0.072445 0.213432 361.042725 0.099060 0.988208 0.116749 -61.575871 -0.202457 0.134886 -0.969956 457.477631
-0.974123 0.072307 0.214138 361.180389 0.099149 0.988125 0.117372 -61.517498 -0.203108 0.135566 -0.969726 456.875641
-0.973858 0.073960 0.214780 361.315460 0.100998 0.987891 0.117762 -61.456944 -0.203470 0.136376 -0.969536 456.276703
-0.973571 0.075328 0.215600 361.449310 0.102618 0.987660 0.118302 -61.398342 -0.204028 0.137300 -0.969289 455.680725
-0.973476 0.075395 0.216007 361.585876 0.102586 0.987752 0.117561 -61.341988 -0.204497 0.136602 -0.969288 455.089661
-0.973423 0.075299 0.216279 361.722443 0.102181 0.987989 0.115915 -61.284794 -0.204952 0.134935 -0.969426 454.500610
-0.973036 0.078132 0.217016 361.855774 0.104349 0.988204 0.112084 -61.226273 -0.205699 0.131708 -0.969711 453.911865
-0.972344 0.083158 0.218247 361.986816 0.108781 0.988168 0.108125 -61.168774 -0.206673 0.128874 -0.969885 453.316559
-0.971712 0.086009 0.219950 362.121643 0.111818 0.987874 0.107702 -61.109978 -0.208020 0.129249 -0.969547 452.716949
-0.971105 0.085533 0.222802 362.261719 0.111958 0.987741 0.108780 -61.050419 -0.210766 0.130580 -0.968776 452.116760
-0.970423 0.084677 0.226076 362.403870 0.111962 0.987525 0.110712 -60.990822 -0.213881 0.132750 -0.967797 451.514282
-0.969654 0.084231 0.229513 362.549469 0.112845 0.986990 0.114522 -60.929935 -0.216880 0.136946 -0.966544 450.909943
-0.968549 0.085765 0.233574 362.696899 0.115339 0.986526 0.116025 -60.869324 -0.220476 0.139316 -0.965391 450.303528
-0.967512 0.086022 0.237739 362.849670 0.116174 0.986448 0.115856 -60.810627 -0.224551 0.139711 -0.964395 449.698120
-0.966745 0.083618 0.241688 363.010315 0.114091 0.986798 0.114949 -60.753090 -0.228885 0.138700 -0.963521 449.091949
-0.965615 0.082897 0.246406 363.171143 0.113514 0.987118 0.112746 -60.685760 -0.233885 0.136840 -0.962586 448.468872
-0.964181 0.083619 0.251718 363.327881 0.114456 0.987269 0.110445 -60.607380 -0.239277 0.135298 -0.961478 447.850342
-0.963028 0.083362 0.256177 363.493256 0.114619 0.987346 0.109581 -60.543411 -0.243800 0.134891 -0.960398 447.220459
-0.960911 0.095820 0.259751 363.659058 0.127747 0.985807 0.108925 -60.522327 -0.245626 0.137850 -0.959513 446.569550
-0.959654 0.097031 0.263910 363.835724 0.128958 0.985922 0.106430 -60.517986 -0.249868 0.136169 -0.958657 445.921417
-0.958430 0.097805 0.268041 364.014496 0.129628 0.986127 0.103679 -60.506207 -0.254181 0.134115 -0.957812 445.274506
-0.957976 0.090771 0.272106 364.200317 0.122634 0.987151 0.102441 -60.386036 -0.259312 0.131505 -0.956798 444.708832
-0.957548 0.086597 0.274959 364.387238 0.118986 0.987501 0.103360 -60.313160 -0.262572 0.131689 -0.955884 444.095367
-0.957937 0.082499 0.274862 364.574249 0.115234 0.987758 0.105131 -60.235748 -0.262825 0.132382 -0.955718 443.478973
-0.958811 0.082027 0.271943 364.756897 0.113884 0.988089 0.103483 -60.177498 -0.260215 0.130191 -0.956733 442.843750
-0.959962 0.081886 0.267896 364.936951 0.112786 0.988366 0.102039 -60.117741 -0.256424 0.128169 -0.958028 442.202271
-0.961538 0.080836 0.262505 365.116119 0.111006 0.988552 0.102187 -60.055424 -0.251239 0.127396 -0.959504 441.550171
-0.963421 0.079817 0.255832 365.292145 0.109194 0.988695 0.102742 -59.992115 -0.244738 0.126920 -0.961246 440.887115
-0.965552 0.078987 0.247930 365.463562 0.107532 0.988771 0.103767 -59.929813 -0.236949 0.126854 -0.963204 440.212738
-0.967859 0.078705 0.238862 365.630981 0.105712 0.989108 0.102424 -59.866489 -0.228198 0.124383 -0.965636 439.527924
-0.969952 0.078731 0.230205 365.795715 0.103997 0.989562 0.099744 -59.803104 -0.219948 0.120688 -0.968017 438.837738
-0.971850 0.078424 0.222163 365.958008 0.102354 0.989877 0.098313 -59.736790 -0.212203 0.118284 -0.970040 438.132751
-0.973484 0.077907 0.215080 366.117615 0.101146 0.989909 0.099231 -59.669395 -0.205179 0.118355 -0.971542 437.410156
-0.974873 0.077900 0.208699 366.274323 0.100791 0.989728 0.101382 -59.601570 -0.198658 0.119869 -0.972710 436.672089
-0.976219 0.076792 0.202732 366.430542 0.099265 0.989705 0.103101 -59.532459 -0.192727 0.120773 -0.973792 435.920624
-0.977426 0.076493 0.196943 366.584137 0.098497 0.989639 0.104460 -59.460522 -0.186912 0.121499 -0.974833 435.156494
-0.978563 0.076707 0.191130 366.734436 0.098174 0.989562 0.105490 -59.386097 -0.181042 0.121992 -0.975879 434.378998
-0.979690 0.076741 0.185251 366.882416 0.097799 0.989400 0.107339 -59.309479 -0.175050 0.123277 -0.976811 433.586639
-0.980869 0.076577 0.178972 367.027618 0.097172 0.989249 0.109280 -59.231403 -0.168678 0.124580 -0.977766 432.783234
-0.982069 0.075860 0.172584 367.163269 0.095755 0.989306 0.110021 -59.148327 -0.162392 0.124573 -0.978831 431.954712
-0.983365 0.076796 0.164611 367.291107 0.095865 0.989162 0.111209 -59.061665 -0.154286 0.125139 -0.980069 431.112366
-0.984760 0.076456 0.156211 367.415955 0.094673 0.989107 0.112707 -58.975735 -0.145892 0.125779 -0.981272 430.272583
-0.986099 0.075837 0.147839 367.542816 0.093431 0.988852 0.115930 -58.892891 -0.137398 0.128132 -0.982193 429.433319
-0.987350 0.075634 0.139355 367.662323 0.092528 0.988569 0.119028 -58.810726 -0.128759 0.130416 -0.983062 428.596069
-0.988503 0.076018 0.130705 367.769409 0.092157 0.988214 0.122221 -58.725063 -0.119873 0.132862 -0.983858 427.757782
-0.989852 0.073156 0.121825 367.855408 0.088447 0.988174 0.125246 -58.614128 -0.111222 0.134750 -0.984618 426.889496
-0.991325 0.070253 0.111081 367.930206 0.084457 0.988064 0.128822 -58.497150 -0.100705 0.137086 -0.985426 426.015961
-0.992945 0.067120 0.097749 367.997375 0.079696 0.988170 0.131024 -58.384235 -0.087799 0.137890 -0.986548 425.146179
-0.994702 0.064141 0.080337 368.065369 0.074088 0.989045 0.127668 -58.294842 -0.071267 0.132943 -0.988558 424.308899
-0.996349 0.060809 0.059933 368.149506 0.067676 0.990449 0.120119 -58.257462 -0.052056 0.123736 -0.990949 423.538757
-0.997439 0.061206 0.036991 368.171783 0.064988 0.991627 0.111579 -58.170891 -0.029851 0.113697 -0.993066 422.708160
-0.997799 0.065041 0.012945 368.166748 0.066048 0.992207 0.105655 -58.087074 -0.005972 0.106278 -0.994318 421.869751
-0.997658 0.067215 -0.012665 368.143463 0.065531 0.992355 0.104573 -58.006962 0.019597 0.103498 -0.994436 421.027405
-0.996901 0.068818 -0.038114 368.099731 0.064427 0.992228 0.106451 -57.926689 0.045144 0.103664 -0.993587 420.183167
-0.995480 0.070967 -0.063121 368.032288 0.063629 0.991724 0.111508 -57.845558 0.070513 0.106986 -0.991756 419.337891
-0.993582 0.070984 -0.088076 367.927673 0.060387 0.991218 0.117636 -57.765934 0.095654 0.111562 -0.989142 418.495483
-0.991076 0.070267 -0.113275 367.819672 0.056365 0.990980 0.121574 -57.681381 0.120798 0.114104 -0.986097 417.658234
-0.987976 0.069218 -0.138242 367.692719 0.052330 0.991117 0.122263 -57.595882 0.145477 0.113558 -0.982822 416.827362
-0.984276 0.067195 -0.163358 367.546234 0.047531 0.991459 0.121444 -57.507729 0.170124 0.111770 -0.979063 416.000610
-0.979876 0.066558 -0.188182 367.377716 0.043961 0.991579 0.121809 -57.417183 0.194706 0.111085 -0.974550 415.177277
-0.974918 0.069569 -0.211412 367.183411 0.043670 0.991220 0.124802 -57.325626 0.218239 0.112439 -0.969396 414.358093
-0.969838 0.073620 -0.232363 366.967896 0.044022 0.990524 0.130096 -57.232075 0.239739 0.115943 -0.963889 413.543396
-0.965130 0.076072 -0.250476 366.738129 0.042529 0.989696 0.136713 -57.134068 0.258296 0.121293 -0.958421 412.731659
-0.960771 0.078805 -0.265914 366.494843 0.041157 0.988677 0.144297 -57.033039 0.274275 0.127692 -0.953135 411.924072
-0.956771 0.082720 -0.278830 366.240112 0.042026 0.987959 0.148894 -56.931042 0.287789 0.130741 -0.948728 411.127319
-0.953280 0.083498 -0.290320 365.980804 0.041842 0.988273 0.146850 -56.828411 0.299176 0.127842 -0.945595 410.340820
-0.950150 0.082779 -0.300606 365.708191 0.040832 0.988845 0.143245 -56.719837 0.309110 0.123830 -0.942929 409.566986
-0.947392 0.082454 -0.309270 365.436890 0.039391 0.988939 0.142994 -56.611942 0.317640 0.123288 -0.940162 408.785522
-0.944715 0.082553 -0.317329 365.157928 0.037100 0.988484 0.146708 -56.509007 0.325787 0.126825 -0.936898 408.006195
-0.941789 0.082126 -0.326020 364.873352 0.034686 0.988266 0.148750 -56.405159 0.334411 0.128783 -0.933587 407.229309
-0.937282 0.082771 -0.338604 364.625763 0.036235 0.989271 0.141526 -56.252636 0.346686 0.120380 -0.930224 406.456635
-0.934380 0.079046 -0.347400 364.342957 0.032523 0.989930 0.137771 -56.147335 0.354792 0.117431 -0.927541 405.680969
-0.931851 0.073338 -0.355353 364.031128 0.027236 0.990734 0.133051 -56.068951 0.361819 0.114305 -0.925214 404.923004
-0.929320 0.065216 -0.363471 363.687195 0.020000 0.991725 0.126806 -56.009441 0.368733 0.110574 -0.922934 404.197021
-0.926080 0.058846 -0.372710 363.379547 0.014173 0.992492 0.121486 -55.920361 0.377062 0.107223 -0.919960 403.450684
-0.923103 0.058335 -0.380102 363.047333 0.011805 0.992259 0.123617 -55.843708 0.384371 0.109624 -0.916646 402.706451
-0.919496 0.057574 -0.388861 362.717407 0.009007 0.992041 0.125584 -55.752270 0.392997 0.111972 -0.912696 401.959106
-0.916714 0.056145 -0.395579 362.401154 0.005132 0.991650 0.128853 -55.658390 0.399511 0.116091 -0.909347 401.207703
-0.914409 0.056509 -0.400829 362.060394 0.003581 0.991298 0.131586 -55.570427 0.404777 0.118888 -0.906654 400.472748
-0.912599 0.060572 -0.404344 361.715820 0.006028 0.990850 0.134829 -55.482464 0.408812 0.120607 -0.904613 399.714447
-0.911494 0.066546 -0.405896 361.357056 0.011881 0.990673 0.135742 -55.384014 0.411143 0.118905 -0.903782 398.992126
-0.911299 0.068844 -0.405949 361.006775 0.015074 0.990839 0.134195 -55.288647 0.411470 0.116173 -0.903989 398.248077
-0.911919 0.068583 -0.404598 360.657227 0.016338 0.991221 0.131196 -55.199833 0.410045 0.113029 -0.905034 397.499908
-0.913105 0.069565 -0.401746 360.313110 0.018296 0.991335 0.130074 -55.097088 0.407314 0.111421 -0.906466 396.754547
-0.914636 0.073366 -0.397564 359.965851 0.021807 0.990916 0.132695 -55.000469 0.403689 0.112697 -0.907928 395.999664
-0.916723 0.079338 -0.391566 359.621735 0.026285 0.989937 0.139045 -54.901459 0.398658 0.117173 -0.909583 395.234100
-0.919340 0.084510 -0.384280 359.284119 0.030145 0.988918 0.145363 -54.799877 0.392306 0.122053 -0.911701 394.464661
-0.922165 0.088408 -0.376558 358.953644 0.033560 0.988145 0.149812 -54.694683 0.385339 0.125514 -0.914199 393.693451
-0.924913 0.091442 -0.369017 358.624054 0.037791 0.987949 0.150091 -54.586784 0.378295 0.124875 -0.917223 392.910828
-0.927513 0.093905 -0.361804 358.313507 0.042658 0.988196 0.147130 -54.484348 0.371350 0.121031 -0.920570 392.159637
-0.930056 0.095717 -0.354731 358.008148 0.047441 0.988672 0.142393 -54.378117 0.364342 0.115604 -0.924062 391.386932
-0.932625 0.096282 -0.347766 357.710114 0.050257 0.989009 0.139045 -54.274731 0.357331 0.112199 -0.927213 390.612946
-0.935167 0.097975 -0.340388 357.417114 0.052675 0.988764 0.139887 -54.174160 0.350269 0.112888 -0.929821 389.838562
-0.937575 0.100482 -0.332951 357.130707 0.055146 0.988193 0.142943 -54.075100 0.343383 0.115660 -0.932046 389.061188
-0.939688 0.102643 -0.326268 356.849823 0.057210 0.987637 0.145940 -53.974834 0.337214 0.118472 -0.933944 388.284149
-0.941530 0.102494 -0.320960 356.575989 0.057388 0.987470 0.146993 -53.874596 0.332005 0.119979 -0.935616 387.509033
-0.943000 0.099639 -0.317527 356.310760 0.055496 0.987848 0.145173 -53.771328 0.328133 0.119278 -0.937070 386.734680
-0.944095 0.096799 -0.315142 356.047729 0.053200 0.988125 0.144142 -53.669666 0.325353 0.119319 -0.938034 385.960083
-0.944732 0.095509 -0.313625 355.785553 0.052357 0.988299 0.143257 -53.569271 0.323638 0.118919 -0.938677 385.190613
-0.944860 0.097718 -0.312553 355.520233 0.054532 0.988064 0.144063 -53.471043 0.322900 0.119075 -0.938912 384.424591
-0.945225 0.096780 -0.311742 355.259918 0.054215 0.988317 0.142440 -53.374222 0.321885 0.117735 -0.939429 383.661346
-0.945786 0.091435 -0.311654 355.007812 0.050493 0.989281 0.137014 -53.279690 0.320841 0.113850 -0.940265 382.900085
-0.946139 0.087035 -0.311845 354.755676 0.047579 0.990109 0.131987 -53.186230 0.320248 0.110040 -0.940921 382.139313
-0.946057 0.086046 -0.312364 354.497833 0.047348 0.990456 0.129437 -53.092278 0.320521 0.107665 -0.941103 381.378601
-0.945891 0.084964 -0.313163 354.239807 0.045300 0.990234 0.131839 -53.000298 0.321307 0.110519 -0.940504 380.610291
-0.945982 0.082173 -0.313630 353.985992 0.041429 0.990054 0.134446 -52.910713 0.321559 0.114190 -0.939978 379.838562
-0.946398 0.080168 -0.312897 353.730255 0.039524 0.990172 0.134151 -52.819561 0.320577 0.114592 -0.940265 379.069458
-0.947035 0.079470 -0.311140 353.474274 0.039915 0.990511 0.131505 -52.727127 0.318639 0.112120 -0.941221 378.300964
-0.948098 0.079125 -0.307977 353.220551 0.040745 0.990790 0.129124 -52.636295 0.315358 0.109874 -0.942590 377.532196
-0.949701 0.078429 -0.303178 352.972321 0.040962 0.990923 0.128034 -52.547920 0.310468 0.109174 -0.944293 376.758148
-0.951541 0.077555 -0.297584 352.730377 0.040825 0.990969 0.127723 -52.460289 0.304802 0.109384 -0.946113 375.978821
-0.953251 0.076870 -0.292241 352.492035 0.040880 0.991016 0.127335 -52.373352 0.299403 0.109435 -0.947829 375.198822
-0.954906 0.075760 -0.287081 352.258911 0.040425 0.991068 0.127080 -52.286358 0.294145 0.109744 -0.949439 374.415924
-0.956496 0.075515 -0.281801 352.029388 0.040646 0.990992 0.127601 -52.198513 0.288899 0.110596 -0.950950 373.630219
-0.957896 0.076288 -0.276795 351.802002 0.041721 0.990805 0.128697 -52.109989 0.284069 0.111731 -0.952271 372.842438
-0.958981 0.076471 -0.272960 351.575439 0.042046 0.990646 0.129813 -52.021584 0.280334 0.113010 -0.953226 372.051758
-0.959565 0.076163 -0.270988 351.350922 0.042056 0.990684 0.129522 -51.933247 0.278329 0.112888 -0.953828 371.260101
-0.959948 0.074942 -0.269970 351.126801 0.041391 0.990923 0.127900 -51.844189 0.277105 0.111603 -0.954336 370.466309
-0.960161 0.073706 -0.269550 350.902283 0.040745 0.991205 0.125900 -51.754978 0.276459 0.109901 -0.954721 369.673004
-0.960226 0.073239 -0.269449 350.677307 0.040222 0.991203 0.126087 -51.665493 0.276313 0.110234 -0.954724 368.877625
-0.960083 0.075052 -0.269456 350.450195 0.041033 0.990698 0.129744 -51.574261 0.276687 0.113508 -0.954232 368.079559
-0.959907 0.077397 -0.269421 350.221863 0.041677 0.989849 0.135868 -51.480885 0.277202 0.119191 -0.953390 367.276917
-0.959798 0.078547 -0.269477 349.994324 0.041503 0.989207 0.140515 -51.385406 0.277606 0.123682 -0.952699 366.473328
-0.959707 0.078596 -0.269785 349.767426 0.041124 0.989033 0.141847 -51.287388 0.277974 0.125037 -0.952415 365.670105
-0.959679 0.077758 -0.270127 349.540283 0.040787 0.989327 0.139881 -51.187363 0.278121 0.123224 -0.952609 364.867615
-0.959560 0.077248 -0.270699 349.311493 0.040840 0.989638 0.137646 -51.086941 0.278528 0.121025 -0.952772 364.063202
-0.959437 0.076069 -0.271469 349.083435 0.039955 0.989879 0.136168 -50.988758 0.279080 0.119798 -0.952765 363.258789
-0.959153 0.074526 -0.272892 348.856812 0.038470 0.990074 0.135177 -50.891491 0.280259 0.119157 -0.952500 362.453064
-0.958741 0.074308 -0.274397 348.628540 0.038145 0.990130 0.134856 -50.799068 0.281710 0.118826 -0.952113 361.652618
-0.958264 0.074791 -0.275927 348.399200 0.038576 0.990172 0.134425 -50.705708 0.283270 0.118170 -0.951732 360.856934
-0.957686 0.074529 -0.277998 348.169678 0.038214 0.990265 0.133842 -50.614677 0.285267 0.117555 -0.951212 360.063324
-0.956951 0.073081 -0.280898 347.937805 0.036753 0.990502 0.132491 -50.520596 0.287913 0.116464 -0.950548 359.271576
-0.955914 0.071533 -0.284801 347.706848 0.034967 0.990702 0.131472 -50.431839 0.291558 0.115717 -0.949528 358.485443
-0.954480 0.070877 -0.289732 347.470215 0.033444 0.990662 0.132174 -50.341831 0.296394 0.116467 -0.947937 357.701691
-0.952838 0.071159 -0.295019 347.227600 0.032563 0.990481 0.133739 -50.252155 0.301728 0.117824 -0.946085 356.921356
-0.951229 0.070440 -0.300336 346.982910 0.030970 0.990467 0.134213 -50.162800 0.306927 0.118366 -0.944343 356.146576
-0.949669 0.069313 -0.305490 346.736237 0.029252 0.990573 0.133822 -50.073368 0.311886 0.118150 -0.942744 355.376770
-0.948123 0.068762 -0.310377 346.486206 0.028338 0.990720 0.132927 -49.983379 0.316637 0.117235 -0.941273 354.613861
-0.946551 0.069176 -0.315049 346.233276 0.027977 0.990657 0.133465 -49.893883 0.321339 0.117517 -0.939644 353.853577
-0.945014 0.070060 -0.319437 345.977478 0.027646 0.990400 0.135435 -49.804253 0.325860 0.119157 -0.937879 353.094818
-0.943751 0.071411 -0.322853 345.720245 0.027704 0.990043 0.138003 -49.714615 0.329494 0.121297 -0.936334 352.342743
-0.942937 0.073383 -0.324786 345.456757 0.028776 0.989721 0.140080 -49.622169 0.331728 0.122740 -0.935356 351.587616
-0.942232 0.074793 -0.326506 345.200348 0.029763 0.989591 0.140799 -49.531925 0.333638 0.122947 -0.934649 350.842926
-0.941647 0.075643 -0.327994 344.942108 0.030713 0.989665 0.140066 -49.440151 0.335200 0.121818 -0.934238 350.103668
-0.941223 0.076327 -0.329050 344.684174 0.031889 0.989863 0.138395 -49.348667 0.336278 0.119768 -0.934115 349.367065
-0.941050 0.077004 -0.329386 344.428406 0.033173 0.990058 0.136685 -49.258671 0.336637 0.117701 -0.934249 348.631683
-0.941102 0.076905 -0.329258 344.174652 0.033477 0.990198 0.135597 -49.169987 0.336459 0.116588 -0.934452 347.892853
-0.941227 0.076369 -0.329029 343.924408 0.033188 0.990301 0.134916 -49.082203 0.336141 0.116066 -0.934632 347.158295
-0.941361 0.075853 -0.328765 343.673431 0.032980 0.990421 0.134081 -48.994179 0.335787 0.115375 -0.934844 346.420441
-0.941321 0.075189 -0.329032 343.421143 0.032299 0.990463 0.133933 -48.906216 0.335964 0.115447 -0.934773 345.680511
-0.940933 0.074460 -0.330305 343.167603 0.031297 0.990470 0.134127 -48.817867 0.337144 0.115867 -0.934296 344.940521
-0.940310 0.074296 -0.332109 342.910919 0.030968 0.990510 0.133906 -48.729729 0.338906 0.115627 -0.933688 344.199524
-0.939704 0.074372 -0.333802 342.650940 0.031021 0.990579 0.133376 -48.641083 0.340578 0.114979 -0.933159 343.457092
-0.939112 0.075160 -0.335291 342.386993 0.031904 0.990641 0.132709 -48.550724 0.342128 0.113931 -0.932720 342.711548
-0.938966 0.075615 -0.335597 342.111511 0.032543 0.990692 0.132170 -48.459686 0.342467 0.113182 -0.932687 341.958038
-0.938634 0.075476 -0.336556 341.842010 0.032642 0.990822 0.131168 -48.369572 0.343367 0.112132 -0.932482 341.200928
-0.938486 0.074672 -0.337148 341.565826 0.032134 0.990987 0.130040 -48.277306 0.343820 0.111207 -0.932427 340.433228
-0.938076 0.074312 -0.338367 341.289062 0.031996 0.991131 0.128969 -48.183151 0.344951 0.110156 -0.932135 339.657806
-0.937531 0.074253 -0.339887 341.014221 0.031992 0.991218 0.128307 -48.090649 0.346430 0.109419 -0.931673 338.879700
-0.937028 0.073710 -0.341386 340.740967 0.031341 0.991277 0.128012 -47.999298 0.347844 0.109251 -0.931164 338.098724
-0.936585 0.073326 -0.342685 340.462433 0.030893 0.991332 0.127689 -47.906929 0.349079 0.109005 -0.930732 337.309448
-0.936214 0.073786 -0.343595 340.169403 0.031073 0.991260 0.128206 -47.809673 0.350052 0.109351 -0.930325 336.505402
-0.935695 0.074617 -0.344830 339.878418 0.031671 0.991196 0.128548 -47.715313 0.351386 0.109360 -0.929821 335.699524
-0.935246 0.074614 -0.346047 339.582916 0.031452 0.991182 0.128715 -47.619137 0.352599 0.109496 -0.929345 334.883759
-0.934967 0.073312 -0.347076 339.285797 0.030228 0.991317 0.127965 -47.521488 0.353445 0.109152 -0.929065 334.061554
-0.934761 0.072831 -0.347732 338.984863 0.029435 0.991273 0.128495 -47.422112 0.354056 0.109876 -0.928747 333.231842
-0.934718 0.073743 -0.347655 338.681061 0.029537 0.990970 0.130789 -47.321529 0.354160 0.111982 -0.928455 332.397461
-0.934955 0.075265 -0.346691 338.376404 0.030044 0.990523 0.134018 -47.220364 0.353493 0.114885 -0.928355 331.556854
-0.935521 0.075487 -0.345111 338.073669 0.029998 0.990349 0.135309 -47.118427 0.351995 0.116231 -0.928757 330.712463
-0.936290 0.075251 -0.343072 337.772369 0.030556 0.990526 0.133878 -47.015720 0.349896 0.114865 -0.929719 329.865997
-0.937355 0.074839 -0.340244 337.472198 0.031542 0.990873 0.131055 -46.912071 0.346948 0.112113 -0.931159 329.015076
-0.938683 0.074724 -0.336585 337.166321 0.032180 0.990958 0.130257 -46.803974 0.343276 0.111438 -0.932600 328.155060
-0.939923 0.075756 -0.332876 336.868164 0.032912 0.990634 0.132517 -46.699413 0.339798 0.113601 -0.933612 327.292450
-0.940980 0.077617 -0.329444 336.578949 0.033872 0.990058 0.136516 -46.597580 0.336765 0.117301 -0.934254 326.424957
-0.942053 0.079464 -0.325917 336.291809 0.035070 0.989543 0.139903 -46.493282 0.333627 0.120366 -0.934989 325.552429
-0.943127 0.080044 -0.322651 336.001862 0.036093 0.989496 0.139976 -46.383968 0.330467 0.120370 -0.936110 324.677521
-0.944057 0.079967 -0.319941 335.713593 0.037165 0.989773 0.137723 -46.272602 0.327683 0.118128 -0.937374 323.799744
-0.944878 0.080215 -0.317443 335.426178 0.038434 0.989995 0.135767 -46.161366 0.325157 0.116083 -0.938508 322.917480
-0.945627 0.079709 -0.315334 335.140961 0.038348 0.990066 0.135269 -46.050346 0.322984 0.115821 -0.939290 322.029175
-0.946229 0.079353 -0.313614 334.856506 0.037656 0.989875 0.136852 -45.938969 0.321299 0.117684 -0.939637 321.135406
-0.946569 0.079534 -0.312542 334.570618 0.037466 0.989670 0.138378 -45.827450 0.320319 0.119274 -0.939771 320.236633
-0.946648 0.078099 -0.312665 334.284119 0.036085 0.989777 0.137978 -45.716427 0.320244 0.119334 -0.939789 319.334930
-0.946279 0.074721 -0.314600 333.998657 0.033766 0.990448 0.133682 -45.607040 0.321584 0.115877 -0.939764 318.433838
-0.945880 0.071545 -0.316530 333.688263 0.031643 0.991080 0.129459 -45.496304 0.322970 0.112436 -0.939706 317.532440
-0.944919 0.068658 -0.320023 333.376160 0.029023 0.991475 0.127021 -45.386753 0.326017 0.110736 -0.938856 316.626770
-0.943787 0.066768 -0.323738 333.071533 0.025885 0.991308 0.128989 -45.278950 0.329538 0.113358 -0.937312 315.710205
-0.942328 0.065757 -0.328166 332.772186 0.023907 0.991229 0.129973 -45.172291 0.333835 0.114632 -0.935635 314.786865
-0.940812 0.063864 -0.332858 332.480560 0.021771 0.991445 0.128692 -45.064243 0.338229 0.113829 -0.934153 313.858124
-0.939373 0.062127 -0.337222 332.165222 0.019300 0.991469 0.128902 -44.953373 0.342354 0.114579 -0.932558 312.929657
-0.937855 0.063013 -0.341258 331.835724 0.018667 0.991112 0.131708 -44.841644 0.346524 0.117153 -0.930696 311.996277
-0.936369 0.064596 -0.345021 331.499359 0.018883 0.990768 0.134248 -44.726902 0.350508 0.119190 -0.928944 311.060852
-0.934999 0.065334 -0.348580 331.158936 0.018863 0.990654 0.135082 -44.609684 0.354147 0.119726 -0.927493 310.123108
-0.933857 0.066796 -0.351355 330.812805 0.019772 0.990544 0.135766 -44.490807 0.357101 0.119838 -0.926346 309.182739
-0.932988 0.069621 -0.353110 330.460663 0.021928 0.990284 0.137316 -44.369839 0.359240 0.120371 -0.925449 308.236908
-0.932360 0.072270 -0.354236 330.105133 0.023672 0.989917 0.139655 -44.247387 0.360758 0.121823 -0.924669 307.284210
-0.931767 0.074245 -0.355384 329.747131 0.025404 0.989799 0.140182 -44.123623 0.362166 0.121589 -0.924148 306.326813
-0.931341 0.075448 -0.356245 329.384430 0.027263 0.990001 0.138397 -43.997612 0.363126 0.119182 -0.924086 305.364441
-0.931155 0.074935 -0.356841 329.020752 0.027703 0.990364 0.135688 -43.871796 0.363569 0.116461 -0.924258 304.396423
-0.931041 0.074254 -0.357281 328.660858 0.027831 0.990674 0.133371 -43.749813 0.363854 0.114230 -0.924425 303.424316
-0.931120 0.073769 -0.357174 328.295654 0.027895 0.990865 0.131932 -43.629261 0.363644 0.112882 -0.924673 302.443909
-0.931372 0.072800 -0.356716 327.931244 0.027288 0.991005 0.131003 -43.507458 0.363046 0.112279 -0.924981 301.457520
-0.931770 0.071523 -0.355932 327.565308 0.026367 0.991144 0.130143 -43.387951 0.362090 0.111878 -0.925405 300.463776
-0.932260 0.070265 -0.354900 327.198456 0.025881 0.991397 0.128300 -43.268948 0.360863 0.110424 -0.926058 299.464783
-0.932834 0.069224 -0.353593 326.831299 0.025527 0.991601 0.126787 -43.149746 0.359401 0.109244 -0.926766 298.460205
-0.933377 0.069616 -0.352081 326.462677 0.025693 0.991451 0.127926 -43.030468 0.357977 0.110357 -0.927185 297.449158
-0.934001 0.069840 -0.350378 326.093506 0.025311 0.991177 0.130102 -42.911694 0.356374 0.112647 -0.927528 296.431885
-0.934665 0.069166 -0.348736 325.726898 0.024840 0.991200 0.130016 -42.792114 0.354661 0.112859 -0.928158 295.414093
-0.935467 0.067363 -0.346936 325.364044 0.023608 0.991384 0.128835 -42.671913 0.352626 0.112330 -0.928997 294.396149
-0.936247 0.065704 -0.345143 325.004425 0.021877 0.991354 0.129379 -42.552673 0.350661 0.113580 -0.929589 293.376709
-0.937004 0.064872 -0.343241 324.646057 0.020207 0.991024 0.132142 -42.432934 0.348733 0.116881 -0.929905 292.353027
-0.937685 0.065894 -0.341183 324.288544 0.020011 0.990465 0.136298 -42.310539 0.346912 0.120977 -0.930063 291.329193
-0.938405 0.066719 -0.339033 323.932983 0.019979 0.990015 0.139530 -42.185844 0.344957 0.124162 -0.930369 290.305908
-0.938851 0.068921 -0.337355 323.576660 0.022193 0.989837 0.140460 -42.057484 0.343608 0.124383 -0.930839 289.284698
-0.939123 0.071070 -0.336149 323.220245 0.024976 0.989904 0.139516 -41.928116 0.342671 0.122627 -0.931417 288.264557
-0.939415 0.072609 -0.335003 322.858521 0.027851 0.990244 0.136531 -41.798901 0.341649 0.118929 -0.932271 287.247498
-0.939817 0.073712 -0.333634 322.501404 0.030233 0.990561 0.133692 -41.672901 0.340341 0.115559 -0.933174 286.228180
-0.940271 0.073705 -0.332351 322.158203 0.030921 0.990735 0.132235 -41.550816 0.339018 0.114060 -0.933840 285.204010
-0.940822 0.073694 -0.330790 321.805939 0.031002 0.990693 0.132538 -41.430363 0.337480 0.114439 -0.934350 284.179199
-0.941336 0.072372 -0.329619 321.467346 0.029901 0.990778 0.132147 -41.309834 0.336144 0.114539 -0.934820 283.154358
-0.941834 0.069918 -0.328724 321.131500 0.027997 0.991042 0.130579 -41.188484 0.334909 0.113780 -0.935355 282.127655
-0.942298 0.068359 -0.327722 320.792053 0.026689 0.991153 0.130006 -41.067669 0.333710 0.113757 -0.935786 281.099762
-0.942763 0.068567 -0.326337 320.451965 0.026749 0.991028 0.130951 -40.947636 0.332388 0.114726 -0.936138 280.072449
-0.943257 0.069269 -0.324758 320.110504 0.027496 0.990934 0.131500 -40.828053 0.330924 0.115109 -0.936610 279.041016
-0.943792 0.069752 -0.323098 319.771088 0.028431 0.990988 0.130894 -40.708252 0.329316 0.114351 -0.937270 278.012543
-0.944348 0.070375 -0.321333 319.433838 0.029191 0.990921 0.131235 -40.586910 0.327652 0.114551 -0.937828 276.980988
-0.944903 0.071250 -0.319502 319.098602 0.029529 0.990598 0.133581 -40.465137 0.326017 0.116786 -0.938122 275.946136
-0.945496 0.071970 -0.317583 318.764557 0.029966 0.990361 0.135222 -40.341988 0.324253 0.118334 -0.938539 274.911163
-0.945994 0.072768 -0.315911 318.430481 0.031078 0.990349 0.135062 -40.217213 0.322691 0.117950 -0.939126 273.876007
-0.946394 0.073861 -0.314458 318.097565 0.032479 0.990330 0.134869 -40.091801 0.321379 0.117426 -0.939641 272.841522
-0.946760 0.074929 -0.313097 317.765686 0.033455 0.990170 0.135805 -39.966003 0.320196 0.118100 -0.939961 271.803558
-0.947139 0.075867 -0.311723 317.435883 0.034296 0.990012 0.136747 -39.841072 0.318985 0.118827 -0.940281 270.766479
-0.947440 0.076786 -0.310583 317.106171 0.035548 0.990025 0.136329 -39.715847 0.317953 0.118122 -0.940719 269.728149
-0.947712 0.076591 -0.309799 316.780304 0.035870 0.990186 0.135074 -39.591320 0.317105 0.116898 -0.941159 268.692413
-0.947882 0.075787 -0.309475 316.456299 0.035532 0.990384 0.133707 -39.468884 0.316633 0.115742 -0.941459 267.658081
-0.948025 0.075189 -0.309184 316.132751 0.035169 0.990486 0.133039 -39.347469 0.316246 0.115250 -0.941650 266.625488
-0.948117 0.075199 -0.308902 315.811432 0.035066 0.990430 0.133483 -39.227398 0.315984 0.115725 -0.941680 265.599426
-0.948122 0.075618 -0.308783 315.493073 0.035174 0.990288 0.134510 -39.109413 0.315956 0.116670 -0.941572 264.583405
-0.948251 0.075124 -0.308507 315.180145 0.034647 0.990287 0.134651 -38.993999 0.315626 0.116993 -0.941643 263.584015
-0.948382 0.074595 -0.308230 314.872162 0.034393 0.990402 0.133867 -38.881557 0.315258 0.116355 -0.941846 262.601715
-0.948567 0.073496 -0.307925 314.570801 0.033599 0.990555 0.132927 -38.773067 0.314786 0.115744 -0.942079 261.638519
-0.948868 0.071677 -0.307427 314.276642 0.031961 0.990689 0.132337 -38.667385 0.314050 0.115743 -0.942324 260.692444
-0.949147 0.070687 -0.306794 313.991455 0.030701 0.990605 0.133261 -38.564838 0.313332 0.117065 -0.942400 259.768311
-0.949449 0.070365 -0.305933 313.713776 0.029675 0.990308 0.135678 -38.464714 0.312516 0.119741 -0.942335 258.867676
-0.949617 0.070782 -0.305316 313.444122 0.029061 0.989852 0.139096 -38.365501 0.312063 0.123215 -0.942037 257.988831
-0.949683 0.072589 -0.304686 313.180817 0.029791 0.989297 0.142838 -38.266846 0.311794 0.126574 -0.941681 257.134369
-0.949733 0.073317 -0.304357 312.923859 0.030002 0.989029 0.144635 -38.168156 0.311623 0.128233 -0.941514 256.299652
-0.949402 0.071864 -0.305729 312.667236 0.028573 0.989195 0.143793 -38.068180 0.312759 0.127783 -0.941198 255.479477
-0.948606 0.070882 -0.308418 312.414520 0.027787 0.989483 0.141947 -37.968979 0.315236 0.126081 -0.940601 254.666580
-0.947003 0.070959 -0.313289 312.157837 0.027471 0.989612 0.141108 -37.866405 0.320049 0.125023 -0.939115 253.845871
-0.945435 0.071007 -0.317977 311.895905 0.026981 0.989672 0.140780 -37.764381 0.324690 0.124519 -0.937588 253.030365
-0.943691 0.071881 -0.322926 311.617401 0.027178 0.989655 0.140871 -37.663769 0.329712 0.124162 -0.935881 252.221313
-0.942015 0.072706 -0.327599 311.336945 0.027678 0.989753 0.140076 -37.563763 0.334427 0.122886 -0.934375 251.419098
-0.940709 0.074182 -0.331005 311.060730 0.029123 0.989854 0.139073 -37.463970 0.337964 0.121187 -0.933324 250.623917
-0.940067 0.075589 -0.332507 310.789246 0.030601 0.989887 0.138519 -37.364990 0.339615 0.120042 -0.932872 249.831924
-0.940599 0.077155 -0.330636 310.499084 0.032957 0.989986 0.137265 -37.262783 0.337916 0.118214 -0.933723 249.033188
-0.941566 0.076714 -0.327974 310.219147 0.033833 0.990334 0.134511 -37.162212 0.335122 0.115555 -0.935061 248.235840
-0.942576 0.075942 -0.325245 309.951233 0.034537 0.990748 0.131243 -37.064682 0.332203 0.112473 -0.936477 247.441467
-0.944125 0.074902 -0.320963 309.684784 0.034954 0.991096 0.128474 -36.971790 0.327729 0.110077 -0.938336 246.651413
-0.945214 0.074472 -0.317843 309.425537 0.035532 0.991315 0.126609 -36.882648 0.324512 0.108378 -0.939652 245.859604
-0.946230 0.073728 -0.314980 309.177277 0.034945 0.991280 0.127054 -36.794479 0.321601 0.109215 -0.940555 245.056808
-0.947126 0.071872 -0.312708 308.930878 0.033314 0.991349 0.126950 -36.700359 0.319127 0.109820 -0.941327 244.240463
-0.947795 0.071448 -0.310772 308.683807 0.032953 0.991303 0.127403 -36.607815 0.317173 0.110511 -0.941907 243.423950
-0.948093 0.071390 -0.309875 308.433685 0.032775 0.991221 0.128086 -36.517418 0.316299 0.111281 -0.942110 242.607208
-0.947772 0.070043 -0.311163 308.174713 0.030957 0.991183 0.128831 -36.426479 0.317443 0.112469 -0.941583 241.781754
-0.947084 0.068698 -0.313547 307.913574 0.029195 0.991215 0.128994 -36.331184 0.319655 0.113014 -0.940770 240.951889
-0.946266 0.067752 -0.316211 307.648010 0.028004 0.991301 0.128599 -36.236210 0.322173 0.112834 -0.939932 240.120529
-0.945594 0.066929 -0.318391 307.379578 0.027363 0.991504 0.127162 -36.141407 0.324198 0.111532 -0.939391 239.289948
-0.944913 0.068850 -0.319999 307.105164 0.029501 0.991561 0.126235 -36.044518 0.325990 0.109840 -0.938970 238.459641
-0.944556 0.069043 -0.321011 306.824005 0.029402 0.991500 0.126740 -35.941967 0.327033 0.110274 -0.938557 237.616226
-0.944054 0.069638 -0.322353 306.541229 0.029626 0.991407 0.127413 -35.841709 0.328456 0.110735 -0.938005 236.773087
-0.943503 0.071554 -0.323546 306.257080 0.031412 0.991322 0.127638 -35.742702 0.329872 0.110264 -0.937564 235.928604
-0.943168 0.072112 -0.324397 305.974548 0.031881 0.991303 0.127672 -35.645573 0.330783 0.110074 -0.937265 235.079788
-0.943072 0.072056 -0.324689 305.692261 0.031910 0.991348 0.127318 -35.549309 0.331054 0.109708 -0.937212 234.227203
-0.943296 0.071737 -0.324108 305.400269 0.031773 0.991398 0.126963 -35.448624 0.330428 0.109466 -0.937462 233.356598
-0.943564 0.071505 -0.323381 305.110382 0.031667 0.991419 0.126827 -35.347492 0.329675 0.109428 -0.937730 232.484360
-0.943907 0.071496 -0.322378 304.812439 0.031574 0.991347 0.127415 -35.244461 0.328698 0.110090 -0.937997 231.600662
-0.944066 0.071536 -0.321901 304.515076 0.031366 0.991239 0.128300 -35.140766 0.328259 0.111027 -0.938040 230.711090
-0.944107 0.071315 -0.321832 304.221405 0.030613 0.991066 0.129813 -35.035713 0.328214 0.112705 -0.937855 229.820374
-0.943908 0.071607 -0.322350 303.927917 0.030253 0.990851 0.131524 -34.929741 0.328819 0.114396 -0.937438 228.926025
-0.943608 0.071858 -0.323174 303.637146 0.030242 0.990787 0.132005 -34.823238 0.329682 0.114788 -0.937087 228.031479
-0.943229 0.071678 -0.324317 303.331909 0.030118 0.990870 0.131406 -34.712635 0.330776 0.114178 -0.936776 227.121811
-0.942539 0.071045 -0.326454 303.023346 0.029227 0.990916 0.131266 -34.600250 0.332815 0.114182 -0.936053 226.206009
-0.941422 0.070493 -0.329781 302.708954 0.028017 0.990876 0.131831 -34.487888 0.336065 0.114870 -0.934807 225.283722
-0.940155 0.070713 -0.333327 302.388245 0.027560 0.990804 0.132461 -34.374718 0.339629 0.115348 -0.933460 224.358154
-0.939003 0.071704 -0.336350 302.061615 0.028052 0.990732 0.132897 -34.259830 0.342762 0.115355 -0.932312 223.428711
-0.938024 0.073125 -0.338769 301.729340 0.029005 0.990621 0.133522 -34.144413 0.345356 0.115421 -0.931347 222.493515
-0.937469 0.073958 -0.340122 301.381897 0.029955 0.990682 0.132859 -34.018375 0.346779 0.114363 -0.930948 221.545395
-0.936953 0.074782 -0.341362 301.032379 0.030623 0.990646 0.132972 -33.890942 0.348113 0.114136 -0.930478 220.592499
-0.937022 0.075768 -0.340954 300.657593 0.031710 0.990609 0.132992 -33.760498 0.347830 0.113805 -0.930625 219.630417
-0.936643 0.076905 -0.341737 300.276398 0.032618 0.990510 0.133511 -33.631100 0.348761 0.113905 -0.930264 218.666534
-0.936227 0.077884 -0.342657 299.930542 0.033365 0.990425 0.133959 -33.504856 0.349810 0.113984 -0.929861 217.679428
-0.936735 0.078746 -0.341069 299.573120 0.034449 0.990375 0.134049 -33.377426 0.348343 0.113819 -0.930431 216.707550
-0.936705 0.080125 -0.340826 299.241241 0.035445 0.990161 0.135365 -33.258453 0.348320 0.114717 -0.930330 215.746933
-0.936874 0.080191 -0.340347 298.889832 0.035563 0.990152 0.135406 -33.131756 0.347854 0.114755 -0.930499 214.772156
-0.937024 0.079872 -0.340010 298.539429 0.035513 0.990242 0.134752 -33.006947 0.347456 0.114191 -0.930717 213.793808
-0.937215 0.079680 -0.339528 298.191071 0.035818 0.990394 0.133555 -32.884670 0.346908 0.113008 -0.931066 212.808701
-0.937436 0.079778 -0.338894 297.845245 0.036504 0.990549 0.132208 -32.764954 0.346239 0.111566 -0.931489 211.820602
-0.937659 0.080534 -0.338095 297.503723 0.037723 0.990618 0.131347 -32.650814 0.345502 0.110405 -0.931901 210.827362
-0.938048 0.080587 -0.337003 297.149353 0.038173 0.990692 0.130654 -32.528248 0.344396 0.109696 -0.932394 209.823090
-0.938452 0.080556 -0.335885 296.794312 0.038715 0.990827 0.129463 -32.406841 0.343234 0.108491 -0.932962 208.813248
-0.938954 0.079988 -0.334613 296.439178 0.038965 0.991063 0.127573 -32.285969 0.341827 0.106747 -0.933680 207.798050
-0.939524 0.078408 -0.333389 296.085297 0.038190 0.991354 0.125533 -32.166248 0.340350 0.105208 -0.934394 206.776642
-0.940089 0.076820 -0.332161 295.731812 0.037383 0.991635 0.123540 -32.048542 0.338873 0.103722 -0.935097 205.751160
-0.940678 0.074982 -0.330911 295.377716 0.036296 0.991916 0.121586 -31.932055 0.337354 0.102362 -0.935795 204.718750
-0.941287 0.073161 -0.329584 295.023621 0.034967 0.992112 0.120370 -31.816793 0.335791 0.101778 -0.936421 203.680542
-0.941911 0.073375 -0.327748 294.656952 0.035101 0.992005 0.121212 -31.699450 0.334021 0.102666 -0.936957 202.629913
-0.942288 0.074115 -0.326497 294.292999 0.035077 0.991677 0.123879 -31.581408 0.332960 0.105277 -0.937045 201.575699
-0.942573 0.075389 -0.325382 293.935272 0.034639 0.991004 0.129269 -31.460917 0.332202 0.110574 -0.936704 200.520432
-0.942746 0.076323 -0.324660 293.579987 0.034520 0.990564 0.132631 -31.336195 0.331720 0.113829 -0.936485 199.463501
-0.942932 0.076147 -0.324160 293.225494 0.034358 0.990554 0.132744 -31.206863 0.331207 0.114031 -0.936642 198.405563
-0.943163 0.075286 -0.323690 292.869690 0.033435 0.990555 0.132969 -31.075029 0.330645 0.114589 -0.936772 197.341965
-0.943377 0.075220 -0.323081 292.512024 0.032773 0.990321 0.134871 -30.942413 0.330098 0.116645 -0.936712 196.273972
-0.943547 0.076003 -0.322402 292.151825 0.032747 0.989955 0.137535 -30.808779 0.329617 0.119214 -0.936558 195.201706
-0.943567 0.077442 -0.322001 291.790222 0.033625 0.989653 0.139482 -30.673687 0.329471 0.120783 -0.936407 194.130249
-0.943490 0.078166 -0.322051 291.427979 0.034219 0.989568 0.139934 -30.537163 0.329630 0.121006 -0.936323 193.059219
-0.943372 0.077928 -0.322452 291.065399 0.034432 0.989767 0.138469 -30.401138 0.329944 0.119525 -0.936403 191.988525
-0.943261 0.076734 -0.323066 290.702850 0.034232 0.990219 0.135248 -30.267179 0.330284 0.116514 -0.936662 190.920990
-0.943138 0.074810 -0.323872 290.339966 0.033284 0.990701 0.131916 -30.136312 0.330730 0.113636 -0.936859 189.852890
-0.942959 0.073713 -0.324646 289.976776 0.032556 0.990921 0.130439 -30.008818 0.331314 0.112429 -0.936798 188.786942
-0.942738 0.073837 -0.325261 289.612396 0.032383 0.990843 0.131071 -29.883562 0.331960 0.113032 -0.936496 187.721558
-0.942478 0.074414 -0.325880 289.247833 0.032676 0.990746 0.131732 -29.759903 0.332668 0.113505 -0.936188 186.660873
-0.942196 0.074599 -0.326654 288.883575 0.033199 0.990887 0.130533 -29.637064 0.333414 0.112142 -0.936086 185.605408
-0.941987 0.073868 -0.327419 288.520905 0.033065 0.991160 0.128484 -29.515196 0.334015 0.110205 -0.936103 184.554474
-0.941847 0.073255 -0.327960 288.159058 0.032734 0.991308 0.127419 -29.394670 0.334444 0.109273 -0.936059 183.504974
-0.941824 0.073048 -0.328071 287.798096 0.032345 0.991263 0.127861 -29.275692 0.334546 0.109811 -0.935960 182.458450
-0.941908 0.073354 -0.327764 287.438019 0.032182 0.991080 0.129322 -29.157227 0.334326 0.111261 -0.935867 181.415329
-0.942007 0.074238 -0.327279 287.077972 0.032740 0.990902 0.130537 -29.038252 0.333992 0.112252 -0.935867 180.373825
-0.942139 0.074905 -0.326747 286.719849 0.033357 0.990826 0.130960 -28.918875 0.333559 0.112483 -0.935994 179.338730
-0.942288 0.074905 -0.326319 286.364319 0.033599 0.990887 0.130434 -28.799906 0.333115 0.111942 -0.936217 178.308487
-0.942438 0.074292 -0.326024 286.010895 0.033572 0.991101 0.128802 -28.682079 0.332692 0.110442 -0.936546 177.283463
-0.942529 0.073894 -0.325848 285.658905 0.033772 0.991311 0.127121 -28.565744 0.332411 0.108811 -0.936836 176.262756
-0.942526 0.074105 -0.325813 285.307404 0.033881 0.991265 0.127451 -28.447477 0.332413 0.109087 -0.936804 175.233917
-0.942563 0.074723 -0.325563 284.957458 0.034106 0.991092 0.128733 -28.331856 0.332282 0.110236 -0.936716 174.213104
-0.942495 0.075579 -0.325563 284.607605 0.034806 0.990994 0.129299 -28.221527 0.332404 0.110531 -0.936637 173.220413
-0.942380 0.075221 -0.325976 284.260895 0.034427 0.991025 0.129161 -28.108816 0.332767 0.110497 -0.936512 172.216507
-0.942242 0.074593 -0.326521 283.909760 0.033993 0.991147 0.128334 -27.992666 0.333204 0.109823 -0.936436 171.213577
-0.942013 0.073487 -0.327431 283.562866 0.032917 0.991256 0.127775 -27.877161 0.333958 0.109587 -0.936196 170.219788
-0.941706 0.072754 -0.328477 283.222626 0.031521 0.991122 0.129158 -27.764399 0.334958 0.111275 -0.935639 169.227493
-0.940967 0.071602 -0.330840 282.909119 0.029522 0.991006 0.130517 -27.646189 0.337211 0.113044 -0.934617 168.235855
-0.940491 0.072027 -0.332098 282.601044 0.029157 0.990778 0.132317 -27.525766 0.338566 0.114760 -0.933917 167.251389
-0.939976 0.072809 -0.333383 282.282379 0.028983 0.990476 0.134599 -27.406816 0.340008 0.116857 -0.933133 166.275436
-0.939539 0.073024 -0.334565 281.954132 0.028504 0.990284 0.136100 -27.289022 0.341254 0.118334 -0.932492 165.307068
-0.939071 0.073373 -0.335802 281.616425 0.028520 0.990214 0.136607 -27.172132 0.342538 0.118706 -0.931974 164.344788
-0.938610 0.073666 -0.337022 281.272247 0.028589 0.990183 0.136816 -27.055319 0.343792 0.118782 -0.931503 163.389511
-0.938213 0.073894 -0.338078 280.926117 0.027975 0.989934 0.138737 -26.937708 0.344927 0.120707 -0.930835 162.438980
-0.937862 0.075716 -0.338649 280.576843 0.028835 0.989534 0.141389 -26.818975 0.345810 0.122838 -0.930228 161.492065
-0.937763 0.077397 -0.338542 280.228271 0.030209 0.989333 0.142503 -26.699720 0.345961 0.123407 -0.930097 160.552643
-0.937924 0.077623 -0.338042 279.883575 0.031023 0.989502 0.141143 -26.580868 0.345450 0.121895 -0.930486 159.619034
-0.938396 0.076467 -0.336994 279.538574 0.030850 0.989853 0.138708 -26.457710 0.344182 0.119766 -0.931233 158.674377
-0.938802 0.075702 -0.336035 279.195679 0.030747 0.990073 0.137145 -26.335430 0.343082 0.118420 -0.931811 157.730957
-0.939237 0.075281 -0.334914 278.859528 0.030379 0.990056 0.137348 -26.216379 0.341924 0.118828 -0.932184 156.794754
-0.939684 0.074653 -0.333797 278.528595 0.029720 0.990021 0.137754 -26.100574 0.340750 0.119524 -0.932525 155.864471
-0.940088 0.074756 -0.332636 278.201202 0.030332 0.990134 0.136799 -25.987423 0.339581 0.118513 -0.933080 154.942078
-0.940447 0.075636 -0.331420 277.875977 0.031851 0.990249 0.135613 -25.874332 0.338446 0.116980 -0.933686 154.024612
-0.940752 0.077148 -0.330201 277.553589 0.033232 0.990063 0.136642 -25.761652 0.337462 0.117573 -0.933967 153.111038
-0.941081 0.078563 -0.328930 277.234375 0.034096 0.989726 0.138845 -25.649649 0.336459 0.119448 -0.934092 152.200607
-0.941418 0.079320 -0.327783 276.918060 0.034692 0.989566 0.139831 -25.537973 0.335454 0.120268 -0.934347 151.294632
-0.941642 0.079526 -0.327085 276.604736 0.035149 0.989608 0.139422 -25.426371 0.334774 0.119789 -0.934653 150.394211
-0.941780 0.078948 -0.326828 276.294464 0.035060 0.989801 0.138069 -25.315643 0.334396 0.118572 -0.934944 149.498627
-0.942062 0.077788 -0.326292 275.979889 0.034322 0.989986 0.136925 -25.201097 0.333677 0.117793 -0.935299 148.591873
-0.942245 0.077028 -0.325946 275.665710 0.033686 0.990053 0.136594 -25.086962 0.333226 0.117725 -0.935468 147.686447
-0.942417 0.076634 -0.325541 275.354736 0.033097 0.989985 0.137237 -24.975311 0.332799 0.118560 -0.935514 146.788300
-0.942512 0.076773 -0.325235 275.046478 0.033056 0.989897 0.137876 -24.865711 0.332535 0.119198 -0.935527 145.898453
-0.942599 0.077489 -0.324811 274.739960 0.033682 0.989804 0.138389 -24.756384 0.332225 0.119505 -0.935598 145.014389
-0.942863 0.078845 -0.323718 274.424194 0.034908 0.989625 0.139364 -24.644497 0.331348 0.120102 -0.935833 144.122437
-0.942990 0.080050 -0.323050 274.118805 0.036088 0.989513 0.139855 -24.533644 0.330858 0.120223 -0.935990 143.234329
-0.943149 0.081368 -0.322257 273.820068 0.037697 0.989501 0.139517 -24.423920 0.330226 0.119437 -0.936314 142.354599
-0.943400 0.082242 -0.321296 273.523224 0.039198 0.989625 0.138222 -24.314894 0.329331 0.117804 -0.936837 141.483353
-0.943781 0.082443 -0.320128 273.229309 0.039886 0.989726 0.137298 -24.207108 0.328159 0.116810 -0.937372 140.616333
-0.944335 0.082826 -0.318389 272.938416 0.040763 0.989788 0.136586 -24.101324 0.326450 0.116005 -0.938069 139.754883
-0.945288 0.084013 -0.315232 272.650787 0.042640 0.989799 0.135933 -23.997112 0.323436 0.115054 -0.939229 138.897385
-0.947278 0.085171 -0.308887 272.367157 0.045107 0.989871 0.134612 -23.892128 0.317224 0.113582 -0.941524 138.033997
-0.950245 0.086938 -0.299124 272.078705 0.048780 0.989947 0.132760 -23.784037 0.307660 0.111564 -0.944933 137.173279
-0.953062 0.089826 -0.289142 271.796112 0.053755 0.990006 0.130374 -23.677862 0.297964 0.108712 -0.948366 136.318878
-0.956355 0.090551 -0.277821 271.568298 0.056657 0.990192 0.127707 -23.590309 0.286662 0.106393 -0.952106 135.482910
-0.960696 0.090787 -0.262337 271.376587 0.059614 0.990433 0.124450 -23.509832 0.271126 0.103920 -0.956917 134.648926
-0.965683 0.092374 -0.242740 271.178345 0.064127 0.990479 0.121813 -23.422424 0.251682 0.102066 -0.962412 133.805038
-0.970919 0.094496 -0.219968 270.993500 0.068918 0.990232 0.121201 -23.334425 0.229273 0.102516 -0.967948 132.953583
-0.976213 0.095247 -0.194773 270.832092 0.072297 0.989924 0.121745 -23.248564 0.204406 0.104767 -0.973263 132.099731
-0.981243 0.094939 -0.167776 270.696716 0.075067 0.989801 0.121065 -23.164724 0.177559 0.106200 -0.978362 131.245087
-0.985655 0.094900 -0.139560 270.586945 0.078391 0.989748 0.119390 -23.081842 0.149459 0.106738 -0.982989 130.392273
-0.989334 0.094997 -0.110430 270.503998 0.081992 0.989754 0.116890 -23.000460 0.120403 0.106589 -0.986986 129.540207
-0.992241 0.094420 -0.080886 270.449127 0.084913 0.989862 0.113849 -22.922266 0.090816 0.106097 -0.990200 128.689667
-0.994255 0.094075 -0.051060 270.420715 0.087947 0.989887 0.111300 -22.845858 0.061015 0.106169 -0.992473 127.840698
-0.995402 0.093450 -0.020986 270.418762 0.090633 0.989886 0.109133 -22.771658 0.030973 0.106729 -0.993805 126.994553
-0.995651 0.092711 0.009116 270.442596 0.093154 0.989781 0.107957 -22.700121 0.000986 0.108336 -0.994113 126.150024
-0.995001 0.091909 0.039046 270.492126 0.095624 0.989612 0.107342 -22.629992 -0.028774 0.110538 -0.993455 125.311317
-0.993531 0.090497 0.068601 270.567810 0.097540 0.989419 0.107399 -22.560951 -0.058156 0.113396 -0.991846 124.478424
-0.991328 0.088991 0.096692 270.667603 0.099291 0.989231 0.107524 -22.493498 -0.086081 0.116191 -0.989489 123.650810
-0.988686 0.086969 0.122216 270.820007 0.100203 0.989232 0.106669 -22.429831 -0.111623 0.117708 -0.986755 122.834824
-0.985925 0.084043 0.144532 270.961548 0.099817 0.989387 0.105584 -22.363806 -0.134125 0.118525 -0.983851 122.027122
-0.983172 0.081478 0.163506 271.117554 0.099356 0.989570 0.104304 -22.299091 -0.153302 0.118795 -0.981012 121.231911
-0.980476 0.080074 0.179596 271.283051 0.099763 0.989623 0.103403 -22.237120 -0.169452 0.119301 -0.978291 120.448120
-0.978023 0.079209 0.192865 271.455322 0.100223 0.989749 0.101741 -22.177204 -0.182828 0.118835 -0.975936 119.676620
-0.976031 0.078018 0.203168 271.635315 0.099836 0.990022 0.099439 -22.119240 -0.193383 0.117339 -0.974081 118.922340
-0.974691 0.075817 0.210308 271.817230 0.098187 0.990326 0.098037 -22.062963 -0.200841 0.116206 -0.972707 118.178909
-0.973951 0.074030 0.214333 271.997955 0.096771 0.990507 0.097618 -22.007658 -0.205072 0.115816 -0.971870 117.443413
-0.973850 0.072484 0.215320 272.176086 0.095497 0.990548 0.098462 -21.953600 -0.206147 0.116450 -0.971567 116.716492
-0.974602 0.069877 0.212761 272.351837 0.092710 0.990729 0.099293 -21.900660 -0.203851 0.116497 -0.972046 115.998413
-0.976243 0.067067 0.206040 272.519073 0.089191 0.990978 0.100028 -21.847038 -0.197472 0.116028 -0.973418 115.288925
-0.978847 0.063751 0.194409 272.673401 0.084563 0.991317 0.100691 -21.792624 -0.186301 0.115000 -0.975738 114.588707
-0.982326 0.060468 0.177138 272.811432 0.079346 0.991666 0.101501 -21.738852 -0.169524 0.113762 -0.978937 113.900948
-0.986363 0.057186 0.154330 272.929565 0.073661 0.991925 0.103238 -21.685232 -0.147179 0.113198 -0.982611 113.221825
-0.990405 0.054672 0.126923 273.021545 0.068228 0.992124 0.105035 -21.631392 -0.120181 0.112687 -0.986336 112.551765
-0.993850 0.054005 0.096673 273.088928 0.064254 0.992261 0.106245 -21.577326 -0.090187 0.111803 -0.989629 111.890686
-0.996516 0.053520 0.063967 273.126801 0.060195 0.992387 0.107436 -21.522390 -0.057729 0.110912 -0.992152 111.233971
-0.998255 0.051821 0.028338 273.143951 0.054615 0.992563 0.108792 -21.466879 -0.022489 0.110150 -0.993660 110.583130
-0.998688 0.050141 -0.010453 273.139709 0.048647 0.992428 0.112782 -21.402098 0.016029 0.112126 -0.993564 109.907181
-0.997524 0.049453 -0.050009 273.096558 0.043271 0.992078 0.117932 -21.335402 0.055446 0.115476 -0.991761 109.229256
-0.994722 0.048952 -0.090174 273.025024 0.037704 0.991754 0.122480 -21.270514 0.095427 0.118433 -0.988365 108.567780
-0.990070 0.048292 -0.132014 272.932404 0.031574 0.991537 0.125925 -21.207342 0.136978 0.120506 -0.983216 107.919777
-0.983280 0.046675 -0.176018 272.818024 0.024450 0.991678 0.126388 -21.144918 0.180453 0.119971 -0.976239 107.287003
-0.974084 0.045472 -0.221566 272.678741 0.017747 0.991928 0.125552 -21.080185 0.225487 0.118366 -0.967028 106.667381
-0.962363 0.046110 -0.267828 272.512665 0.012950 0.992161 0.124283 -21.014807 0.271459 0.116137 -0.955417 106.061920
-0.948089 0.050593 -0.313956 272.289886 0.011889 0.992212 0.123992 -20.951748 0.317784 0.113822 -0.941306 105.504265
-0.931679 0.054134 -0.359228 272.056580 0.009231 0.992043 0.125556 -20.889025 0.363167 0.113661 -0.924764 104.936150
-0.913197 0.055181 -0.403765 271.804413 0.004290 0.992036 0.125880 -20.826040 0.407496 0.113221 -0.906160 104.383392
-0.892804 0.054371 -0.447152 271.532898 -0.002399 0.992100 0.125425 -20.764879 0.450439 0.113052 -0.885620 103.845375
-0.870423 0.054141 -0.489319 271.239380 -0.008642 0.992100 0.125148 -20.704741 0.492229 0.113161 -0.863079 103.323174
-0.845676 0.054219 -0.530935 270.924469 -0.014538 0.992116 0.124472 -20.644342 0.533498 0.112981 -0.838221 102.818115
-0.818134 0.055185 -0.572375 270.542053 -0.019450 0.992158 0.123460 -20.582689 0.574700 0.112139 -0.810644 102.358833
-0.787909 0.056004 -0.613240 270.123871 -0.025008 0.992124 0.122736 -20.522581 0.615284 0.112040 -0.780302 101.922165
-0.755442 0.056052 -0.652814 269.717896 -0.031250 0.992117 0.121350 -20.465963 0.654470 0.112072 -0.747735 101.488678
-0.721140 0.055342 -0.690575 269.295898 -0.037619 0.992205 0.118799 -20.411333 0.691766 0.111649 -0.713437 101.075661
-0.685472 0.055993 -0.725942 268.856995 -0.042303 0.992291 0.116484 -20.356457 0.726869 0.110557 -0.677819 100.683807
-0.649103 0.058787 -0.758426 268.406311 -0.044470 0.992371 0.114980 -20.301840 0.759399 0.108361 -0.641536 100.318542
-0.612132 0.062539 -0.788279 267.950745 -0.046103 0.992349 0.114531 -20.250477 0.789410 0.106450 -0.604565 99.980927
-0.575050 0.065827 -0.815466 267.496521 -0.048864 0.992214 0.114555 -20.203367 0.816658 0.105722 -0.567356 99.670341
-0.537639 0.068842 -0.840360 267.046875 -0.051554 0.992112 0.114257 -20.159361 0.841597 0.104754 -0.529848 99.388565
-0.499685 0.070924 -0.863299 266.605591 -0.054134 0.992136 0.112843 -20.118343 0.864514 0.103119 -0.491915 99.136627
-0.461641 0.071153 -0.884208 266.181549 -0.057485 0.992282 0.109864 -20.067524 0.885202 0.101546 -0.453988 98.932716
-0.423651 0.072306 -0.902935 265.761780 -0.060583 0.992314 0.107890 -20.016838 0.903797 0.100410 -0.416014 98.763908
-0.385320 0.073167 -0.919878 265.355225 -0.065289 0.992191 0.106269 -19.972273 0.920470 0.101006 -0.377534 98.614288
-0.346099 0.073500 -0.935315 264.961395 -0.071922 0.991914 0.104563 -19.933191 0.935437 0.103458 -0.338014 98.481308
-0.305991 0.074505 -0.949114 264.579163 -0.077212 0.991706 0.102743 -19.898335 0.948897 0.104723 -0.297700 98.368103
-0.264924 0.075387 -0.961318 264.207733 -0.080811 0.991696 0.100039 -19.867353 0.960877 0.104187 -0.256632 98.276688
-0.222195 0.074945 -0.972117 263.843414 -0.084108 0.991851 0.095692 -19.839521 0.971368 0.103026 -0.214080 98.203407
-0.177596 0.074104 -0.981310 263.481812 -0.089121 0.991852 0.091031 -19.813997 0.980059 0.103622 -0.169544 98.144356
-0.130555 0.073746 -0.988694 263.123108 -0.096000 0.991603 0.086642 -19.789764 0.986782 0.106226 -0.122379 98.100632
-0.080030 0.075270 -0.993946 262.791321 -0.102887 0.991195 0.083346 -19.819178 0.991468 0.108934 -0.071580 98.196518
-0.026052 0.077441 -0.996656 262.448242 -0.108705 0.990863 0.079834 -19.806311 0.993732 0.110421 -0.017396 98.227242
0.030408 0.079466 -0.996373 262.110779 -0.113228 0.990691 0.075558 -19.795259 0.993103 0.110521 0.039124 98.279648
0.088480 0.080713 -0.992802 261.781006 -0.116498 0.990709 0.070162 -19.786802 0.989241 0.109452 0.097061 98.350357
0.147303 0.081268 -0.985748 261.459900 -0.118663 0.990872 0.063959 -19.781023 0.981947 0.107550 0.155602 98.438828
0.205746 0.081554 -0.975202 261.148407 -0.120287 0.991072 0.057504 -19.777460 0.971185 0.105474 0.213719 98.544144
0.262971 0.081565 -0.961349 260.845367 -0.123102 0.991112 0.050418 -19.776493 0.956917 0.105086 0.270675 98.663010
0.318912 0.081699 -0.944257 260.549255 -0.128600 0.990794 0.042293 -19.777584 0.939019 0.107943 0.326482 98.786873
0.374822 0.081922 -0.923470 260.260254 -0.134358 0.990372 0.033323 -19.780180 0.917309 0.111585 0.382221 98.925529
0.430190 0.081869 -0.899018 259.977661 -0.138825 0.990032 0.023729 -19.783945 0.891999 0.114598 0.437267 99.084412
0.484463 0.081005 -0.871053 259.701294 -0.140453 0.989989 0.013948 -19.789925 0.863462 0.115585 0.490991 99.263733
0.537252 0.079346 -0.839681 259.431458 -0.139143 0.990262 0.004548 -19.798622 0.831864 0.114392 0.543061 99.464050
0.587297 0.077731 -0.805630 259.167419 -0.135763 0.990735 -0.003377 -19.809206 0.797904 0.111358 0.592410 99.684204
0.633772 0.077527 -0.769624 258.906403 -0.132831 0.991092 -0.009547 -19.821302 0.762029 0.108280 0.638425 99.921013
0.676409 0.080236 -0.732143 258.646027 -0.132781 0.991045 -0.014062 -19.835348 0.724458 0.106726 0.681006 100.171921
0.714989 0.083769 -0.694099 258.387939 -0.133193 0.990933 -0.017607 -19.849657 0.686331 0.105039 0.719665 100.438927
0.749322 0.084715 -0.656765 258.137299 -0.130539 0.991219 -0.021079 -19.865644 0.649211 0.101529 0.753801 100.724068
0.779626 0.087081 -0.620161 257.889282 -0.128977 0.991381 -0.022932 -19.885590 0.612819 0.097866 0.784139 101.024559
0.804937 0.092990 -0.586029 257.645660 -0.132669 0.990845 -0.025000 -19.912046 0.578338 0.097871 0.809905 101.384537
0.828003 0.101321 -0.551494 257.400513 -0.139207 0.989891 -0.027139 -19.930552 0.543168 0.099243 0.833737 101.768784
0.849259 0.106396 -0.517145 257.165619 -0.141302 0.989556 -0.028457 -19.949793 0.508717 0.097241 0.855424 102.180237
0.868550 0.105705 -0.484197 256.947693 -0.137211 0.990087 -0.029982 -19.971815 0.476227 0.092478 0.874445 102.615089
0.885477 0.100179 -0.453756 256.744598 -0.128948 0.991107 -0.032816 -19.996254 0.446433 0.087568 0.890522 103.064072
0.899615 0.099477 -0.425203 256.533691 -0.127212 0.991175 -0.037254 -20.021036 0.417745 0.087605 0.904331 103.522690
0.911441 0.104722 -0.397878 256.312592 -0.131330 0.990525 -0.040135 -20.049793 0.389906 0.088834 0.916559 103.990707
0.919754 0.110125 -0.376730 256.096008 -0.137513 0.989408 -0.046499 -20.079992 0.367618 0.094572 0.925156 104.480553
0.927060 0.113171 -0.357423 255.888107 -0.141126 0.988570 -0.053031 -20.111254 0.347336 0.099604 0.932436 104.986626
0.933765 0.110886 -0.340276 255.684921 -0.138092 0.988793 -0.056721 -20.154606 0.330174 0.099954 0.938613 105.498795
0.938821 0.108702 -0.326802 255.483185 -0.134448 0.989269 -0.057182 -20.194906 0.317080 0.097622 0.943361 106.037766
0.942444 0.110780 -0.315480 255.275162 -0.135125 0.989228 -0.056294 -20.236460 0.305846 0.095683 0.947261 106.593063
0.945204 0.114986 -0.305562 255.059311 -0.138104 0.988885 -0.055070 -20.281761 0.295833 0.094251 0.950578 107.165039
0.947117 0.119811 -0.297682 254.846603 -0.142389 0.988266 -0.055266 -20.328781 0.287567 0.094730 0.953064 107.752281
0.948800 0.122226 -0.291272 254.635117 -0.145541 0.987550 -0.059682 -20.377674 0.280351 0.099019 0.954776 108.352219
0.950095 0.124035 -0.286244 254.430634 -0.149111 0.986517 -0.067446 -20.423649 0.274019 0.106763 0.955780 108.964912
0.951054 0.123446 -0.283296 254.235870 -0.149695 0.986043 -0.072870 -20.473963 0.270346 0.111710 0.956259 109.591194
0.951877 0.122178 -0.281074 254.031525 -0.149291 0.985783 -0.077082 -20.521847 0.267659 0.115334 0.956585 110.238739
0.952124 0.125048 -0.278967 253.811646 -0.152369 0.985208 -0.078413 -20.573549 0.265034 0.117164 0.957094 110.900139
0.951717 0.131593 -0.277340 253.584457 -0.159071 0.984107 -0.078920 -20.635019 0.262547 0.119225 0.957524 111.573235
0.951151 0.137078 -0.276622 253.364395 -0.164502 0.983258 -0.078380 -20.698061 0.261246 0.120055 0.957776 112.258263
0.950904 0.140906 -0.275551 253.145844 -0.168153 0.982687 -0.077770 -20.762911 0.259822 0.120285 0.958135 112.953667
0.951395 0.141650 -0.273464 252.926163 -0.168232 0.982796 -0.076215 -20.829660 0.257964 0.118516 0.958858 113.661339
0.951610 0.144882 -0.271012 252.699890 -0.170609 0.982572 -0.073776 -20.896284 0.255599 0.116444 0.959744 114.379402
0.951574 0.149391 -0.268681 252.473770 -0.174577 0.981986 -0.072290 -20.962824 0.253041 0.115695 0.960512 115.114273
0.951957 0.152075 -0.265803 252.247192 -0.176653 0.981709 -0.070999 -21.030256 0.250144 0.114543 0.961409 115.859985
0.952224 0.152055 -0.264855 252.023895 -0.176983 0.981517 -0.072808 -21.101126 0.248888 0.116204 0.961535 116.610497
0.952562 0.151950 -0.263695 251.798691 -0.177405 0.981242 -0.075423 -21.171415 0.247289 0.118627 0.961652 117.367661
0.952700 0.152481 -0.262892 251.567841 -0.178457 0.980867 -0.077795 -21.240313 0.246001 0.121030 0.961683 118.133568
0.952848 0.153797 -0.261587 251.333710 -0.179341 0.980800 -0.076609 -21.308775 0.244781 0.119910 0.962135 118.913429
0.953359 0.155581 -0.258652 251.095535 -0.179265 0.981271 -0.070503 -21.384100 0.242838 0.113581 0.963394 119.713196
0.953566 0.158515 -0.256097 250.834000 -0.180600 0.981406 -0.064999 -21.455797 0.241032 0.108232 0.964462 120.530724
0.953878 0.159517 -0.254307 250.585983 -0.181137 0.981384 -0.063833 -21.520891 0.239390 0.106953 0.965014 121.353294
0.954019 0.159591 -0.253726 250.344330 -0.181524 0.981211 -0.065365 -21.588251 0.238527 0.108416 0.965065 122.180717
0.954417 0.157679 -0.253428 250.107452 -0.179880 0.981416 -0.066808 -21.654341 0.238184 0.109349 0.965044 123.018539
0.954299 0.157973 -0.253688 249.865784 -0.180376 0.981280 -0.067468 -21.721716 0.238281 0.110143 0.964930 123.866310
0.953816 0.161038 -0.253577 249.615021 -0.183053 0.980912 -0.065596 -21.791241 0.238172 0.108984 0.965088 124.725227
0.953852 0.158761 -0.254878 249.372665 -0.181055 0.981230 -0.066371 -21.861673 0.239556 0.109456 0.964692 125.595840
0.953792 0.156206 -0.256672 249.128983 -0.179307 0.981366 -0.069058 -21.934996 0.241103 0.111890 0.964028 126.472527
0.953429 0.153959 -0.259364 248.873764 -0.177458 0.981662 -0.069622 -22.005331 0.243889 0.112406 0.963266 127.366959
0.953378 0.149523 -0.262132 248.618073 -0.171490 0.983176 -0.062893 -22.073030 0.248318 0.104914 0.962980 128.272476
0.953529 0.145773 -0.263691 248.354889 -0.163670 0.985390 -0.047098 -22.157845 0.252972 0.088067 0.963457 129.196808
0.953925 0.138905 -0.265957 248.076630 -0.154281 0.987307 -0.037710 -22.228849 0.257342 0.077005 0.963246 130.136322
0.954340 0.130130 -0.268892 247.795166 -0.143964 0.989055 -0.032297 -22.280951 0.261745 0.069533 0.962628 131.083740
0.954362 0.122408 -0.272411 247.523682 -0.135742 0.990272 -0.030574 -22.333523 0.266019 0.066156 0.961695 132.018539
0.953978 0.116772 -0.276210 247.244843 -0.131234 0.990754 -0.034401 -22.386902 0.269639 0.069065 0.960481 132.950089
0.953452 0.112084 -0.279939 246.958633 -0.129286 0.990644 -0.043693 -22.440596 0.272422 0.077852 0.959023 133.879364
0.952389 0.113331 -0.283041 246.661011 -0.133322 0.989690 -0.052330 -22.499472 0.274192 0.087574 0.957679 134.809280
0.951432 0.117816 -0.284422 246.353378 -0.139677 0.988510 -0.057765 -22.565519 0.274348 0.094686 0.956957 135.744171
0.951154 0.120560 -0.284204 246.054703 -0.142974 0.987942 -0.059404 -22.633692 0.273614 0.097137 0.956922 136.686737
0.951644 0.121011 -0.282364 245.744308 -0.142116 0.988297 -0.055421 -22.705940 0.272353 0.092870 0.957705 137.641312
0.952337 0.120846 -0.280092 245.445496 -0.140020 0.988915 -0.049406 -22.778334 0.271017 0.086269 0.958701 138.599808
0.953139 0.117828 -0.278644 245.152130 -0.136334 0.989502 -0.047921 -22.848871 0.270073 0.083664 0.959197 139.558716
0.953867 0.113417 -0.277982 244.862457 -0.132282 0.989949 -0.050004 -22.914434 0.269516 0.084470 0.959283 140.515869
0.954325 0.111486 -0.277189 244.568878 -0.130173 0.990235 -0.049889 -22.982672 0.268920 0.083692 0.959519 141.476089
0.954613 0.108760 -0.277279 244.274582 -0.127138 0.990667 -0.049127 -23.053198 0.269348 0.082150 0.959532 142.438843
0.954584 0.104675 -0.278949 243.980530 -0.123276 0.991115 -0.049942 -23.121363 0.271243 0.082061 0.959006 143.402344
0.954485 0.100983 -0.280642 243.689056 -0.118844 0.991783 -0.047326 -23.185472 0.273557 0.078524 0.958645 144.369980
0.954272 0.098254 -0.282332 243.382889 -0.114590 0.992529 -0.041896 -23.245598 0.276106 0.072333 0.958401 145.350952
0.954313 0.094388 -0.283508 243.088303 -0.110658 0.992975 -0.041890 -23.312307 0.277562 0.071349 0.958054 146.319351
0.954528 0.092582 -0.283381 242.783691 -0.110638 0.992684 -0.048349 -23.372755 0.276830 0.077503 0.957788 147.288391
0.954962 0.092610 -0.281904 242.481400 -0.112349 0.992164 -0.054644 -23.441525 0.274635 0.083854 0.957884 148.257599
0.955501 0.093614 -0.279740 242.177933 -0.113056 0.992111 -0.054153 -23.507433 0.272463 0.083370 0.958547 149.225555
0.956029 0.095314 -0.277354 241.875168 -0.113879 0.992154 -0.051579 -23.569742 0.270262 0.080896 0.959381 150.204086
0.956841 0.095390 -0.274510 241.572556 -0.112900 0.992413 -0.048669 -23.635023 0.267784 0.077561 0.960352 151.177551
0.956994 0.095603 -0.273904 241.281723 -0.113133 0.992376 -0.048893 -23.715307 0.267140 0.077778 0.960513 152.164444
0.956869 0.097710 -0.273595 240.984314 -0.116074 0.991893 -0.051717 -23.786001 0.266323 0.081244 0.960453 153.148102
0.956836 0.098676 -0.273365 240.695770 -0.116531 0.991936 -0.049823 -23.855091 0.266243 0.079529 0.960619 154.119553
0.956922 0.099673 -0.272700 240.403473 -0.116616 0.992082 -0.046603 -23.922890 0.265896 0.076396 0.960970 155.088898
0.956698 0.100703 -0.273107 240.119965 -0.117270 0.992080 -0.044985 -24.001005 0.266413 0.075063 0.960931 156.051834
0.956897 0.097977 -0.273403 239.842255 -0.115261 0.992182 -0.047842 -24.060968 0.266578 0.077293 0.960709 157.009460
0.957734 0.090644 -0.273001 239.566849 -0.108163 0.992885 -0.049782 -24.111319 0.266546 0.077206 0.960724 157.972580
0.958138 0.089363 -0.272001 239.273941 -0.107425 0.992841 -0.052219 -24.179514 0.265387 0.079253 0.960879 158.935181
0.957682 0.091863 -0.272776 238.983612 -0.112276 0.991854 -0.060155 -24.255499 0.265028 0.088235 0.960195 159.889404
0.957167 0.095679 -0.273271 238.695541 -0.118147 0.990736 -0.066943 -24.331945 0.264333 0.096362 0.959605 160.831100
0.956328 0.101877 -0.273966 238.399292 -0.126180 0.989350 -0.072549 -24.413904 0.263657 0.103949 0.958999 161.770126
0.955282 0.113089 -0.273217 238.083328 -0.137511 0.987887 -0.071890 -24.500803 0.261778 0.106245 0.959262 162.743164
0.953843 0.123648 -0.273668 237.768829 -0.148544 0.986272 -0.072116 -24.587078 0.260994 0.109439 0.959117 163.718964
0.952507 0.130086 -0.275331 237.461472 -0.155651 0.985108 -0.073037 -24.674751 0.261728 0.112424 0.958571 164.693375
0.952189 0.128176 -0.277319 237.175064 -0.153735 0.985457 -0.072376 -24.762695 0.264009 0.111549 0.958047 165.659805
0.952463 0.126605 -0.277099 236.880585 -0.149555 0.986730 -0.063227 -24.848003 0.265417 0.101662 0.958759 166.621689
0.952566 0.122626 -0.278532 236.596603 -0.143317 0.988141 -0.055095 -24.936184 0.268472 0.092400 0.958845 167.599579
0.952818 0.116335 -0.280363 236.289963 -0.136754 0.989114 -0.054327 -25.010004 0.270991 0.090105 0.958355 168.607559
0.953023 0.110129 -0.282167 235.997223 -0.133207 0.989026 -0.063890 -25.086454 0.272034 0.098475 0.957236 169.582199
0.953352 0.105179 -0.282942 235.698212 -0.131658 0.988361 -0.076205 -25.168135 0.271634 0.109902 0.956105 170.554520
0.953438 0.104233 -0.283004 235.394592 -0.132768 0.987620 -0.083540 -25.259619 0.270793 0.117224 0.955473 171.533142
0.953680 0.105732 -0.281630 235.088974 -0.133872 0.987552 -0.082573 -25.357809 0.269394 0.116450 0.955963 172.522430
0.954087 0.107320 -0.279640 234.783005 -0.133809 0.987982 -0.077361 -25.455048 0.267977 0.111228 0.956983 173.521240
0.954491 0.108628 -0.277749 234.475662 -0.133602 0.988375 -0.072568 -25.549620 0.266638 0.106374 0.957908 174.524353
0.954924 0.106133 -0.277227 234.175171 -0.130831 0.988778 -0.072107 -25.641743 0.266463 0.105126 0.958094 175.527374
0.955125 0.101524 -0.278261 233.876877 -0.126772 0.989149 -0.074248 -25.733444 0.267703 0.106191 0.957631 176.527252
0.955058 0.097056 -0.280077 233.578888 -0.122763 0.989543 -0.075708 -25.826075 0.269800 0.106687 0.956987 177.530960
0.954801 0.096918 -0.281000 233.268784 -0.121519 0.990014 -0.071444 -25.925690 0.271270 0.102361 0.957045 178.537949
0.954430 0.096911 -0.282261 232.965927 -0.120215 0.990524 -0.066405 -26.028143 0.273151 0.097311 0.957036 179.545029
0.954373 0.094242 -0.283357 232.653839 -0.117493 0.990866 -0.066175 -26.109030 0.274532 0.096448 0.956729 180.571442
0.954562 0.089489 -0.284259 232.354126 -0.112394 0.991517 -0.065275 -26.198145 0.276006 0.094257 0.956522 181.582779
0.955138 0.083563 -0.284129 232.054291 -0.106395 0.992140 -0.065867 -26.283773 0.276391 0.093141 0.956521 182.594727
0.955905 0.077195 -0.283348 231.744690 -0.101382 0.992261 -0.071692 -26.367952 0.275621 0.097257 0.956334 183.604767
0.956262 0.070929 -0.283779 231.434830 -0.097084 0.992122 -0.079172 -26.464787 0.275927 0.103259 0.955615 184.636566
0.956526 0.068416 -0.283509 231.127670 -0.096080 0.991752 -0.084830 -26.569975 0.275366 0.108381 0.955209 185.656952
0.956977 0.067656 -0.282168 230.812302 -0.094531 0.992078 -0.082726 -26.677107 0.274335 0.105840 0.955791 186.692535
0.957075 0.070903 -0.281036 230.493668 -0.096429 0.992275 -0.078043 -26.781939 0.273331 0.101793 0.956518 187.751312
0.957015 0.076395 -0.279797 230.190018 -0.100919 0.992116 -0.074295 -26.885298 0.271916 0.099337 0.957180 188.761780
0.956719 0.081014 -0.279508 229.885437 -0.105522 0.991678 -0.073754 -26.971645 0.271207 0.100056 0.957306 189.753830
0.956644 0.086279 -0.278187 229.571411 -0.109996 0.991409 -0.070777 -27.059011 0.269690 0.098308 0.957916 190.747635
0.956122 0.092698 -0.277917 229.252884 -0.115594 0.991025 -0.067123 -27.150085 0.269200 0.096304 0.958257 191.746994
0.955387 0.097791 -0.278700 228.936218 -0.120340 0.990606 -0.064937 -27.239193 0.269732 0.095578 0.958180 192.744934
0.955295 0.095524 -0.279798 228.630096 -0.118523 0.990727 -0.066420 -27.326176 0.270858 0.096613 0.957758 193.733902
0.954846 0.094537 -0.281658 228.324768 -0.118889 0.990392 -0.070618 -27.409243 0.272275 0.100916 0.956912 194.720139
0.954229 0.095622 -0.283378 228.015350 -0.121066 0.989909 -0.073638 -27.491938 0.273478 0.104575 0.956177 195.708267
0.953701 0.098127 -0.284299 227.705322 -0.124079 0.989455 -0.074714 -27.593769 0.273969 0.106530 0.955819 196.710297
0.953717 0.102955 -0.282533 227.391418 -0.128368 0.989043 -0.072910 -27.683550 0.271931 0.105804 0.956483 197.690125
0.953582 0.107136 -0.281432 227.093903 -0.131581 0.988873 -0.069389 -27.776758 0.270866 0.103199 0.957069 198.657028
0.953683 0.108994 -0.280373 226.799850 -0.132640 0.988915 -0.066732 -27.873964 0.269992 0.100830 0.957569 199.649246
0.953737 0.108465 -0.280395 226.517242 -0.132415 0.988867 -0.067870 -27.962824 0.269912 0.101859 0.957482 200.605591
0.953457 0.109460 -0.280958 226.230103 -0.134378 0.988386 -0.070948 -28.053812 0.269929 0.105400 0.957094 201.562576
0.953278 0.109693 -0.281475 225.941391 -0.135570 0.987992 -0.074107 -28.147310 0.269966 0.108804 0.956703 202.522141
0.953211 0.109350 -0.281837 225.652725 -0.135659 0.987872 -0.075528 -28.241940 0.270159 0.110227 0.956485 203.482819
0.953057 0.111834 -0.281381 225.354645 -0.136676 0.988124 -0.070202 -28.331778 0.270188 0.105365 0.957025 204.443878
0.953328 0.112380 -0.280246 225.057175 -0.133923 0.989241 -0.058876 -28.417253 0.270613 0.093660 0.958121 205.406357
0.953350 0.111746 -0.280420 224.778336 -0.130405 0.990262 -0.048727 -28.495863 0.272244 0.083023 0.958640 206.388245
0.953214 0.107948 -0.282363 224.469528 -0.126408 0.990819 -0.047937 -28.572163 0.274596 0.081387 0.958109 207.410233
0.953189 0.098889 -0.285745 224.186493 -0.120500 0.990957 -0.059017 -28.646938 0.277325 0.090686 0.956486 208.374573
0.952916 0.094114 -0.288260 223.899170 -0.120816 0.989742 -0.076244 -28.728231 0.278127 0.107480 0.954511 209.315018
0.952621 0.096013 -0.288606 223.603302 -0.126334 0.988050 -0.088293 -28.819866 0.276679 0.120570 0.953368 210.253708
0.952275 0.101101 -0.288014 223.302322 -0.131815 0.987246 -0.089273 -28.916166 0.275316 0.122977 0.953456 211.199860
0.952061 0.107696 -0.286324 223.004211 -0.135578 0.987584 -0.079346 -29.014000 0.274224 0.114361 0.954841 212.154312
0.952201 0.111549 -0.284378 222.712280 -0.136258 0.988297 -0.068572 -29.109575 0.273400 0.104043 0.956257 213.106476
0.952483 0.112614 -0.283008 222.424545 -0.136131 0.988570 -0.064787 -29.196367 0.272477 0.100234 0.956926 214.054047
0.952752 0.112107 -0.282303 222.142517 -0.135686 0.988594 -0.065341 -29.279158 0.271758 0.100558 0.957097 214.991776
0.953137 0.109769 -0.281921 221.865982 -0.133389 0.988867 -0.065942 -29.364597 0.271544 0.100456 0.957168 215.926208
0.953603 0.105460 -0.281992 221.593872 -0.129583 0.989216 -0.068257 -29.450647 0.271753 0.101630 0.956985 216.856552
0.953754 0.103807 -0.282094 221.319855 -0.128721 0.989120 -0.071213 -29.536942 0.271632 0.104230 0.956740 217.781845
0.954269 0.099699 -0.281835 221.052307 -0.124683 0.989573 -0.072101 -29.618109 0.271707 0.103943 0.956749 218.682327
0.954717 0.095585 -0.281740 220.788498 -0.120303 0.990141 -0.071741 -29.698589 0.272105 0.102386 0.956805 219.574463
0.954962 0.094644 -0.281232 220.522461 -0.118318 0.990618 -0.068388 -29.779499 0.272121 0.098582 0.957200 220.473053
0.955360 0.093375 -0.280301 220.256744 -0.115823 0.991168 -0.064578 -29.861559 0.271796 0.094160 0.957737 221.371628
0.955813 0.091818 -0.279269 219.992859 -0.113799 0.991472 -0.063506 -29.944550 0.271056 0.092480 0.958110 222.267517
0.956403 0.091524 -0.277340 219.729858 -0.114334 0.991167 -0.067182 -30.019327 0.268741 0.095963 0.958420 223.143707
0.956628 0.089338 -0.277276 219.487183 -0.114145 0.990657 -0.074621 -30.096020 0.268018 0.103034 0.957888 224.006683
0.956599 0.086517 -0.278269 219.237762 -0.113067 0.990296 -0.080794 -30.183630 0.268578 0.108750 0.957099 224.871552
0.956156 0.083389 -0.280736 218.989349 -0.110334 0.990542 -0.081553 -30.269520 0.271281 0.108953 0.956314 225.737274
0.955269 0.084232 -0.283486 218.740768 -0.110299 0.990891 -0.077254 -30.353155 0.274397 0.105066 0.955859 226.604874
0.954402 0.089723 -0.284722 218.452805 -0.113519 0.991194 -0.068166 -30.445475 0.276098 0.097379 0.956183 227.505478
0.953891 0.089269 -0.286569 218.161087 -0.111925 0.991676 -0.063636 -30.522768 0.278504 0.092776 0.955943 228.443939
0.953388 0.089472 -0.288177 217.891846 -0.111628 0.991854 -0.061352 -30.596817 0.280340 0.090661 0.955609 229.332382
0.953193 0.092258 -0.287947 217.620102 -0.114306 0.991590 -0.060683 -30.670486 0.279926 0.090756 0.955722 230.205688
0.953241 0.090860 -0.288227 217.355148 -0.113734 0.991473 -0.063594 -30.743319 0.279991 0.093402 0.955447 231.057480
0.953639 0.088981 -0.287497 217.077576 -0.111756 0.991687 -0.063764 -30.813793 0.279433 0.092937 0.955656 231.914108
0.954055 0.088251 -0.286338 216.785568 -0.110618 0.991872 -0.062869 -30.873873 0.278462 0.091654 0.956063 232.780212
0.954660 0.087311 -0.284605 216.485550 -0.110006 0.991821 -0.064725 -30.929352 0.276626 0.093098 0.956457 233.632248
0.954246 0.088935 -0.285488 216.202972 -0.113031 0.991191 -0.069030 -30.996330 0.276834 0.098141 0.955892 234.471405
0.953810 0.090446 -0.286471 215.936234 -0.115638 0.990661 -0.072237 -31.060339 0.277262 0.102026 0.955361 235.306015
0.953495 0.092327 -0.286919 215.668884 -0.116561 0.990816 -0.068524 -31.133429 0.277957 0.098781 0.955500 236.148560
0.953430 0.095875 -0.285971 215.385941 -0.118658 0.990909 -0.063392 -31.200111 0.277293 0.094373 0.956139 236.997925
0.953187 0.098386 -0.285929 215.114380 -0.120981 0.990690 -0.062415 -31.270205 0.277126 0.094085 0.956216 237.838745
0.953093 0.097314 -0.286606 214.846512 -0.121546 0.990255 -0.067962 -31.339434 0.277200 0.099609 0.955634 238.681152
0.952919 0.094697 -0.288058 214.574432 -0.120992 0.989827 -0.074849 -31.402910 0.278040 0.106177 0.954683 239.529495
0.952540 0.095401 -0.289079 214.322464 -0.122775 0.989360 -0.078043 -31.483480 0.278557 0.109830 0.954118 240.392731
0.952451 0.097341 -0.288722 214.063065 -0.124775 0.989103 -0.078140 -31.565386 0.277969 0.110450 0.954219 241.255142
0.952590 0.099139 -0.287651 213.792450 -0.125618 0.989235 -0.075055 -31.644804 0.277113 0.107630 0.954790 242.119278
0.952762 0.099232 -0.287049 213.529541 -0.124655 0.989610 -0.071642 -31.727671 0.276957 0.104040 0.955233 242.990875
0.952342 0.102122 -0.287430 213.257339 -0.126821 0.989550 -0.068613 -31.809690 0.277419 0.101795 0.955340 243.862930
0.952505 0.099054 -0.287962 212.979553 -0.124678 0.989581 -0.072000 -31.889860 0.277830 0.104483 0.954931 244.742813
0.952456 0.095448 -0.289339 212.711060 -0.122307 0.989564 -0.076170 -31.973188 0.279050 0.107937 0.954191 245.619125
0.952578 0.092607 -0.289858 212.445251 -0.120388 0.989539 -0.079485 -32.051727 0.279465 0.110611 0.953763 246.490875
0.952532 0.092446 -0.290062 212.173004 -0.119723 0.989761 -0.077706 -32.131390 0.279909 0.108745 0.953847 247.368698
0.952523 0.091708 -0.290328 211.901917 -0.117690 0.990341 -0.073293 -32.213036 0.280802 0.103981 0.954116 248.249252
0.952587 0.090686 -0.290440 211.630371 -0.115757 0.990787 -0.070296 -32.292793 0.281389 0.100583 0.954307 249.129715
0.952633 0.091714 -0.289963 211.351059 -0.116538 0.990752 -0.069494 -32.373497 0.280907 0.099995 0.954511 250.024612
0.952877 0.092863 -0.288790 211.073578 -0.117953 0.990500 -0.070683 -32.455059 0.279483 0.101416 0.954779 250.910767
0.952989 0.094692 -0.287830 210.803482 -0.120291 0.990083 -0.072550 -32.534760 0.278105 0.103762 0.954930 251.761444
0.953000 0.096328 -0.287245 210.534744 -0.122461 0.989680 -0.074395 -32.615543 0.277114 0.106075 0.954964 252.607468
0.953060 0.095037 -0.287479 210.273087 -0.121340 0.989768 -0.075064 -32.698334 0.277403 0.106423 0.954841 253.464096
0.953251 0.094246 -0.287107 210.006454 -0.120861 0.989725 -0.076390 -32.779549 0.276957 0.107519 0.954848 254.320450
0.953483 0.093939 -0.286435 209.736694 -0.121158 0.989501 -0.078788 -32.866081 0.276026 0.109826 0.954854 255.172470
0.953380 0.096297 -0.285996 209.477783 -0.124058 0.989000 -0.080545 -32.949173 0.275094 0.112269 0.954839 256.012939
0.953244 0.099616 -0.285309 209.222275 -0.127490 0.988542 -0.080800 -33.028225 0.273991 0.113396 0.955024 256.851379
0.953194 0.104331 -0.283790 208.961716 -0.130073 0.988786 -0.073373 -33.110870 0.272952 0.106852 0.956074 257.699097
0.953152 0.108669 -0.282298 208.670380 -0.132591 0.988903 -0.067007 -33.193527 0.271884 0.101298 0.956983 258.605499
0.952885 0.111734 -0.282003 208.402878 -0.135035 0.988737 -0.064527 -33.269726 0.271618 0.099567 0.957241 259.468536
0.952693 0.111537 -0.282727 208.134521 -0.135716 0.988455 -0.067360 -33.334305 0.271950 0.102544 0.956831 260.319550
0.952588 0.112358 -0.282758 207.863220 -0.137058 0.988151 -0.069078 -33.411846 0.271646 0.104558 0.956700 261.169952
0.952866 0.109865 -0.282799 207.613815 -0.135069 0.988277 -0.071161 -33.488266 0.271666 0.106004 0.956536 262.020508
0.953370 0.103290 -0.283580 207.374252 -0.129921 0.988551 -0.076715 -33.562031 0.272409 0.109980 0.955874 262.855774
0.954077 0.098047 -0.283062 207.130646 -0.125013 0.989022 -0.078782 -33.638279 0.272230 0.110550 0.955860 263.694000
0.954641 0.096937 -0.281538 206.875580 -0.122590 0.989624 -0.074937 -33.716366 0.271353 0.106052 0.956619 264.534485
0.954694 0.098053 -0.280972 206.621643 -0.122013 0.990123 -0.069042 -33.805058 0.271427 0.100196 0.957229 265.382843
0.954948 0.096917 -0.280503 206.370102 -0.119532 0.990724 -0.064628 -33.887917 0.271638 0.095245 0.957674 266.249084
0.955031 0.097691 -0.279950 206.105545 -0.119608 0.990867 -0.062260 -33.960361 0.271311 0.092945 0.957993 267.114990
0.955237 0.098089 -0.279108 205.850723 -0.119912 0.990835 -0.062176 -34.030746 0.270451 0.092862 0.958244 267.964447
0.955435 0.098479 -0.278293 205.593018 -0.120618 0.990663 -0.063536 -34.104248 0.269438 0.094271 0.958392 268.798553
0.955819 0.095965 -0.277853 205.340805 -0.119227 0.990533 -0.068030 -34.171867 0.268693 0.098151 0.958212 269.631470
0.955898 0.094545 -0.278062 205.099457 -0.119301 0.990136 -0.073459 -34.245213 0.268374 0.103393 0.957750 270.454437
0.956100 0.092791 -0.277963 204.860443 -0.118584 0.989921 -0.077425 -34.324734 0.267976 0.106987 0.957466 271.277405
0.956252 0.093831 -0.277090 204.609375 -0.119378 0.989875 -0.076774 -34.397861 0.267080 0.106493 0.957772 272.103912
0.956123 0.097687 -0.276201 204.361008 -0.122525 0.989695 -0.074107 -34.472649 0.266115 0.104695 0.958238 272.928925
0.956060 0.100306 -0.275477 204.114594 -0.124567 0.989596 -0.071984 -34.553654 0.265390 0.103136 0.958609 273.751312
0.955775 0.102407 -0.275691 203.862839 -0.127651 0.988964 -0.075186 -34.626560 0.264949 0.107054 0.958301 274.562622
0.955692 0.101855 -0.276186 203.618835 -0.127890 0.988724 -0.077903 -34.701870 0.265136 0.109773 0.957941 275.369110
0.955844 0.099981 -0.276344 203.380630 -0.125716 0.989073 -0.076992 -34.779919 0.265626 0.108333 0.957969 276.178192
0.956099 0.100382 -0.275313 203.132355 -0.123540 0.990003 -0.068055 -34.861492 0.265728 0.099079 0.958942 276.996246
0.956179 0.101094 -0.274776 202.891922 -0.121922 0.990738 -0.059762 -34.932888 0.266190 0.090644 0.959649 277.829834
0.956584 0.100209 -0.273688 202.658768 -0.119926 0.991188 -0.056239 -35.003063 0.265640 0.086620 0.960173 278.651794
0.957021 0.097809 -0.273027 202.428131 -0.118207 0.991219 -0.059249 -35.070812 0.264835 0.088976 0.960179 279.456177
0.957149 0.094228 -0.273837 202.219894 -0.117695 0.990542 -0.070530 -35.143280 0.264601 0.099737 0.959186 280.232178
0.957674 0.091912 -0.272786 201.983658 -0.117787 0.989810 -0.080004 -35.209774 0.262652 0.108748 0.958743 281.027802
0.958176 0.091510 -0.271154 201.747040 -0.118555 0.989297 -0.085062 -35.278896 0.260468 0.113650 0.958770 281.815063
0.958100 0.096921 -0.269537 201.506760 -0.122580 0.989228 -0.080007 -35.359215 0.258879 0.109694 0.959661 282.613068
0.957876 0.102277 -0.268355 201.263641 -0.126167 0.989297 -0.073294 -35.437531 0.257985 0.104063 0.960528 283.413635
0.957654 0.105472 -0.267908 201.024719 -0.128703 0.989164 -0.070629 -35.517132 0.257554 0.102118 0.960852 284.228455
0.957258 0.107149 -0.268656 200.790176 -0.131212 0.988646 -0.073219 -35.595081 0.257760 0.105341 0.960449 285.039276
0.957167 0.106752 -0.269137 200.555603 -0.132225 0.988121 -0.078311 -35.667343 0.257580 0.110544 0.959912 285.848114
0.957434 0.104351 -0.269130 200.322800 -0.129913 0.988378 -0.078939 -35.740269 0.257763 0.110543 0.959864 286.659607
0.957462 0.102930 -0.269578 200.087158 -0.127627 0.988928 -0.075701 -35.818508 0.258802 0.106885 0.959998 287.482147
0.957230 0.101988 -0.270756 199.849197 -0.126204 0.989274 -0.073538 -35.895016 0.260352 0.104564 0.959834 288.309601
0.957139 0.098124 -0.272500 199.607361 -0.122544 0.989697 -0.074043 -35.964455 0.262427 0.104262 0.959302 289.134216
0.956903 0.096221 -0.274003 199.372177 -0.120026 0.990197 -0.071436 -36.039173 0.264443 0.101244 0.959072 289.958527
0.956586 0.098361 -0.274348 199.121765 -0.121771 0.990115 -0.069602 -36.115044 0.264789 0.099988 0.959108 290.791107
0.956546 0.098199 -0.274547 198.852997 -0.122486 0.989802 -0.072719 -36.181938 0.264605 0.103187 0.958820 291.626648
0.956238 0.093380 -0.277288 198.594772 -0.120004 0.989495 -0.080613 -36.251022 0.266847 0.110360 0.957399 292.467529
0.955756 0.087637 -0.280799 198.342438 -0.116300 0.989390 -0.087061 -36.323513 0.270191 0.115866 0.955809 293.316559
0.955134 0.081068 -0.284862 198.085327 -0.110458 0.989920 -0.088641 -36.406166 0.274805 0.116130 0.954460 294.167175
0.954180 0.079296 -0.288534 197.831772 -0.107869 0.990568 -0.084485 -36.499283 0.279113 0.111738 0.953735 295.016602
0.953236 0.077976 -0.291993 197.574539 -0.105186 0.991337 -0.078648 -36.588528 0.283331 0.105683 0.953180 295.872437
0.952104 0.080061 -0.295104 197.292877 -0.105016 0.992025 -0.069679 -36.666050 0.287172 0.097333 0.952921 296.768829
0.951155 0.082009 -0.297620 197.010254 -0.105311 0.992436 -0.063092 -36.743240 0.290194 0.091353 0.952597 297.649750
0.950638 0.081116 -0.299512 196.722031 -0.106384 0.991926 -0.069014 -36.819374 0.291495 0.097470 0.951593 298.524597
0.950142 0.080467 -0.301254 196.443680 -0.109404 0.990738 -0.080420 -36.892860 0.291992 0.109369 0.950146 299.391479
0.950083 0.078600 -0.301936 196.148499 -0.110157 0.989928 -0.088925 -36.975529 0.291905 0.117746 0.949171 300.288910
0.950207 0.078475 -0.301578 195.850006 -0.110125 0.989889 -0.089393 -37.063091 0.291512 0.118153 0.949241 301.197205
0.950568 0.082414 -0.299380 195.557571 -0.111425 0.990455 -0.081128 -37.157814 0.289836 0.110476 0.950678 302.099579
0.950795 0.087769 -0.297126 195.267349 -0.113706 0.990964 -0.071134 -37.249962 0.288197 0.101418 0.952185 303.000824
0.951207 0.090522 -0.294976 194.981125 -0.114418 0.991320 -0.064743 -37.337601 0.286554 0.095335 0.953309 303.900879
0.951597 0.089244 -0.294105 194.691772 -0.112634 0.991602 -0.063535 -37.413876 0.285966 0.093586 0.953658 304.793121
0.951616 0.088997 -0.294120 194.400284 -0.113080 0.991398 -0.065882 -37.486698 0.285727 0.095953 0.953495 305.681396
0.951381 0.090750 -0.294343 194.102600 -0.116125 0.990773 -0.069867 -37.562767 0.285286 0.100651 0.953143 306.590179
0.951230 0.090687 -0.294851 193.813797 -0.116705 0.990564 -0.071838 -37.644630 0.285554 0.102746 0.952839 307.493011
0.951211 0.093069 -0.294168 193.527420 -0.118376 0.990541 -0.069383 -37.725758 0.284929 0.100820 0.953232 308.388306
0.951084 0.100027 -0.292289 193.234741 -0.124027 0.990165 -0.064718 -37.802917 0.282940 0.097805 0.954138 309.279694
0.950940 0.105340 -0.290890 192.939026 -0.128572 0.989767 -0.061884 -37.877285 0.281393 0.096248 0.954753 310.169434
0.951076 0.104214 -0.290849 192.658630 -0.128079 0.989683 -0.064203 -37.952450 0.281157 0.098314 0.954612 311.057587
0.951729 0.098335 -0.290761 192.384583 -0.124083 0.989696 -0.071436 -38.026928 0.280740 0.104066 0.954125 311.934235
0.952055 0.094112 -0.291091 192.108948 -0.122210 0.989285 -0.079862 -38.107426 0.280456 0.111607 0.953356 312.798828
0.952137 0.093403 -0.291050 191.829636 -0.122107 0.989120 -0.082029 -38.188793 0.280221 0.113642 0.953184 313.667419
0.952283 0.091844 -0.291072 191.560730 -0.119357 0.989768 -0.078183 -38.278305 0.280913 0.109193 0.953501 314.548828
0.952512 0.089809 -0.290956 191.292130 -0.115332 0.990731 -0.071759 -38.365967 0.281814 0.101907 0.954042 315.430847
0.952929 0.086973 -0.290450 191.024246 -0.111434 0.991391 -0.068735 -38.447620 0.281972 0.097866 0.954418 316.302338
0.953156 0.085055 -0.290275 190.754196 -0.109161 0.991704 -0.067855 -38.526077 0.282096 0.096364 0.954535 317.170441
0.953489 0.079819 -0.290668 190.497543 -0.103722 0.992296 -0.067746 -38.606152 0.283020 0.094744 0.954422 318.018768
0.953880 0.075588 -0.290513 190.238541 -0.098707 0.992942 -0.065742 -38.677395 0.283493 0.091386 0.954609 318.867462
0.954184 0.072719 -0.290249 189.974030 -0.094996 0.993457 -0.063392 -38.745708 0.283740 0.088060 0.954849 319.720398
0.954217 0.072398 -0.290224 189.706924 -0.094064 0.993671 -0.061392 -38.815262 0.283943 0.085880 0.954987 320.571777
0.954042 0.076318 -0.289789 189.439590 -0.099047 0.992985 -0.064568 -38.887939 0.282829 0.090303 0.954909 321.402191
0.954031 0.078554 -0.289230 189.172241 -0.102951 0.992213 -0.070105 -38.952854 0.281471 0.096658 0.954689 322.233154
0.954359 0.081300 -0.287384 188.892838 -0.106604 0.991580 -0.073500 -39.024479 0.278988 0.100782 0.954991 323.065002
0.954424 0.085000 -0.286093 188.627029 -0.109732 0.991384 -0.071523 -39.100784 0.277548 0.099657 0.955529 323.898407
0.954489 0.087832 -0.285020 188.368225 -0.111666 0.991386 -0.068446 -39.176186 0.276552 0.097157 0.956075 324.734711
0.954235 0.092948 -0.284245 188.107727 -0.115516 0.991263 -0.063650 -39.251152 0.275846 0.093572 0.956636 325.571350
0.954670 0.091146 -0.283368 187.848373 -0.113405 0.991541 -0.063122 -39.323383 0.275218 0.092396 0.956931 326.403076
0.955419 0.087097 -0.282115 187.570465 -0.110035 0.991702 -0.066477 -39.390179 0.273984 0.094555 0.957074 327.238525
0.954837 0.090307 -0.283074 187.334625 -0.113891 0.991165 -0.067959 -39.455208 0.274435 0.097129 0.956687 328.033630
0.954371 0.093948 -0.283459 187.066208 -0.117247 0.990883 -0.066340 -39.519184 0.274643 0.096548 0.956687 328.861053
0.953751 0.096424 -0.284714 186.808990 -0.118352 0.991108 -0.060799 -39.591602 0.276320 0.091684 0.956683 329.686829
0.953229 0.099037 -0.285560 186.551422 -0.119501 0.991303 -0.055103 -39.660339 0.277619 0.086650 0.956775 330.506317
0.952947 0.100063 -0.286148 186.297699 -0.121260 0.990965 -0.057293 -39.725540 0.277829 0.089296 0.956471 331.285858
0.952224 0.103212 -0.287429 186.053055 -0.125402 0.990299 -0.059843 -39.784473 0.278464 0.093028 0.955930 332.060425
0.951270 0.110432 -0.287907 185.799973 -0.134153 0.988896 -0.063941 -39.844585 0.277648 0.099449 0.955521 332.809998
0.951138 0.114425 -0.286782 185.558319 -0.138918 0.988068 -0.066494 -39.906139 0.275751 0.103084 0.955685 333.543152
0.951338 0.117287 -0.284957 185.325821 -0.141753 0.987649 -0.066735 -39.971806 0.273610 0.103881 0.956214 334.258514
0.951929 0.120980 -0.281417 185.106689 -0.145048 0.987204 -0.066246 -40.028351 0.269801 0.103880 0.957296 334.944733
0.952764 0.124076 -0.277208 184.896408 -0.146818 0.987170 -0.062761 -40.082088 0.265864 0.100496 0.958757 335.614868
0.953233 0.129695 -0.272995 184.689545 -0.150502 0.986986 -0.056612 -40.139389 0.262100 0.095051 0.960347 336.274506
0.954995 0.128722 -0.267238 184.504028 -0.149207 0.987119 -0.057727 -40.195145 0.256364 0.095003 0.961900 336.900879
0.957631 0.122809 -0.260501 184.337906 -0.144116 0.987472 -0.064257 -40.253803 0.249345 0.099077 0.963333 337.506042
0.959905 0.116839 -0.254816 184.180817 -0.138856 0.987825 -0.070135 -40.308826 0.243519 0.102705 0.964442 338.114960
0.962609 0.110999 -0.247108 184.029846 -0.133195 0.988252 -0.074940 -40.356461 0.235887 0.105051 0.966085 338.715668
0.965294 0.108023 -0.237777 183.890503 -0.129554 0.988592 -0.076820 -40.408031 0.226767 0.104959 0.968277 339.280487
0.967618 0.105610 -0.229267 183.760239 -0.125811 0.989190 -0.075315 -40.460278 0.218835 0.101721 0.970445 339.829620
0.969895 0.101553 -0.221338 183.648849 -0.120087 0.990154 -0.071916 -40.512024 0.211856 0.096331 0.972542 340.358765
0.972390 0.096049 -0.212679 183.542328 -0.113561 0.990941 -0.071686 -40.559132 0.203867 0.093859 0.974489 340.870026
0.974001 0.095503 -0.205430 183.432068 -0.112532 0.990973 -0.072851 -40.609367 0.196618 0.094074 0.975956 341.375702
0.975493 0.095406 -0.198267 183.322205 -0.112082 0.990892 -0.074631 -40.661934 0.189341 0.095025 0.977302 341.878662
0.977234 0.091461 -0.191441 183.219971 -0.107802 0.991206 -0.076736 -40.711887 0.182739 0.095627 0.978499 342.376343
0.978834 0.082661 -0.187215 183.127380 -0.099213 0.991777 -0.080827 -40.760624 0.178994 0.097690 0.978987 342.867432
0.979925 0.071936 -0.185938 183.038330 -0.089536 0.992084 -0.088050 -40.808743 0.178132 0.102931 0.978608 343.347992
0.980139 0.067680 -0.186408 182.940292 -0.086303 0.991856 -0.093658 -40.857113 0.178550 0.107885 0.977997 343.820465
0.979539 0.071830 -0.187999 182.829071 -0.091048 0.991240 -0.095661 -40.904415 0.179480 0.110820 0.977499 344.285217
0.978255 0.077948 -0.192198 182.713684 -0.097707 0.990617 -0.095552 -40.948055 0.182946 0.112253 0.976692 344.743317
0.977222 0.075134 -0.198477 182.608521 -0.095395 0.990937 -0.094564 -40.989853 0.189573 0.111343 0.975533 345.193481
0.976355 0.066072 -0.205828 182.512146 -0.086109 0.992216 -0.089950 -41.033390 0.198282 0.105547 0.974445 345.636322
0.974825 0.060577 -0.214583 182.409805 -0.080402 0.993141 -0.084885 -41.076717 0.207969 0.100001 0.973009 346.050659
0.972431 0.059684 -0.225422 182.293686 -0.079945 0.993434 -0.081833 -41.121304 0.219057 0.097599 0.970818 346.456573
0.969148 0.061946 -0.238567 182.168930 -0.083212 0.993306 -0.080116 -41.162979 0.232007 0.097496 0.967815 346.850769
0.965140 0.066188 -0.253227 182.036911 -0.088938 0.992862 -0.079459 -41.201614 0.246160 0.099210 0.964137 347.233826
0.960658 0.069488 -0.268900 181.900497 -0.094014 0.992398 -0.079416 -41.238464 0.261337 0.101572 0.959888 347.606171
0.955773 0.066726 -0.286433 181.768555 -0.093749 0.992240 -0.081672 -41.274750 0.278761 0.104913 0.954613 347.969177
0.950264 0.061142 -0.305384 181.635986 -0.090818 0.992325 -0.083918 -41.310123 0.297909 0.107478 0.948524 348.323792
0.943836 0.057255 -0.325417 181.494308 -0.088990 0.992528 -0.083473 -41.342785 0.318206 0.107744 0.941879 348.670746
0.935402 0.057708 -0.348845 181.341187 -0.091151 0.992601 -0.080212 -41.372601 0.341635 0.106828 0.933741 349.015350
0.925075 0.057465 -0.375412 181.179565 -0.092648 0.992769 -0.076328 -41.399372 0.368311 0.105390 0.923710 349.347931
0.913108 0.056453 -0.403791 181.008606 -0.093421 0.992988 -0.072424 -41.425129 0.396871 0.103853 0.911980 349.668915
0.899050 0.058457 -0.433926 180.824265 -0.097248 0.992953 -0.067718 -41.449852 0.426910 0.103080 0.898399 349.978241
0.883232 0.064045 -0.464542 180.626175 -0.105105 0.992462 -0.063005 -41.473591 0.457005 0.104473 0.883307 350.273132
0.866472 0.068961 -0.494438 180.421219 -0.111544 0.992118 -0.057097 -41.498005 0.486603 0.104623 0.867335 350.558929
0.849419 0.068755 -0.523221 180.217148 -0.112123 0.992352 -0.051621 -41.520485 0.515670 0.102513 0.850632 350.840607
0.831897 0.065049 -0.551105 180.011978 -0.108665 0.992974 -0.046824 -41.539539 0.544186 0.098838 0.833121 351.118317
0.813152 0.064513 -0.578465 179.800613 -0.108030 0.993298 -0.041081 -41.555607 0.571939 0.095897 0.814671 351.393005
0.793788 0.066497 -0.604548 179.582748 -0.110677 0.993201 -0.036075 -41.570332 0.598039 0.095545 0.795751 351.659607
0.773242 0.070005 -0.630234 179.359589 -0.114646 0.992942 -0.030366 -41.584923 0.623659 0.095734 0.775811 351.922577
0.751441 0.072688 -0.655784 179.130386 -0.117541 0.992762 -0.024645 -41.599491 0.649246 0.095601 0.754546 352.184418
0.728996 0.074207 -0.680484 178.891159 -0.118171 0.992824 -0.018327 -41.612022 0.674240 0.093773 0.732534 352.441467
0.705090 0.074523 -0.705191 178.637054 -0.117089 0.993047 -0.012127 -41.621639 0.699385 0.091120 0.708913 352.695099
0.679623 0.073429 -0.729876 178.338409 -0.114099 0.993449 -0.006296 -41.621853 0.724633 0.087557 0.683550 352.927216
0.652804 0.073606 -0.753942 178.047745 -0.112159 0.993690 -0.000100 -41.626804 0.749177 0.084626 0.656941 353.171509
0.624516 0.075531 -0.777351 177.740448 -0.112964 0.993581 0.005788 -41.630978 0.772799 0.084198 0.629040 353.407959
0.595177 0.076533 -0.799941 177.419693 -0.114489 0.993375 0.009857 -41.633354 0.795396 0.085718 0.599997 353.636566
0.564533 0.075352 -0.821963 177.087097 -0.114209 0.993376 0.012626 -41.633522 0.817471 0.086747 0.569399 353.860809
0.531934 0.072199 -0.843702 176.712631 -0.110848 0.993722 0.015151 -41.625301 0.839499 0.085463 0.536598 354.068176
0.497467 0.068738 -0.864755 176.345490 -0.106239 0.994179 0.017911 -41.618710 0.860953 0.082961 0.501873 354.278595
0.461248 0.067522 -0.884698 175.961990 -0.101707 0.994550 0.022882 -41.610012 0.881422 0.079425 0.465603 354.480591
0.423502 0.068859 -0.903274 175.561523 -0.098253 0.994715 0.029764 -41.598915 0.900550 0.076144 0.428031 354.671173
0.383957 0.071036 -0.920614 175.117569 -0.095913 0.994710 0.036752 -41.581680 0.918355 0.074187 0.388740 354.834076
0.342297 0.071915 -0.936836 174.679962 -0.092306 0.994817 0.042639 -41.565544 0.935047 0.071880 0.347161 354.992371
0.298791 0.072284 -0.951577 174.206024 -0.087539 0.994999 0.048097 -41.545887 0.950294 0.068928 0.303624 355.124329
0.253568 0.073414 -0.964528 173.732239 -0.082662 0.995112 0.054011 -41.526703 0.963778 0.066034 0.258398 355.248627
0.206264 0.073933 -0.975699 173.244064 -0.076663 0.995297 0.059212 -41.504215 0.975488 0.062586 0.210962 355.357361
0.156746 0.073320 -0.984914 172.720032 -0.069634 0.995579 0.063033 -41.473484 0.985181 0.058704 0.161158 355.431519
0.106034 0.072363 -0.991726 172.192886 -0.063932 0.995780 0.065824 -41.440342 0.992304 0.056423 0.110213 355.493866
0.055308 0.072390 -0.995841 171.649048 -0.060227 0.995793 0.069043 -41.404915 0.996651 0.056157 0.059436 355.533325
0.005710 0.073525 -0.997277 171.087540 -0.057255 0.995680 0.073081 -41.367382 0.998343 0.056681 0.009896 355.550598
-0.042127 0.074958 -0.996296 170.509842 -0.054102 0.995547 0.077190 -41.327747 0.997646 0.057152 -0.037883 355.547058
-0.087501 0.075852 -0.993272 169.916092 -0.050694 0.995466 0.080486 -41.285088 0.994874 0.057395 -0.083259 355.523071
-0.129048 0.076313 -0.988697 169.277832 -0.047926 0.995388 0.083085 -41.234428 0.990479 0.058107 -0.124796 355.447388
-0.166095 0.075975 -0.983179 168.615204 -0.047071 0.995280 0.084863 -41.179882 0.984985 0.060375 -0.161734 355.340942
-0.198115 0.074953 -0.977308 167.957214 -0.047951 0.995136 0.086041 -41.126331 0.979005 0.063909 -0.193557 355.234039
-0.224771 0.073498 -0.971635 167.283249 -0.048794 0.995051 0.086558 -41.070992 0.973188 0.066866 -0.220073 355.113342
-0.246249 0.072247 -0.966510 166.592987 -0.049654 0.994967 0.087026 -41.013664 0.967933 0.069421 -0.241422 354.980927
-0.262965 0.071456 -0.962155 165.885468 -0.051517 0.994790 0.087960 -40.954525 0.963429 0.072698 -0.257913 354.836639
-0.274261 0.070905 -0.959038 165.161072 -0.053287 0.994625 0.088775 -40.894127 0.960177 0.075451 -0.269009 354.683838
-0.280760 0.070545 -0.957181 164.418930 -0.055298 0.994449 0.089512 -40.832233 0.958183 0.078062 -0.275301 354.524567
-0.283384 0.069921 -0.956454 163.659195 -0.057382 0.994315 0.089691 -40.769047 0.957288 0.080300 -0.277760 354.360596
-0.282930 0.068677 -0.956678 162.843216 -0.059014 0.994296 0.088832 -40.688728 0.957323 0.081590 -0.277263 354.127563
-0.281706 0.068511 -0.957052 162.005066 -0.060425 0.994200 0.088958 -40.603058 0.957596 0.082890 -0.275933 353.880615
-0.280168 0.067999 -0.957540 161.155121 -0.059787 0.994314 0.088104 -40.517399 0.958087 0.081933 -0.274509 353.634003
-0.278951 0.064720 -0.958121 160.286484 -0.058781 0.994704 0.084306 -40.435749 0.958504 0.079836 -0.273670 353.391113
-0.277778 0.059794 -0.958782 159.401413 -0.058588 0.995148 0.079037 -40.354843 0.958857 0.078129 -0.272927 353.148987
-0.276649 0.056407 -0.959314 158.493912 -0.058804 0.995411 0.075487 -40.273693 0.959170 0.077295 -0.272062 352.908112
-0.275616 0.057682 -0.959536 157.537415 -0.059312 0.995275 0.076868 -40.204018 0.959436 0.078098 -0.270892 352.695831
-0.274469 0.060782 -0.959673 156.549438 -0.059442 0.995019 0.080023 -40.134106 0.959757 0.079009 -0.269488 352.479828
-0.273390 0.062744 -0.959855 155.539185 -0.058826 0.994912 0.081791 -40.060978 0.960103 0.078824 -0.268307 352.257111
-0.273262 0.062980 -0.959876 154.506805 -0.058285 0.994937 0.081875 -39.985142 0.960172 0.078320 -0.268206 352.025146
-0.274113 0.062445 -0.959668 153.455902 -0.057546 0.995036 0.081185 -39.905956 0.959974 0.077479 -0.269157 351.783844
-0.275419 0.063181 -0.959245 152.368317 -0.056592 0.995041 0.081789 -39.824440 0.959657 0.076813 -0.270477 351.535461
-0.276743 0.064664 -0.958766 151.278946 -0.056314 0.994927 0.083359 -39.739582 0.959292 0.077061 -0.271697 351.272308
-0.278352 0.066297 -0.958188 150.173630 -0.055924 0.994803 0.085077 -39.653141 0.958850 0.077267 -0.273198 351.000305
-0.280452 0.067689 -0.957478 149.056519 -0.055636 0.994686 0.086617 -39.565128 0.958254 0.077562 -0.275196 350.725037
-0.282548 0.068027 -0.956838 147.923813 -0.055940 0.994616 0.087233 -39.475044 0.957621 0.078173 -0.277221 350.440002
-0.284029 0.068214 -0.956386 146.776352 -0.055751 0.994603 0.087498 -39.382763 0.957193 0.078171 -0.278693 350.149994
-0.285131 0.067522 -0.956107 145.617599 -0.058064 0.994466 0.087547 -39.289501 0.956728 0.080477 -0.279633 349.850983
-0.285829 0.066434 -0.955975 144.441147 -0.059068 0.994475 0.086772 -39.195415 0.956458 0.081269 -0.280326 349.548798
-0.286595 0.065573 -0.955805 143.252258 -0.060290 0.994443 0.086303 -39.100426 0.956153 0.082359 -0.281048 349.243103
-0.287168 0.066320 -0.955581 142.047272 -0.060240 0.994374 0.087117 -39.005241 0.955984 0.082581 -0.281557 348.933411
-0.288082 0.067532 -0.955222 140.830109 -0.059510 0.994319 0.088244 -38.910030 0.955755 0.082267 -0.282426 348.622162
-0.289600 0.069194 -0.954643 139.628204 -0.058365 0.994250 0.089772 -38.812820 0.955366 0.081716 -0.283896 348.287170
-0.291354 0.071758 -0.953920 138.409561 -0.056542 0.994146 0.092055 -38.716198 0.954943 0.080757 -0.285592 347.964722
-0.293392 0.075329 -0.953020 137.182983 -0.055469 0.993870 0.095635 -38.618999 0.954381 0.080922 -0.287415 347.648621
-0.295177 0.079558 -0.952125 135.955643 -0.055829 0.993388 0.100314 -38.520111 0.953809 0.082767 -0.288784 347.331146
-0.296347 0.082042 -0.951550 134.734131 -0.056774 0.993028 0.103300 -38.418545 0.953391 0.084636 -0.289623 347.011200
-0.296859 0.082294 -0.951368 133.523376 -0.058858 0.992808 0.104245 -38.312748 0.953105 0.086941 -0.289880 346.667267
-0.296496 0.081394 -0.951559 132.312454 -0.060089 0.992797 0.103645 -38.207485 0.953141 0.087908 -0.289470 346.345154
-0.295957 0.079925 -0.951851 131.102142 -0.060842 0.992892 0.102289 -38.102085 0.953262 0.088186 -0.288990 346.028564
-0.295613 0.079888 -0.951962 129.886887 -0.060600 0.992922 0.102145 -37.997364 0.953384 0.087884 -0.288679 345.724731
-0.295769 0.081144 -0.951807 128.677582 -0.059341 0.992900 0.103087 -37.892525 0.953414 0.086971 -0.288853 345.405060
-0.296595 0.081240 -0.951541 127.487274 -0.059019 0.992911 0.103169 -37.786739 0.953178 0.086759 -0.289697 345.060669
-0.297511 0.080852 -0.951288 126.290215 -0.059085 0.992937 0.102871 -37.681309 0.952888 0.086812 -0.290632 344.730713
-0.298292 0.080680 -0.951059 125.087608 -0.058864 0.992968 0.102698 -37.577419 0.952658 0.086616 -0.291445 344.415039
-0.298967 0.080344 -0.950875 123.883644 -0.059160 0.992971 0.102502 -37.474304 0.952427 0.086899 -0.292113 344.101501
-0.299381 0.080030 -0.950771 122.687920 -0.059020 0.993014 0.102171 -37.370678 0.952306 0.086702 -0.292567 343.778137
-0.299610 0.080108 -0.950693 121.489670 -0.058193 0.993078 0.102020 -37.267544 0.952285 0.085890 -0.292874 343.462646
-0.299657 0.080096 -0.950679 120.295105 -0.057918 0.993103 0.101927 -37.163330 0.952287 0.085604 -0.292951 343.143036
-0.299254 0.081824 -0.950659 119.100037 -0.056692 0.993031 0.103317 -37.057602 0.952488 0.084813 -0.292530 342.822144
-0.298872 0.082192 -0.950747 117.909981 -0.058607 0.992822 0.104254 -36.952572 0.952491 0.086879 -0.291910 342.499603
-0.298205 0.079864 -0.951155 116.721123 -0.059059 0.993040 0.101898 -36.846828 0.952673 0.086560 -0.291413 342.175201
-0.297953 0.076921 -0.951476 115.537849 -0.060403 0.993231 0.099213 -36.743416 0.952667 0.087033 -0.291290 341.853363
-0.297557 0.077043 -0.951590 114.351387 -0.062079 0.993067 0.099813 -36.641815 0.952683 0.088773 -0.290712 341.530914
-0.297189 0.079970 -0.951464 113.161201 -0.062353 0.992734 0.102915 -36.540409 0.952780 0.089911 -0.290044 341.213318
-0.296985 0.080023 -0.951523 111.979759 -0.061483 0.992811 0.102686 -36.439213 0.952901 0.089000 -0.289929 340.900024
-0.296835 0.075639 -0.951928 110.802322 -0.060573 0.993358 0.097821 -36.338276 0.953005 0.086698 -0.290281 340.586975
-0.296556 0.072142 -0.952286 109.630455 -0.059983 0.993766 0.093965 -36.240623 0.953130 0.084987 -0.290380 340.272491
-0.296371 0.071872 -0.952365 108.454735 -0.060382 0.993759 0.093788 -36.147274 0.953161 0.085302 -0.290181 339.958740
-0.296229 0.072805 -0.952338 107.282669 -0.060338 0.993672 0.094735 -36.054649 0.953209 0.085525 -0.289962 339.646301
-0.296178 0.073146 -0.952327 106.112114 -0.060274 0.993644 0.095065 -35.961269 0.953229 0.085556 -0.289886 339.335205
-0.296225 0.072655 -0.952351 104.962746 -0.061374 0.993594 0.094893 -35.861572 0.953144 0.086559 -0.289868 339.007751
-0.296287 0.072658 -0.952331 103.818031 -0.062830 0.993459 0.095344 -35.770435 0.953029 0.088085 -0.289784 338.667755
-0.296111 0.073756 -0.952302 102.659264 -0.062863 0.993347 0.096484 -35.677162 0.953082 0.088434 -0.289504 338.347290
-0.296073 0.073651 -0.952322 101.507965 -0.062820 0.993362 0.096356 -35.587685 0.953097 0.088352 -0.289480 338.029144
-0.296272 0.073697 -0.952256 100.348816 -0.062625 0.993374 0.096365 -35.493721 0.953048 0.088185 -0.289693 337.721802
-0.296471 0.073707 -0.952193 99.189690 -0.062199 0.993410 0.096263 -35.398151 0.953014 0.087764 -0.289932 337.415863
-0.296844 0.073540 -0.952090 98.033997 -0.061874 0.993453 0.096027 -35.302628 0.952919 0.087415 -0.290350 337.108643
-0.297388 0.073521 -0.951922 96.882011 -0.061509 0.993484 0.095948 -35.207546 0.952773 0.087085 -0.290928 336.799927
-0.298223 0.073473 -0.951664 95.727753 -0.061003 0.993527 0.095823 -35.113724 0.952545 0.086630 -0.291810 336.500763
-0.299440 0.073457 -0.951283 94.585358 -0.059823 0.993624 0.095557 -35.020523 0.952238 0.085522 -0.293136 336.185699
-0.301299 0.074580 -0.950609 93.446182 -0.058686 0.993596 0.096554 -34.927032 0.951722 0.084878 -0.294992 335.874054
-0.303613 0.078470 -0.949558 92.308983 -0.057712 0.993258 0.100535 -34.830875 0.951046 0.085325 -0.297037 335.558289
-0.306678 0.083138 -0.948175 91.172905 -0.056914 0.992793 0.105460 -34.731430 0.950110 0.086307 -0.299737 335.238159
-0.310653 0.085593 -0.946661 90.044060 -0.055609 0.992594 0.107996 -34.628002 0.948895 0.086192 -0.303593 334.915070
-0.315863 0.085811 -0.944916 88.920815 -0.055620 0.992514 0.108728 -34.521530 0.947173 0.086899 -0.308725 334.585754
-0.321985 0.084094 -0.943002 87.805138 -0.056867 0.992530 0.107929 -34.414928 0.945035 0.088376 -0.314797 334.246735
-0.328484 0.081393 -0.940996 86.696205 -0.057672 0.992692 0.105998 -34.309284 0.942747 0.089087 -0.321388 333.903900
-0.334650 0.078969 -0.939028 85.627075 -0.059224 0.992749 0.104594 -34.205502 0.940479 0.090616 -0.327547 333.521912
-0.342296 0.077961 -0.936352 84.555206 -0.060035 0.992700 0.104600 -34.103191 0.937672 0.092018 -0.335117 333.140961
-0.350614 0.078702 -0.933208 83.470428 -0.059576 0.992570 0.106092 -33.999878 0.934623 0.092793 -0.343320 332.767029
-0.358943 0.079486 -0.929969 82.396042 -0.058493 0.992492 0.107407 -33.905148 0.931525 0.092949 -0.351599 332.393219
-0.366775 0.079164 -0.926935 81.318161 -0.057481 0.992541 0.107511 -33.804424 0.928532 0.092713 -0.359489 332.018372
-0.374024 0.077672 -0.924161 80.215286 -0.058608 0.992515 0.107138 -33.690277 0.925565 0.094236 -0.366671 331.649292
-0.380059 0.077212 -0.921734 79.154114 -0.061406 0.992205 0.108436 -33.584614 0.922921 0.097813 -0.372354 331.248535
-0.384068 0.075791 -0.920188 78.119858 -0.065112 0.991920 0.108877 -33.485947 0.921005 0.101732 -0.376030 330.827057
-0.387047 0.070848 -0.919333 77.097733 -0.066952 0.992252 0.104656 -33.390949 0.919626 0.102058 -0.379305 330.404205
-0.389746 0.061958 -0.918835 76.079384 -0.067369 0.993142 0.095545 -33.297878 0.918454 0.099138 -0.382899 329.987335
-0.392958 0.055409 -0.917885 75.055992 -0.066051 0.993904 0.088275 -33.209942 0.917181 0.095316 -0.386902 329.583801
-0.394959 0.052694 -0.917186 74.026459 -0.064567 0.994292 0.084929 -33.126862 0.916428 0.092763 -0.389301 329.186462
-0.396513 0.055054 -0.916377 72.996010 -0.065551 0.993954 0.088079 -33.042248 0.915686 0.094994 -0.390507 328.782776
-0.397300 0.060212 -0.915711 71.952904 -0.067223 0.993254 0.094477 -32.954174 0.915223 0.099093 -0.390572 328.374847
-0.397905 0.059607 -0.915488 70.925560 -0.069570 0.993053 0.094897 -32.865578 0.914785 0.101450 -0.390993 327.962128
-0.396954 0.055163 -0.916179 69.937408 -0.072600 0.993177 0.091255 -32.772797 0.914963 0.102738 -0.390240 327.531158
-0.395719 0.054167 -0.916773 68.940903 -0.075298 0.992984 0.091172 -32.684586 0.915279 0.105109 -0.388863 327.110229
-0.392168 0.059254 -0.917983 67.943138 -0.075051 0.992535 0.096129 -32.592361 0.916826 0.106594 -0.384794 326.693054
-0.387470 0.067137 -0.919434 66.939713 -0.078086 0.991370 0.105298 -32.496223 0.918569 0.112594 -0.378883 326.281464
-0.381165 0.074017 -0.921539 65.933449 -0.081066 0.990274 0.113069 -32.396069 0.920945 0.117803 -0.371457 325.878387
-0.373179 0.071988 -0.924962 64.937798 -0.083968 0.990272 0.110949 -32.279308 0.923952 0.119071 -0.363504 325.464478
-0.365893 0.069540 -0.928055 63.925320 -0.088735 0.990054 0.109171 -32.170399 0.926416 0.122296 -0.356082 325.087921
-0.359082 0.067419 -0.930868 62.910679 -0.095159 0.989544 0.108378 -32.071022 0.928442 0.127497 -0.348912 324.728760
-0.352145 0.066312 -0.933593 61.894356 -0.100778 0.989001 0.108261 -31.970816 0.930504 0.132209 -0.341589 324.363617
-0.344947 0.064991 -0.936369 60.881470 -0.105243 0.988631 0.107389 -31.867937 0.932703 0.135589 -0.334184 323.995850
-0.338243 0.062817 -0.938959 59.866943 -0.110626 0.988196 0.105963 -31.753984 0.934534 0.139715 -0.327301 323.636841
-0.330186 0.061262 -0.941926 58.853569 -0.114979 0.987850 0.104555 -31.638170 0.936887 0.142824 -0.319130 323.267059
-0.322929 0.059361 -0.944559 57.834305 -0.120132 0.987387 0.103124 -31.544744 0.938767 0.146773 -0.311725 322.905182
-0.315725 0.055909 -0.947202 56.810135 -0.122339 0.987531 0.099069 -31.448938 0.940930 0.147158 -0.304949 322.561554
-0.309507 0.052923 -0.949423 55.777199 -0.122866 0.987854 0.095120 -31.359217 0.942926 0.146093 -0.299244 322.232910
-0.303653 0.050832 -0.951426 54.732399 -0.122578 0.988192 0.091919 -31.268423 0.944864 0.144535 -0.293837 321.909790
-0.300334 0.054368 -0.952284 53.675976 -0.120105 0.988271 0.094303 -31.181688 0.946242 0.142697 -0.290281 321.603027
-0.297536 0.058566 -0.952913 52.617035 -0.117213 0.988324 0.097342 -31.090658 0.947488 0.140656 -0.287198 321.282532
-0.295371 0.061251 -0.953417 51.551628 -0.115834 0.988284 0.099379 -30.990648 0.948334 0.139792 -0.284816 320.948944
-0.294005 0.060488 -0.953888 50.483772 -0.115530 0.988429 0.098287 -30.887434 0.948796 0.139100 -0.283614 320.617554
-0.293539 0.058984 -0.954126 49.409431 -0.116750 0.988410 0.097023 -30.791447 0.948791 0.139875 -0.283249 320.288025
-0.293259 0.057816 -0.954283 48.324989 -0.118362 0.988294 0.096251 -30.697672 0.948678 0.141178 -0.282983 319.956635
-0.293520 0.057113 -0.954246 47.241234 -0.117169 0.988537 0.095207 -30.597876 0.948745 0.139752 -0.283463 319.633881
-0.294108 0.057241 -0.954056 46.150738 -0.116008 0.988687 0.095081 -30.500685 0.948705 0.138643 -0.284141 319.307831
-0.293861 0.057712 -0.954104 45.045383 -0.115243 0.988754 0.095304 -30.401823 0.948875 0.137959 -0.283905 318.955200
-0.295272 0.058580 -0.953616 43.940022 -0.114455 0.988761 0.096179 -30.306141 0.948532 0.137545 -0.285248 318.626862
-0.295708 0.059438 -0.953427 42.831577 -0.114026 0.988730 0.097005 -30.212446 0.948449 0.137401 -0.285596 318.311981
-0.295753 0.059113 -0.953434 41.724506 -0.113325 0.988863 0.096464 -30.104322 0.948518 0.136578 -0.285760 317.955139
-0.296171 0.059284 -0.953294 40.620773 -0.113343 0.988838 0.096708 -30.000746 0.948386 0.136690 -0.286145 317.588440
-0.296998 0.059756 -0.953006 39.520157 -0.113027 0.988823 0.097228 -29.898434 0.948165 0.136591 -0.286924 317.227325
-0.298082 0.060292 -0.952634 38.425728 -0.112607 0.988813 0.097818 -29.799791 0.947874 0.136430 -0.287958 316.875488
-0.299580 0.060830 -0.952130 37.332649 -0.112373 0.988768 0.098528 -29.704554 0.947430 0.136510 -0.289379 316.528809
-0.301049 0.060876 -0.951664 36.239216 -0.113362 0.988598 0.099102 -29.606321 0.946846 0.137716 -0.290716 316.182220
-0.302109 0.060839 -0.951330 35.148384 -0.115086 0.988333 0.099755 -29.507078 0.946301 0.139621 -0.291583 315.832184
-0.303018 0.059606 -0.951119 34.060181 -0.115629 0.988368 0.098780 -29.415451 0.945944 0.139908 -0.292601 315.493622
-0.302448 0.056042 -0.951517 32.981678 -0.117101 0.988522 0.095445 -29.319258 0.945945 0.140290 -0.292414 315.141510
-0.302455 0.055007 -0.951575 31.903761 -0.117521 0.988563 0.094500 -29.224331 0.945891 0.140413 -0.292531 314.790039
-0.302232 0.056445 -0.951561 30.825138 -0.117579 0.988414 0.095978 -29.136311 0.945955 0.140891 -0.292094 314.442261
-0.301563 0.058172 -0.951670 29.750772 -0.117113 0.988318 0.097524 -29.045748 0.946226 0.140862 -0.291227 314.089996
-0.301685 0.057550 -0.951669 28.689529 -0.116471 0.988475 0.096699 -28.951990 0.946267 0.140014 -0.291505 313.753876
-0.301595 0.057450 -0.951704 27.626898 -0.116509 0.988481 0.096593 -28.855076 0.946291 0.140014 -0.291427 313.412933
-0.301728 0.058764 -0.951581 26.564707 -0.116091 0.988406 0.097850 -28.762394 0.946300 0.139994 -0.291407 313.071320
-0.301772 0.058676 -0.951572 25.503473 -0.116065 0.988419 0.097757 -28.668005 0.946288 0.139945 -0.291466 312.732727
-0.301696 0.057711 -0.951655 24.443439 -0.116281 0.988487 0.096809 -28.569727 0.946287 0.139866 -0.291512 312.393036
-0.301194 0.056973 -0.951860 23.393251 -0.116751 0.988500 0.096110 -28.477106 0.946388 0.140079 -0.291078 312.046783
-0.300890 0.057976 -0.951895 22.344746 -0.117356 0.988313 0.097290 -28.395002 0.946410 0.140984 -0.290569 311.702148
-0.301210 0.059448 -0.951703 21.303514 -0.117338 0.988158 0.098863 -28.315388 0.946311 0.141449 -0.290667 311.372284
-0.301509 0.059273 -0.951620 20.273308 -0.117299 0.988178 0.098715 -28.225607 0.946221 0.141387 -0.290991 311.046478
-0.301120 0.058417 -0.951795 19.248219 -0.118012 0.988166 0.097985 -28.139467 0.946255 0.141829 -0.290662 310.713623
-0.300921 0.057650 -0.951905 18.225466 -0.118243 0.988213 0.097230 -28.053141 0.946290 0.141814 -0.290557 310.381500
-0.301055 0.056899 -0.951908 17.219095 -0.118113 0.988307 0.096430 -27.968012 0.946264 0.141464 -0.290813 310.074341
-0.300944 0.055776 -0.952010 16.216066 -0.117912 0.988451 0.095185 -27.890654 0.946324 0.140898 -0.290892 309.783447
-0.300715 0.053766 -0.952198 15.204740 -0.117424 0.988725 0.092913 -27.802565 0.946458 0.139751 -0.291010 309.482635
-0.299486 0.052750 -0.952641 14.187201 -0.117841 0.988780 0.091798 -27.708788 0.946795 0.139753 -0.289909 309.173828
-0.297968 0.054094 -0.953042 13.168153 -0.116312 0.988896 0.092495 -27.616430 0.947463 0.138410 -0.288368 308.866669
-0.297312 0.056996 -0.953078 12.147390 -0.116785 0.988549 0.095550 -27.523584 0.947611 0.139713 -0.287252 308.554138
-0.296923 0.060669 -0.952972 11.128966 -0.117543 0.988067 0.099527 -27.430271 0.947639 0.141567 -0.286248 308.239227
-0.297010 0.062608 -0.952819 10.114224 -0.117834 0.987817 0.101640 -27.335569 0.947576 0.142463 -0.286014 307.924652
-0.296926 0.062311 -0.952865 9.092257 -0.119243 0.987637 0.101744 -27.242476 0.947425 0.143833 -0.285826 307.572449
-0.297794 0.060783 -0.952693 8.091125 -0.120163 0.987646 0.100575 -27.162399 0.947037 0.144428 -0.286811 307.259369
-0.298034 0.059893 -0.952675 7.081206 -0.121022 0.987604 0.099950 -27.068029 0.946852 0.145083 -0.287092 306.936157
-0.298959 0.060078 -0.952373 6.082436 -0.120326 0.987677 0.100078 -26.978834 0.946650 0.144514 -0.288046 306.631012
-0.300267 0.058915 -0.952034 5.088387 -0.119710 0.987871 0.098889 -26.891592 0.946313 0.143661 -0.289571 306.333832
-0.302193 0.058640 -0.951441 4.100616 -0.120442 0.987757 0.099134 -26.806227 0.945606 0.144551 -0.291431 306.034302
-0.302492 0.058924 -0.951328 3.113447 -0.120918 0.987650 0.099623 -26.722687 0.945450 0.145169 -0.291632 305.736542
-0.302666 0.059304 -0.951250 2.124160 -0.119958 0.987755 0.099748 -26.638809 0.945518 0.144300 -0.291846 305.420807
-0.302081 0.058676 -0.951475 1.136942 -0.119599 0.987884 0.098893 -26.550425 0.945750 0.143669 -0.291403 305.106628
-0.300285 0.058452 -0.952057 0.140457 -0.120398 0.987814 0.098622 -26.460857 0.946220 0.144239 -0.289588 304.774902
-0.299354 0.059585 -0.952280 -0.846049 -0.119915 0.987784 0.099504 -26.378136 0.946576 0.143980 -0.288552 304.464417
-0.298116 0.060669 -0.952600 -1.829072 -0.119969 0.987682 0.100448 -26.295963 0.946960 0.144228 -0.287164 304.163940
-0.296724 0.061309 -0.952993 -2.815336 -0.120280 0.987589 0.100986 -26.205210 0.947358 0.144591 -0.285667 303.844513
-0.295766 0.060414 -0.953348 -3.795468 -0.120153 0.987719 0.099869 -26.108624 0.947674 0.144086 -0.284874 303.531372
-0.294714 0.059550 -0.953728 -4.773288 -0.120139 0.987828 0.098804 -26.010374 0.948003 0.143699 -0.283972 303.223450
-0.293058 0.058514 -0.954302 -5.737635 -0.122379 0.987618 0.098139 -25.925585 0.948230 0.145547 -0.282268 302.909027
-0.291537 0.059612 -0.954700 -6.703045 -0.121693 0.987635 0.098831 -25.840208 0.948787 0.144993 -0.280678 302.594330
-0.291291 0.061093 -0.954682 -7.666890 -0.121731 0.987479 0.100336 -25.751762 0.948858 0.145441 -0.280206 302.280029
-0.291531 0.061721 -0.954568 -8.625492 -0.121541 0.987437 0.100967 -25.663874 0.948808 0.145454 -0.280366 301.967377
-0.291669 0.060578 -0.954599 -9.562842 -0.120444 0.987723 0.099482 -25.579849 0.948905 0.143991 -0.280791 301.672516
-0.292797 0.058280 -0.954396 -10.475805 -0.119387 0.988101 0.096966 -25.500359 0.948691 0.142333 -0.282356 301.401794
-0.294776 0.057705 -0.953823 -11.373379 -0.118383 0.988279 0.096377 -25.429544 0.948205 0.141326 -0.284490 301.146576
-0.295297 0.058882 -0.953589 -12.260172 -0.117322 0.988310 0.097357 -25.362938 0.948174 0.140626 -0.284937 300.895416
-0.295885 0.060905 -0.953280 -13.137202 -0.116546 0.988207 0.099312 -25.295771 0.948087 0.140485 -0.285297 300.642242
-0.296193 0.062264 -0.953097 -14.003671 -0.115696 0.988186 0.100512 -25.229586 0.948095 0.140040 -0.285490 300.387848
-0.296656 0.059491 -0.953130 -14.852862 -0.114990 0.988570 0.097494 -25.149998 0.948036 0.138523 -0.286424 300.120117
-0.296872 0.057461 -0.953186 -15.691211 -0.115186 0.988743 0.095480 -25.063971 0.947944 0.138139 -0.286912 299.844452
-0.296827 0.056959 -0.953231 -16.515459 -0.115447 0.988757 0.095032 -25.001366 0.947927 0.138256 -0.286914 299.571838
-0.296785 0.057797 -0.953194 -17.324730 -0.115967 0.988597 0.096051 -24.944990 0.947877 0.139045 -0.286699 299.310181
-0.296842 0.057535 -0.953192 -18.120148 -0.116672 0.988519 0.096002 -24.885950 0.947772 0.139709 -0.286721 299.056549
-0.296522 0.056672 -0.953343 -18.904922 -0.117083 0.988550 0.095183 -24.824570 0.947821 0.139844 -0.286491 298.809387
-0.296392 0.056642 -0.953386 -19.681145 -0.117843 0.988442 0.095361 -24.760300 0.947768 0.140615 -0.286291 298.562866
-0.295878 0.056791 -0.953536 -20.446375 -0.118697 0.988307 0.095693 -24.696304 0.947822 0.141496 -0.285677 298.320038
-0.293953 0.056991 -0.954120 -21.189154 -0.120483 0.988048 0.096138 -24.636679 0.948196 0.143215 -0.283573 298.076355
-0.291596 0.056282 -0.954884 -21.911598 -0.122075 0.987915 0.095508 -24.578295 0.948720 0.144417 -0.281201 297.849640
-0.288238 0.055823 -0.955930 -22.623844 -0.122868 0.987890 0.094738 -24.519218 0.949643 0.144761 -0.277889 297.634979
-0.283193 0.055298 -0.957468 -23.326477 -0.124174 0.987818 0.093780 -24.460783 0.950990 0.145450 -0.272876 297.425629
-0.276673 0.056125 -0.959323 -24.020828 -0.125593 0.987618 0.094002 -24.403027 0.952721 0.146493 -0.266198 297.222717
-0.268899 0.057641 -0.961442 -24.703712 -0.126420 0.987459 0.094559 -24.347689 0.954836 0.146972 -0.258240 297.028412
-0.260161 0.058562 -0.963788 -25.371122 -0.126085 0.987551 0.094042 -24.296219 0.957297 0.145985 -0.249538 296.845398
-0.250613 0.058534 -0.966316 -26.023426 -0.126625 0.987612 0.092666 -24.246605 0.959770 0.145583 -0.240096 296.671814
-0.240126 0.057316 -0.969048 -26.660828 -0.126757 0.987856 0.089840 -24.198210 0.962430 0.144406 -0.229944 296.508728
-0.229483 0.054828 -0.971766 -27.288126 -0.127984 0.988042 0.085972 -24.151842 0.964861 0.144100 -0.219722 296.353149
-0.218495 0.053836 -0.974352 -27.907278 -0.128328 0.988219 0.083381 -24.107946 0.967363 0.143255 -0.209012 296.206604
-0.208056 0.054062 -0.976621 -28.498638 -0.126962 0.988531 0.081770 -24.068163 0.969841 0.141008 -0.198805 296.104736
-0.196749 0.054657 -0.978929 -29.077681 -0.125207 0.988869 0.080377 -24.034327 0.972426 0.138382 -0.187715 296.007263
-0.186017 0.054961 -0.981008 -29.647989 -0.122758 0.989310 0.078704 -24.003263 0.974847 0.135067 -0.177282 295.912262
-0.177058 0.055588 -0.982629 -30.218750 -0.120063 0.989726 0.077624 -23.971563 0.976850 0.131721 -0.168565 295.831421
-0.167327 0.056080 -0.984305 -30.787273 -0.117907 0.990077 0.076453 -23.940828 0.978825 0.128849 -0.159054 295.754486
-0.158458 0.056762 -0.985733 -31.352539 -0.114671 0.990532 0.075472 -23.910429 0.980684 0.124993 -0.150449 295.681183
-0.150613 0.058405 -0.986866 -31.907784 -0.110228 0.991035 0.075476 -23.879860 0.982428 0.120147 -0.142824 295.606384
-0.143190 0.060086 -0.987869 -32.456459 -0.106081 0.991472 0.075682 -23.850313 0.983993 0.115631 -0.135595 295.533203
-0.136484 0.061200 -0.988750 -33.000290 -0.102661 0.991841 0.075564 -23.820913 0.985308 0.111819 -0.129087 295.462616
-0.130060 0.062362 -0.989543 -33.539974 -0.099795 0.992129 0.075642 -23.792009 0.986470 0.108589 -0.122812 295.395050
-0.123734 0.064135 -0.990240 -34.075340 -0.096320 0.992420 0.076314 -23.763300 0.987630 0.104823 -0.116618 295.331635
-0.117465 0.065413 -0.990920 -34.605549 -0.092982 0.992720 0.076555 -23.734898 0.988714 0.101131 -0.110527 295.271759
-0.111044 0.065618 -0.991647 -35.130554 -0.089895 0.993064 0.075779 -23.707361 0.989741 0.097559 -0.104375 295.214081
-0.104110 0.065707 -0.992393 -35.651363 -0.087919 0.993301 0.074992 -23.679659 0.990672 0.095058 -0.097636 295.158478
-0.096243 0.066163 -0.993156 -36.165550 -0.085748 0.993527 0.074498 -23.652483 0.991657 0.092330 -0.089947 295.107544
-0.088262 0.066514 -0.993874 -36.671352 -0.083317 0.993778 0.073908 -23.626135 0.992607 0.089330 -0.082171 295.062286
-0.080021 0.066736 -0.994556 -37.169868 -0.081411 0.993985 0.073249 -23.600340 0.993462 0.086828 -0.074106 295.021149
-0.071013 0.067121 -0.995214 -37.658730 -0.079868 0.994147 0.072750 -23.574884 0.994272 0.084652 -0.065237 294.984650
-0.061144 0.068169 -0.995799 -38.124573 -0.079002 0.994204 0.072912 -23.547678 0.994997 0.083128 -0.055404 294.962341
-0.050670 0.069449 -0.996298 -38.590473 -0.078247 0.994236 0.073286 -23.522688 0.995645 0.081670 -0.044944 294.937866
-0.039442 0.069385 -0.996809 -39.044704 -0.076038 0.994485 0.072233 -23.500345 0.996324 0.078644 -0.033949 294.920715
-0.026962 0.068186 -0.997308 -39.469997 -0.074162 0.994785 0.070020 -23.480257 0.996881 0.075850 -0.021765 294.919800
-0.012800 0.066430 -0.997709 -39.878445 -0.073686 0.995015 0.067197 -23.462145 0.997199 0.074376 -0.007841 294.922974
0.002490 0.064776 -0.997897 -40.286510 -0.075672 0.995050 0.064404 -23.444603 0.997130 0.075352 0.007379 294.922974
0.019275 0.062636 -0.997850 -40.687084 -0.077656 0.995114 0.060965 -23.426849 0.996794 0.076314 0.024044 294.930054
0.037678 0.059151 -0.997538 -41.081863 -0.079481 0.995261 0.056015 -23.410097 0.996123 0.077175 0.042201 294.944244
0.058037 0.056056 -0.996740 -41.475796 -0.080077 0.995466 0.051323 -23.395529 0.995097 0.076837 0.062263 294.965790
0.080445 0.054980 -0.995242 -41.863415 -0.081245 0.995516 0.048428 -23.381115 0.993442 0.076963 0.084552 294.995270
0.105138 0.056472 -0.992853 -42.238689 -0.082012 0.995477 0.047937 -23.368179 0.991070 0.076386 0.109294 295.033020
0.131575 0.058811 -0.989560 -42.543652 -0.081516 0.995499 0.048326 -23.364096 0.987949 0.074306 0.135777 295.097473
0.157399 0.059388 -0.985747 -42.813168 -0.079422 0.995717 0.047308 -23.362280 0.984336 0.070844 0.161442 295.164764
0.181292 0.058924 -0.981662 -43.054882 -0.076434 0.996028 0.045672 -23.360050 0.980454 0.066752 0.185076 295.232605
0.202885 0.058658 -0.977444 -43.267876 -0.077433 0.996039 0.043703 -23.358376 0.976135 0.066819 0.206624 295.289246
0.221685 0.057502 -0.973421 -43.461643 -0.079048 0.996033 0.040836 -23.358765 0.971909 0.067895 0.225351 295.340027
0.236843 0.056173 -0.969922 -43.641090 -0.079318 0.996112 0.038322 -23.358976 0.968304 0.067856 0.240379 295.386871
0.248588 0.055680 -0.967007 -43.787636 -0.076848 0.996333 0.037615 -23.358923 0.965556 0.064962 0.251955 295.428253
0.256185 0.055421 -0.965037 -43.906818 -0.075192 0.996472 0.037266 -23.359015 0.963698 0.063016 0.259449 295.458466
0.259763 0.054532 -0.964131 -44.000202 -0.074271 0.996575 0.036357 -23.359304 0.962812 0.062162 0.262923 295.476349
0.258624 0.054157 -0.964459 -43.994011 -0.077498 0.996372 0.035169 -23.363398 0.962864 0.065648 0.261884 295.469177
0.258714 0.051475 -0.964581 -43.942833 -0.080291 0.996268 0.031632 -23.366737 0.962610 0.069263 0.261882 295.456909
0.258904 0.046836 -0.964767 -43.933250 -0.080731 0.996377 0.026707 -23.368744 0.962523 0.070972 0.261747 295.454102
0.258612 0.045309 -0.964918 -43.930729 -0.079668 0.996497 0.025441 -23.367527 0.962690 0.070294 0.261317 295.456177
0.259122 0.046216 -0.964738 -43.924786 -0.078654 0.996547 0.026615 -23.368258 0.962636 0.068983 0.261863 295.456879
0.259459 0.046931 -0.964613 -43.919338 -0.078694 0.996524 0.027318 -23.368692 0.962542 0.068822 0.262251 295.455383
0.259507 0.047613 -0.964567 -43.916973 -0.079035 0.996480 0.027925 -23.367613 0.962501 0.068987 0.262356 295.454102
0.259908 0.047924 -0.964443 -43.910496 -0.079455 0.996442 0.028102 -23.366869 0.962359 0.069325 0.262792 295.453613
0.260169 0.047616 -0.964388 -43.904530 -0.079376 0.996456 0.027786 -23.366323 0.962294 0.069320 0.263027 295.454163
0.260397 0.047381 -0.964339 -43.901279 -0.079256 0.996472 0.027560 -23.364851 0.962242 0.069253 0.263235 295.454285
0.260634 0.047763 -0.964255 -43.895729 -0.079478 0.996446 0.027876 -23.364067 0.962160 0.069372 0.263504 295.453827
0.260769 0.047640 -0.964225 -43.891689 -0.079588 0.996442 0.027709 -23.363300 0.962115 0.069515 0.263633 295.452850
0.260834 0.047352 -0.964221 -43.887432 -0.079536 0.996454 0.027421 -23.361708 0.962102 0.069539 0.263676 295.453888
0.261212 0.047046 -0.964134 -43.876297 -0.079811 0.996444 0.027001 -23.356184 0.961976 0.069895 0.264039 295.452911
0.261567 0.046877 -0.964046 -43.872742 -0.080178 0.996423 0.026699 -23.350700 0.961849 0.070311 0.264391 295.456024
0.262933 0.046241 -0.963705 -43.871262 -0.080836 0.996394 0.025756 -23.348537 0.961422 0.071130 0.265723 295.455627
0.264520 0.045759 -0.963294 -43.879356 -0.080838 0.996410 0.025135 -23.347410 0.960986 0.071222 0.267269 295.453857
0.266556 0.046249 -0.962709 -43.868431 -0.080623 0.996417 0.025547 -23.367819 0.960441 0.070807 0.269331 295.451996
0.268730 0.046218 -0.962106 -43.892227 -0.080952 0.996397 0.025255 -23.368361 0.959807 0.071098 0.271503 295.446899
0.271999 0.045927 -0.961201 -43.921738 -0.081393 0.996379 0.024576 -23.362047 0.958849 0.071550 0.274752 295.463470
0.275587 0.045451 -0.960201 -43.955173 -0.081346 0.996400 0.023818 -23.352800 0.957828 0.071544 0.278293 295.478912
0.280135 0.045242 -0.958893 -43.985394 -0.081323 0.996416 0.023255 -23.348040 0.956509 0.071465 0.282811 295.492584
0.286399 0.044753 -0.957064 -44.020206 -0.082186 0.996373 0.021998 -23.343935 0.954579 0.072357 0.289038 295.508789
0.294630 0.043317 -0.954629 -44.061508 -0.083501 0.996317 0.019439 -23.340693 0.951955 0.073984 0.297164 295.529602
0.305024 0.041300 -0.951449 -44.110882 -0.084351 0.996304 0.016206 -23.338470 0.948602 0.075312 0.307380 295.556732
0.317885 0.039714 -0.947297 -44.181744 -0.084979 0.996294 0.013253 -23.338484 0.944313 0.076287 0.320082 295.598816
0.333408 0.039018 -0.941975 -44.269749 -0.084930 0.996323 0.011209 -23.340084 0.938949 0.076265 0.335497 295.653625
0.350975 0.039102 -0.935568 -44.371918 -0.085081 0.996326 0.009724 -23.342016 0.932511 0.076186 0.353013 295.716248
0.370543 0.039392 -0.927980 -44.476433 -0.085510 0.996303 0.008148 -23.342735 0.924870 0.076333 0.372542 295.780975
0.391767 0.039568 -0.919213 -44.590511 -0.085972 0.996278 0.006245 -23.343939 0.916039 0.076579 0.393711 295.853577
0.414319 0.039760 -0.909262 -44.714031 -0.086279 0.996261 0.004251 -23.345694 0.906032 0.076688 0.416201 295.935181
0.437513 0.040074 -0.898319 -44.845818 -0.086103 0.996283 0.002509 -23.347757 0.895080 0.076250 0.439337 296.025208
0.460297 0.040092 -0.886860 -44.984165 -0.085263 0.996358 0.000790 -23.350080 0.883661 0.075252 0.462039 296.121735
0.482094 0.039837 -0.875213 -45.130028 -0.083942 0.996470 -0.000880 -23.352591 0.872088 0.073892 0.483737 296.224457
0.502041 0.039645 -0.863934 -45.284996 -0.083933 0.996466 -0.003046 -23.354670 0.860761 0.074042 0.503596 296.331238
0.519807 0.039760 -0.853357 -45.452435 -0.086894 0.996195 -0.006514 -23.357559 0.849853 0.077538 0.521285 296.441467
0.536709 0.039929 -0.842822 -45.639156 -0.091440 0.995748 -0.011053 -23.361246 0.838797 0.083000 0.538079 296.566010
0.555195 0.040952 -0.830711 -45.839916 -0.094740 0.995399 -0.014246 -23.367018 0.826307 0.086611 0.556521 296.709137
0.575960 0.044255 -0.816279 -46.054958 -0.097999 0.995070 -0.015198 -23.373688 0.811582 0.088748 0.577459 296.871338
0.598068 0.047281 -0.800049 -46.281189 -0.101219 0.994720 -0.016878 -23.380829 0.795027 0.091075 0.599697 297.052032
0.621511 0.047880 -0.781941 -46.514011 -0.102288 0.994545 -0.020401 -23.389668 0.776698 0.092662 0.623019 297.253082
0.646146 0.046536 -0.761794 -46.752369 -0.101222 0.994547 -0.025100 -23.400331 0.756471 0.093329 0.647333 297.476227
0.671350 0.043684 -0.739852 -46.995174 -0.099041 0.994595 -0.031144 -23.413191 0.734493 0.094183 0.672049 297.719788
0.696920 0.040711 -0.715993 -47.242905 -0.097085 0.994552 -0.037948 -23.428762 0.710547 0.095959 0.697075 297.982971
0.722700 0.040171 -0.689994 -47.496616 -0.096549 0.994389 -0.043232 -23.446466 0.684386 0.097861 0.722523 298.266785
0.747948 0.041189 -0.662478 -47.754047 -0.097249 0.994102 -0.047987 -23.466234 0.656594 0.100317 0.747542 298.570251
0.771361 0.042623 -0.634969 -48.013439 -0.097802 0.993841 -0.052094 -23.488024 0.628837 0.102285 0.770779 298.895111
0.792547 0.042723 -0.608312 -48.271053 -0.095676 0.993900 -0.054849 -23.510956 0.602258 0.101672 0.791800 299.241302
0.811643 0.041826 -0.582654 -48.526875 -0.091598 0.994207 -0.056228 -23.537029 0.576927 0.099008 0.810773 299.607452
0.828684 0.040682 -0.558236 -48.782810 -0.087285 0.994545 -0.057091 -23.565695 0.552868 0.096035 0.827716 299.991882
0.843458 0.041255 -0.535607 -49.041527 -0.084547 0.994815 -0.056515 -23.594702 0.530499 0.092952 0.842574 300.394104
0.856333 0.041756 -0.514733 -49.301701 -0.082820 0.994929 -0.057070 -23.625891 0.509739 0.091501 0.855448 300.812439
0.867637 0.041391 -0.495472 -49.576336 -0.082590 0.994682 -0.061529 -23.665184 0.490290 0.094306 0.866442 301.276550
0.877861 0.040495 -0.477200 -49.851997 -0.082240 0.994364 -0.066906 -23.708015 0.471801 0.097979 0.876244 301.767822
0.887647 0.039539 -0.458824 -50.114471 -0.080629 0.994261 -0.070304 -23.745508 0.453411 0.099399 0.885742 302.256287
0.897082 0.038438 -0.440189 -50.373795 -0.078290 0.994274 -0.072727 -23.782084 0.434872 0.099705 0.894955 302.764893
0.906001 0.039985 -0.421381 -50.633301 -0.077173 0.994445 -0.071565 -23.825756 0.416179 0.097356 0.904055 303.292786
0.914367 0.042319 -0.402667 -50.901852 -0.077272 0.994482 -0.070946 -23.878435 0.397443 0.095985 0.912593 303.870605
0.921813 0.040025 -0.385563 -51.163490 -0.075333 0.994188 -0.076901 -23.930529 0.380243 0.099933 0.919471 304.471436
0.928132 0.035166 -0.370587 -51.421562 -0.071326 0.993882 -0.084321 -23.983595 0.365354 0.104693 0.924962 305.097717
0.932958 0.033533 -0.358420 -51.683681 -0.069011 0.993845 -0.086648 -24.041487 0.353308 0.105573 0.929531 305.751862
0.936354 0.035475 -0.349259 -51.944378 -0.069190 0.994015 -0.084530 -24.101145 0.344171 0.103315 0.933205 306.398895
0.938801 0.037996 -0.342357 -52.208340 -0.069747 0.994277 -0.080908 -24.162424 0.337323 0.099835 0.936079 307.060364
0.940530 0.037856 -0.337597 -52.472214 -0.068769 0.994413 -0.080077 -24.223671 0.332679 0.098531 0.937878 307.735321
0.941744 0.037445 -0.334239 -52.745361 -0.067838 0.994506 -0.079720 -24.288588 0.329418 0.097750 0.939111 308.457794
