1.000000 -0.000000 0.000000 0.000000 -0.000000 0.999999 0.000001 0.000000 0.000000 0.000001 1.000000 0.000000
0.999666 0.003877 0.025540 -0.258348 -0.004024 0.999975 0.005672 -0.052921 -0.025517 -0.005772 0.999658 0.700947
0.999673 0.006154 0.024809 -0.232763 -0.006318 0.999958 0.006517 -0.069467 -0.024768 -0.006671 0.999671 1.469350
0.999631 0.007229 0.026195 -0.230922 -0.007415 0.999947 0.006959 -0.088662 -0.026144 -0.007150 0.999632 2.206673
0.999616 0.009179 0.026161 -0.216903 -0.009360 0.999933 0.006790 -0.100502 -0.026096 -0.007031 0.999634 2.935206
0.999617 0.008714 0.026247 -0.198020 -0.008922 0.999929 0.007799 -0.121251 -0.026178 -0.008030 0.999625 3.654224
0.999652 0.008412 0.024995 -0.165474 -0.008643 0.999920 0.009154 -0.133750 -0.024916 -0.009366 0.999645 4.359419
0.999536 0.008464 0.029292 -0.126929 -0.008818 0.999888 0.011991 -0.145242 -0.029187 -0.012242 0.999499 5.059570
0.999384 0.008166 0.034133 -0.087299 -0.008724 0.999830 0.016209 -0.155328 -0.033994 -0.016497 0.999286 5.754644
0.999140 0.006216 0.040999 -0.041892 -0.007058 0.999766 0.020407 -0.167928 -0.040862 -0.020678 0.998951 6.444411
0.998911 0.003061 0.046561 0.002050 -0.004138 0.999725 0.023041 -0.180102 -0.046477 -0.023208 0.998649 7.118668
0.998859 -0.007150 0.047216 0.028897 0.006200 0.999775 0.020230 -0.198317 -0.047350 -0.019914 0.998679 7.760667
0.998734 -0.008834 0.049521 0.067186 0.007923 0.999796 0.018551 -0.213761 -0.049674 -0.018134 0.998601 8.390055
0.998608 -0.010111 0.051768 0.109034 0.009371 0.999850 0.014507 -0.228414 -0.051907 -0.014002 0.998553 9.001163
0.998457 -0.011814 0.054270 0.154164 0.011254 0.999880 0.010609 -0.241408 -0.054389 -0.009982 0.998470 9.595884
0.998248 -0.015301 0.057168 0.205543 0.014906 0.999862 0.007329 -0.254004 -0.057272 -0.006464 0.998337 10.173964
0.998015 -0.019337 0.059932 0.262486 0.019096 0.999806 0.004597 -0.267329 -0.060009 -0.003442 0.998192 10.734909
0.997841 -0.019013 0.062870 0.317179 0.018907 0.999818 0.002271 -0.281657 -0.062901 -0.001077 0.998019 11.278130
0.998058 -0.017855 0.059680 0.413002 0.017999 0.999836 -0.001892 -0.279859 -0.059636 0.002963 0.998215 11.700598
0.997915 -0.014465 0.062908 0.474968 0.014769 0.999881 -0.004370 -0.293339 -0.062837 0.005290 0.998010 12.174625
0.997785 -0.014113 0.065002 0.545239 0.014984 0.999803 -0.012937 -0.333340 -0.064806 0.013883 0.997801 12.504725
0.997654 -0.014097 0.066985 0.605996 0.015567 0.999648 -0.021471 -0.340737 -0.066658 0.022464 0.997523 12.878080
0.997361 -0.018083 0.070318 0.656512 0.019814 0.999515 -0.023992 -0.381752 -0.069849 0.025323 0.997236 13.177292
0.997197 -0.018593 0.072473 0.720648 0.020439 0.999482 -0.024823 -0.392700 -0.071973 0.026236 0.997062 13.520945
0.996573 -0.026116 0.078481 0.793509 0.027940 0.999362 -0.022239 -0.466653 -0.077850 0.024357 0.996667 13.798998
0.996984 -0.012428 0.076606 0.771955 0.014606 0.999503 -0.027942 -0.482222 -0.076220 0.028977 0.996669 14.051067
0.996993 -0.008595 0.077007 0.797847 0.011275 0.999343 -0.034440 -0.549144 -0.076659 0.035207 0.996436 14.196743
0.996880 -0.004885 0.078775 0.844612 0.007841 0.999274 -0.037260 -0.563833 -0.078535 0.037761 0.996196 14.443270
0.996870 0.004496 0.078933 0.830484 -0.000901 0.998963 -0.045518 -0.554186 -0.079055 0.045305 0.995840 14.612898
0.996779 0.006568 0.079931 0.872184 -0.002640 0.998788 -0.049150 -0.563798 -0.080157 0.048781 0.995588 14.838614
0.996815 0.011736 0.078882 0.893477 -0.007171 0.998296 -0.057914 -0.534148 -0.079427 0.057165 0.995200 15.014849
0.996788 0.012293 0.079134 0.934843 -0.007425 0.998078 -0.061517 -0.534295 -0.079738 0.060733 0.994964 15.223770
0.996855 0.017322 0.077336 0.969069 -0.011907 0.997480 -0.069936 -0.496611 -0.078353 0.068796 0.994549 15.376863
0.996949 0.022173 0.074837 1.008512 -0.016388 0.996892 -0.077055 -0.474760 -0.076312 0.075595 0.994214 15.504147
0.997109 0.025011 0.071760 1.049636 -0.019071 0.996424 -0.082297 -0.478565 -0.073561 0.080691 0.994021 15.614321
0.997161 0.025831 0.070731 1.086143 -0.019715 0.996113 -0.085836 -0.478913 -0.072673 0.084199 0.993796 15.782784
0.997218 0.024850 0.070287 1.094719 -0.018620 0.995950 -0.087952 -0.491801 -0.072188 0.086400 0.993642 15.900019
0.997380 0.025076 0.067852 1.093999 -0.018860 0.995694 -0.090756 -0.510309 -0.069835 0.089238 0.993558 15.998289
0.997607 0.026082 0.064030 1.089679 -0.020046 0.995446 -0.093181 -0.529214 -0.066169 0.091675 0.993588 16.094660
0.997857 0.027700 0.059286 1.081999 -0.021949 0.995182 -0.095543 -0.548553 -0.061647 0.094038 0.993658 16.191925
0.998148 0.029307 0.053295 1.071211 -0.023991 0.994916 -0.097797 -0.566945 -0.055890 0.096339 0.993778 16.293341
0.998475 0.030441 0.046054 1.057829 -0.025727 0.994684 -0.099704 -0.585348 -0.048844 0.098368 0.993951 16.395538
0.998789 0.031238 0.038028 1.048185 -0.027254 0.994499 -0.101133 -0.596075 -0.040978 0.099975 0.994146 16.521414
0.999055 0.031176 0.030271 1.041512 -0.027951 0.994427 -0.101649 -0.612101 -0.033271 0.100707 0.994359 16.652134
0.999294 0.031106 0.021049 1.018752 -0.028773 0.994230 -0.103328 -0.636947 -0.024142 0.102651 0.994425 16.761229
0.999491 0.030659 0.008766 1.005251 -0.029569 0.994013 -0.105178 -0.653648 -0.011937 0.104866 0.994415 16.901447
0.999524 0.030158 -0.006450 0.986729 -0.030677 0.993749 -0.107335 -0.671012 0.003172 0.107483 0.994201 17.047300
0.999222 0.030643 -0.024823 0.961358 -0.033179 0.993471 -0.109149 -0.689328 0.021316 0.109889 0.993715 17.200531
0.998430 0.031809 -0.046107 0.929416 -0.036711 0.993287 -0.109688 -0.707917 0.042309 0.111209 0.992896 17.362692
0.997028 0.033179 -0.069519 0.891482 -0.040646 0.993222 -0.108897 -0.726532 0.065434 0.111400 0.991619 17.533840
0.994846 0.034512 -0.095341 0.846759 -0.044734 0.993225 -0.107246 -0.745422 0.090994 0.110959 0.989650 17.712463
0.991575 0.036256 -0.124359 0.793394 -0.049497 0.993228 -0.105098 -0.764854 0.119707 0.110368 0.986655 17.897690
0.986978 0.037478 -0.156429 0.731721 -0.053841 0.993356 -0.101712 -0.783637 0.151578 0.108811 0.982438 18.089729
0.980688 0.038640 -0.191726 0.660365 -0.058158 0.993560 -0.097236 -0.801371 0.186735 0.106509 0.976619 18.287317
0.972270 0.039885 -0.230435 0.577618 -0.062411 0.993865 -0.091307 -0.818018 0.225379 0.103157 0.968794 18.489653
0.961441 0.043292 -0.271584 0.481237 -0.068653 0.994049 -0.084577 -0.833351 0.266306 0.099962 0.958691 18.694818
0.948286 0.047232 -0.313882 0.373215 -0.075332 0.994103 -0.077996 -0.848295 0.308347 0.097609 0.946253 18.900846
0.932670 0.051035 -0.357103 0.254432 -0.081573 0.994136 -0.070973 -0.863268 0.351388 0.095325 0.931364 19.108097
0.914460 0.054157 -0.401036 0.125025 -0.086020 0.994370 -0.061864 -0.876245 0.395428 0.091070 0.913971 19.317364
0.893625 0.058382 -0.445002 -0.017088 -0.090735 0.994530 -0.051729 -0.886811 0.439548 0.086605 0.894035 19.525105
0.869958 0.063294 -0.489047 -0.172096 -0.096397 0.994423 -0.042776 -0.895832 0.483613 0.084356 0.871207 19.728039
0.843144 0.067981 -0.533373 -0.338778 -0.102157 0.994160 -0.034776 -0.903580 0.527895 0.083811 0.845165 19.926241
0.813231 0.071817 -0.577493 -0.517295 -0.107968 0.993746 -0.028459 -0.909252 0.571839 0.085495 0.815899 20.118292
0.780530 0.074312 -0.620686 -0.706981 -0.112341 0.993418 -0.022332 -0.913981 0.614941 0.087160 0.783742 20.310999
0.744655 0.076870 -0.663008 -0.923225 -0.116001 0.993133 -0.015141 -0.914030 0.657291 0.088185 0.748459 20.503819
0.706081 0.079051 -0.703705 -1.160519 -0.118345 0.992946 -0.007202 -0.911196 0.698173 0.088366 0.710455 20.692930
0.665495 0.078985 -0.742212 -1.416403 -0.118366 0.992970 -0.000461 -0.907684 0.736958 0.088160 0.670165 20.877119
0.623013 0.078190 -0.778293 -1.692169 -0.117071 0.993104 0.006057 -0.903130 0.773401 0.087343 0.627871 21.054892
0.578526 0.076780 -0.812042 -1.987599 -0.113724 0.993428 0.012909 -0.895528 0.807697 0.084881 0.583456 21.225801
0.532042 0.077030 -0.843207 -2.304795 -0.111938 0.993511 0.020131 -0.883865 0.839287 0.083676 0.537212 21.384800
0.483043 0.076696 -0.872231 -2.642569 -0.111451 0.993439 0.025632 -0.868071 0.868474 0.084831 0.488421 21.527933
0.431264 0.074885 -0.899112 -2.998317 -0.109246 0.993551 0.030351 -0.850220 0.895587 0.085136 0.436664 21.656698
0.377200 0.073631 -0.923200 -3.373762 -0.104899 0.993816 0.036404 -0.830519 0.920172 0.083112 0.382591 21.772619
0.322172 0.071192 -0.944001 -3.766487 -0.100631 0.994094 0.040627 -0.807460 0.941318 0.081907 0.327432 21.870682
0.266727 0.070066 -0.961222 -4.211475 -0.097186 0.994225 0.045504 -0.781349 0.958860 0.081280 0.271996 21.962605
0.212522 0.073078 -0.974420 -4.689365 -0.093154 0.994173 0.054242 -0.751930 0.972706 0.079244 0.218092 22.035713
0.160349 0.074200 -0.984268 -5.191599 -0.086152 0.994417 0.060931 -0.721948 0.983293 0.075027 0.165846 22.093681
0.111417 0.073680 -0.991039 -5.716881 -0.079223 0.994731 0.065049 -0.693023 0.990611 0.071266 0.116667 22.134073
0.066581 0.074504 -0.994996 -6.233498 -0.076972 0.994620 0.069326 -0.658886 0.994807 0.071972 0.071958 22.140123
0.025605 0.069290 -0.997268 -6.794731 -0.074757 0.994934 0.067209 -0.621541 0.996873 0.072833 0.030655 22.143335
-0.010020 0.062251 -0.998010 -7.480839 -0.068677 0.995660 0.062794 -0.588273 0.997588 0.069170 -0.005701 22.173422
-0.038201 0.062972 -0.997284 -8.116044 -0.067912 0.995540 0.065464 -0.545175 0.996959 0.070230 -0.033755 22.159334
-0.058607 0.067076 -0.996026 -8.881345 -0.061540 0.995600 0.070668 -0.504942 0.996383 0.065438 -0.054222 22.191982
-0.071658 0.073735 -0.994700 -9.693966 -0.055174 0.995443 0.077765 -0.455438 0.995902 0.060455 -0.067263 22.229324
-0.078637 0.074007 -0.994152 -10.467434 -0.053149 0.995511 0.078312 -0.404565 0.995486 0.058997 -0.074351 22.201960
-0.082955 0.077760 -0.993515 -11.365773 -0.048822 0.995436 0.081987 -0.331049 0.995357 0.055307 -0.078780 22.248215
-0.082459 0.075559 -0.993726 -12.165458 -0.038612 0.996131 0.078946 -0.269624 0.995846 0.044881 -0.079223 22.247555
-0.079454 0.075090 -0.994007 -12.983198 -0.031746 0.996462 0.077814 -0.206400 0.996332 0.037738 -0.076789 22.247934
-0.075375 0.075344 -0.994305 -13.819807 -0.032657 0.996419 0.077981 -0.147201 0.996620 0.038350 -0.072645 22.240267
-0.072314 0.073255 -0.994688 -14.672021 -0.031414 0.996637 0.075683 -0.089395 0.996887 0.036721 -0.069769 22.239120
-0.072463 0.062019 -0.995441 -15.553245 -0.032084 0.997403 0.064477 -0.015510 0.996854 0.036610 -0.070285 22.214479
-0.071688 0.053917 -0.995968 -16.467802 -0.037000 0.997706 0.056674 0.043778 0.996740 0.040914 -0.069529 22.177998
-0.072420 0.049022 -0.996169 -17.415243 -0.043375 0.997691 0.052251 0.099432 0.996430 0.046993 -0.070127 22.165501
-0.075999 0.049874 -0.995860 -18.370789 -0.051349 0.997226 0.053862 0.148305 0.995785 0.055230 -0.073228 22.137156
-0.081122 0.056914 -0.995078 -19.343546 -0.059672 0.996300 0.061848 0.197881 0.994916 0.064396 -0.077426 22.092451
-0.086744 0.065132 -0.994100 -20.361172 -0.062662 0.995528 0.070693 0.260324 0.994258 0.068426 -0.082276 22.095037
-0.091361 0.075432 -0.992957 -21.404520 -0.064245 0.994603 0.081468 0.336569 0.993743 0.071236 -0.086022 22.079632
-0.094121 0.085245 -0.991905 -22.448069 -0.063923 0.993754 0.091469 0.414254 0.993506 0.072015 -0.088085 22.050022
-0.096451 0.091406 -0.991131 -23.497805 -0.062020 0.993287 0.097640 0.496628 0.993404 0.070888 -0.090135 22.017294
-0.099366 0.091175 -0.990865 -24.548351 -0.061554 0.993322 0.097574 0.581889 0.993145 0.070688 -0.093091 21.994766
-0.102497 0.088476 -0.990791 -25.602880 -0.062458 0.993498 0.095180 0.667421 0.992771 0.071639 -0.096304 21.959406
-0.107182 0.084152 -0.990671 -26.670263 -0.062068 0.993901 0.091143 0.753296 0.992301 0.071258 -0.101305 21.928165
-0.112963 0.079812 -0.990388 -27.741520 -0.062502 0.994223 0.087251 0.835672 0.991631 0.071759 -0.107323 21.865271
-0.120252 0.075820 -0.989844 -28.790007 -0.063374 0.994459 0.083873 0.915918 0.990719 0.072817 -0.114781 21.771206
-0.127957 0.074630 -0.988968 -29.853317 -0.063450 0.994506 0.083258 0.989386 0.989748 0.073405 -0.122520 21.711220
-0.135631 0.077760 -0.987703 -30.932449 -0.063441 0.994188 0.086983 1.067357 0.988726 0.074458 -0.129910 21.639210
-0.143114 0.081759 -0.986324 -32.019577 -0.065121 0.993643 0.091815 1.146049 0.987562 0.077371 -0.136879 21.565121
-0.149912 0.083993 -0.985125 -33.112453 -0.067274 0.993209 0.094919 1.228263 0.986407 0.080503 -0.143244 21.485075
-0.154534 0.085226 -0.984305 -34.182289 -0.070830 0.992752 0.097078 1.310654 0.985445 0.084721 -0.147378 21.360218
-0.158169 0.085890 -0.983669 -35.269115 -0.075774 0.992215 0.098821 1.398482 0.984500 0.090168 -0.150430 21.228395
-0.161019 0.086334 -0.983168 -36.357109 -0.078695 0.991871 0.099988 1.487411 0.983809 0.093470 -0.152916 21.108772
-0.163671 0.085729 -0.982783 -37.450844 -0.079755 0.991805 0.099798 1.577771 0.983286 0.094717 -0.155493 20.996277
-0.166019 0.084868 -0.982464 -38.549278 -0.080613 0.991786 0.099296 1.669565 0.982822 0.095684 -0.157814 20.887474
-0.168092 0.083986 -0.982188 -39.655876 -0.082318 0.991687 0.098887 1.761665 0.982328 0.097475 -0.159781 20.778715
-0.170021 0.082516 -0.981980 -40.766872 -0.085154 0.991530 0.098062 1.854218 0.981754 0.100292 -0.161555 20.665468
-0.171628 0.078555 -0.982025 -41.910263 -0.091053 0.991284 0.095210 1.952153 0.980945 0.105758 -0.162979 20.552860
-0.172431 0.075441 -0.982128 -43.062351 -0.095749 0.991057 0.092937 2.052079 0.980357 0.110064 -0.163666 20.423754
-0.172196 0.076418 -0.982095 -44.224506 -0.098367 0.990668 0.094333 2.158388 0.980139 0.112850 -0.163072 20.289551
-0.171217 0.081581 -0.981850 -45.394680 -0.100155 0.989962 0.099722 2.261598 0.980129 0.115412 -0.161328 20.153765
-0.170592 0.083926 -0.981761 -46.564487 -0.098892 0.989877 0.101803 2.365881 0.980367 0.114456 -0.160566 20.048971
-0.169550 0.084234 -0.981915 -47.738392 -0.097684 0.989998 0.101794 2.471284 0.980668 0.113177 -0.159626 19.938442
-0.167103 0.084133 -0.982343 -48.911789 -0.099715 0.989801 0.101734 2.578313 0.980884 0.114954 -0.157010 19.795507
-0.163469 0.084990 -0.982881 -50.093525 -0.104691 0.989161 0.102946 2.683442 0.980977 0.119728 -0.152799 19.667702
-0.158909 0.085548 -0.983580 -51.274639 -0.109685 0.988542 0.103701 2.787407 0.981181 0.124364 -0.147706 19.544790
-0.153967 0.084983 -0.984415 -52.467705 -0.113075 0.988233 0.102999 2.895425 0.981584 0.127172 -0.142545 19.426327
-0.149106 0.084498 -0.985204 -53.657009 -0.114182 0.988205 0.102036 2.999124 0.982207 0.127708 -0.137700 19.325865
-0.144496 0.084118 -0.985924 -54.809948 -0.113322 0.988417 0.100939 3.095729 0.982994 0.126313 -0.133291 19.198542
-0.139607 0.083868 -0.986649 -55.977859 -0.112745 0.988580 0.099984 3.192043 0.983767 0.125199 -0.128557 19.086878
-0.134705 0.084484 -0.987277 -57.173363 -0.111592 0.988726 0.099835 3.288995 0.984581 0.123621 -0.123759 19.010883
-0.130041 0.085731 -0.987796 -58.391151 -0.112190 0.988584 0.100570 3.389339 0.985141 0.123899 -0.118938 18.951513
-0.125196 0.086671 -0.988339 -59.601551 -0.112636 0.988494 0.100954 3.491612 0.985718 0.123963 -0.113994 18.871078
-0.120703 0.085019 -0.989041 -60.814697 -0.112690 0.988711 0.098744 3.593760 0.986272 0.123375 -0.109759 18.793327
-0.116713 0.081391 -0.989825 -62.055283 -0.112482 0.989140 0.094598 3.695640 0.986776 0.122378 -0.106291 18.728184
-0.113137 0.078365 -0.990485 -63.294304 -0.113291 0.989365 0.091217 3.797832 0.987099 0.122534 -0.103057 18.632591
-0.110592 0.079399 -0.990689 -64.473312 -0.113272 0.989301 0.091934 3.886973 0.987390 0.122385 -0.100415 18.539722
-0.108017 0.080330 -0.990898 -65.667160 -0.113340 0.989236 0.092551 3.974217 0.987667 0.122306 -0.097750 18.447971
-0.106546 0.079101 -0.991157 -66.884026 -0.113932 0.989293 0.091199 4.063187 0.987759 0.122642 -0.096393 18.366892
-0.106843 0.079375 -0.991102 -68.059952 -0.115193 0.989107 0.091633 4.155628 0.987581 0.123958 -0.096536 18.264906
-0.106396 0.079899 -0.991109 -69.229141 -0.116201 0.988937 0.092199 4.246416 0.987511 0.124978 -0.095935 18.158400
-0.105700 0.078596 -0.991287 -70.405586 -0.117178 0.988941 0.090904 4.336408 0.987470 0.125767 -0.095322 18.053267
-0.105069 0.076634 -0.991508 -71.588776 -0.117220 0.989121 0.088872 4.425971 0.987532 0.125564 -0.094943 17.951225
-0.104685 0.075649 -0.991624 -72.778481 -0.115239 0.989463 0.087650 4.514419 0.987806 0.123450 -0.094864 17.851244
-0.104147 0.075920 -0.991660 -73.951317 -0.112970 0.989725 0.087636 4.604999 0.988125 0.121156 -0.094500 17.730289
-0.104376 0.077007 -0.991553 -75.123817 -0.111316 0.989827 0.088591 4.695538 0.988289 0.119624 -0.094742 17.598526
-0.104603 0.079871 -0.991301 -76.301407 -0.112064 0.989474 0.091548 4.786819 0.988179 0.120666 -0.094552 17.464029
-0.104768 0.081666 -0.991138 -77.480110 -0.114391 0.989018 0.093584 4.878823 0.987896 0.123182 -0.094275 17.328070
-0.104862 0.080388 -0.991232 -78.658028 -0.116244 0.988904 0.092496 4.971048 0.987670 0.124925 -0.094353 17.193878
-0.103757 0.078823 -0.991474 -79.799507 -0.116542 0.989023 0.090825 5.049811 0.987751 0.124972 -0.093432 17.061352
-0.104147 0.076928 -0.991582 -80.935936 -0.115880 0.989274 0.088920 5.117684 0.987788 0.124166 -0.094116 16.932762
-0.104443 0.076743 -0.991565 -82.076721 -0.114045 0.989517 0.088597 5.185123 0.987970 0.122337 -0.094597 16.805775
-0.104729 0.076939 -0.991520 -83.244591 -0.112957 0.989630 0.088724 5.254632 0.988064 0.121292 -0.094953 16.683840
-0.104411 0.078117 -0.991461 -84.421127 -0.112552 0.989578 0.089821 5.332357 0.988145 0.120970 -0.094531 16.561636
-0.104211 0.078615 -0.991444 -85.604424 -0.113499 0.989417 0.090384 5.415870 0.988058 0.121949 -0.094186 16.437666
-0.104110 0.077815 -0.991517 -86.766632 -0.113954 0.989435 0.089618 5.496478 0.988016 0.122318 -0.094143 16.309443
-0.104058 0.075890 -0.991672 -87.926636 -0.113238 0.989697 0.087621 5.577172 0.988103 0.121414 -0.094392 16.182980
-0.103880 0.075685 -0.991705 -89.100731 -0.111545 0.989922 0.087234 5.672287 0.988314 0.119683 -0.094391 16.059736
-0.104264 0.077908 -0.991494 -90.281021 -0.109509 0.989965 0.089303 5.763840 0.988502 0.117890 -0.094686 15.949020
-0.104069 0.080606 -0.991298 -91.462585 -0.107490 0.989960 0.091782 5.850899 0.988744 0.116106 -0.094360 15.841614
-0.103848 0.082855 -0.991136 -92.641998 -0.106976 0.989812 0.093954 5.940146 0.988823 0.115786 -0.093927 15.728527
-0.103653 0.084458 -0.991021 -93.818161 -0.108267 0.989509 0.095654 6.031574 0.988703 0.117211 -0.093421 15.609720
-0.103445 0.085194 -0.990980 -94.992805 -0.110759 0.989141 0.096598 6.123501 0.988449 0.119752 -0.092886 15.485172
-0.103258 0.083384 -0.991154 -96.162224 -0.112865 0.989061 0.094966 6.215526 0.988230 0.121674 -0.092718 15.358152
-0.103100 0.081440 -0.991331 -97.314034 -0.114551 0.989038 0.093166 6.304070 0.988052 0.123165 -0.092642 15.231401
-0.103204 0.079534 -0.991475 -98.464371 -0.115465 0.989100 0.091362 6.397558 0.987936 0.123911 -0.092896 15.109190
-0.103116 0.078634 -0.991556 -99.621269 -0.114487 0.989306 0.090362 6.493636 0.988059 0.122838 -0.093011 14.990646
-0.103214 0.079388 -0.991486 -100.781662 -0.113907 0.989308 0.091072 6.587900 0.988115 0.122337 -0.093067 14.871212
-0.103166 0.081895 -0.991287 -101.948296 -0.113298 0.989151 0.093510 6.679864 0.988190 0.121959 -0.092770 14.750290
-0.103457 0.082150 -0.991236 -103.115524 -0.113884 0.989050 0.093856 6.773051 0.988093 0.122596 -0.092969 14.627035
-0.104010 0.081923 -0.991197 -104.287689 -0.117379 0.988625 0.094028 6.866798 0.987625 0.126127 -0.093211 14.498478
-0.104640 0.081840 -0.991137 -105.464180 -0.121138 0.988138 0.094382 6.961618 0.987105 0.129942 -0.093485 14.367256
-0.104906 0.079902 -0.991267 -106.643829 -0.123433 0.988013 0.092703 7.055456 0.986792 0.132080 -0.093786 14.235273
-0.105223 0.075861 -0.991551 -107.813797 -0.123698 0.988343 0.088743 7.147480 0.986725 0.131992 -0.094613 14.103544
-0.106067 0.073221 -0.991660 -108.989525 -0.122742 0.988693 0.086131 7.237326 0.986754 0.130855 -0.095880 13.971909
-0.106788 0.072676 -0.991622 -110.175117 -0.118761 0.989252 0.085293 7.325512 0.987163 0.126875 -0.097010 13.843218
-0.107378 0.072895 -0.991543 -111.373016 -0.115793 0.989604 0.085293 7.414725 0.987452 0.123973 -0.097822 13.712423
-0.108110 0.075647 -0.991256 -112.578445 -0.114709 0.989491 0.088023 7.505591 0.987499 0.123223 -0.098297 13.578239
-0.108924 0.078563 -0.990940 -113.793648 -0.113586 0.989359 0.090924 7.597825 0.987539 0.122461 -0.098841 13.442770
-0.110102 0.075254 -0.991067 -115.008232 -0.112930 0.989725 0.087698 7.691622 0.987484 0.121577 -0.100473 13.318895
-0.111343 0.071733 -0.991190 -116.230728 -0.112776 0.990036 0.084319 7.783015 0.987363 0.121171 -0.102144 13.191246
-0.112090 0.069323 -0.991277 -117.461304 -0.111835 0.990345 0.081904 7.871136 0.987384 0.120041 -0.103255 13.056856
-0.113349 0.069338 -0.991133 -118.695641 -0.112280 0.990277 0.082119 7.959843 0.987190 0.120593 -0.104462 12.921726
-0.115000 0.072971 -0.990681 -119.945122 -0.115920 0.989498 0.086341 8.043843 0.986579 0.124770 -0.105334 12.785015
-0.115116 0.076568 -0.990396 -121.203545 -0.120101 0.988637 0.090392 8.128987 0.986065 0.129354 -0.104613 12.641001
-0.115195 0.078048 -0.990272 -122.462944 -0.125861 0.987727 0.092489 8.220620 0.985337 0.135292 -0.103958 12.488087
-0.114930 0.076390 -0.990432 -123.722672 -0.130958 0.987171 0.091336 8.315989 0.984704 0.140203 -0.103452 12.331589
-0.114974 0.074655 -0.990559 -124.982391 -0.133429 0.986975 0.089872 8.411644 0.984366 0.142503 -0.103515 12.174917
-0.115447 0.073666 -0.990579 -126.242813 -0.134522 0.986899 0.089070 8.506785 0.984162 0.143539 -0.104025 12.017702
-0.115975 0.073547 -0.990525 -127.503929 -0.133503 0.987051 0.088921 8.600625 0.984239 0.142551 -0.104655 11.861807
-0.116651 0.073654 -0.990439 -128.750946 -0.132733 0.987144 0.089042 8.695067 0.984263 0.141851 -0.105376 11.709085
-0.117087 0.075881 -0.990218 -130.001312 -0.132190 0.987013 0.091267 8.790364 0.984284 0.141583 -0.105536 11.555340
-0.117703 0.080996 -0.989740 -131.259094 -0.131296 0.986648 0.096358 8.886384 0.984331 0.141291 -0.105497 11.401114
-0.118116 0.082712 -0.989549 -132.517273 -0.130458 0.986594 0.098037 8.984709 0.984393 0.140676 -0.105743 11.246634
-0.117952 0.081171 -0.989696 -133.771896 -0.130333 0.986766 0.096464 9.085030 0.984429 0.140369 -0.105812 11.091957
-0.117857 0.080669 -0.989749 -135.010544 -0.129560 0.986926 0.095867 9.180053 0.984542 0.139531 -0.105865 10.959278
-0.117235 0.079864 -0.989888 -136.245544 -0.129559 0.987012 0.094976 9.275240 0.984617 0.139384 -0.105366 10.817533
-0.116130 0.080213 -0.989990 -137.485504 -0.129242 0.987038 0.095135 9.372162 0.984790 0.138997 -0.104257 10.668303
-0.115202 0.083045 -0.989864 -138.728973 -0.129590 0.986726 0.097864 9.469103 0.984852 0.139551 -0.102911 10.519001
-0.114029 0.084626 -0.989866 -139.971680 -0.130576 0.986445 0.099376 9.570040 0.984859 0.140585 -0.101433 10.373711
-0.113011 0.081650 -0.990233 -141.214050 -0.132341 0.986501 0.096445 9.688685 0.984741 0.141948 -0.100679 10.229269
-0.112366 0.079438 -0.990487 -142.456833 -0.133030 0.986623 0.094220 9.810768 0.984721 0.142353 -0.100295 10.085434
-0.112086 0.078841 -0.990566 -143.699081 -0.131234 0.986940 0.093402 9.902123 0.984994 0.140466 -0.100276 9.941858
-0.112033 0.078443 -0.990603 -144.945892 -0.129035 0.987290 0.092775 9.974527 0.985291 0.138217 -0.100487 9.795830
-0.112219 0.078674 -0.990565 -146.180328 -0.127087 0.987538 0.092831 10.065980 0.985523 0.136305 -0.100823 9.657473
-0.112245 0.079052 -0.990531 -147.414032 -0.124283 0.987885 0.092925 10.162947 0.985878 0.133538 -0.101061 9.522282
-0.112302 0.078687 -0.990554 -148.648148 -0.122848 0.988112 0.092422 10.259282 0.986050 0.132067 -0.101300 9.382662
-0.112266 0.079600 -0.990485 -149.883972 -0.120797 0.988300 0.093117 10.357398 0.986308 0.130102 -0.101338 9.241886
-0.112437 0.082707 -0.990211 -151.123413 -0.118604 0.988288 0.096014 10.453344 0.986555 0.128240 -0.101311 9.099333
-0.112536 0.082785 -0.990193 -152.360550 -0.115724 0.988650 0.095808 10.548593 0.986886 0.125371 -0.101679 8.957077
-0.112895 0.081983 -0.990219 -153.596878 -0.114617 0.988862 0.094939 10.643506 0.986974 0.124214 -0.102241 8.813173
-0.113792 0.085366 -0.989831 -154.819214 -0.115118 0.988458 0.098483 10.737391 0.986812 0.125155 -0.102653 8.680765
-0.114945 0.090584 -0.989233 -156.040878 -0.118366 0.987489 0.104178 10.840146 0.986295 0.129067 -0.102785 8.559217
-0.114108 0.093775 -0.989033 -157.261459 -0.122899 0.986555 0.107720 10.949433 0.985837 0.133843 -0.101048 8.434782
-0.112672 0.092153 -0.989350 -158.478836 -0.126885 0.986203 0.106311 11.058280 0.985497 0.137512 -0.099425 8.304873
-0.111017 0.086928 -0.990010 -159.696594 -0.129659 0.986386 0.101149 11.164502 0.985323 0.139594 -0.098235 8.171431
-0.109533 0.083077 -0.990506 -160.916534 -0.131662 0.986508 0.097301 11.266652 0.985225 0.141069 -0.097117 8.034464
-0.108434 0.080603 -0.990831 -162.139191 -0.131295 0.986814 0.094645 11.362860 0.985395 0.140355 -0.096422 7.896346
-0.108232 0.076887 -0.991148 -163.349472 -0.127922 0.987638 0.090584 11.456525 0.985860 0.136595 -0.097059 7.761524
-0.107636 0.073789 -0.991448 -164.571945 -0.123324 0.988548 0.086963 11.551165 0.986512 0.131630 -0.097303 7.619179
-0.108025 0.073115 -0.991456 -165.801407 -0.118447 0.989241 0.085857 11.643752 0.987067 0.126710 -0.098203 7.475961
-0.108276 0.077377 -0.991105 -167.034775 -0.116411 0.989120 0.089940 11.734442 0.987281 0.125115 -0.098091 7.334431
-0.108700 0.081271 -0.990747 -168.247864 -0.117625 0.988599 0.094000 11.825085 0.987091 0.126754 -0.097902 7.221652
-0.106816 0.079385 -0.991104 -169.451492 -0.118723 0.988657 0.091985 11.914734 0.987165 0.127493 -0.096179 7.095714
-0.105384 0.077657 -0.991394 -170.659943 -0.120187 0.988643 0.090218 12.007463 0.987142 0.128662 -0.094854 6.954645
-0.104304 0.078441 -0.991447 -171.872406 -0.120716 0.988515 0.090908 12.095692 0.987192 0.129167 -0.093638 6.818679
-0.103382 0.079410 -0.991467 -173.087463 -0.119577 0.988586 0.091647 12.183678 0.987427 0.128032 -0.092706 6.686100
-0.101851 0.077504 -0.991776 -174.247574 -0.119525 0.988784 0.089546 12.276096 0.987593 0.127663 -0.091446 6.565694
-0.100374 0.077846 -0.991900 -175.391174 -0.120240 0.988678 0.089761 12.367629 0.987658 0.128276 -0.089877 6.449258
-0.098857 0.079775 -0.991899 -176.517670 -0.121117 0.988405 0.091566 12.452686 0.987704 0.129188 -0.088050 6.334326
-0.097935 0.081765 -0.991828 -177.623871 -0.121411 0.988193 0.093454 12.533237 0.987759 0.129572 -0.086852 6.221719
-0.097755 0.083909 -0.991667 -178.696274 -0.122068 0.987904 0.095623 12.597492 0.987696 0.130399 -0.086330 6.110970
-0.097669 0.085313 -0.991556 -179.749298 -0.121556 0.987836 0.096966 12.652013 0.987768 0.130000 -0.086111 6.002637
-0.097755 0.085842 -0.991501 -180.772293 -0.121472 0.987794 0.097498 12.708111 0.987770 0.129971 -0.086134 5.897277
-0.096983 0.085060 -0.991645 -181.784042 -0.121605 0.987863 0.096629 12.766280 0.987829 0.129961 -0.085463 5.793455
-0.095618 0.085362 -0.991751 -182.767059 -0.122735 0.987702 0.096847 12.820907 0.987822 0.130985 -0.083965 5.692727
-0.094982 0.085100 -0.991835 -183.742111 -0.122657 0.987746 0.096495 12.881554 0.987893 0.130823 -0.083380 5.594007
-0.096435 0.083374 -0.991841 -184.703354 -0.120566 0.988169 0.094788 12.943004 0.988010 0.128723 -0.085243 5.497643
-0.100173 0.080451 -0.991712 -185.656952 -0.118776 0.988631 0.092199 13.005125 0.987855 0.127028 -0.089479 5.398215
-0.104985 0.077059 -0.991483 -186.601318 -0.119082 0.988845 0.089464 13.069089 0.987318 0.127461 -0.094637 5.292747
-0.109575 0.074633 -0.991172 -187.543686 -0.120201 0.988864 0.087748 13.134974 0.986684 0.128756 -0.099383 5.182563
-0.113249 0.074074 -0.990802 -188.482010 -0.122028 0.988629 0.087858 13.200901 0.986045 0.130855 -0.102922 5.069048
-0.115813 0.075260 -0.990415 -189.419052 -0.122634 0.988412 0.089449 13.267156 0.985671 0.131820 -0.105241 4.954943
-0.117679 0.077015 -0.990061 -190.352875 -0.120604 0.988500 0.091229 13.333795 0.985701 0.130143 -0.107037 4.843077
-0.119687 0.077899 -0.989751 -191.257278 -0.118950 0.988611 0.092194 13.399237 0.985660 0.128766 -0.109058 4.742136
-0.120818 0.078290 -0.989582 -192.143997 -0.117523 0.988745 0.092573 13.467695 0.985694 0.127484 -0.110259 4.642542
-0.121867 0.077149 -0.989544 -193.030762 -0.118376 0.988728 0.091665 13.536917 0.985462 0.128310 -0.111361 4.540434
-0.122392 0.076027 -0.989565 -193.916901 -0.120887 0.988496 0.090897 13.606055 0.985091 0.130751 -0.111794 4.436486
-0.122205 0.074700 -0.989689 -194.804245 -0.123633 0.988251 0.089857 13.675036 0.984775 0.133340 -0.111534 4.332975
-0.121547 0.072814 -0.989911 -195.694504 -0.125729 0.988142 0.088122 13.743483 0.984591 0.135172 -0.110951 4.230354
-0.120790 0.069734 -0.990226 -196.593338 -0.125995 0.988385 0.084974 13.808136 0.984649 0.135028 -0.110601 4.120524
-0.120172 0.068002 -0.990421 -197.491302 -0.125818 0.988562 0.083140 13.874995 0.984748 0.134605 -0.110242 4.019212
-0.120114 0.071284 -0.990198 -198.416443 -0.123155 0.988644 0.086111 13.935041 0.985092 0.132291 -0.109972 3.915998
-0.119797 0.073636 -0.990063 -199.344040 -0.121635 0.988643 0.088249 13.993107 0.985319 0.131000 -0.109479 3.812765
-0.119377 0.073256 -0.990142 -200.276505 -0.119770 0.988928 0.087606 14.049406 0.985598 0.129047 -0.109282 3.705008
-0.120084 0.070414 -0.990263 -201.204468 -0.117818 0.989421 0.084641 14.116460 0.985748 0.126836 -0.110518 3.603262
-0.119548 0.067622 -0.990523 -202.142639 -0.118258 0.989605 0.081832 14.185069 0.985760 0.126921 -0.110310 3.493884
-0.118403 0.071071 -0.990419 -203.091324 -0.119641 0.989147 0.085284 14.253876 0.985732 0.128593 -0.108615 3.379300
-0.116631 0.072512 -0.990525 -204.046173 -0.120066 0.988987 0.086538 14.321747 0.985891 0.129022 -0.106640 3.263989
-0.114564 0.072534 -0.990765 -205.004410 -0.117941 0.989284 0.086064 14.393468 0.986390 0.126713 -0.104782 3.156497
-0.112575 0.077214 -0.990639 -205.981445 -0.119149 0.988733 0.090606 14.472087 0.986474 0.128233 -0.102107 3.040532
-0.110776 0.082230 -0.990438 -206.963760 -0.118524 0.988365 0.095315 14.550991 0.986753 0.127950 -0.099740 2.926770
-0.109310 0.084981 -0.990369 -207.950302 -0.116482 0.988378 0.097667 14.631346 0.987159 0.126037 -0.098142 2.814908
-0.107742 0.084686 -0.990566 -208.943863 -0.116908 0.988372 0.097215 14.707983 0.987282 0.126280 -0.096589 2.704029
-0.105487 0.084531 -0.990822 -209.947998 -0.119888 0.988031 0.097057 14.785783 0.987167 0.129026 -0.094090 2.592600
-0.102804 0.084562 -0.991101 -210.964355 -0.121236 0.987885 0.096863 14.863903 0.987285 0.130116 -0.091306 2.497623
-0.099034 0.081944 -0.991704 -211.982590 -0.124034 0.987814 0.094008 14.948346 0.987324 0.132316 -0.087663 2.389668
-0.095959 0.078700 -0.992269 -213.008392 -0.125423 0.987968 0.090489 15.034770 0.987452 0.133138 -0.084933 2.278202
-0.093552 0.075948 -0.992713 -214.043182 -0.124999 0.988300 0.087390 15.118243 0.987737 0.132265 -0.082965 2.174875
-0.092188 0.076720 -0.992782 -215.086441 -0.125042 0.988242 0.087980 15.196478 0.987859 0.132251 -0.081511 2.086181
-0.090747 0.079386 -0.992705 -216.133499 -0.126307 0.987850 0.090545 15.276670 0.987831 0.133604 -0.079618 1.998188
-0.089274 0.080919 -0.992714 -217.188004 -0.127382 0.987582 0.091955 15.352353 0.987828 0.134663 -0.077859 1.912182
-0.087942 0.079331 -0.992962 -218.248917 -0.126888 0.987811 0.090158 15.428969 0.988011 0.133925 -0.076805 1.827017
-0.087151 0.076239 -0.993274 -219.316971 -0.125042 0.988344 0.086833 15.506145 0.988316 0.131769 -0.076602 1.741705
-0.086963 0.073988 -0.993460 -220.393021 -0.122263 0.988907 0.084352 15.583129 0.988680 0.128800 -0.076952 1.655407
-0.086842 0.072692 -0.993567 -221.479965 -0.121458 0.989121 0.082984 15.659479 0.988790 0.127884 -0.077068 1.565263
-0.086406 0.071891 -0.993663 -222.574722 -0.120944 0.989259 0.082090 15.735087 0.988892 0.127272 -0.076784 1.473779
-0.086348 0.071807 -0.993674 -223.677246 -0.122070 0.989121 0.082086 15.811391 0.988758 0.128387 -0.076643 1.380022
-0.087200 0.073219 -0.993497 -224.789627 -0.123014 0.988870 0.083675 15.889337 0.988566 0.129511 -0.077223 1.289092
-0.087648 0.074964 -0.993327 -225.909073 -0.123805 0.988613 0.085532 15.967546 0.988427 0.130476 -0.077370 1.199188
-0.089002 0.076426 -0.993095 -227.037170 -0.124308 0.988404 0.087206 16.046162 0.988244 0.131212 -0.078470 1.113459
-0.089481 0.077647 -0.992957 -228.173569 -0.125759 0.988096 0.088600 16.126255 0.988016 0.132803 -0.078652 1.025762
-0.090259 0.077627 -0.992889 -229.318039 -0.128270 0.987748 0.088886 16.208620 0.987624 0.135381 -0.079195 0.931143
-0.091084 0.074967 -0.993017 -230.464310 -0.128876 0.987889 0.086401 16.290833 0.987468 0.135846 -0.080319 0.833832
-0.092101 0.069950 -0.993289 -231.619278 -0.127083 0.988545 0.081401 16.372149 0.987607 0.133727 -0.082157 0.735251
-0.093421 0.064475 -0.993537 -232.781876 -0.123370 0.989460 0.075811 16.450930 0.987953 0.129656 -0.084483 0.635489
-0.095262 0.062013 -0.993519 -233.953140 -0.118244 0.990286 0.073151 16.527662 0.988404 0.124447 -0.087003 0.534542
-0.097309 0.064025 -0.993192 -235.137054 -0.112649 0.990807 0.074908 16.603888 0.988859 0.119172 -0.089202 0.431186
-0.099341 0.067588 -0.992756 -236.331757 -0.109001 0.990947 0.078373 16.680998 0.989065 0.115998 -0.091075 0.322178
-0.101231 0.067573 -0.992565 -237.532333 -0.106858 0.991180 0.078377 16.762499 0.989108 0.113999 -0.093118 0.199601
-0.103422 0.067701 -0.992331 -238.739716 -0.105682 0.991284 0.078644 16.847042 0.989007 0.113006 -0.095366 0.071427
-0.105546 0.068897 -0.992025 -239.956787 -0.105060 0.991240 0.080021 16.930899 0.988849 0.112669 -0.097383 -0.057260
-0.107758 0.069965 -0.991712 -241.181030 -0.104278 0.991222 0.081261 17.013960 0.988693 0.112171 -0.099518 -0.186174
-0.109973 0.069305 -0.991515 -242.410950 -0.103496 0.991344 0.080772 17.096720 0.988532 0.111501 -0.101848 -0.316149
-0.112221 0.068237 -0.991338 -243.646149 -0.103313 0.991431 0.079939 17.180058 0.988298 0.111389 -0.104209 -0.448509
-0.114878 0.068716 -0.991000 -244.876343 -0.103750 0.991318 0.080765 17.263664 0.987947 0.112095 -0.106752 -0.585303
-0.116757 0.068703 -0.990781 -246.108398 -0.103887 0.991287 0.080981 17.350046 0.987712 0.112384 -0.108601 -0.732389
-0.119128 0.069686 -0.990430 -247.353241 -0.104947 0.991062 0.082354 17.430964 0.987316 0.113754 -0.110751 -0.883088
-0.121441 0.070719 -0.990077 -248.605591 -0.106156 0.990813 0.083793 17.510012 0.986906 0.115279 -0.112818 -1.034134
-0.123458 0.071759 -0.989752 -249.863785 -0.107751 0.990515 0.085255 17.592216 0.986482 0.117173 -0.114555 -1.187746
-0.124797 0.072181 -0.989553 -251.124451 -0.109800 0.990219 0.086077 17.676914 0.986088 0.119396 -0.115651 -1.343046
-0.125300 0.072397 -0.989474 -252.384583 -0.111618 0.989973 0.086568 17.763819 0.985820 0.121291 -0.115963 -1.498283
-0.125333 0.072189 -0.989485 -253.644150 -0.111838 0.989964 0.086391 17.850815 0.985790 0.121491 -0.116001 -1.651864
-0.125183 0.070881 -0.989599 -254.904541 -0.110280 0.990269 0.084879 17.937901 0.985986 0.119759 -0.116149 -1.803215
-0.125163 0.070184 -0.989651 -256.165558 -0.108140 0.990586 0.083927 18.024521 0.986225 0.117526 -0.116395 -1.953509
-0.125243 0.070675 -0.989606 -257.426666 -0.107217 0.990653 0.084319 18.110504 0.986316 0.116664 -0.116495 -2.104548
-0.125154 0.070805 -0.989608 -258.687958 -0.107216 0.990643 0.084440 18.196114 0.986327 0.116670 -0.116392 -2.257330
-0.124666 0.071117 -0.989647 -259.948120 -0.106404 0.990716 0.084598 18.281500 0.986477 0.115850 -0.115942 -2.409134
-0.124340 0.071992 -0.989625 -261.205078 -0.105646 0.990734 0.085346 18.366180 0.986599 0.115163 -0.115582 -2.560574
-0.124719 0.074350 -0.989402 -262.437134 -0.101767 0.990971 0.087296 18.449570 0.986960 0.111576 -0.116027 -2.706078
-0.124663 0.077315 -0.989182 -263.662231 -0.097992 0.991125 0.089817 18.532640 0.987348 0.108131 -0.115980 -2.849464
-0.123701 0.079553 -0.989125 -264.894226 -0.096024 0.991143 0.091724 18.627903 0.987662 0.106328 -0.114967 -3.010206
-0.123136 0.078513 -0.989279 -266.119415 -0.095514 0.991300 0.090562 18.728861 0.987782 0.105642 -0.114566 -3.169066
-0.122986 0.077096 -0.989409 -267.335419 -0.097407 0.991226 0.089346 18.814932 0.987617 0.107365 -0.114397 -3.327233
-0.123374 0.076793 -0.989385 -268.553345 -0.100695 0.990886 0.089466 18.896162 0.987239 0.110665 -0.114517 -3.486766
-0.123928 0.080670 -0.989007 -269.780090 -0.106170 0.989890 0.094046 18.981188 0.986595 0.116659 -0.114110 -3.649356
-0.124232 0.084193 -0.988675 -271.004242 -0.111191 0.988936 0.098187 19.069895 0.986004 0.122130 -0.113496 -3.809332
-0.124367 0.080986 -0.988926 -272.250885 -0.113230 0.988994 0.095231 19.169632 0.985754 0.123821 -0.113829 -3.947960
-0.124410 0.075108 -0.989384 -273.496826 -0.111845 0.989714 0.089198 19.273108 0.985906 0.121756 -0.114731 -4.084790
-0.124651 0.072061 -0.989580 -274.740265 -0.107857 0.990464 0.085711 19.368082 0.986320 0.117418 -0.115691 -4.223286
-0.124049 0.072562 -0.989619 -275.976501 -0.103186 0.990972 0.085596 19.453875 0.986896 0.112733 -0.115443 -4.363140
-0.122761 0.074211 -0.989658 -277.207092 -0.101057 0.991081 0.086854 19.538733 0.987278 0.110675 -0.114167 -4.505767
-0.121359 0.076509 -0.989655 -278.436920 -0.100610 0.990941 0.088946 19.625174 0.987496 0.110365 -0.112563 -4.649354
-0.120436 0.078201 -0.989636 -279.667236 -0.101714 0.990673 0.090661 19.713917 0.987496 0.111579 -0.111359 -4.794127
-0.119475 0.079543 -0.989646 -280.893341 -0.102839 0.990431 0.092022 19.804043 0.987497 0.112770 -0.110152 -4.937110
-0.118579 0.079879 -0.989726 -282.119537 -0.103228 0.990366 0.092298 19.894770 0.987564 0.113112 -0.109192 -5.078172
-0.118078 0.078857 -0.989869 -283.344147 -0.103532 0.990430 0.091252 19.985296 0.987592 0.113259 -0.108784 -5.217888
-0.117767 0.077369 -0.990022 -284.567535 -0.103332 0.990593 0.089706 20.075331 0.987651 0.112865 -0.108664 -5.356131
-0.117614 0.076722 -0.990091 -285.792694 -0.103724 0.990608 0.089085 20.164310 0.987628 0.113174 -0.108551 -5.494693
-0.117289 0.076545 -0.990144 -287.019165 -0.104014 0.990594 0.088901 20.252308 0.987636 0.113418 -0.108224 -5.633263
-0.117032 0.076551 -0.990173 -288.246643 -0.104760 0.990510 0.088960 20.340260 0.987587 0.114143 -0.107902 -5.772295
-0.116665 0.077000 -0.990182 -289.473633 -0.105004 0.990446 0.089392 20.427938 0.987605 0.114403 -0.107464 -5.910616
-0.117512 0.076028 -0.990157 -290.685852 -0.104528 0.990579 0.088466 20.513638 0.987554 0.113896 -0.108458 -6.039502
-0.118207 0.073888 -0.990236 -291.888245 -0.103999 0.990822 0.086347 20.598106 0.987528 0.113192 -0.109439 -6.166992
-0.118708 0.071800 -0.990330 -293.102203 -0.104952 0.990887 0.084422 20.675001 0.987366 0.113960 -0.110092 -6.310458
-0.118923 0.069474 -0.990470 -294.319458 -0.105814 0.990981 0.082215 20.746405 0.987249 0.114583 -0.110499 -6.457425
-0.119683 0.068367 -0.990455 -295.547180 -0.108553 0.990743 0.081505 20.834944 0.986859 0.117272 -0.111154 -6.595462
-0.119875 0.068822 -0.990401 -296.778503 -0.111586 0.990339 0.082324 20.922707 0.986498 0.120384 -0.111038 -6.739413
-0.119495 0.069467 -0.990402 -298.011383 -0.114904 0.989878 0.083294 21.005829 0.986163 0.123755 -0.110304 -6.886032
-0.119394 0.069895 -0.990384 -299.246552 -0.117771 0.989479 0.084029 21.089161 0.985837 0.126671 -0.109907 -7.033548
-0.119428 0.069161 -0.990431 -300.481842 -0.118675 0.989424 0.083401 21.170851 0.985724 0.127500 -0.109957 -7.179119
-0.119693 0.067215 -0.990533 -301.717651 -0.117813 0.989693 0.081396 21.250465 0.985796 0.126441 -0.110541 -7.323058
-0.120204 0.065862 -0.990562 -302.955078 -0.115393 0.990106 0.079835 21.328846 0.986020 0.123901 -0.111414 -7.464750
-0.120926 0.066650 -0.990422 -304.196503 -0.112624 0.990379 0.080398 21.407406 0.986252 0.121268 -0.112256 -7.606107
-0.121579 0.068695 -0.990202 -305.440125 -0.110878 0.990418 0.082325 21.486671 0.986369 0.119800 -0.112797 -7.749604
-0.121928 0.069003 -0.990137 -306.677582 -0.111157 0.990355 0.082706 21.564064 0.986295 0.120145 -0.113082 -7.907047
-0.122292 0.067733 -0.990181 -307.912842 -0.112164 0.990333 0.081597 21.644062 0.986136 0.121043 -0.113513 -8.056112
-0.122087 0.066878 -0.990264 -309.150513 -0.112892 0.990316 0.080800 21.725216 0.986078 0.121658 -0.113355 -8.200731
-0.121337 0.066624 -0.990373 -310.393311 -0.112330 0.990414 0.080390 21.804905 0.986235 0.121003 -0.112689 -8.344934
-0.120590 0.066997 -0.990439 -311.640625 -0.110150 0.990655 0.080423 21.884279 0.986572 0.118795 -0.112083 -8.487169
-0.119997 0.067972 -0.990445 -312.891388 -0.107342 0.990916 0.081009 21.963303 0.986954 0.116038 -0.111612 -8.628244
-0.118543 0.068764 -0.990565 -314.114563 -0.105347 0.991097 0.081408 22.044830 0.987344 0.114004 -0.110244 -8.781454
-0.118063 0.069125 -0.990597 -315.352814 -0.104041 0.991222 0.081569 22.124950 0.987540 0.112694 -0.109835 -8.930552
-0.117499 0.068828 -0.990685 -316.603760 -0.103270 0.991339 0.081121 22.203325 0.987688 0.111841 -0.109374 -9.073740
-0.115728 0.069248 -0.990865 -317.846619 -0.104275 0.991207 0.081451 22.286520 0.987793 0.112750 -0.107490 -9.240803
-0.114408 0.071036 -0.990891 -319.099121 -0.106117 0.990858 0.083286 22.364120 0.987749 0.114679 -0.105825 -9.397882
-0.112220 0.070789 -0.991159 -320.333252 -0.107548 0.990734 0.082935 22.459301 0.987846 0.115905 -0.103567 -9.543570
-0.110526 0.072136 -0.991252 -321.574799 -0.111218 0.990200 0.084461 22.536226 0.987630 0.119581 -0.101420 -9.688688
-0.109750 0.073724 -0.991221 -322.815002 -0.113653 0.989774 0.086200 22.627010 0.987440 0.122116 -0.100248 -9.825369
-0.108536 0.076604 -0.991137 -324.056763 -0.115966 0.989242 0.089156 22.719595 0.987305 0.124616 -0.098486 -9.960302
-0.107599 0.078572 -0.991084 -325.294861 -0.118608 0.988737 0.091263 22.809471 0.987094 0.127370 -0.097068 -10.106472
-0.108466 0.080634 -0.990825 -326.535004 -0.122491 0.988024 0.093816 22.895161 0.986525 0.131544 -0.097290 -10.243204
-0.108251 0.082365 -0.990706 -327.779358 -0.126435 0.987328 0.095900 22.986101 0.986050 0.135642 -0.096466 -10.368803
-0.107723 0.082694 -0.990736 -329.016907 -0.130480 0.986738 0.096549 23.081255 0.985581 0.139673 -0.095505 -10.509598
-0.107590 0.080235 -0.990953 -330.251678 -0.133507 0.986544 0.094373 23.176664 0.985191 0.142454 -0.095431 -10.653709
-0.107408 0.073716 -0.991479 -331.483398 -0.133970 0.987079 0.087902 23.269156 0.985147 0.142271 -0.096145 -10.790716
-0.107789 0.069136 -0.991767 -332.718750 -0.135036 0.987315 0.083502 23.359005 0.984960 0.142926 -0.097086 -10.926054
-0.107970 0.070372 -0.991661 -333.961121 -0.134745 0.987250 0.084731 23.445807 0.984980 0.142770 -0.097111 -11.058285
-0.107931 0.072061 -0.991544 -335.201996 -0.134581 0.987128 0.086391 23.531754 0.985006 0.142768 -0.096844 -11.187912
-0.107704 0.072928 -0.991505 -336.440643 -0.134685 0.987041 0.087230 23.618193 0.985018 0.142937 -0.096487 -11.316221
-0.107760 0.076025 -0.991266 -337.677979 -0.134724 0.986758 0.090325 23.704315 0.985006 0.143283 -0.096091 -11.443624
-0.107744 0.078991 -0.991035 -338.908752 -0.133637 0.986641 0.093169 23.790398 0.985156 0.142478 -0.095749 -11.568634
-0.107908 0.080460 -0.990900 -340.130890 -0.133564 0.986510 0.094648 23.877399 0.985148 0.142563 -0.095707 -11.693657
-0.107971 0.080173 -0.990916 -341.342224 -0.134155 0.986451 0.094430 23.964401 0.985061 0.143132 -0.095753 -11.819008
-0.108103 0.078289 -0.991052 -342.540619 -0.135830 0.986382 0.092737 24.050734 0.984816 0.144641 -0.095998 -11.945515
-0.108061 0.076888 -0.991166 -343.724823 -0.137016 0.986337 0.091452 24.135592 0.984657 0.145689 -0.096050 -12.071035
-0.108080 0.078008 -0.991077 -344.897888 -0.137482 0.986164 0.092614 24.219393 0.984590 0.146266 -0.095860 -12.195038
-0.108243 0.080830 -0.990833 -346.056335 -0.137222 0.985933 0.095422 24.301893 0.984609 0.146293 -0.095629 -12.317465
-0.109247 0.083661 -0.990488 -347.167694 -0.135076 0.985959 0.098177 24.380692 0.984794 0.144518 -0.096413 -12.431461
-0.109327 0.086275 -0.990254 -348.259521 -0.133417 0.985937 0.100628 24.459591 0.985011 0.143119 -0.096279 -12.542973
-0.109668 0.089341 -0.989945 -349.345154 -0.133536 0.985598 0.103742 24.540365 0.984957 0.143571 -0.096159 -12.657351
-0.111028 0.084209 -0.990243 -350.412201 -0.133669 0.986084 0.098843 24.626268 0.984787 0.143340 -0.098226 -12.774887
-0.112560 0.072543 -0.990993 -351.468445 -0.134924 0.986978 0.087575 24.703869 0.984442 0.143568 -0.101307 -12.882933
-0.113171 0.061051 -0.991698 -352.519012 -0.136193 0.987735 0.076349 24.780535 0.984196 0.143703 -0.103468 -12.990267
-0.113911 0.052064 -0.992126 -353.567444 -0.137114 0.988245 0.067604 24.853415 0.983983 0.143736 -0.105434 -13.097813
-0.114393 0.051360 -0.992107 -354.621429 -0.137434 0.988241 0.067007 24.926315 0.983883 0.144016 -0.105989 -13.209877
-0.115041 0.058098 -0.991660 -355.658539 -0.137581 0.987734 0.073828 24.981001 0.983787 0.144928 -0.105637 -13.325974
-0.115099 0.065670 -0.991181 -356.685242 -0.137622 0.987135 0.081384 25.029341 0.983775 0.145777 -0.104581 -13.447433
-0.115335 0.071061 -0.990782 -357.703430 -0.138063 0.986608 0.086834 25.086489 0.983685 0.146806 -0.103979 -13.567905
-0.115150 0.074212 -0.990573 -358.709564 -0.140105 0.986022 0.090158 25.149559 0.983418 0.149167 -0.103144 -13.686663
-0.114431 0.076805 -0.990457 -359.701477 -0.143575 0.985260 0.092991 25.215750 0.983001 0.152847 -0.101717 -13.804035
-0.112900 0.077539 -0.990577 -360.675232 -0.146752 0.984715 0.093807 25.282143 0.982709 0.155960 -0.099795 -13.916899
-0.109979 0.075460 -0.991065 -361.606445 -0.148832 0.984621 0.091485 25.345812 0.982728 0.157564 -0.097057 -14.022724
-0.106208 0.073007 -0.991660 -362.510529 -0.151191 0.984519 0.088674 25.415846 0.982782 0.159349 -0.093525 -14.125957
-0.101905 0.070720 -0.992277 -363.398315 -0.152293 0.984603 0.085813 25.478701 0.983068 0.159862 -0.089565 -14.221403
-0.095593 0.068129 -0.993086 -364.267395 -0.152861 0.984816 0.082277 25.532854 0.983613 0.159670 -0.083727 -14.306648
-0.085837 0.065488 -0.994154 -365.116486 -0.153555 0.985044 0.078146 25.580276 0.984405 0.159366 -0.074498 -14.380058
-0.070177 0.064073 -0.995475 -365.930420 -0.153819 0.985304 0.074263 25.622574 0.985603 0.158334 -0.059290 -14.432791
-0.051625 0.063549 -0.996643 -366.719727 -0.153558 0.985599 0.070799 25.656221 0.986790 0.156699 -0.041124 -14.466118
-0.028809 0.064117 -0.997526 -367.483582 -0.151406 0.986145 0.067759 25.685062 0.988052 0.152985 -0.018703 -14.478737
-0.002550 0.065908 -0.997823 -368.224304 -0.148981 0.986664 0.065553 25.710064 0.988836 0.148825 0.007304 -14.471088
0.026851 0.068386 -0.997297 -368.941742 -0.146222 0.987194 0.063757 25.732695 0.988887 0.144116 0.036507 -14.442354
0.060564 0.072681 -0.995515 -369.624146 -0.143472 0.987622 0.063376 25.758314 0.987799 0.138991 0.070241 -14.390930
0.094984 0.077059 -0.992492 -370.283264 -0.140122 0.988108 0.063308 25.780495 0.985567 0.133058 0.104651 -14.315969
0.131428 0.081089 -0.988004 -370.921234 -0.136519 0.988633 0.062980 25.798620 0.981881 0.126604 0.141004 -14.218315
0.170416 0.082965 -0.981873 -371.540527 -0.133341 0.989225 0.060444 25.812757 0.976308 0.120625 0.179643 -14.098774
0.212062 0.082312 -0.973784 -372.141968 -0.131243 0.989818 0.055086 25.824270 0.968403 0.116121 0.220706 -13.957491
0.256489 0.081235 -0.963127 -372.730255 -0.130304 0.990271 0.048824 25.834286 0.957724 0.112976 0.264578 -13.792618
0.303482 0.080875 -0.949399 -373.305756 -0.129610 0.990634 0.042956 25.843019 0.943981 0.110015 0.311121 -13.602962
0.351310 0.080076 -0.932829 -373.841675 -0.128057 0.991082 0.036850 25.837141 0.927460 0.106511 0.358431 -13.335009
0.398531 0.077366 -0.913886 -374.376465 -0.123626 0.991873 0.030056 25.834929 0.908785 0.101002 0.404856 -13.078773
0.444205 0.072666 -0.892974 -374.893707 -0.120509 0.992493 0.020818 25.828812 0.887784 0.098364 0.449627 -12.802694
0.489081 0.070016 -0.869424 -375.405518 -0.119303 0.992775 0.012839 25.824097 0.864041 0.097446 0.493901 -12.521437
0.532482 0.069861 -0.843553 -375.908569 -0.117738 0.993013 0.007919 25.820755 0.838213 0.095102 0.536987 -12.227926
0.573659 0.071657 -0.815954 -376.399506 -0.116370 0.993191 0.005408 25.815792 0.810786 0.091852 0.578091 -11.913212
0.613160 0.072777 -0.786600 -376.873352 -0.111436 0.993758 0.005079 25.805880 0.782059 0.084542 0.617442 -11.567873
0.650842 0.072991 -0.755696 -377.333344 -0.108843 0.994056 0.002273 25.792273 0.751372 0.080774 0.654917 -11.203526
0.686401 0.072963 -0.723553 -377.781586 -0.108016 0.994146 -0.002220 25.776688 0.719156 0.079681 0.690265 -10.821026
0.720081 0.073982 -0.689935 -378.184753 -0.108629 0.994058 -0.006782 25.752720 0.685335 0.079832 0.723839 -10.355734
0.751911 0.071722 -0.655352 -378.594727 -0.104698 0.994439 -0.011293 25.734535 0.650899 0.077106 0.755238 -9.909821
0.780933 0.064680 -0.621258 -378.985382 -0.096900 0.995127 -0.018201 25.713406 0.617053 0.074415 0.783395 -9.442156
0.807437 0.058521 -0.587044 -379.364990 -0.091068 0.995504 -0.026016 25.688263 0.582884 0.074468 0.809136 -8.957726
0.831310 0.055765 -0.553005 -379.737762 -0.088944 0.995479 -0.033322 25.660063 0.548646 0.076888 0.832512 -8.457233
0.852698 0.052717 -0.519737 -380.066711 -0.086112 0.995470 -0.040306 25.625633 0.515258 0.079126 0.853374 -7.880299
0.872312 0.051521 -0.486227 -380.380096 -0.084081 0.995425 -0.045368 25.586996 0.481666 0.080458 0.872654 -7.268282
0.890396 0.054416 -0.451923 -380.681335 -0.084842 0.995269 -0.047319 25.542702 0.447211 0.080476 0.890800 -6.625897
0.906512 0.059541 -0.417960 -380.971588 -0.087667 0.994972 -0.048400 25.494856 0.412978 0.080519 0.907175 -5.957324
0.920811 0.062061 -0.385040 -381.263184 -0.089055 0.994633 -0.052655 25.447239 0.379707 0.082775 0.921396 -5.305916
0.933037 0.063594 -0.354115 -381.542419 -0.089920 0.994236 -0.058373 25.395897 0.348362 0.086308 0.933378 -4.637435
0.943098 0.066149 -0.325869 -381.815308 -0.091879 0.993698 -0.064192 25.343273 0.319570 0.090481 0.943233 -3.958893
0.950897 0.070102 -0.301465 -382.086182 -0.095099 0.993070 -0.069035 25.288443 0.294537 0.094315 0.950974 -3.270927
0.956875 0.074790 -0.280707 -382.355804 -0.098446 0.992598 -0.071119 25.232166 0.273311 0.095687 0.957155 -2.571081
0.961689 0.080339 -0.262105 -382.623932 -0.102370 0.992174 -0.071485 25.175739 0.254310 0.095579 0.962388 -1.860381
0.965766 0.086265 -0.244654 -382.888733 -0.106848 0.991656 -0.072118 25.118366 0.236392 0.095792 0.966925 -1.141276
0.969585 0.091245 -0.227111 -383.147888 -0.110393 0.991198 -0.073056 25.058849 0.218445 0.095905 0.971125 -0.409510
0.973184 0.094764 -0.209599 -383.391937 -0.112445 0.990892 -0.074086 24.996389 0.200669 0.095668 0.974976 0.347508
0.976428 0.096940 -0.192848 -383.625214 -0.113152 0.990751 -0.074885 24.931919 0.183806 0.094941 0.978367 1.121703
0.979119 0.097507 -0.178376 -383.828796 -0.112449 0.990773 -0.075644 24.857929 0.169354 0.094123 0.981050 1.951465
0.981054 0.096086 -0.168230 -383.994995 -0.110237 0.990926 -0.076887 24.782495 0.159316 0.093976 0.982744 2.856699
0.982599 0.094632 -0.159822 -384.145142 -0.108079 0.991106 -0.077630 24.703804 0.151055 0.093553 0.984088 3.803375
0.983683 0.094321 -0.153207 -384.305786 -0.107371 0.991055 -0.079253 24.626324 0.144362 0.094410 0.985010 4.738739
0.984589 0.094547 -0.147128 -384.468719 -0.107243 0.990936 -0.080889 24.545799 0.138147 0.095422 0.985804 5.683626
0.985398 0.094876 -0.141387 -384.635498 -0.107142 0.990871 -0.081816 24.462955 0.132334 0.095770 0.986567 6.634673
0.986227 0.093744 -0.136271 -384.805573 -0.105437 0.991099 -0.081277 24.377127 0.127439 0.094526 0.987331 7.592951
0.986917 0.091697 -0.132613 -384.976898 -0.102780 0.991539 -0.079283 24.288029 0.124221 0.091876 0.987991 8.561808
0.987363 0.090256 -0.130260 -385.148529 -0.100821 0.991926 -0.076914 24.197731 0.122267 0.089076 0.988492 9.540373
0.987745 0.089022 -0.128201 -385.319458 -0.099055 0.992317 -0.074130 24.106436 0.120617 0.085921 0.988974 10.528522
0.988115 0.087886 -0.126118 -385.489136 -0.097471 0.992634 -0.071944 24.014336 0.118867 0.083382 0.989403 11.520348
0.988398 0.087459 -0.124177 -385.657806 -0.096843 0.992716 -0.071650 23.922365 0.117007 0.082845 0.989669 12.512966
0.988673 0.086850 -0.122404 -385.829285 -0.096084 0.992789 -0.071670 23.823683 0.115297 0.082620 0.989889 13.510162
0.989001 0.085594 -0.120625 -385.990509 -0.094698 0.992908 -0.071863 23.731657 0.113619 0.082496 0.990093 14.502514
0.989320 0.085109 -0.118337 -386.153320 -0.094094 0.992917 -0.072532 23.640171 0.111325 0.082892 0.990321 15.498585
0.989734 0.084475 -0.115282 -386.311859 -0.093272 0.992948 -0.073169 23.548542 0.108288 0.083172 0.990634 16.494413
0.990134 0.084035 -0.112131 -386.467926 -0.092530 0.993043 -0.072825 23.456305 0.105230 0.082483 0.991021 17.491932
0.990563 0.083001 -0.109072 -386.619263 -0.091140 0.993241 -0.071874 23.363997 0.102370 0.081137 0.991432 18.489706
0.990914 0.082029 -0.106584 -386.765350 -0.089856 0.993433 -0.070821 23.272001 0.100075 0.079755 0.991778 19.487659
0.991216 0.080938 -0.104594 -386.907837 -0.088562 0.993578 -0.070422 23.180397 0.098223 0.079067 0.992018 20.481468
0.991412 0.080606 -0.102978 -387.054474 -0.088170 0.993561 -0.071137 23.089180 0.096581 0.079606 0.992137 21.474716
0.991574 0.080628 -0.101391 -387.171906 -0.088120 0.993525 -0.071713 22.997190 0.094954 0.080044 0.992259 22.462000
0.991711 0.081083 -0.099679 -387.282440 -0.088444 0.993491 -0.071789 22.904871 0.093210 0.080010 0.992426 23.447336
0.991887 0.081350 -0.097681 -387.397919 -0.088460 0.993560 -0.070800 22.812508 0.091293 0.078868 0.992696 24.427946
0.992093 0.081086 -0.095795 -387.515869 -0.087964 0.993668 -0.069887 22.720381 0.089522 0.077762 0.992945 25.403429
0.992183 0.080864 -0.095049 -387.608521 -0.087613 0.993754 -0.069111 22.621389 0.088867 0.076899 0.993070 26.366772
0.992304 0.080872 -0.093765 -387.708679 -0.087505 0.993777 -0.068914 22.530676 0.087609 0.076589 0.993206 27.320799
0.992579 0.079896 -0.091677 -387.821320 -0.086382 0.993862 -0.069103 22.447140 0.085594 0.076511 0.993388 28.267939
0.992779 0.079294 -0.090017 -387.933838 -0.085656 0.993920 -0.069174 22.364281 0.083985 0.076385 0.993535 29.205591
0.992876 0.079420 -0.088820 -388.026733 -0.085799 0.993818 -0.070454 22.283073 0.082676 0.077574 0.993553 30.131245
0.992942 0.080314 -0.087267 -388.119141 -0.086666 0.993661 -0.071605 22.202209 0.080963 0.078663 0.993608 31.052103
0.993060 0.080976 -0.085290 -388.213440 -0.087315 0.993471 -0.073423 22.119312 0.078789 0.080361 0.993647 31.964754
0.993228 0.081451 -0.082844 -388.304810 -0.087691 0.993343 -0.074692 22.035540 0.076208 0.081452 0.993759 32.868786
0.993399 0.082327 -0.079879 -388.393738 -0.088338 0.993273 -0.074867 21.952328 0.073178 0.081431 0.993989 33.764149
0.993630 0.082839 -0.076405 -388.477997 -0.088495 0.993333 -0.073874 21.871233 0.069776 0.080166 0.994337 34.657280
0.993925 0.082864 -0.072439 -388.559174 -0.088170 0.993396 -0.073407 21.791000 0.065878 0.079349 0.994668 35.544559
0.994224 0.083374 -0.067573 -388.638000 -0.088308 0.993367 -0.073642 21.710884 0.060986 0.079184 0.994992 36.424862
0.994781 0.083514 -0.058614 -388.723328 -0.087775 0.993363 -0.074323 21.645164 0.052019 0.079080 0.995510 37.279232
0.995231 0.084297 -0.049077 -388.799622 -0.087805 0.993360 -0.074328 21.577879 0.042485 0.078284 0.996025 38.126534
0.995528 0.086249 -0.038553 -388.865326 -0.088935 0.993250 -0.074447 21.509783 0.031872 0.077544 0.996479 38.958622
0.995846 0.087650 -0.024672 -388.900604 -0.089292 0.993102 -0.075996 21.432331 0.017841 0.077884 0.996802 39.761292
0.996042 0.088314 -0.010123 -388.916870 -0.088835 0.993018 -0.077603 21.352066 0.003199 0.078196 0.996933 40.545361
0.996048 0.088628 0.005788 -388.927551 -0.087895 0.992977 -0.079188 21.269855 -0.012766 0.078367 0.996843 41.322903
0.995791 0.088227 0.024852 -388.921021 -0.085998 0.993095 -0.079778 21.189356 -0.031719 0.077306 0.996502 42.089676
0.995291 0.085119 0.046375 -388.896820 -0.081333 0.993616 -0.078178 21.111145 -0.052734 0.074039 0.995861 42.848400
0.994484 0.078309 0.069774 -388.853271 -0.072901 0.994366 -0.076952 21.033251 -0.075407 0.071442 0.994591 43.594212
0.992980 0.070563 0.094927 -388.791565 -0.063293 0.994977 -0.077546 20.954952 -0.099921 0.070994 0.992459 44.323914
0.990110 0.066686 0.123434 -388.723663 -0.056993 0.995126 -0.080467 20.839943 -0.128197 0.072637 0.989085 45.056084
0.986790 0.056007 0.152016 -388.624512 -0.043486 0.995476 -0.084476 20.726131 -0.156059 0.076751 0.984762 45.773048
0.982092 0.046166 0.182658 -388.522644 -0.030609 0.995729 -0.087093 20.607468 -0.185898 0.079943 0.979311 46.488705
0.975780 0.037774 0.215466 -388.403473 -0.019120 0.995936 -0.088011 20.490854 -0.217914 0.081760 0.972537 47.192852
0.968046 0.029823 0.248995 -388.241638 -0.008152 0.996121 -0.087613 20.395449 -0.250642 0.082784 0.964533 47.864513
0.958826 0.021592 0.283174 -387.959869 0.003404 0.996159 -0.087486 20.373873 -0.283975 0.084848 0.955069 48.446804
0.947692 0.016752 0.318747 -387.650299 0.011978 0.996051 -0.087961 20.356483 -0.318961 0.087178 0.943749 48.989494
0.934259 0.015508 0.356257 -387.352570 0.017126 0.995948 -0.088268 20.317688 -0.356182 0.088567 0.930210 49.523197
0.918557 0.016672 0.394936 -387.070374 0.020220 0.995819 -0.089068 20.256327 -0.394770 0.089800 0.914381 50.066486
0.900345 0.021384 0.434652 -386.782562 0.020963 0.995501 -0.092401 20.186863 -0.434672 0.092305 0.895846 50.604870
0.878537 0.023571 0.477093 -386.470734 0.025398 0.995064 -0.095932 20.115967 -0.476999 0.096397 0.873602 51.126034
0.852883 0.024282 0.521538 -386.135895 0.030765 0.994844 -0.096628 20.047398 -0.521196 0.098458 0.847739 51.631092
0.824402 0.022311 0.565565 -385.777832 0.039427 0.994531 -0.096706 19.983212 -0.564630 0.102024 0.819014 52.117634
0.793752 0.021188 0.607872 -385.410767 0.047126 0.994246 -0.096193 19.917206 -0.606412 0.105001 0.788187 52.592014
0.760850 0.021223 0.648580 -385.034821 0.052059 0.994247 -0.093605 19.851257 -0.646835 0.104984 0.755368 53.056793
0.726280 0.022660 0.687025 -384.649841 0.055289 0.994292 -0.091243 19.786362 -0.685171 0.104254 0.720882 53.508633
0.690056 0.025201 0.723317 -384.242340 0.058342 0.994204 -0.090299 19.723120 -0.721400 0.104511 0.684587 53.932312
0.652003 0.028646 0.757674 -383.817871 0.060327 0.994157 -0.089500 19.660751 -0.755812 0.104064 0.646466 54.334511
0.613317 0.031993 0.789189 -383.378540 0.063185 0.993989 -0.089400 19.598661 -0.787305 0.104696 0.607609 54.713959
0.575049 0.035795 0.817335 -382.922394 0.066067 0.993747 -0.090004 19.537653 -0.815446 0.105756 0.569089 55.074131
0.537654 0.038038 0.842306 -382.448944 0.068622 0.993693 -0.088678 19.477545 -0.840368 0.105480 0.531653 55.419460
0.501845 0.038512 0.864100 -381.913483 0.067931 0.994167 -0.083763 19.417603 -0.862286 0.100736 0.496301 55.740288
0.466607 0.037680 0.883662 -381.355255 0.066606 0.994757 -0.077588 19.358171 -0.881953 0.095061 0.461651 56.047855
0.432483 0.034209 0.900993 -380.775421 0.067345 0.995263 -0.070114 19.301315 -0.899123 0.091001 0.428130 56.335808
0.399927 0.031974 0.915989 -380.190369 0.071267 0.995280 -0.065857 19.244884 -0.913772 0.091619 0.395761 56.609127
0.368707 0.031697 0.929005 -379.600525 0.074544 0.995191 -0.063541 19.187605 -0.926552 0.092681 0.364572 56.875214
0.337648 0.034318 0.940646 -379.006348 0.072668 0.995402 -0.062401 19.132862 -0.938463 0.089426 0.333601 57.139507
0.307555 0.038644 0.950745 -378.403442 0.069468 0.995596 -0.062940 19.077652 -0.948991 0.085404 0.303517 57.395359
0.279431 0.037570 0.959430 -377.776794 0.070231 0.995758 -0.059447 19.023020 -0.957594 0.083995 0.275607 57.630569
0.253405 0.034577 0.966742 -377.134277 0.073609 0.995774 -0.054911 18.969799 -0.964556 0.085076 0.249789 57.848625
0.230111 0.033164 0.972599 -376.478760 0.077403 0.995628 -0.052263 18.917185 -0.970081 0.087309 0.226538 58.055008
0.210214 0.032461 0.977116 -375.811523 0.080558 0.995474 -0.050403 18.865231 -0.974331 0.089311 0.206649 58.252598
0.193652 0.032556 0.980530 -375.132446 0.082994 0.995322 -0.049438 18.814314 -0.977554 0.090953 0.190044 58.443279
0.179705 0.032419 0.983186 -374.440948 0.084217 0.995280 -0.048212 18.763685 -0.980108 0.091466 0.176128 58.628922
0.167549 0.030890 0.985379 -373.698547 0.084128 0.995414 -0.045510 18.719204 -0.982268 0.090524 0.164182 58.776936
0.156740 0.028801 0.987219 -372.937042 0.084559 0.995512 -0.042469 18.675821 -0.984013 0.090135 0.153603 58.913452
0.146691 0.026780 0.988820 -372.190674 0.085835 0.995517 -0.039695 18.628664 -0.985451 0.090699 0.143736 59.068817
0.136820 0.025594 0.990265 -371.400421 0.087308 0.995464 -0.037792 18.587420 -0.986741 0.091629 0.133966 59.189331
0.127177 0.025636 0.991548 -370.624756 0.087649 0.995464 -0.036980 18.543085 -0.988000 0.091612 0.124354 59.329292
0.117881 0.025922 0.992689 -369.796875 0.087566 0.995493 -0.036394 18.509050 -0.989159 0.091216 0.115080 59.421062
0.108899 0.026144 0.993709 -368.944641 0.088255 0.995451 -0.035862 18.474861 -0.990127 0.091606 0.106097 59.503860
0.101260 0.026244 0.994514 -368.113861 0.090473 0.995267 -0.035476 18.436752 -0.990737 0.093569 0.098407 59.580406
0.094081 0.026244 0.995219 -367.265106 0.092544 0.995093 -0.034989 18.399929 -0.991254 0.095394 0.091191 59.659092
0.086926 0.025948 0.995877 -366.405579 0.094056 0.994981 -0.034135 18.367550 -0.991765 0.096636 0.084049 59.741676
0.079570 0.026144 0.996486 -365.533051 0.095809 0.994826 -0.033751 18.337944 -0.992214 0.098159 0.076653 59.828968
0.072527 0.025338 0.997045 -364.650635 0.096427 0.994815 -0.032296 18.296421 -0.992694 0.098485 0.069708 59.903927
0.065903 0.024443 0.997526 -363.771667 0.097325 0.994776 -0.030805 18.247950 -0.993068 0.099115 0.063180 59.958778
0.059258 0.024257 0.997948 -362.892059 0.098949 0.994638 -0.030053 18.199780 -0.993326 0.100527 0.056540 60.005566
0.053779 0.024379 0.998256 -362.007721 0.102130 0.994324 -0.029785 18.152702 -0.993317 0.103555 0.050985 60.049042
0.049996 0.025339 0.998428 -361.117676 0.105772 0.993921 -0.030522 18.106695 -0.993132 0.107133 0.047012 60.090908
0.047312 0.025307 0.998560 -360.224792 0.108523 0.993630 -0.030324 18.060471 -0.992967 0.109803 0.044265 60.128006
0.045533 0.026209 0.998619 -359.327423 0.110999 0.993332 -0.031131 18.015610 -0.992777 0.112265 0.042321 60.171307
0.044211 0.028816 0.998607 -358.430908 0.113164 0.993006 -0.033665 17.965744 -0.992592 0.114495 0.040641 60.208309
0.043467 0.033840 0.998481 -357.535522 0.115229 0.992586 -0.038656 17.914417 -0.992387 0.116736 0.039245 60.245251
0.043708 0.036944 0.998361 -356.635986 0.117637 0.992174 -0.041866 17.861498 -0.992094 0.119276 0.039020 60.282444
0.044972 0.036473 0.998322 -355.727570 0.119582 0.991951 -0.041628 17.810701 -0.991805 0.121255 0.040248 60.325123
0.047349 0.034717 0.998275 -354.812927 0.121447 0.991781 -0.040251 17.757914 -0.991468 0.123143 0.042744 60.361439
0.050832 0.034343 0.998117 -353.900940 0.122507 0.991646 -0.040360 17.711058 -0.991165 0.124329 0.046201 60.391361
0.054265 0.034422 0.997933 -352.993561 0.123173 0.991542 -0.040900 17.663811 -0.990900 0.125138 0.049567 60.433002
0.059456 0.033927 0.997654 -352.091370 0.125085 0.991291 -0.041165 17.607590 -0.990363 0.127240 0.054694 60.466278
0.067782 0.033382 0.997141 -351.194122 0.126701 0.991060 -0.041792 17.561226 -0.989623 0.129172 0.062947 60.493446
0.074747 0.032821 0.996662 -350.291565 0.126198 0.991111 -0.042103 17.504318 -0.989185 0.128925 0.069942 60.551086
0.080641 0.032336 0.996219 -349.390564 0.126312 0.991084 -0.042395 17.447636 -0.988707 0.129254 0.075839 60.607563
0.087147 0.032131 0.995678 -348.492035 0.126264 0.991062 -0.043034 17.391783 -0.988161 0.129469 0.082311 60.670963
0.093574 0.031446 0.995116 -347.594482 0.125699 0.991130 -0.043141 17.335333 -0.987645 0.129122 0.088792 60.737858
0.098586 0.030950 0.994647 -346.700836 0.124110 0.991329 -0.043148 17.275400 -0.987359 0.127700 0.093890 60.814034
0.103191 0.032115 0.994143 -345.814209 0.121117 0.991635 -0.044607 17.225700 -0.987259 0.125012 0.098439 60.903061
0.106781 0.033400 0.993721 -344.929810 0.120356 0.991652 -0.046265 17.182449 -0.986971 0.124541 0.101870 60.994610
0.109235 0.034163 0.993429 -344.044678 0.119228 0.991743 -0.047215 17.137131 -0.986839 0.123602 0.104260 61.089077
0.110792 0.034045 0.993260 -343.160431 0.118250 0.991861 -0.047187 17.089264 -0.986783 0.122681 0.105865 61.184261
0.112467 0.034314 0.993063 -342.280975 0.117847 0.991889 -0.047619 17.043318 -0.986642 0.122386 0.107511 61.277100
0.113857 0.034872 0.992885 -341.397156 0.117580 0.991887 -0.048320 16.992704 -0.986514 0.122246 0.108833 61.371265
0.113865 0.034230 0.992907 -340.525513 0.116173 0.992091 -0.047524 16.922508 -0.986681 0.120761 0.108988 61.476734
0.114253 0.034207 0.992863 -339.658478 0.114864 0.992249 -0.047404 16.841696 -0.986789 0.119462 0.109438 61.586674
0.114976 0.033519 0.992803 -338.783447 0.114322 0.992343 -0.046743 16.778751 -0.986768 0.118875 0.110263 61.684185
0.112807 0.034293 0.993025 -337.914673 0.113738 0.992389 -0.047192 16.740137 -0.987086 0.118269 0.108048 61.804752
0.112314 0.033902 0.993094 -337.023773 0.112350 0.992575 -0.046591 16.702265 -0.987301 0.116808 0.107672 61.923122
0.110085 0.034504 0.993324 -336.129852 0.111221 0.992692 -0.046809 16.657505 -0.987679 0.115632 0.105442 62.026348
0.107422 0.034392 0.993618 -335.162872 0.111935 0.992628 -0.046460 16.567087 -0.987892 0.116212 0.102780 62.032467
0.103688 0.034240 0.994020 -334.270844 0.112084 0.992638 -0.045885 16.510578 -0.988274 0.116173 0.099087 62.116230
0.100116 0.034227 0.994387 -333.384583 0.111926 0.992677 -0.045437 16.455030 -0.988660 0.115848 0.095553 62.197262
0.096779 0.034754 0.994699 -332.493134 0.112959 0.992549 -0.045669 16.397861 -0.988875 0.116781 0.092132 62.271832
0.094136 0.035439 0.994928 -331.620728 0.113435 0.992476 -0.046084 16.343933 -0.989075 0.117199 0.089409 62.353104
0.091933 0.035028 0.995149 -330.746613 0.113214 0.992532 -0.045394 16.291197 -0.989308 0.116839 0.087282 62.433151
0.090096 0.034064 0.995350 -329.869293 0.113193 0.992589 -0.044215 16.237547 -0.989479 0.116651 0.085574 62.510830
0.088852 0.034017 0.995464 -328.995789 0.113975 0.992504 -0.044090 16.184948 -0.989502 0.117376 0.084309 62.586647
0.088614 0.034545 0.995467 -328.121735 0.115619 0.992286 -0.044727 16.131914 -0.989333 0.119059 0.083936 62.661770
0.088812 0.033620 0.995481 -327.256409 0.116497 0.992219 -0.043903 16.067850 -0.989212 0.119871 0.084204 62.750473
0.090350 0.034104 0.995326 -326.392242 0.117815 0.992029 -0.044686 16.001793 -0.988916 0.121303 0.085612 62.840286
0.094247 0.034527 0.994950 -325.519257 0.119011 0.991840 -0.045692 15.946823 -0.988410 0.122717 0.089369 62.908169
0.097633 0.034935 0.994609 -324.646484 0.120423 0.991625 -0.046652 15.891967 -0.987909 0.124330 0.092609 62.976177
0.100955 0.033433 0.994329 -323.793610 0.120217 0.991702 -0.045551 15.833456 -0.987601 0.124136 0.096098 63.067287
0.104515 0.031965 0.994009 -322.941376 0.119700 0.991812 -0.044481 15.774227 -0.987293 0.123632 0.099834 63.160587
0.105718 0.029721 0.993951 -322.098663 0.119344 0.991948 -0.042355 15.710370 -0.987208 0.123101 0.101320 63.279156
0.108234 0.027479 0.993746 -321.254791 0.118778 0.992099 -0.040371 15.644097 -0.987004 0.122405 0.104115 63.409054
0.110613 0.024450 0.993563 -320.415283 0.117729 0.992336 -0.037527 15.579494 -0.986865 0.121122 0.106887 63.541965
0.113059 0.022474 0.993334 -319.568695 0.116736 0.992519 -0.035743 15.516277 -0.986707 0.120000 0.109590 63.667789
0.115384 0.022752 0.993060 -318.723633 0.115990 0.992589 -0.036219 15.456371 -0.986526 0.119366 0.111890 63.791080
0.116681 0.024220 0.992874 -317.878296 0.114952 0.992654 -0.037723 15.398413 -0.986494 0.118535 0.113040 63.912457
0.116850 0.026247 0.992803 -317.005737 0.113898 0.992700 -0.039650 15.351072 -0.986597 0.117711 0.113007 63.993229
0.116547 0.027891 0.992793 -316.136871 0.112932 0.992750 -0.041147 15.307306 -0.986743 0.116915 0.112552 64.067291
0.116225 0.028952 0.992800 -315.269653 0.112708 0.992733 -0.042145 15.259693 -0.986807 0.116795 0.112118 64.146706
0.116143 0.029478 0.992795 -314.415100 0.113189 0.992655 -0.042716 15.210140 -0.986761 0.117336 0.111953 64.232094
0.116165 0.029079 0.992804 -313.562286 0.113151 0.992676 -0.042315 15.175298 -0.986763 0.117254 0.112024 64.322426
0.116686 0.028695 0.992754 -312.713989 0.112768 0.992734 -0.041949 15.112009 -0.986746 0.116846 0.112603 64.415535
0.117569 0.028356 0.992659 -311.865356 0.111891 0.992849 -0.041613 15.053802 -0.986741 0.115963 0.113555 64.506371
0.118108 0.028902 0.992580 -311.030121 0.110615 0.992972 -0.042076 15.003656 -0.986820 0.114765 0.114081 64.608070
0.118170 0.029429 0.992557 -310.188049 0.110064 0.993013 -0.042546 14.951826 -0.986874 0.114274 0.114106 64.707527
0.118143 0.030023 0.992543 -309.343689 0.109363 0.993068 -0.043056 14.900421 -0.986956 0.113635 0.114040 64.804863
0.118699 0.030445 0.992463 -308.498352 0.109552 0.993025 -0.043565 14.847828 -0.986869 0.113897 0.114536 64.901962
0.120909 0.030800 0.992186 -307.651825 0.110772 0.992857 -0.044319 14.794430 -0.986464 0.115267 0.116634 64.999107
0.124112 0.031790 0.991759 -306.814362 0.111403 0.992720 -0.045762 14.733916 -0.985995 0.116165 0.119667 65.095772
0.126843 0.032354 0.991395 -305.968933 0.110258 0.992813 -0.046507 14.676628 -0.985776 0.115210 0.122364 65.200523
0.129259 0.033393 0.991048 -305.126160 0.108194 0.992991 -0.047570 14.618330 -0.985690 0.113374 0.124742 65.307480
0.131355 0.034549 0.990733 -304.279907 0.106387 0.993129 -0.048738 14.560251 -0.985610 0.111804 0.126777 65.416595
0.133239 0.035286 0.990455 -303.429230 0.105157 0.993221 -0.049531 14.502705 -0.985489 0.110754 0.128627 65.527046
0.135010 0.035330 0.990215 -302.572327 0.104030 0.993335 -0.049626 14.444609 -0.985368 0.109713 0.130435 65.639862
0.136866 0.035555 0.989952 -301.712463 0.103256 0.993399 -0.049954 14.385895 -0.985194 0.109056 0.132291 65.754105
0.138357 0.037330 0.989679 -300.849548 0.101822 0.993458 -0.051707 14.325733 -0.985134 0.107926 0.133650 65.870644
0.139177 0.040257 0.989449 -299.982941 0.099688 0.993527 -0.054446 14.264357 -0.985237 0.106214 0.134263 65.989799
0.139958 0.042509 0.989244 -299.109375 0.098106 0.993566 -0.056575 14.202782 -0.985285 0.104970 0.134887 66.110153
0.140067 0.042942 0.989210 -298.232788 0.096708 0.993689 -0.056830 14.139780 -0.985408 0.103626 0.135030 66.228325
0.137566 0.041418 0.989627 -297.338165 0.094268 0.994042 -0.054706 14.073961 -0.985997 0.100817 0.132842 66.359421
0.134815 0.040623 0.990038 -296.439209 0.092233 0.994306 -0.053358 14.008402 -0.986568 0.098508 0.130301 66.490311
0.132657 0.041517 0.990292 -295.531433 0.091687 0.994324 -0.053969 13.941862 -0.986912 0.097958 0.128098 66.605927
0.129491 0.043370 0.990632 -294.618408 0.091762 0.994231 -0.055523 13.874861 -0.987325 0.098093 0.124765 66.711891
0.124485 0.044334 0.991230 -293.698090 0.090488 0.994330 -0.055837 13.810320 -0.988086 0.096647 0.119768 66.831322
0.118420 0.044412 0.991970 -292.771057 0.089190 0.994485 -0.055172 13.745454 -0.988950 0.095007 0.113806 66.952705
0.112493 0.043375 0.992705 -291.834229 0.088793 0.994611 -0.053521 13.676444 -0.989677 0.094167 0.108035 67.040337
0.105770 0.042755 0.993471 -290.888855 0.089155 0.994643 -0.052298 13.612159 -0.990385 0.094105 0.101392 67.134857
0.099038 0.042423 0.994179 -289.939087 0.090167 0.994598 -0.051423 13.551416 -0.990990 0.094735 0.094677 67.237068
0.092508 0.042004 0.994826 -288.983154 0.091731 0.994501 -0.050520 13.489443 -0.991477 0.095930 0.088146 67.329391
0.087100 0.041611 0.995330 -288.025238 0.093130 0.994411 -0.049723 13.427396 -0.991837 0.097026 0.082738 67.418388
0.082975 0.040353 0.995735 -287.066559 0.094355 0.994373 -0.048161 13.365458 -0.992075 0.097949 0.078701 67.503311
0.080420 0.038408 0.996020 -286.109070 0.095841 0.994329 -0.046081 13.303350 -0.992142 0.099166 0.076284 67.582756
0.078487 0.037023 0.996227 -285.152344 0.096724 0.994312 -0.044572 13.240213 -0.992212 0.099857 0.074461 67.659416
0.076641 0.037231 0.996364 -284.198883 0.096424 0.994341 -0.044573 13.177685 -0.992385 0.099490 0.072618 67.735985
0.074778 0.037910 0.996479 -283.248077 0.096436 0.994318 -0.045065 13.115748 -0.992526 0.099467 0.070697 67.810768
0.073131 0.038054 0.996596 -282.299591 0.096700 0.994292 -0.045061 13.053907 -0.992623 0.099667 0.069033 67.883484
0.071940 0.036561 0.996739 -281.359436 0.097010 0.994333 -0.043475 12.988137 -0.992680 0.099822 0.067986 67.945358
0.070290 0.035972 0.996878 -280.426239 0.097678 0.994298 -0.042767 12.920288 -0.992733 0.100379 0.066376 68.001732
0.068519 0.036008 0.997000 -279.499176 0.098176 0.994253 -0.042656 12.853684 -0.992807 0.100805 0.064591 68.058708
0.065808 0.036707 0.997157 -278.578705 0.098058 0.994247 -0.043072 12.794525 -0.993002 0.100614 0.061830 68.119980
0.062119 0.036710 0.997394 -277.664642 0.097651 0.994305 -0.042678 12.737892 -0.993280 0.100049 0.058181 68.181732
0.058127 0.036927 0.997626 -276.755981 0.097737 0.994304 -0.042499 12.688590 -0.993513 0.099976 0.054188 68.248489
0.054475 0.037319 0.997817 -275.851074 0.099322 0.994142 -0.042605 12.630135 -0.993563 0.101427 0.050449 68.297699
0.050976 0.039286 0.997927 -274.963104 0.102080 0.993787 -0.044337 12.572285 -0.993469 0.104129 0.046649 68.334305
0.048569 0.040737 0.997988 -274.076904 0.104018 0.993528 -0.045618 12.520021 -0.993388 0.106025 0.044017 68.372765
0.046547 0.040441 0.998097 -273.190033 0.106689 0.993263 -0.045221 12.470469 -0.993202 0.108592 0.041919 68.410652
0.046102 0.037999 0.998213 -272.304779 0.109223 0.993093 -0.042849 12.421584 -0.992947 0.111004 0.041634 68.447289
0.046442 0.035272 0.998298 -271.421082 0.111164 0.992986 -0.040256 12.373819 -0.992716 0.112845 0.042195 68.485847
0.047896 0.035844 0.998209 -270.542786 0.112693 0.992781 -0.041057 12.325449 -0.992475 0.114459 0.043511 68.525787
0.050426 0.037775 0.998013 -269.663666 0.113939 0.992542 -0.043325 12.272419 -0.992207 0.115898 0.045746 68.568680
0.054411 0.038643 0.997771 -268.785492 0.115710 0.992275 -0.044740 12.218439 -0.991791 0.117887 0.049520 68.614594
0.060306 0.038469 0.997439 -267.888000 0.116716 0.992130 -0.045321 12.165882 -0.991332 0.119151 0.055342 68.661079
0.068652 0.037355 0.996941 -267.011780 0.117291 0.992065 -0.045250 12.111739 -0.990722 0.120039 0.063726 68.698921
0.077388 0.036170 0.996345 -266.130524 0.116610 0.992153 -0.045075 12.067101 -0.990157 0.119673 0.072564 68.753960
0.084766 0.033711 0.995830 -265.247681 0.116678 0.992215 -0.043521 12.023809 -0.989545 0.119882 0.080173 68.809662
0.091762 0.030632 0.995310 -264.363251 0.116891 0.992284 -0.041316 11.977105 -0.988896 0.120135 0.087473 68.874039
0.098985 0.029808 0.994642 -263.482300 0.117666 0.992188 -0.041445 11.929116 -0.988107 0.121138 0.094705 68.948540
0.106694 0.031113 0.993805 -262.600616 0.117612 0.992098 -0.043687 11.880129 -0.987311 0.121545 0.102192 69.032570
0.114498 0.032748 0.992883 -261.719360 0.116814 0.992078 -0.046193 11.829680 -0.986531 0.121272 0.109766 69.125923
0.122509 0.033328 0.991907 -260.835846 0.115616 0.992151 -0.047617 11.776975 -0.985710 0.120515 0.117695 69.227547
0.130575 0.032861 0.990894 -259.951752 0.114236 0.992295 -0.047961 11.722708 -0.984835 0.119459 0.125816 69.337181
0.138608 0.032260 0.989822 -259.066925 0.112283 0.992513 -0.048071 11.667168 -0.983961 0.117804 0.133949 69.455086
0.146434 0.032196 0.988696 -258.182098 0.109749 0.992771 -0.048584 11.610073 -0.983114 0.115624 0.141842 69.581039
0.153215 0.032677 0.987652 -257.295776 0.106518 0.993083 -0.049381 11.552242 -0.982435 0.112770 0.148676 69.714211
0.156998 0.033769 0.987021 -256.415192 0.102936 0.993412 -0.050362 11.489902 -0.982220 0.109507 0.152488 69.861664
0.158692 0.034651 0.986720 -255.531860 0.099734 0.993709 -0.050936 11.426731 -0.982277 0.106495 0.154239 70.023018
0.160428 0.035016 0.986426 -254.644943 0.097126 0.993960 -0.051079 11.367015 -0.982257 0.104002 0.156059 70.183571
0.162109 0.034610 0.986166 -253.756424 0.095799 0.994111 -0.050637 11.307621 -0.982111 0.102683 0.157838 70.343636
0.163800 0.034451 0.985892 -252.867203 0.094947 0.994199 -0.050516 11.247954 -0.981913 0.101883 0.159579 70.504280
0.165042 0.034361 0.985687 -251.977402 0.093477 0.994349 -0.050315 11.188785 -0.981846 0.100444 0.160899 70.666512
0.165606 0.034532 0.985587 -251.083450 0.090240 0.994663 -0.050014 11.127261 -0.982054 0.097223 0.161607 70.826424
0.163634 0.034642 0.985912 -250.193756 0.087044 0.994978 -0.049408 11.062610 -0.982673 0.093903 0.159797 70.968468
0.160006 0.035463 0.986479 -249.305908 0.083956 0.995244 -0.049396 10.998132 -0.983539 0.090725 0.156268 71.106918
0.153903 0.037097 0.987389 -248.426895 0.080256 0.995523 -0.049912 10.929176 -0.984821 0.086927 0.150237 71.242966
0.147531 0.037956 0.988328 -247.543503 0.079461 0.995578 -0.050096 10.862067 -0.985860 0.085925 0.143863 71.375984
0.140314 0.038567 0.989355 -246.658371 0.079138 0.995607 -0.050035 10.795794 -0.986939 0.085317 0.136646 71.504555
0.133451 0.040208 0.990240 -245.765533 0.077519 0.995692 -0.050876 10.732315 -0.988019 0.083552 0.129759 71.623482
0.125301 0.040806 0.991280 -244.866135 0.077187 0.995724 -0.050746 10.660969 -0.989111 0.082873 0.121617 71.747620
0.116159 0.042129 0.992337 -243.979431 0.078213 0.995609 -0.051424 10.603720 -0.990147 0.083588 0.112354 71.861473
0.106010 0.043364 0.993419 -243.098572 0.078793 0.995540 -0.051865 10.547054 -0.991238 0.083773 0.102120 71.958588
0.095981 0.043785 0.994420 -242.213470 0.079135 0.995534 -0.051473 10.484808 -0.992232 0.083635 0.092087 72.039406
0.085325 0.042291 0.995455 -241.332306 0.080959 0.995500 -0.049232 10.421495 -0.993058 0.084792 0.081519 72.113113
0.074859 0.040569 0.996369 -240.459061 0.083153 0.995437 -0.046779 10.356275 -0.993721 0.086354 0.071145 72.181274
0.064447 0.039274 0.997148 -239.583282 0.085633 0.995322 -0.044737 10.292458 -0.994241 0.088272 0.060781 72.238052
0.054069 0.039339 0.997762 -238.714081 0.088379 0.995113 -0.044024 10.229868 -0.994618 0.090561 0.050329 72.285660
0.044149 0.040072 0.998221 -237.848038 0.091350 0.994847 -0.043977 10.167169 -0.994840 0.093129 0.040262 72.328644
0.036749 0.039612 0.998539 -236.982834 0.096091 0.994443 -0.042985 10.112634 -0.994694 0.097531 0.032739 72.347115
0.029678 0.039323 0.998786 -236.120331 0.101113 0.993982 -0.042139 10.057943 -0.994432 0.102241 0.025524 72.361206
0.024804 0.038266 0.998959 -235.259964 0.106098 0.993523 -0.040692 10.004404 -0.994046 0.106998 0.020584 72.374847
0.021378 0.036327 0.999112 -234.403564 0.110073 0.993178 -0.038466 9.951623 -0.993693 0.110798 0.017233 72.389351
0.018875 0.035097 0.999206 -233.570862 0.112864 0.992920 -0.037008 9.901711 -0.993431 0.113473 0.014781 72.401321
0.016111 0.034201 0.999285 -232.744324 0.116093 0.992591 -0.035844 9.851882 -0.993108 0.116588 0.012022 72.413971
0.014313 0.032830 0.999358 -231.945999 0.119678 0.992219 -0.034311 9.789164 -0.992709 0.120094 0.010272 72.433678
0.014438 0.033104 0.999348 -231.158966 0.122832 0.991822 -0.034629 9.724876 -0.992322 0.123253 0.010254 72.455315
0.015018 0.032692 0.999353 -230.381439 0.125018 0.991560 -0.034317 9.660922 -0.992040 0.125453 0.010805 72.478729
0.017006 0.032658 0.999322 -229.643814 0.126603 0.991351 -0.034552 9.621377 -0.991807 0.127106 0.012725 72.476532
0.019503 0.032963 0.999266 -228.932419 0.127842 0.991170 -0.035191 9.587345 -0.991603 0.128435 0.015117 72.476303
0.020613 0.032189 0.999269 -228.227325 0.129662 0.990954 -0.034596 9.557642 -0.991344 0.130281 0.016254 72.474670
0.021354 0.031821 0.999266 -227.538315 0.131528 0.990717 -0.034360 9.526823 -0.991082 0.132166 0.016971 72.473335
0.021764 0.031327 0.999272 -226.870804 0.133230 0.990502 -0.033954 9.494338 -0.990846 0.133873 0.017383 72.474678
0.022520 0.030463 0.999282 -226.224823 0.134764 0.990320 -0.033227 9.464878 -0.990622 0.135417 0.018198 72.475105
0.023309 0.030162 0.999273 -225.591492 0.135998 0.990157 -0.033059 9.436076 -0.990435 0.136670 0.018978 72.476074
0.024465 0.030440 0.999237 -224.969070 0.137002 0.990003 -0.033514 9.407009 -0.990269 0.137718 0.020051 72.477547
0.026207 0.031426 0.999162 -224.357681 0.139055 0.989673 -0.034776 9.377895 -0.989938 0.139850 0.021568 72.478424
0.028873 0.033342 0.999027 -223.757614 0.141687 0.989215 -0.037109 9.348678 -0.989491 0.142621 0.023838 72.480072
0.033052 0.035021 0.998840 -223.167892 0.142749 0.988974 -0.039399 9.319660 -0.989206 0.143886 0.027689 72.485779
0.038889 0.035409 0.998616 -222.587708 0.143638 0.988795 -0.040654 9.292416 -0.988866 0.145021 0.033367 72.494843
0.046308 0.033167 0.998376 -222.016922 0.144393 0.988729 -0.039545 9.267572 -0.988436 0.145991 0.040998 72.507187
0.056113 0.030316 0.997964 -221.457657 0.146439 0.988479 -0.038263 9.241898 -0.987626 0.148289 0.051028 72.523209
0.069602 0.029287 0.997145 -220.919006 0.149662 0.987949 -0.039463 9.212873 -0.986284 0.151983 0.064380 72.543602
0.086993 0.030179 0.995752 -220.390167 0.151265 0.987551 -0.043147 9.180727 -0.984658 0.154377 0.081346 72.574028
0.108876 0.031741 0.993548 -219.869019 0.149119 0.987658 -0.047895 9.146108 -0.982807 0.153372 0.102799 72.620094
0.136161 0.034500 0.990086 -219.355759 0.145397 0.987875 -0.054419 9.112621 -0.979959 0.151365 0.129494 72.680634
0.168236 0.036551 0.985068 -218.848969 0.141510 0.988066 -0.060830 9.081046 -0.975537 0.149631 0.161056 72.754425
0.203374 0.037082 0.978399 -218.348770 0.137233 0.988338 -0.065985 9.048871 -0.969435 0.147689 0.195914 72.842377
0.240788 0.035445 0.969930 -217.890289 0.131216 0.988969 -0.068715 9.012308 -0.961667 0.143817 0.233481 72.954124
0.279102 0.032717 0.959704 -217.447372 0.124817 0.989703 -0.070040 8.972134 -0.952115 0.139337 0.272145 73.083763
0.317741 0.029835 0.947708 -216.987915 0.117550 0.990554 -0.070596 8.930672 -0.940862 0.133834 0.311232 73.220833
0.357060 0.027661 0.933671 -216.541168 0.109748 0.991395 -0.071342 8.887852 -0.927611 0.127943 0.350953 73.369186
0.396352 0.028234 0.917665 -216.108276 0.101364 0.992070 -0.074304 8.844360 -0.912485 0.122470 0.390348 73.528740
0.435127 0.030604 0.899849 -215.723145 0.093737 0.992451 -0.079081 8.799575 -0.895476 0.118761 0.428973 73.710655
0.473830 0.032189 0.880028 -215.321182 0.087822 0.992622 -0.083593 8.757549 -0.876226 0.116895 0.467507 73.891464
0.511658 0.031957 0.858594 -214.927704 0.083499 0.992728 -0.086708 8.717003 -0.855122 0.116058 0.505270 74.080666
0.548057 0.031379 0.835852 -214.579010 0.078534 0.992950 -0.088770 8.674352 -0.832746 0.114295 0.541730 74.295723
0.583211 0.032530 0.811669 -214.631958 0.072198 0.993167 -0.091680 8.613333 -0.809106 0.112070 0.576878 74.703903
0.618071 0.036271 0.785285 -214.380753 0.064218 0.993266 -0.096422 8.561900 -0.783494 0.110026 0.611580 75.002113
0.652091 0.038934 0.757140 -214.105728 0.057919 0.993203 -0.100956 8.511796 -0.755925 0.109687 0.645404 75.285278
0.685824 0.039465 0.726696 -213.832947 0.054653 0.992916 -0.105502 8.461463 -0.725712 0.112072 0.678809 75.579460
0.719607 0.037261 0.693381 -213.561813 0.054087 0.992517 -0.109470 8.410515 -0.692272 0.116279 0.712208 75.881821
0.752387 0.035453 0.657767 -213.297272 0.052204 0.992200 -0.113194 8.358417 -0.656649 0.119505 0.744667 76.196930
0.783639 0.036931 0.620117 -213.042969 0.045625 0.992114 -0.116742 8.304662 -0.619539 0.119777 0.775774 76.527046
0.813809 0.040488 0.579721 -212.798492 0.035209 0.992301 -0.118729 8.250298 -0.580065 0.117035 0.806118 76.874352
0.842284 0.043923 0.537243 -212.564636 0.024305 0.992566 -0.119254 8.195621 -0.538487 0.113504 0.834954 77.247993
0.868389 0.042068 0.494096 -212.333344 0.019725 0.992676 -0.119186 8.139214 -0.495491 0.113247 0.861199 77.638924
0.891838 0.036623 0.450868 -212.105896 0.019115 0.992775 -0.118453 8.077978 -0.451949 0.114260 0.884696 78.047432
0.912480 0.031021 0.407944 -211.888321 0.017492 0.993251 -0.114656 8.013964 -0.408748 0.111757 0.905779 78.479828
0.930085 0.030265 0.366095 -211.686905 0.011168 0.993809 -0.110535 7.952361 -0.367173 0.106896 0.923989 78.936050
0.944875 0.031599 0.325903 -211.498566 0.004313 0.994044 -0.108889 7.891658 -0.327403 0.104292 0.939112 79.411606
0.957132 0.031047 0.287983 -211.313690 0.000032 0.994227 -0.107292 7.830363 -0.289652 0.102702 0.951605 79.896736
0.967665 0.024806 0.251016 -211.128662 0.000974 0.994777 -0.102059 7.769869 -0.252236 0.099005 0.962588 80.394859
0.976563 0.015979 0.214634 -210.949509 0.005388 0.995112 -0.098599 7.710644 -0.215160 0.097446 0.971705 80.901459
0.983859 0.010757 0.178622 -210.784271 0.007133 0.995040 -0.099214 7.646170 -0.178803 0.098888 0.978903 81.420471
0.989754 0.007029 0.142612 -210.638397 0.007577 0.994793 -0.101626 7.578905 -0.142584 0.101667 0.984548 81.961555
0.994157 0.006175 0.107766 -210.526489 0.005291 0.994373 -0.105795 7.509257 -0.107813 0.105747 0.988532 82.555977
0.997170 0.006918 0.074866 -210.439301 0.001353 0.993944 -0.109875 7.437886 -0.075172 0.109666 0.991121 83.178719
0.998977 0.008094 0.044480 -210.355392 -0.003186 0.993999 -0.109330 7.364939 -0.045097 0.109078 0.993009 83.794899
0.999829 0.007540 0.016896 -210.282196 -0.005735 0.994509 -0.104492 7.291146 -0.017591 0.104379 0.994382 84.431145
0.999937 0.008252 -0.007638 -210.222641 -0.008961 0.995158 -0.097875 7.216979 0.006794 0.097938 0.995169 85.084381
0.999525 0.009900 -0.029174 -210.175903 -0.012577 0.995579 -0.093074 7.142389 0.028124 0.093397 0.995232 85.750755
0.998783 0.010999 -0.048089 -210.138748 -0.015338 0.995747 -0.090834 7.067711 0.046885 0.091461 0.994704 86.429108
0.997838 0.010181 -0.064933 -210.108673 -0.016223 0.995514 -0.093210 6.991892 0.063693 0.094062 0.993527 87.117355
0.996758 0.008564 -0.080006 -210.106644 -0.016255 0.995250 -0.095976 6.912285 0.078805 0.096967 0.992163 87.855118
0.995806 0.008463 -0.091100 -210.184982 -0.017259 0.995212 -0.096208 6.827959 0.089849 0.097377 0.991183 88.690796
0.994763 0.010794 -0.101644 -210.304596 -0.020257 0.995503 -0.092541 6.737607 0.100188 0.094116 0.990507 89.581268
0.994013 0.012772 -0.108509 -210.445312 -0.022190 0.996045 -0.086034 6.647456 0.106981 0.087927 0.990366 90.512024
0.993548 0.017056 -0.112119 -210.589752 -0.026273 0.996347 -0.081248 6.556772 0.110325 0.083670 0.990368 91.455521
0.993470 0.019941 -0.112339 -210.708313 -0.029175 0.996273 -0.081161 6.462369 0.110303 0.083909 0.990350 92.427368
0.993729 0.018354 -0.110298 -210.765274 -0.028027 0.995831 -0.086797 6.365223 0.108246 0.089345 0.990101 93.386986
0.994072 0.017951 -0.107232 -210.794449 -0.027865 0.995398 -0.091679 6.266366 0.105093 0.094124 0.989998 94.336159
0.994510 0.018283 -0.103036 -210.876892 -0.027794 0.995403 -0.091639 6.165522 0.100888 0.094001 0.990447 95.295021
0.994944 0.018028 -0.098800 -210.954224 -0.027053 0.995502 -0.090786 6.061740 0.096719 0.093001 0.990957 96.259415
0.995456 0.017234 -0.093651 -211.027679 -0.025942 0.995368 -0.092574 5.957242 0.091621 0.094584 0.991292 97.228210
0.995956 0.017817 -0.088066 -211.099152 -0.026155 0.995186 -0.094449 5.853465 0.085960 0.096371 0.991626 98.201965
0.996498 0.017908 -0.081674 -211.166397 -0.025410 0.995457 -0.091746 5.748554 0.079661 0.093500 0.992427 99.185738
0.997023 0.016924 -0.075223 -211.227402 -0.023182 0.996270 -0.083121 5.644753 0.073537 0.084618 0.993696 100.179787
0.997427 0.014994 -0.070109 -211.283615 -0.020314 0.996916 -0.075795 5.543044 0.068757 0.077024 0.994655 101.173485
0.997716 0.012212 -0.066433 -211.334976 -0.017237 0.996989 -0.075596 5.441449 0.065309 0.076570 0.994923 102.160439
0.997948 0.010502 -0.063161 -211.371109 -0.015779 0.996371 -0.083634 5.339605 0.062054 0.084460 0.994493 103.146469
0.998148 0.011325 -0.059770 -211.430206 -0.016752 0.995700 -0.091103 5.244524 0.058482 0.091937 0.994046 104.108398
0.998272 0.015101 -0.056791 -211.479752 -0.020241 0.995640 -0.091048 5.139850 0.055168 0.092042 0.994225 105.086853
0.998363 0.018641 -0.054061 -211.520035 -0.023374 0.995820 -0.088286 5.031544 0.052189 0.089407 0.994627 106.073708
0.998364 0.023144 -0.052281 -211.560944 -0.027603 0.995892 -0.086237 4.923727 0.050071 0.087540 0.994902 107.059669
0.998326 0.025998 -0.051656 -211.606232 -0.030502 0.995617 -0.088404 4.820870 0.049132 0.089832 0.994744 108.032661
0.998306 0.025063 -0.052514 -211.642242 -0.029810 0.995345 -0.091648 4.713893 0.049973 0.093059 0.994406 109.008827
0.998277 0.022045 -0.054380 -211.687180 -0.027019 0.995345 -0.092507 4.604040 0.052088 0.093818 0.994226 109.977310
0.998181 0.021108 -0.056462 -211.769424 -0.026121 0.995637 -0.089573 4.512844 0.054325 0.090886 0.994379 110.931801
0.998007 0.019690 -0.059960 -211.859314 -0.024828 0.995968 -0.086192 4.425223 0.058021 0.087510 0.994473 111.881340
0.997843 0.016680 -0.063491 -211.941910 -0.022091 0.996094 -0.085485 4.336851 0.061818 0.086704 0.994314 112.827003
0.997728 0.015035 -0.065674 -212.020493 -0.020759 0.995961 -0.087345 4.236373 0.064096 0.088510 0.994011 113.757896
0.997518 0.014338 -0.068938 -212.095032 -0.020363 0.995956 -0.087502 4.129427 0.067405 0.088689 0.993775 114.684181
0.997294 0.014855 -0.071995 -212.167862 -0.020922 0.996222 -0.084269 4.023225 0.070472 0.085547 0.993839 115.608574
0.997072 0.011245 -0.075637 -212.220078 -0.017608 0.996311 -0.083989 3.917161 0.074414 0.085075 0.993592 116.518234
0.996844 0.009836 -0.078781 -212.259766 -0.016581 0.996206 -0.085431 3.813093 0.077643 0.086468 0.993225 117.414856
0.996617 0.009153 -0.081674 -212.330994 -0.016254 0.996101 -0.086704 3.694782 0.080562 0.087739 0.992881 118.243134
0.996408 0.010287 -0.084056 -212.408875 -0.017708 0.995960 -0.088031 3.568208 0.082811 0.089203 0.992565 119.048050
0.996208 0.010555 -0.086361 -212.484711 -0.018006 0.996135 -0.085963 3.444680 0.085120 0.087193 0.992548 119.845848
0.995958 0.009675 -0.089299 -212.560181 -0.017229 0.996298 -0.084214 3.325679 0.088153 0.085413 0.992438 120.628494
0.995632 0.008843 -0.092940 -212.635956 -0.016792 0.996231 -0.085091 3.230632 0.091838 0.086281 0.992029 121.411934
0.995203 0.009828 -0.097333 -212.712799 -0.018134 0.996231 -0.084823 3.145618 0.096133 0.086181 0.991630 122.188469
0.994672 0.012345 -0.102354 -212.792236 -0.020957 0.996287 -0.083493 3.070726 0.100943 0.085194 0.991238 122.949074
0.994053 0.013123 -0.108101 -212.873657 -0.022128 0.996342 -0.082523 2.981806 0.106623 0.084425 0.990709 123.669113
0.993332 0.014349 -0.114394 -212.956711 -0.023626 0.996502 -0.080158 2.896837 0.112844 0.082327 0.990196 124.369423
0.992461 0.015175 -0.121619 -213.042618 -0.024939 0.996549 -0.079167 2.815219 0.119998 0.081604 0.989414 125.047218
0.991269 0.016358 -0.130841 -213.133057 -0.026826 0.996541 -0.078647 2.737173 0.129103 0.081471 0.988278 125.703430
0.989680 0.016437 -0.142349 -213.226898 -0.027712 0.996600 -0.077592 2.663895 0.140589 0.080736 0.986770 126.337051
0.987509 0.015663 -0.156782 -213.326279 -0.028207 0.996546 -0.078098 2.593464 0.155017 0.081546 0.984540 126.948959
0.984631 0.015859 -0.173925 -213.434021 -0.030062 0.996394 -0.079331 2.523918 0.172040 0.083341 0.981558 127.540253
0.980974 0.017542 -0.193347 -213.551804 -0.033762 0.996148 -0.080917 2.449256 0.191184 0.085906 0.977788 128.121231
0.976310 0.020335 -0.215418 -213.680710 -0.039064 0.995780 -0.083039 2.381277 0.212821 0.089488 0.972984 128.691666
0.970411 0.020632 -0.240574 -213.819778 -0.041798 0.995654 -0.083210 2.318095 0.237813 0.090804 0.967057 129.255447
0.963140 0.021017 -0.268178 -213.971252 -0.044404 0.995689 -0.081439 2.256570 0.265311 0.090345 0.959920 129.813721
0.954482 0.023619 -0.297331 -214.139557 -0.049039 0.995721 -0.078325 2.194991 0.294209 0.089341 0.951556 130.362518
0.944078 0.027749 -0.328554 -214.325607 -0.055135 0.995708 -0.074329 2.134223 0.325081 0.088288 0.941556 130.901703
0.931316 0.033018 -0.362711 -214.528839 -0.062240 0.995660 -0.069172 2.077379 0.358854 0.086997 0.929331 131.430389
0.915852 0.036910 -0.399816 -214.747528 -0.068943 0.995432 -0.066030 2.026552 0.395553 0.088040 0.914214 131.946182
0.897819 0.041608 -0.438395 -214.983780 -0.076499 0.995125 -0.062221 1.977347 0.433670 0.089400 0.896626 132.449997
0.877856 0.049242 -0.476386 -215.238602 -0.085974 0.994744 -0.055604 1.928684 0.471145 0.089770 0.877476 132.941376
0.856521 0.056409 -0.513021 -215.508362 -0.094319 0.994377 -0.048137 1.882647 0.507421 0.089619 0.857025 133.421234
0.833639 0.060480 -0.548990 -215.787964 -0.099672 0.994140 -0.041831 1.839689 0.543243 0.089591 0.834782 133.889938
0.809151 0.061205 -0.584405 -216.079208 -0.102100 0.994076 -0.037254 1.800029 0.578664 0.089812 0.810606 134.349030
0.782921 0.061916 -0.619032 -216.386978 -0.104871 0.993930 -0.033224 1.763949 0.613218 0.090931 0.784662 134.798035
0.754690 0.064284 -0.652925 -216.714615 -0.108757 0.993677 -0.027874 1.731636 0.647005 0.092048 0.756910 135.238541
0.724364 0.068067 -0.686050 -217.062897 -0.112915 0.993390 -0.020660 1.703622 0.680109 0.092430 0.727261 135.670883
0.692030 0.070376 -0.718430 -217.428772 -0.114469 0.993342 -0.012955 1.677795 0.712736 0.091205 0.695478 136.095764
0.657242 0.070426 -0.750383 -217.811066 -0.112761 0.993607 -0.005512 1.652711 0.745197 0.088236 0.660981 136.512604
0.619825 0.068670 -0.781729 -218.212204 -0.110973 0.993823 -0.000688 1.627979 0.776854 0.087178 0.623617 136.915848
0.579791 0.065628 -0.812118 -218.675354 -0.110729 0.993849 0.001262 1.614746 0.807206 0.089195 0.583492 137.275772
0.537133 0.061084 -0.841282 -219.171402 -0.109451 0.993989 0.002291 1.608516 0.836367 0.090849 0.540590 137.614487
0.492123 0.055109 -0.868779 -219.696762 -0.106880 0.994268 0.002527 1.608649 0.863939 0.091612 0.495193 137.931351
0.445102 0.051506 -0.893997 -220.255630 -0.107027 0.994247 0.003995 1.610999 0.889060 0.093904 0.448055 138.221085
0.397230 0.053134 -0.916180 -220.849747 -0.109872 0.993895 0.010004 1.614521 0.911119 0.096689 0.400642 138.481323
0.348928 0.056355 -0.935454 -221.473679 -0.112586 0.993481 0.017857 1.622940 0.930362 0.099088 0.352998 138.713058
0.301118 0.058645 -0.951782 -222.123032 -0.112415 0.993330 0.025640 1.636461 0.946938 0.099274 0.305703 138.921677
0.254775 0.061913 -0.965017 -222.796875 -0.113222 0.992993 0.033817 1.651556 0.960350 0.100646 0.259999 139.102448
0.210379 0.065034 -0.975455 -223.460358 -0.113861 0.992624 0.041623 1.664841 0.970967 0.102311 0.216232 139.278854
0.167619 0.065143 -0.983698 -224.135864 -0.114916 0.992302 0.046132 1.681824 0.979131 0.105311 0.173815 139.435425
0.127819 0.062449 -0.989829 -224.822021 -0.115662 0.992144 0.047660 1.701566 0.985030 0.108395 0.134038 139.573410
0.092018 0.060526 -0.993916 -225.522430 -0.115493 0.992063 0.049721 1.724193 0.989037 0.110216 0.098277 139.696518
0.060855 0.059909 -0.996347 -226.236084 -0.113887 0.992094 0.052698 1.749885 0.991628 0.110265 0.067196 139.807861
0.035330 0.062359 -0.997428 -226.965164 -0.112866 0.991915 0.058017 1.776781 0.992982 0.110527 0.042082 139.907166
0.015060 0.066432 -0.997678 -227.707367 -0.111295 0.991701 0.064354 1.805632 0.993673 0.110069 0.022329 139.997330
-0.000398 0.069276 -0.997597 -228.493607 -0.109775 0.991565 0.068900 1.842846 0.993957 0.109539 0.007211 140.048767
-0.011503 0.070544 -0.997442 -229.298248 -0.108638 0.991515 0.071378 1.883496 0.994015 0.109181 -0.003742 140.085815
-0.019440 0.070688 -0.997309 -230.119324 -0.108335 0.991475 0.072386 1.926938 0.993924 0.109451 -0.011617 140.112305
-0.024488 0.070051 -0.997243 -230.957779 -0.107886 0.991530 0.072299 1.973268 0.993861 0.109359 -0.016724 140.131531
-0.026866 0.069847 -0.997196 -231.772308 -0.107891 0.991526 0.072356 2.023926 0.993800 0.109533 -0.019102 140.131134
-0.027521 0.070088 -0.997161 -232.623337 -0.108029 0.991487 0.072671 2.076077 0.993766 0.109724 -0.019715 140.124268
-0.026738 0.070403 -0.997160 -233.468277 -0.107681 0.991509 0.072892 2.126636 0.993826 0.109324 -0.018930 140.126770
-0.026252 0.070252 -0.997184 -234.324112 -0.105856 0.991723 0.072654 2.176142 0.994035 0.107466 -0.018598 140.122177
-0.025400 0.069797 -0.997238 -235.190414 -0.103493 0.992015 0.072068 2.226048 0.994306 0.105038 -0.017974 140.119568
-0.024755 0.069566 -0.997270 -236.070129 -0.101677 0.992226 0.071739 2.276813 0.994510 0.103177 -0.017490 140.121399
-0.023785 0.070552 -0.997225 -236.953873 -0.100265 0.992308 0.072595 2.335540 0.994676 0.101714 -0.016528 140.100906
-0.025334 0.070384 -0.997198 -237.846252 -0.099232 0.992414 0.072568 2.399435 0.994741 0.100793 -0.018158 140.100281
-0.024801 0.070572 -0.997199 -238.743927 -0.096890 0.992639 0.072659 2.464342 0.994986 0.098422 -0.017781 140.103256
-0.025430 0.070209 -0.997208 -239.663437 -0.094446 0.992900 0.072314 2.522549 0.995205 0.096023 -0.018619 140.106766
-0.024984 0.070047 -0.997230 -240.601929 -0.091566 0.993188 0.072058 2.578378 0.995485 0.093113 -0.018401 140.112640
-0.024279 0.070263 -0.997232 -241.553070 -0.089597 0.993359 0.072172 2.631974 0.995682 0.091102 -0.017824 140.121109
-0.023701 0.070310 -0.997244 -242.518082 -0.087313 0.993565 0.072126 2.686058 0.995899 0.088782 -0.017411 140.128128
-0.024694 0.069091 -0.997305 -243.497772 -0.085972 0.993765 0.070975 2.745860 0.995992 0.087494 -0.018600 140.114227
-0.025757 0.067296 -0.997401 -244.490341 -0.083335 0.994114 0.069226 2.808584 0.996188 0.084902 -0.019998 140.093582
-0.027487 0.065751 -0.997458 -245.496552 -0.080983 0.994407 0.067781 2.871588 0.996336 0.082641 -0.022009 140.072342
-0.030100 0.066195 -0.997353 -246.515839 -0.078107 0.994597 0.068370 2.935460 0.996490 0.079959 -0.024768 140.050888
-0.034053 0.069359 -0.997010 -247.540894 -0.075534 0.994557 0.071769 3.001858 0.996562 0.077753 -0.028629 140.023041
-0.039271 0.072418 -0.996601 -248.572327 -0.073519 0.994457 0.075159 3.070009 0.996520 0.076222 -0.033729 139.990356
-0.045721 0.072781 -0.996299 -249.616470 -0.072314 0.994484 0.075967 3.136524 0.996334 0.075520 -0.040206 139.956573
-0.052787 0.071761 -0.996025 -250.671448 -0.072026 0.994543 0.075472 3.205698 0.996005 0.075723 -0.047331 139.913803
-0.060069 0.072991 -0.995522 -251.771255 -0.072621 0.994359 0.077287 3.276240 0.995549 0.076939 -0.054429 139.864670
-0.067211 0.076816 -0.994778 -252.857391 -0.073762 0.993920 0.081733 3.349982 0.995008 0.078871 -0.061137 139.803024
-0.074497 0.078970 -0.994089 -253.945969 -0.074290 0.993649 0.084503 3.423796 0.994450 0.080147 -0.068158 139.735291
-0.082293 0.072956 -0.993935 -255.025558 -0.073802 0.994132 0.079082 3.500023 0.993872 0.079863 -0.076426 139.656860
-0.089474 0.066719 -0.993752 -256.104248 -0.073530 0.994588 0.073395 3.578495 0.993271 0.079638 -0.084084 139.570602
-0.096534 0.063776 -0.993284 -257.186798 -0.073324 0.994777 0.070999 3.654068 0.992625 0.079687 -0.091353 139.478012
-0.103631 0.065269 -0.992472 -258.273438 -0.073685 0.994598 0.073103 3.727403 0.991882 0.080707 -0.098262 139.378464
-0.110350 0.066728 -0.991650 -259.362366 -0.072948 0.994508 0.075038 3.800305 0.991212 0.080620 -0.104877 139.273926
-0.117005 0.066761 -0.990885 -260.450012 -0.072286 0.994518 0.075542 3.873595 0.990497 0.080466 -0.111539 139.163498
-0.123624 0.066728 -0.990083 -261.537323 -0.073374 0.994390 0.076181 3.945649 0.989612 0.082065 -0.118034 139.044403
-0.129673 0.067028 -0.989289 -262.623718 -0.074374 0.994244 0.077113 4.016526 0.988764 0.083577 -0.123943 138.918777
-0.135701 0.067793 -0.988427 -263.696198 -0.074942 0.994095 0.078471 4.086176 0.987911 0.084725 -0.129820 138.784241
-0.140535 0.070183 -0.987585 -264.763855 -0.074887 0.993873 0.081286 4.155580 0.987239 0.085381 -0.134418 138.644775
-0.144274 0.071923 -0.986921 -265.824768 -0.077305 0.993487 0.083702 4.226078 0.986513 0.088371 -0.137774 138.500732
-0.146163 0.070910 -0.986716 -266.875793 -0.079576 0.993352 0.083175 4.295923 0.986054 0.090677 -0.139548 138.356445
-0.147059 0.068599 -0.986746 -267.915436 -0.083164 0.993202 0.081442 4.363348 0.985626 0.094039 -0.140355 138.211411
-0.147721 0.069911 -0.986555 -268.904755 -0.083914 0.993015 0.082934 4.427660 0.985462 0.095038 -0.140823 138.067612
-0.148087 0.073681 -0.986226 -269.881409 -0.085012 0.992581 0.086921 4.488248 0.985313 0.096714 -0.140725 137.921631
-0.148363 0.077324 -0.985905 -270.845551 -0.087156 0.992037 0.090921 4.548305 0.985085 0.099418 -0.140442 137.776627
-0.150880 0.076358 -0.985598 -271.771515 -0.088521 0.991963 0.090402 4.598221 0.984580 0.100887 -0.142909 137.656662
-0.151688 0.074283 -0.985633 -272.670105 -0.090583 0.991931 0.088699 4.656312 0.984268 0.102737 -0.143735 137.533356
-0.150908 0.073349 -0.985823 -273.555603 -0.092894 0.991778 0.088012 4.719554 0.984173 0.104860 -0.142854 137.402847
-0.147753 0.074848 -0.986189 -274.424927 -0.097071 0.991220 0.089773 4.774055 0.984249 0.108995 -0.139191 137.263748
-0.144026 0.074876 -0.986737 -275.284180 -0.100605 0.990858 0.089874 4.823742 0.984446 0.112216 -0.135177 137.124725
-0.139715 0.072766 -0.987514 -276.138458 -0.102500 0.990875 0.087516 4.873728 0.984872 0.113449 -0.130982 136.993683
-0.135589 0.070244 -0.988272 -276.992096 -0.102780 0.991104 0.084547 4.923980 0.985420 0.113040 -0.127164 136.871033
-0.131648 0.069147 -0.988882 -277.840240 -0.102468 0.991270 0.082956 4.982586 0.985987 0.112251 -0.123414 136.759949
-0.128708 0.069468 -0.989246 -278.685364 -0.104092 0.991086 0.083141 5.039175 0.986204 0.113674 -0.120330 136.654129
-0.125787 0.068505 -0.989689 -279.561218 -0.103786 0.991229 0.081803 5.099844 0.986614 0.113007 -0.117574 136.568420
-0.123244 0.067949 -0.990047 -280.409882 -0.104230 0.991248 0.081006 5.154891 0.986888 0.113177 -0.115083 136.467453
-0.120434 0.065292 -0.990571 -281.264435 -0.105199 0.991376 0.078136 5.205651 0.987131 0.113617 -0.112528 136.370209
-0.116861 0.062830 -0.991159 -282.101379 -0.107568 0.991325 0.075523 5.256903 0.987306 0.115444 -0.109089 136.266678
-0.112680 0.062239 -0.991680 -282.940613 -0.109685 0.991157 0.074670 5.308691 0.987558 0.117187 -0.104857 136.169418
-0.107773 0.065361 -0.992024 -283.784698 -0.109182 0.991022 0.077157 5.361099 0.988162 0.116626 -0.099670 136.081085
-0.102833 0.070763 -0.992178 -284.654999 -0.108391 0.990728 0.081894 5.412074 0.988776 0.115965 -0.094210 136.020950
-0.097962 0.074550 -0.992394 -285.511597 -0.107652 0.990545 0.085039 5.464466 0.989350 0.115164 -0.089011 135.953796
-0.093826 0.074832 -0.992772 -286.354034 -0.106640 0.990679 0.084752 5.518654 0.989861 0.113823 -0.084972 135.884933
-0.090033 0.073230 -0.993243 -287.181274 -0.104900 0.991048 0.082577 5.574798 0.990399 0.111626 -0.081545 135.826385
-0.086353 0.071695 -0.993682 -288.013123 -0.104385 0.991265 0.080593 5.627960 0.990781 0.110686 -0.078115 135.755844
-0.082908 0.070723 -0.994045 -288.852356 -0.105021 0.991303 0.079288 5.685155 0.991008 0.110970 -0.074760 135.689911
-0.079983 0.069811 -0.994348 -289.693512 -0.105122 0.991390 0.078060 5.739406 0.991238 0.110772 -0.071956 135.626144
-0.077856 0.068882 -0.994583 -290.538422 -0.104594 0.991540 0.076858 5.794406 0.991463 0.110012 -0.069992 135.564102
-0.075940 0.068915 -0.994728 -291.390045 -0.103466 0.991678 0.076602 5.850047 0.991730 0.108738 -0.068178 135.503326
-0.074504 0.069599 -0.994789 -292.246765 -0.102835 0.991706 0.077085 5.905664 0.991904 0.108043 -0.066730 135.441711
-0.073892 0.070640 -0.994761 -293.106079 -0.102659 0.991649 0.078045 5.961139 0.991968 0.107888 -0.066023 135.378967
-0.074120 0.071196 -0.994705 -293.967255 -0.101833 0.991693 0.078569 6.017176 0.992037 0.107118 -0.066254 135.315811
-0.075225 0.072099 -0.994557 -294.827545 -0.100807 0.991723 0.079518 6.073867 0.992058 0.106241 -0.067335 135.251907
-0.076778 0.073512 -0.994334 -295.688416 -0.100224 0.991658 0.081053 6.131007 0.991998 0.105880 -0.068770 135.185760
-0.078533 0.074584 -0.994118 -296.546417 -0.100397 0.991536 0.082321 6.187788 0.991843 0.106272 -0.070381 135.117188
-0.080292 0.074968 -0.993948 -297.402466 -0.099835 0.991548 0.082852 6.244462 0.991759 0.105884 -0.072129 135.048203
-0.082387 0.074064 -0.993845 -298.254150 -0.099642 0.991625 0.082159 6.301263 0.991607 0.105798 -0.074318 134.977798
-0.084588 0.072320 -0.993788 -299.103851 -0.100066 0.991703 0.080686 6.357903 0.991379 0.106271 -0.076650 134.904633
-0.086603 0.070503 -0.993746 -299.951874 -0.100041 0.991835 0.079086 6.414214 0.991208 0.106265 -0.078842 134.830368
-0.088795 0.068809 -0.993671 -300.797211 -0.100086 0.991945 0.077634 6.470671 0.991008 0.106347 -0.081194 134.752350
-0.089867 0.065986 -0.993766 -301.635681 -0.101965 0.991950 0.075086 6.525139 0.990721 0.108078 -0.082415 134.668488
-0.090858 0.063859 -0.993814 -302.477173 -0.103777 0.991901 0.073224 6.579745 0.990442 0.109789 -0.083496 134.583084
-0.091181 0.064655 -0.993734 -303.330017 -0.102898 0.991937 0.073981 6.637066 0.990504 0.108999 -0.083793 134.502609
-0.091436 0.068004 -0.993486 -304.192017 -0.102523 0.991720 0.077319 6.695253 0.990519 0.108926 -0.083706 134.422409
-0.091499 0.072241 -0.993182 -305.063599 -0.103182 0.991308 0.081612 6.752932 0.990445 0.109946 -0.083250 134.340271
-0.091871 0.071845 -0.993176 -305.938660 -0.102982 0.991360 0.081241 6.812696 0.990432 0.109745 -0.083679 134.259338
-0.092417 0.069277 -0.993308 -306.819122 -0.102917 0.991568 0.078731 6.874049 0.990388 0.109505 -0.084509 134.177841
-0.092612 0.066876 -0.993454 -307.707001 -0.102996 0.991745 0.076363 6.935382 0.990360 0.109395 -0.084959 134.094894
-0.092902 0.065431 -0.993523 -308.602570 -0.103886 0.991754 0.075030 6.995809 0.990241 0.110184 -0.085338 134.009918
-0.093734 0.066410 -0.993380 -309.508087 -0.104958 0.991553 0.076192 7.051117 0.990049 0.111406 -0.085973 133.926682
-0.094076 0.067427 -0.993279 -310.421661 -0.105897 0.991366 0.077326 7.105625 0.989917 0.112461 -0.086124 133.843369
-0.094064 0.068053 -0.993238 -311.341614 -0.106017 0.991303 0.077961 7.162278 0.989905 0.112634 -0.086031 133.758606
-0.093456 0.066861 -0.993376 -312.268738 -0.106402 0.991357 0.076735 7.221348 0.989922 0.112869 -0.085535 133.672699
-0.092374 0.064941 -0.993605 -313.202515 -0.107036 0.991440 0.074751 7.282161 0.989954 0.113257 -0.084633 133.585632
-0.091901 0.063613 -0.993734 -314.143555 -0.107891 0.991445 0.073444 7.343349 0.989906 0.113965 -0.084253 133.497086
-0.091956 0.062461 -0.993802 -315.089447 -0.106948 0.991638 0.072221 7.403176 0.990003 0.112927 -0.084508 133.409439
-0.092005 0.060539 -0.993916 -316.040192 -0.105621 0.991925 0.070194 7.461276 0.990141 0.111437 -0.084869 133.321854
-0.091546 0.059000 -0.994051 -316.993439 -0.104934 0.992113 0.068550 7.518425 0.990256 0.110586 -0.084633 133.233780
-0.090849 0.058704 -0.994133 -317.951080 -0.104736 0.992162 0.068159 7.574184 0.990342 0.110315 -0.083988 133.145477
-0.090048 0.059648 -0.994150 -318.910370 -0.103066 0.992287 0.068872 7.628391 0.990590 0.108665 -0.083206 133.059891
-0.089186 0.060155 -0.994197 -319.870239 -0.101269 0.992453 0.069134 7.681580 0.990853 0.106848 -0.082420 132.975876
-0.088264 0.060099 -0.994282 -320.830261 -0.100521 0.992545 0.068918 7.734071 0.991012 0.106031 -0.081564 132.891266
-0.087300 0.059759 -0.994388 -321.787415 -0.100242 0.992605 0.068453 7.786428 0.991125 0.105655 -0.080664 132.806931
-0.086237 0.060672 -0.994425 -322.743011 -0.098828 0.992699 0.069137 7.840799 0.991361 0.104240 -0.079612 132.726059
-0.085189 0.062234 -0.994420 -323.694061 -0.098748 0.992606 0.070580 7.896422 0.991459 0.104210 -0.078415 132.644577
-0.083755 0.063589 -0.994455 -324.643188 -0.099100 0.992483 0.071810 7.951817 0.991546 0.104567 -0.076824 132.563705
-0.082283 0.064036 -0.994549 -325.592407 -0.097851 0.992592 0.072006 8.004263 0.991793 0.103244 -0.075408 132.486160
-0.080857 0.064013 -0.994668 -326.534821 -0.096773 0.992716 0.071755 8.056106 0.992016 0.102059 -0.074073 132.410629
-0.079657 0.062631 -0.994853 -327.472626 -0.097728 0.992725 0.070322 8.108280 0.992020 0.102828 -0.072957 132.332626
-0.078889 0.060053 -0.995073 -328.406952 -0.097779 0.992904 0.067675 8.158688 0.992077 0.102637 -0.072458 132.246780
-0.078667 0.059424 -0.995128 -329.337341 -0.097292 0.992998 0.066988 8.210195 0.992141 0.102089 -0.072334 132.163757
-0.078153 0.061598 -0.995036 -330.266815 -0.096916 0.992892 0.069078 8.261043 0.992219 0.101834 -0.071627 132.086212
-0.077467 0.064015 -0.994938 -331.190582 -0.097878 0.992627 0.071487 8.309391 0.992179 0.102921 -0.070631 132.010818
-0.076789 0.063511 -0.995023 -332.108612 -0.097753 0.992681 0.070906 8.359303 0.992243 0.102711 -0.070019 131.939407
-0.076311 0.062635 -0.995115 -333.021637 -0.096699 0.992855 0.069908 8.411088 0.992384 0.101562 -0.069709 131.871170
-0.075811 0.064186 -0.995054 -333.934479 -0.095930 0.992827 0.071352 8.462326 0.992497 0.100866 -0.069110 131.802933
-0.075266 0.065654 -0.994999 -334.842499 -0.096437 0.992673 0.072795 8.511761 0.992489 0.101434 -0.068383 131.733398
-0.074833 0.064778 -0.995090 -335.745392 -0.096819 0.992701 0.071904 8.561634 0.992485 0.101725 -0.068015 131.664703
-0.075427 0.063855 -0.995105 -336.638245 -0.097784 0.992663 0.071111 8.620695 0.992345 0.102670 -0.068629 131.610291
-0.075155 0.065129 -0.995042 -337.525726 -0.098014 0.992550 0.072369 8.671446 0.992343 0.102968 -0.068212 131.547775
-0.074416 0.067184 -0.994962 -338.406525 -0.098228 0.992382 0.074357 8.716112 0.992378 0.103267 -0.067250 131.478271
-0.074067 0.066833 -0.995011 -339.277191 -0.099032 0.992326 0.074025 8.781915 0.992324 0.104021 -0.066880 131.413712
-0.074147 0.066443 -0.995031 -340.132721 -0.099354 0.992321 0.073666 8.830360 0.992286 0.104322 -0.066977 131.353073
-0.073558 0.065341 -0.995149 -340.980835 -0.099393 0.992402 0.072508 8.861968 0.992326 0.104245 -0.066505 131.290695
-0.073090 0.062886 -0.995341 -341.823303 -0.098613 0.992663 0.069957 8.897994 0.992438 0.103268 -0.066352 131.229141
-0.072721 0.061002 -0.995485 -342.663757 -0.097848 0.992876 0.067991 8.937932 0.992541 0.102352 -0.066234 131.168304
-0.072786 0.061078 -0.995475 -343.504974 -0.097124 0.992944 0.068026 8.981462 0.992607 0.101637 -0.066340 131.106445
-0.073129 0.064064 -0.995263 -344.347382 -0.096455 0.992802 0.070992 9.028573 0.992647 0.101190 -0.066423 131.043671
-0.073805 0.067664 -0.994975 -345.188385 -0.095793 0.992601 0.074609 9.077950 0.992661 0.100819 -0.066777 130.980515
-0.074609 0.069715 -0.994773 -346.024780 -0.095071 0.992512 0.076687 9.128128 0.992671 0.100297 -0.067423 130.916962
-0.075574 0.070784 -0.994625 -346.859222 -0.094711 0.992458 0.077826 9.179797 0.992632 0.100084 -0.068300 130.852600
-0.076546 0.071365 -0.994509 -347.690796 -0.093010 0.992574 0.078385 9.232800 0.992719 0.098501 -0.069340 130.789337
-0.078763 0.070904 -0.994369 -348.518951 -0.092688 0.992625 0.078121 9.285837 0.992574 0.098320 -0.071610 130.722610
-0.081358 0.069764 -0.994240 -349.344543 -0.091889 0.992773 0.077180 9.338573 0.992440 0.097641 -0.074360 130.653870
-0.084694 0.067073 -0.994147 -350.166809 -0.091301 0.993011 0.074775 9.391077 0.992216 0.097100 -0.077979 130.582672
-0.088088 0.064450 -0.994026 -350.991333 -0.092152 0.993097 0.072557 9.443730 0.991841 0.097993 -0.081541 130.507004
-0.090759 0.064608 -0.993775 -351.820984 -0.093660 0.992916 0.073106 9.496852 0.991458 0.099713 -0.084065 130.427155
-0.092983 0.066529 -0.993443 -352.655579 -0.094978 0.992622 0.075363 9.549843 0.991127 0.101363 -0.085979 130.345398
-0.094611 0.068532 -0.993152 -353.492981 -0.094698 0.992484 0.077507 9.602198 0.991000 0.101383 -0.087410 130.263702
-0.096336 0.067021 -0.993090 -354.339081 -0.093815 0.992677 0.076094 9.655035 0.990918 0.100497 -0.089343 130.181442
-0.097923 0.065299 -0.993049 -355.190826 -0.093382 0.992839 0.074494 9.706847 0.990803 0.100029 -0.091124 130.096466
-0.098643 0.065408 -0.992971 -356.052002 -0.093625 0.992801 0.074697 9.760102 0.990709 0.100335 -0.091809 130.000534
-0.099337 0.065841 -0.992873 -356.916809 -0.093203 0.992806 0.075161 9.812469 0.990679 0.100006 -0.092486 129.904541
-0.099664 0.067309 -0.992742 -357.784241 -0.093798 0.992630 0.076718 9.865485 0.990590 0.100763 -0.092616 129.807068
-0.100030 0.067744 -0.992675 -358.652649 -0.095707 0.992398 0.077369 9.918874 0.990371 0.102746 -0.092786 129.708038
-0.100707 0.067980 -0.992591 -359.527527 -0.096555 0.992286 0.077756 9.975585 0.990219 0.103670 -0.093366 129.615311
-0.101303 0.068025 -0.992527 -360.404602 -0.097937 0.992131 0.077994 10.031783 0.990023 0.105107 -0.093845 129.521500
-0.101605 0.066973 -0.992568 -361.280670 -0.099824 0.992009 0.077155 10.086591 0.989803 0.106922 -0.094107 129.426590
-0.102852 0.066276 -0.992486 -362.156677 -0.100503 0.991979 0.076658 10.137083 0.989606 0.107633 -0.095367 129.336533
-0.103314 0.065992 -0.992458 -363.031952 -0.101109 0.991931 0.076483 10.186483 0.989496 0.108249 -0.095809 129.247208
-0.103703 0.067225 -0.992334 -363.908875 -0.103093 0.991612 0.077950 10.235927 0.989251 0.110387 -0.095903 129.156082
-0.104285 0.068908 -0.992157 -364.778381 -0.103250 0.991456 0.079711 10.292905 0.989173 0.110753 -0.096281 129.067795
-0.105447 0.072007 -0.991814 -365.653137 -0.101741 0.991360 0.082791 10.349578 0.989207 0.109639 -0.097211 128.981415
-0.105434 0.073893 -0.991677 -366.529846 -0.100015 0.991390 0.084505 10.406331 0.989383 0.108093 -0.097136 128.884644
-0.105763 0.074856 -0.991570 -367.403229 -0.099325 0.991380 0.085436 10.463101 0.989418 0.107524 -0.097416 128.786499
-0.106244 0.072809 -0.991671 -368.272766 -0.099869 0.991491 0.083495 10.519085 0.989312 0.107908 -0.098070 128.687332
-0.106523 0.069609 -0.991871 -369.141266 -0.100604 0.991672 0.080399 10.574018 0.989208 0.108351 -0.098633 128.588333
-0.105569 0.068722 -0.992034 -370.010132 -0.102333 0.991562 0.079580 10.628734 0.989132 0.109920 -0.097647 128.489548
-0.102753 0.069885 -0.992248 -370.878326 -0.104264 0.991277 0.080614 10.683757 0.989228 0.111739 -0.094571 128.393204
-0.099038 0.070267 -0.992599 -371.741608 -0.107266 0.990936 0.080853 10.737579 0.989285 0.114480 -0.090603 128.298950
-0.093713 0.069682 -0.993158 -372.591095 -0.107504 0.991007 0.079675 10.773139 0.989778 0.114236 -0.085378 128.201935
-0.089368 0.067679 -0.993696 -373.435791 -0.108020 0.991145 0.077220 10.806974 0.990123 0.114241 -0.081266 128.106644
-0.085076 0.066802 -0.994133 -374.275421 -0.108560 0.991188 0.075896 10.839350 0.990442 0.114380 -0.077074 128.013412
-0.080551 0.066694 -0.994517 -375.110718 -0.108406 0.991254 0.075255 10.869978 0.990838 0.113875 -0.072617 127.923080
-0.076074 0.066172 -0.994904 -375.938080 -0.108278 0.991346 0.074215 10.904411 0.991205 0.113373 -0.068252 127.840118
-0.071643 0.066875 -0.995186 -376.734406 -0.109238 0.991221 0.074474 10.945384 0.991430 0.114048 -0.063710 127.777664
-0.066826 0.070280 -0.995287 -377.504089 -0.106895 0.991271 0.077174 10.987159 0.992022 0.111549 -0.058730 127.736969
-0.061722 0.073967 -0.995349 -378.260529 -0.105813 0.991145 0.080217 11.018025 0.992469 0.110273 -0.053349 127.709106
-0.054524 0.074141 -0.995756 -379.002808 -0.107948 0.990957 0.079694 11.047051 0.992660 0.111836 -0.046028 127.684387
-0.044191 0.071423 -0.996467 -379.724854 -0.113010 0.990681 0.076021 11.083833 0.992611 0.115970 -0.035708 127.648010
-0.030795 0.067912 -0.997216 -380.421143 -0.112655 0.991095 0.070974 11.127261 0.993156 0.114528 -0.022871 127.626587
-0.015797 0.064657 -0.997783 -381.097107 -0.112438 0.991462 0.066028 11.169086 0.993533 0.113232 -0.008393 127.618164
0.002189 0.064674 -0.997904 -381.756744 -0.113251 0.991502 0.064012 11.202635 0.993564 0.112875 0.009495 127.621048
0.020497 0.065447 -0.997646 -382.395844 -0.114306 0.991465 0.062694 11.228880 0.993234 0.112753 0.027802 127.636078
0.039096 0.066477 -0.997022 -383.016724 -0.113700 0.991599 0.061657 11.256134 0.992746 0.110951 0.046325 127.663910
0.058355 0.068730 -0.995928 -383.621826 -0.111084 0.991878 0.061942 11.279258 0.992096 0.107017 0.065516 127.703323
0.078476 0.070738 -0.994403 -384.206024 -0.107153 0.992298 0.062133 11.300308 0.991141 0.101678 0.085450 127.756821
0.099435 0.071988 -0.992437 -384.779053 -0.103346 0.992732 0.061656 11.322537 0.989662 0.096434 0.106152 127.815887
0.121678 0.071842 -0.989966 -385.341095 -0.101791 0.993021 0.059553 11.341999 0.987336 0.093524 0.128142 127.878250
0.145833 0.069561 -0.986861 -385.891052 -0.101611 0.993303 0.054999 11.360401 0.984077 0.092256 0.151923 127.946152
0.171934 0.066207 -0.982882 -386.430145 -0.102320 0.993542 0.049027 11.377213 0.979780 0.092140 0.177598 128.020767
0.200765 0.062129 -0.977668 -386.949707 -0.101637 0.993921 0.042290 11.391309 0.974353 0.090878 0.205858 128.109009
0.233447 0.057375 -0.970675 -387.451233 -0.099514 0.994425 0.034845 11.402385 0.967263 0.088462 0.237856 128.216080
0.270385 0.053804 -0.961248 -387.941925 -0.095658 0.994998 0.028786 11.411142 0.957989 0.084169 0.274179 128.341415
0.308963 0.052356 -0.949632 -388.422211 -0.092457 0.995407 0.024800 11.417563 0.946570 0.080138 0.312385 128.481766
0.347887 0.051498 -0.936122 -388.857880 -0.091747 0.995567 0.020674 11.417174 0.933037 0.078694 0.351070 128.659958
0.387193 0.049223 -0.920683 -389.307831 -0.093212 0.995547 0.014026 11.416056 0.917274 0.080388 0.390057 128.829559
0.426832 0.045739 -0.903174 -389.743378 -0.092598 0.995681 0.006663 11.411996 0.899578 0.080789 0.429223 129.014801
0.466003 0.042061 -0.883782 -390.166595 -0.088446 0.996080 0.000770 11.408356 0.880351 0.077808 0.467896 129.218475
0.503127 0.037470 -0.863401 -390.536987 -0.082811 0.996553 -0.005007 11.398537 0.860237 0.074019 0.504495 129.468933
0.538910 0.035082 -0.841633 -390.888367 -0.080858 0.996673 -0.010230 11.385627 0.838474 0.073567 0.539954 129.737167
0.573567 0.038478 -0.818254 -391.266876 -0.086991 0.996108 -0.014136 11.374447 0.814526 0.079289 0.574683 129.983582
0.606584 0.040745 -0.793975 -391.638397 -0.093804 0.995377 -0.020584 11.359378 0.789467 0.086965 0.607602 130.242889
0.638220 0.037468 -0.768942 -391.998779 -0.092685 0.995289 -0.028430 11.340442 0.764254 0.089415 0.638686 130.526825
0.668884 0.029075 -0.742798 -392.347626 -0.082665 0.995946 -0.035455 11.320526 0.738756 0.085120 0.668576 130.841522
0.699267 0.021922 -0.714525 -392.692535 -0.072810 0.996515 -0.040680 11.300564 0.711143 0.080472 0.698426 131.179626
0.729971 0.022156 -0.683120 -393.041199 -0.072391 0.996358 -0.045039 11.281563 0.679635 0.082330 0.728916 131.533218
0.760583 0.029484 -0.648571 -393.393219 -0.081014 0.995470 -0.049752 11.259292 0.644166 0.090385 0.759526 131.902847
0.790692 0.037460 -0.611067 -393.703033 -0.087438 0.994803 -0.052155 11.222889 0.605938 0.094669 0.789859 132.351593
0.819603 0.040234 -0.571518 -394.020233 -0.086862 0.994725 -0.054538 11.185374 0.566309 0.094343 0.818775 132.795456
0.846780 0.039595 -0.530467 -394.320221 -0.083604 0.994738 -0.059206 11.146777 0.525332 0.094485 0.845635 133.264420
0.872356 0.038011 -0.487391 -394.605164 -0.080026 0.994628 -0.065662 11.107645 0.482276 0.096285 0.870711 133.754547
0.895739 0.037957 -0.442957 -394.877777 -0.077512 0.994421 -0.071530 11.064939 0.437772 0.098407 0.893684 134.266296
0.916005 0.037748 -0.399389 -395.136047 -0.073585 0.994481 -0.074773 11.017168 0.394363 0.097883 0.913727 134.800446
0.932948 0.037128 -0.358093 -395.382233 -0.069520 0.994525 -0.078008 10.967937 0.353237 0.097673 0.930421 135.342819
0.947026 0.037246 -0.318990 -395.621765 -0.066368 0.994509 -0.080913 10.917474 0.314226 0.097799 0.944297 135.895737
0.958381 0.037829 -0.282975 -395.854065 -0.063729 0.994519 -0.082886 10.865734 0.278289 0.097471 0.955539 136.464661
0.967392 0.038053 -0.250411 -396.071350 -0.060821 0.994623 -0.083818 10.811044 0.245875 0.096316 0.964504 137.057816
0.974588 0.038892 -0.220603 -396.277802 -0.058667 0.994754 -0.083804 10.753497 0.216187 0.094616 0.971757 137.668350
0.980345 0.039843 -0.193228 -396.473602 -0.056821 0.994917 -0.083130 10.694349 0.188934 0.092476 0.977626 138.294922
0.984894 0.040688 -0.168311 -396.658661 -0.055222 0.995052 -0.082590 10.634818 0.164119 0.090637 0.982268 138.938431
0.988342 0.041111 -0.146599 -396.833191 -0.053708 0.995098 -0.083034 10.573440 0.142467 0.089940 0.985704 139.596100
0.990903 0.041201 -0.128114 -396.999329 -0.052274 0.995068 -0.084299 10.509756 0.124009 0.090231 0.988170 140.268356
0.992833 0.040483 -0.112447 -397.157562 -0.050380 0.994966 -0.086621 10.444531 0.108375 0.091666 0.989875 140.956253
0.994307 0.038490 -0.099357 -397.290771 -0.047370 0.994938 -0.088619 10.373368 0.095444 0.092821 0.991098 141.699814
0.995362 0.036949 -0.088832 -397.414581 -0.044919 0.994977 -0.089451 10.298563 0.085081 0.093027 0.992022 142.469849
0.996070 0.035467 -0.081154 -397.548645 -0.042736 0.995055 -0.089659 10.224372 0.077573 0.092775 0.992660 143.225052
0.996522 0.033798 -0.076160 -397.663574 -0.040687 0.995036 -0.090811 10.143323 0.072713 0.093594 0.992952 144.034698
0.996796 0.030975 -0.073747 -397.772766 -0.037830 0.994906 -0.093439 10.058960 0.070477 0.095930 0.992890 144.865234
0.996939 0.028890 -0.072661 -397.896118 -0.035848 0.994701 -0.096357 9.975473 0.069492 0.098668 0.992691 145.676178
0.997032 0.027957 -0.071735 -398.004364 -0.035006 0.994475 -0.098961 9.884314 0.068573 0.101180 0.992502 146.536499
0.997101 0.027716 -0.070857 -398.110687 -0.034827 0.994259 -0.101167 9.787756 0.067646 0.103343 0.992343 147.413849
0.997169 0.026737 -0.070270 -398.228516 -0.033847 0.994206 -0.102016 9.692226 0.067135 0.104107 0.992297 148.270554
0.997212 0.025741 -0.070052 -398.330780 -0.032789 0.994306 -0.101385 9.591160 0.067044 0.103400 0.992378 149.173904
0.997257 0.024347 -0.069896 -398.445129 -0.031194 0.994637 -0.098602 9.492046 0.067120 0.100512 0.992669 150.058640
0.997312 0.022333 -0.069794 -398.558350 -0.028963 0.995011 -0.095469 9.394156 0.067314 0.097235 0.992982 150.949799
0.997346 0.020355 -0.069908 -398.657074 -0.026828 0.995312 -0.092917 9.291431 0.067690 0.094546 0.993217 151.881912
0.997360 0.018659 -0.070177 -398.767578 -0.025039 0.995520 -0.091161 9.192789 0.068162 0.092678 0.993360 152.786636
0.997366 0.016811 -0.070555 -398.864044 -0.023263 0.995521 -0.091635 9.088051 0.068700 0.093035 0.993290 153.727493
0.997357 0.016275 -0.070818 -398.960541 -0.022916 0.995308 -0.093994 8.981777 0.068956 0.095369 0.993051 154.675995
0.997363 0.016841 -0.070589 -399.056122 -0.023575 0.995134 -0.095664 8.874725 0.068634 0.097076 0.992908 155.631866
0.997374 0.018465 -0.070041 -399.162720 -0.025121 0.995124 -0.095370 8.769377 0.067938 0.096879 0.992974 156.559799
0.997385 0.019951 -0.069461 -399.267792 -0.026517 0.995131 -0.094922 8.663624 0.067230 0.096515 0.993058 157.486221
0.997422 0.020061 -0.068900 -399.370087 -0.026605 0.995081 -0.095416 8.557957 0.066648 0.097003 0.993050 158.412659
0.997463 0.019892 -0.068343 -399.470703 -0.026367 0.995110 -0.095186 8.452024 0.066116 0.096748 0.993111 159.339874
0.997499 0.020233 -0.067726 -399.570282 -0.026555 0.995240 -0.093766 8.346666 0.065506 0.095331 0.993288 160.266937
0.997523 0.020841 -0.067172 -399.668762 -0.026938 0.995469 -0.091179 8.242191 0.064969 0.092763 0.993566 161.196594
0.997485 0.020308 -0.067918 -399.728760 -0.026364 0.995638 -0.089486 8.143324 0.065805 0.091052 0.993670 162.148529
0.997469 0.020335 -0.068139 -399.791351 -0.026310 0.995775 -0.087975 8.039083 0.066063 0.089546 0.993789 163.102280
0.997447 0.021522 -0.068104 -399.869690 -0.027449 0.995802 -0.087316 7.929356 0.065938 0.088963 0.993849 164.050629
0.997389 0.022646 -0.068567 -399.939453 -0.028550 0.995853 -0.086380 7.826085 0.066327 0.088113 0.993900 164.992523
0.997370 0.023458 -0.068577 -400.000610 -0.029281 0.995934 -0.085186 7.727501 0.066299 0.086971 0.994002 165.918564
0.997353 0.024679 -0.068394 -400.061951 -0.030295 0.996145 -0.082320 7.630164 0.066098 0.084174 0.994256 166.840149
0.997322 0.026747 -0.068058 -400.123505 -0.032111 0.996359 -0.078981 7.535246 0.065697 0.080955 0.994550 167.754227
0.997310 0.028367 -0.067590 -400.183441 -0.033584 0.996439 -0.077334 7.440857 0.065157 0.079396 0.994712 168.656647
0.997349 0.029756 -0.066400 -400.241699 -0.034991 0.996251 -0.079121 7.345267 0.063796 0.081235 0.994651 169.547226
0.997472 0.030694 -0.064085 -400.302032 -0.036111 0.995712 -0.085159 7.248759 0.061197 0.087259 0.994304 170.426285
0.997643 0.031069 -0.061189 -400.358734 -0.036649 0.995057 -0.092287 7.153584 0.058020 0.094313 0.993851 171.281097
0.997831 0.031057 -0.058049 -400.410919 -0.036493 0.994802 -0.095053 7.060854 0.054796 0.096966 0.993778 172.120560
0.998024 0.031773 -0.054206 -400.459381 -0.036693 0.995052 -0.092323 6.969197 0.051004 0.094131 0.994252 172.946136
0.998232 0.034171 -0.048619 -400.504913 -0.038300 0.995498 -0.086686 6.877791 0.045438 0.088396 0.995049 173.756256
0.998562 0.034844 -0.040745 -400.541565 -0.038175 0.995729 -0.084051 6.789896 0.037642 0.085486 0.995628 174.545197
0.998940 0.035508 -0.029301 -400.567993 -0.037837 0.995811 -0.083227 6.705678 0.026224 0.084248 0.996099 175.314560
0.999269 0.035816 -0.013401 -400.582123 -0.036796 0.995959 -0.081919 6.624188 0.010414 0.082352 0.996549 176.068344
0.999350 0.035589 0.005759 -400.582275 -0.035020 0.996222 -0.079463 6.544619 -0.008566 0.079211 0.996821 176.810028
0.999002 0.034558 0.028323 -400.567841 -0.032274 0.996470 -0.077491 6.464739 -0.030901 0.076500 0.996590 177.552856
0.997873 0.033879 0.055693 -400.538696 -0.029519 0.996567 -0.077341 6.385485 -0.058122 0.075532 0.995448 178.280319
0.995530 0.033149 0.088434 -400.487640 -0.026087 0.996464 -0.079854 6.307192 -0.090768 0.077190 0.992876 178.996857
0.991444 0.033573 0.126149 -400.414612 -0.023015 0.996179 -0.084239 6.230343 -0.128495 0.080616 0.988428 179.704437
0.985191 0.034087 0.168038 -400.316559 -0.019288 0.995850 -0.088932 6.153443 -0.170372 0.084375 0.981761 180.402435
0.976310 0.034415 0.213620 -400.163055 -0.014934 0.995633 -0.092147 6.081650 -0.215859 0.086775 0.972561 181.058762
0.964502 0.033592 0.261932 -399.998352 -0.009118 0.995521 -0.094097 6.002560 -0.263919 0.088370 0.960488 181.728195
0.949992 0.032052 0.310625 -399.769409 -0.001953 0.995309 -0.096730 5.930735 -0.312268 0.091287 0.945598 182.349304
0.933038 0.029366 0.358577 -399.498749 0.006130 0.995221 -0.097456 5.858954 -0.359726 0.093128 0.928399 182.948212
0.913726 0.028507 0.405330 -399.232666 0.011740 0.995267 -0.096464 5.781477 -0.406161 0.092901 0.909066 183.560989
0.892189 0.027516 0.450822 -398.943695 0.016996 0.995390 -0.094390 5.704106 -0.451341 0.091876 0.887609 184.158661
0.868385 0.026761 0.495169 -398.631653 0.022121 0.995458 -0.092595 5.627493 -0.495397 0.091362 0.863848 184.739670
0.842085 0.029751 0.538524 -398.298523 0.025254 0.995207 -0.094470 5.550419 -0.538753 0.093153 0.837297 185.303406
0.813099 0.033012 0.581188 -397.941284 0.030860 0.994541 -0.099667 5.472689 -0.581307 0.098976 0.807643 185.847382
0.781460 0.037151 0.622848 -397.500122 0.035649 0.993936 -0.104012 5.399489 -0.622936 0.103485 0.775398 186.334229
0.747343 0.040475 0.663205 -397.072693 0.040534 0.993506 -0.106309 5.324605 -0.663201 0.106332 0.740849 186.835556
0.711168 0.039539 0.701909 -396.556488 0.048408 0.993292 -0.105001 5.254338 -0.701353 0.108652 0.704485 187.274155
0.673463 0.036744 0.738307 -396.006836 0.054333 0.993601 -0.099012 5.180901 -0.737221 0.106797 0.667158 187.689758
0.634890 0.035732 0.771776 -395.477722 0.059010 0.993769 -0.094554 5.104733 -0.770345 0.105574 0.628826 188.118881
0.595413 0.035515 0.802634 -394.930359 0.062758 0.993914 -0.090533 5.028210 -0.800965 0.104277 0.589561 188.531738
0.556618 0.035707 0.830001 -394.363373 0.067407 0.993840 -0.087962 4.954257 -0.828029 0.104910 0.550783 188.926880
0.519136 0.037010 0.853890 -393.787415 0.072031 0.993613 -0.086859 4.882166 -0.851651 0.106598 0.513154 189.307617
0.482543 0.036381 0.875117 -393.200012 0.078278 0.993347 -0.084459 4.811392 -0.872368 0.109258 0.476484 189.678055
0.447110 0.036465 0.893735 -392.604858 0.082192 0.993266 -0.081646 4.740462 -0.890694 0.109964 0.441102 190.041122
0.412137 0.037658 0.910343 -391.996948 0.083711 0.993354 -0.078991 4.668698 -0.907268 0.108761 0.406246 190.397293
0.378374 0.038177 0.924865 -391.363831 0.086704 0.993294 -0.076474 4.598656 -0.921584 0.109126 0.372526 190.731277
0.346975 0.040315 0.937008 -390.712830 0.092344 0.992752 -0.076909 4.532267 -0.933317 0.113213 0.340737 191.044937
0.317520 0.039157 0.947443 -389.832306 0.098953 0.992323 -0.074175 4.469937 -0.943074 0.117305 0.311208 191.203354
0.293259 0.036393 0.955340 -389.076355 0.101455 0.992448 -0.068951 4.405575 -0.950634 0.117146 0.287352 191.422684
0.270859 0.033496 0.962036 -388.297577 0.105269 0.992369 -0.064190 4.340081 -0.956846 0.118660 0.265265 191.624084
0.249559 0.032026 0.967830 -387.507599 0.108646 0.992216 -0.060848 4.272952 -0.962245 0.120337 0.244138 191.820343
0.233650 0.034759 0.971699 -386.705536 0.111571 0.991800 -0.062306 4.220694 -0.965898 0.122972 0.227856 191.981567
0.217175 0.037445 0.975414 -385.883057 0.113510 0.991515 -0.063336 4.170178 -0.969510 0.124476 0.211083 192.166397
0.204431 0.037622 0.978158 -385.045105 0.115237 0.991387 -0.062216 4.115843 -0.972074 0.125439 0.198335 192.326675
0.192419 0.036036 0.980651 -384.170715 0.116381 0.991434 -0.059267 4.051743 -0.974387 0.125535 0.186577 192.496857
0.180239 0.035618 0.982978 -383.271271 0.117425 0.991417 -0.057456 4.010731 -0.976589 0.125782 0.174510 192.684082
0.169309 0.033498 0.984993 -382.361115 0.118290 0.991506 -0.054053 3.947460 -0.978438 0.125667 0.163909 192.891434
0.160470 0.031497 0.986538 -381.435089 0.120289 0.991417 -0.051219 3.882296 -0.979683 0.126890 0.155304 193.079422
0.154226 0.029750 0.987587 -380.506409 0.122056 0.991316 -0.048924 3.811713 -0.980467 0.128088 0.149256 193.259537
0.149974 0.029567 0.988247 -379.571014 0.124436 0.991039 -0.048535 3.741362 -0.980828 0.130254 0.144951 193.429062
0.146500 0.030446 0.988742 -378.629578 0.126492 0.990744 -0.049249 3.667858 -0.981089 0.132284 0.141294 193.578232
0.142817 0.030043 0.989293 -377.671600 0.127325 0.990675 -0.048466 3.601620 -0.981525 0.132884 0.137661 193.738632
0.139004 0.028867 0.989871 -376.705200 0.127348 0.990754 -0.046776 3.537588 -0.982069 0.132561 0.134043 193.895157
0.134797 0.028001 0.990478 -375.731445 0.126659 0.990913 -0.045250 3.472702 -0.982745 0.131554 0.130025 194.048630
0.130288 0.029053 0.991050 -374.751282 0.125218 0.991084 -0.045517 3.408640 -0.983537 0.130028 0.125489 194.202606
0.125536 0.030825 0.991610 -373.749725 0.122884 0.991337 -0.046374 3.353943 -0.984449 0.127676 0.120660 194.362610
0.120027 0.032137 0.992251 -372.733551 0.119892 0.991691 -0.046623 3.271048 -0.985504 0.124560 0.115177 194.537659
0.113760 0.033695 0.992937 -371.752350 0.119612 0.991690 -0.047357 3.215254 -0.986282 0.124155 0.108785 194.680664
0.108911 0.033830 0.993475 -370.758698 0.117708 0.991950 -0.046682 3.156031 -0.987057 0.122026 0.104052 194.799728
0.104187 0.033442 0.993995 -369.752747 0.116157 0.992185 -0.045556 3.090727 -0.987751 0.120207 0.099489 194.913315
0.099601 0.032791 0.994487 -368.735962 0.115317 0.992341 -0.044269 3.024575 -0.988323 0.119091 0.095058 195.032364
0.095153 0.032247 0.994940 -367.713776 0.114169 0.992526 -0.043088 2.960829 -0.988894 0.117693 0.090760 195.150101
0.090349 0.031344 0.995417 -366.689880 0.113175 0.992707 -0.041532 2.898319 -0.989459 0.116409 0.086142 195.259674
0.085883 0.029421 0.995871 -365.665039 0.113321 0.992788 -0.039103 2.837452 -0.989839 0.116213 0.081930 195.365753
0.081681 0.026923 0.996295 -364.637268 0.114219 0.992796 -0.036192 2.777779 -0.990092 0.116753 0.078018 195.469269
0.077811 0.025090 0.996652 -363.610260 0.114496 0.992843 -0.033934 2.718502 -0.990371 0.116754 0.074382 195.571579
0.074224 0.027717 0.996856 -362.580353 0.113935 0.992832 -0.036089 2.656998 -0.990712 0.116257 0.070534 195.657684
0.070445 0.031738 0.997011 -361.548401 0.112946 0.992812 -0.039585 2.595057 -0.991101 0.115397 0.066355 195.752274
0.068487 0.034680 0.997049 -360.538300 0.112059 0.992803 -0.042230 2.537178 -0.991339 0.114622 0.064109 195.808670
0.064812 0.035013 0.997284 -359.500977 0.109358 0.993115 -0.041974 2.470940 -0.991888 0.111782 0.060537 195.893478
0.061399 0.033399 0.997555 -358.460724 0.107766 0.993375 -0.039892 2.413746 -0.992278 0.109953 0.057393 195.979263
0.057967 0.030507 0.997852 -357.424500 0.104990 0.993803 -0.036484 2.363529 -0.992783 0.106880 0.054405 196.059448
0.053955 0.028144 0.998146 -356.384491 0.103226 0.994089 -0.033609 2.312884 -0.993194 0.104849 0.050731 196.135361
0.048868 0.029750 0.998362 -355.350739 0.100462 0.994340 -0.034548 2.249785 -0.993740 0.101987 0.045603 196.213226
0.038527 0.035851 0.998615 -354.348633 0.100782 0.994120 -0.039578 2.247055 -0.994162 0.102168 0.034687 196.339325
0.033025 0.034576 0.998856 -353.325287 0.098371 0.994436 -0.037675 2.201094 -0.994601 0.099504 0.029440 196.383026
0.024929 0.033791 0.999118 -352.284760 0.097513 0.994580 -0.036071 2.150709 -0.994922 0.098326 0.021499 196.442749
0.018649 0.033556 0.999263 -351.241943 0.097714 0.994591 -0.035223 2.102728 -0.995039 0.098300 0.015270 196.505585
0.013027 0.033153 0.999365 -350.200775 0.098865 0.994509 -0.034281 2.055456 -0.995016 0.099249 0.009678 196.566803
0.008053 0.031159 0.999482 -349.156219 0.099646 0.994514 -0.031808 2.006722 -0.994990 0.099851 0.004905 196.628479
0.003244 0.028110 0.999600 -348.110565 0.101071 0.994476 -0.028295 1.960116 -0.994873 0.101123 0.000386 196.688919
-0.001796 0.027233 0.999628 -347.067719 0.103502 0.994265 -0.026901 1.910027 -0.994628 0.103416 -0.004605 196.723267
-0.005842 0.031497 0.999487 -346.030914 0.106870 0.993798 -0.030694 1.841538 -0.994255 0.106636 -0.009171 196.696701
-0.007944 0.033816 0.999396 -345.009430 0.111872 0.993183 -0.032716 1.786946 -0.993691 0.111545 -0.011672 196.674820
-0.009340 0.031402 0.999464 -343.979767 0.112893 0.993149 -0.030149 1.739847 -0.993563 0.112551 -0.012821 196.644272
-0.010849 0.026331 0.999595 -342.940948 0.115003 0.993052 -0.024910 1.697579 -0.993305 0.114686 -0.013802 196.619507
-0.010920 0.021260 0.999714 -341.901611 0.117754 0.992845 -0.019827 1.655493 -0.992982 0.117504 -0.013344 196.596344
-0.009836 0.024753 0.999645 -340.887787 0.121453 0.992321 -0.023377 1.608952 -0.992548 0.121181 -0.012767 196.590591
-0.007161 0.029907 0.999527 -339.878235 0.124580 0.991791 -0.028783 1.564282 -0.992184 0.124316 -0.010828 196.584808
-0.003356 0.035457 0.999365 -338.866516 0.129641 0.990952 -0.034723 1.519617 -0.991555 0.129443 -0.007922 196.573654
0.004071 0.036650 0.999319 -337.850922 0.134981 0.990162 -0.036865 1.465513 -0.990840 0.135040 -0.000916 196.552002
0.009740 0.036597 0.999283 -336.832581 0.137612 0.989772 -0.037590 1.406449 -0.990438 0.137881 0.004604 196.533096
0.014647 0.034769 0.999288 -335.809509 0.138849 0.989641 -0.036469 1.348597 -0.990206 0.139285 0.009668 196.525574
0.020020 0.032629 0.999267 -334.786407 0.138744 0.989705 -0.035096 1.289551 -0.990125 0.139346 0.015286 196.528503
0.026495 0.033782 0.999078 -333.766266 0.140613 0.989366 -0.037183 1.230271 -0.989710 0.141469 0.021463 196.537857
0.033584 0.037490 0.998732 -332.733398 0.142681 0.988880 -0.041917 1.168642 -0.989198 0.143909 0.027862 196.595291
0.041110 0.037573 0.998448 -331.706970 0.144253 0.988600 -0.043143 1.108612 -0.988686 0.145804 0.035222 196.628326
0.048442 0.034388 0.998234 -330.678070 0.145280 0.988536 -0.041104 1.047129 -0.988204 0.147016 0.042891 196.669144
0.055610 0.033315 0.997897 -329.650726 0.145536 0.988497 -0.041111 0.984562 -0.987789 0.147517 0.050122 196.717529
0.062889 0.035838 0.997377 -328.624878 0.145159 0.988399 -0.044668 0.921732 -0.987407 0.147588 0.056957 196.773560
0.070337 0.037383 0.996822 -327.597595 0.145175 0.988274 -0.047306 0.858416 -0.986902 0.148042 0.064085 196.835983
0.077500 0.036036 0.996341 -326.568237 0.145566 0.988228 -0.047066 0.793598 -0.986308 0.148682 0.071343 196.904083
0.083921 0.033672 0.995903 -325.536163 0.145304 0.988332 -0.045660 0.727728 -0.985822 0.148541 0.078050 196.979446
0.089445 0.032444 0.995463 -324.504395 0.143993 0.988548 -0.045157 0.662052 -0.985528 0.147379 0.083749 197.061783
0.093819 0.033528 0.995025 -323.478394 0.142350 0.988712 -0.046737 0.608933 -0.985360 0.146027 0.087988 197.147217
0.097585 0.034532 0.994628 -322.451904 0.140214 0.988952 -0.048092 0.543291 -0.985301 0.144155 0.091665 197.229095
0.099776 0.036334 0.994346 -321.423676 0.139051 0.989017 -0.050092 0.469229 -0.985246 0.143263 0.093628 197.309555
0.101814 0.036258 0.994142 -320.389557 0.138895 0.989028 -0.050297 0.396498 -0.985059 0.143203 0.095660 197.394241
0.104164 0.031877 0.994050 -319.365387 0.137463 0.989432 -0.046133 0.329314 -0.985014 0.141452 0.098682 197.488403
0.105587 0.027377 0.994033 -318.343781 0.136464 0.989764 -0.041754 0.264185 -0.985002 0.140059 0.100771 197.586212
0.106943 0.026206 0.993920 -317.321686 0.134944 0.990019 -0.040623 0.212756 -0.985065 0.138469 0.102339 197.690521
0.108454 0.026238 0.993755 -316.304108 0.133198 0.990253 -0.040683 0.149750 -0.985137 0.136779 0.103902 197.789825
0.108934 0.026905 0.993685 -315.289429 0.131216 0.990497 -0.041204 0.086739 -0.985350 0.134877 0.104369 197.888092
0.111123 0.027885 0.993415 -314.270477 0.130246 0.990576 -0.042375 0.027457 -0.985234 0.134097 0.106443 197.978516
0.111736 0.028713 0.993323 -313.251068 0.129008 0.990703 -0.043150 -0.032451 -0.985328 0.132968 0.106994 198.067383
0.111486 0.028687 0.993352 -312.233521 0.126624 0.991025 -0.042832 -0.092716 -0.985665 0.130558 0.106853 198.157242
0.109601 0.028821 0.993557 -311.209686 0.123937 0.991382 -0.042429 -0.148668 -0.986218 0.127790 0.105085 198.249451
0.107350 0.029028 0.993797 -310.194275 0.121384 0.991713 -0.042080 -0.207754 -0.986783 0.125150 0.102937 198.336609
0.104089 0.028185 0.994169 -309.171783 0.119366 0.992019 -0.040621 -0.266508 -0.987379 0.122899 0.099895 198.427795
0.101137 0.027763 0.994484 -308.167908 0.119094 0.992084 -0.039808 -0.331741 -0.987719 0.122464 0.097031 198.534134
0.099170 0.027432 0.994692 -307.167114 0.119355 0.992074 -0.039261 -0.399248 -0.987887 0.122616 0.095111 198.647614
0.098230 0.027400 0.994787 -306.168640 0.119754 0.992031 -0.039149 -0.464504 -0.987932 0.122976 0.094167 198.754532
0.098005 0.026649 0.994829 -305.177582 0.119814 0.992054 -0.038377 -0.536358 -0.987948 0.122957 0.094034 198.848099
0.097821 0.027413 0.994827 -304.191681 0.119379 0.992078 -0.039076 -0.611049 -0.988018 0.122585 0.093774 198.935013
0.097534 0.027924 0.994840 -303.209412 0.118812 0.992130 -0.039496 -0.682089 -0.988115 0.122052 0.093449 199.020615
0.096912 0.029333 0.994861 -302.245972 0.114951 0.992546 -0.040463 -0.720020 -0.988632 0.118283 0.092817 199.124268
0.096283 0.029945 0.994903 -301.281464 0.114464 0.992582 -0.040952 -0.742082 -0.988751 0.117825 0.092142 199.226288
0.095300 0.032082 0.994932 -300.304718 0.115967 0.992317 -0.043106 -0.780222 -0.988671 0.119488 0.090848 199.307465
0.093821 0.034049 0.995007 -299.281586 0.117532 0.992047 -0.045031 -0.880106 -0.988627 0.121170 0.089074 199.344849
0.091670 0.035142 0.995169 -298.306488 0.115993 0.992196 -0.045722 -0.944427 -0.989011 0.119624 0.086878 199.419632
0.089416 0.035251 0.995371 -297.348175 0.114951 0.992330 -0.045470 -1.007288 -0.989338 0.118485 0.084678 199.495010
0.086919 0.035087 0.995597 -296.397522 0.114852 0.992362 -0.044999 -1.068893 -0.989572 0.118259 0.082226 199.564682
0.084206 0.034782 0.995841 -295.451904 0.114496 0.992432 -0.044345 -1.130356 -0.989848 0.117755 0.079586 199.631927
0.081583 0.033945 0.996089 -294.514374 0.114472 0.992487 -0.043199 -1.190536 -0.990070 0.117550 0.077084 199.696228
0.078817 0.032314 0.996366 -293.610840 0.114422 0.992576 -0.041242 -1.256553 -0.990301 0.117258 0.074534 199.770721
0.076413 0.033642 0.996508 -292.708160 0.114423 0.992531 -0.042282 -1.307747 -0.990489 0.117255 0.071993 199.830246
0.074977 0.035328 0.996559 -291.820068 0.115627 0.992323 -0.043877 -1.366470 -0.990459 0.118520 0.070316 199.878326
0.072175 0.037191 0.996698 -290.933716 0.116740 0.992120 -0.045473 -1.424577 -0.990537 0.119637 0.067265 199.923416
0.069349 0.038046 0.996867 -290.055328 0.117991 0.991945 -0.046067 -1.484329 -0.990590 0.120817 0.064302 199.984024
0.066924 0.038360 0.997021 -289.178650 0.118917 0.991831 -0.046142 -1.544296 -0.990646 0.121651 0.061816 200.043213
0.064817 0.036919 0.997214 -288.305237 0.119654 0.991817 -0.044497 -1.602308 -0.990698 0.122206 0.059869 200.101791
0.062373 0.034572 0.997454 -287.428101 0.120478 0.991830 -0.041911 -1.657224 -0.990755 0.122787 0.057698 200.155685
0.060887 0.032333 0.997621 -286.561188 0.120511 0.991925 -0.039505 -1.712333 -0.990843 0.122630 0.056499 200.205597
0.059844 0.032516 0.997678 -285.709808 0.119765 0.992015 -0.039516 -1.766014 -0.990997 0.121852 0.055472 200.252655
0.059113 0.033330 0.997695 -284.872467 0.119492 0.992019 -0.040220 -1.818767 -0.991073 0.121596 0.054660 200.296951
0.058535 0.033611 0.997720 -284.045898 0.119701 0.991986 -0.040441 -1.870632 -0.991083 0.121796 0.054043 200.339676
0.058033 0.033970 0.997736 -283.230377 0.119824 0.991959 -0.040742 -1.922346 -0.991098 0.121917 0.053496 200.381500
0.057441 0.032451 0.997821 -282.449585 0.120487 0.991941 -0.039196 -1.975328 -0.991052 0.122477 0.053069 200.431000
0.057702 0.031005 0.997852 -281.671356 0.121403 0.991881 -0.037841 -2.028051 -0.990925 0.123326 0.053469 200.480560
0.058995 0.028490 0.997852 -280.898651 0.121938 0.991901 -0.035530 -2.071043 -0.990782 0.123773 0.055044 200.509338
0.059378 0.025801 0.997902 -280.130310 0.122397 0.991934 -0.032929 -2.111046 -0.990703 0.124096 0.055742 200.530807
0.059936 0.023580 0.997924 -279.369019 0.122906 0.991939 -0.030821 -2.151108 -0.990606 0.124499 0.056554 200.555878
0.060416 0.023464 0.997898 -278.617126 0.123107 0.991915 -0.030778 -2.192867 -0.990552 0.124709 0.057040 200.591843
0.060889 0.024907 0.997834 -277.880615 0.123041 0.991876 -0.032266 -2.240146 -0.990532 0.124740 0.057330 200.653961
0.061619 0.025945 0.997763 -277.164520 0.123543 0.991775 -0.033419 -2.279506 -0.990424 0.125327 0.057908 200.692719
0.062375 0.026919 0.997690 -276.446686 0.123642 0.991727 -0.034488 -2.318016 -0.990365 0.125509 0.058531 200.731125
0.069170 0.033419 0.997045 -275.799774 0.128798 0.990774 -0.042144 -2.194225 -0.989255 0.131333 0.064227 200.641602
0.064012 0.027607 0.997567 -275.078735 0.124768 0.991551 -0.035447 -2.363258 -0.990119 0.126735 0.060027 200.781403
0.065171 0.028105 0.997478 -274.435822 0.127727 0.991146 -0.036273 -2.346380 -0.989666 0.129770 0.061005 200.768906
0.065947 0.028045 0.997429 -273.807800 0.128836 0.990998 -0.036383 -2.322883 -0.989471 0.130904 0.061740 200.752121
0.066875 0.028051 0.997367 -273.150085 0.129173 0.990948 -0.036532 -2.374214 -0.989365 0.131277 0.062647 200.791336
0.066395 0.026370 0.997445 -272.394012 0.126279 0.991390 -0.034616 -2.543586 -0.989770 0.128256 0.062494 200.951492
0.067241 0.026733 0.997378 -271.736115 0.126463 0.991350 -0.035098 -2.579769 -0.989689 0.128492 0.063279 200.987610
0.067960 0.027257 0.997316 -271.103424 0.126407 0.991335 -0.035708 -2.616039 -0.989647 0.128496 0.063927 201.022980
0.068986 0.027062 0.997251 -270.491333 0.126548 0.991319 -0.035656 -2.646621 -0.989559 0.128660 0.064963 201.055801
0.069501 0.026878 0.997220 -269.890717 0.126438 0.991338 -0.035533 -2.675140 -0.989536 0.128556 0.065500 201.087387
0.070080 0.027212 0.997170 -269.297333 0.126683 0.991291 -0.035955 -2.704418 -0.989464 0.128845 0.066022 201.118988
0.070742 0.027387 0.997119 -268.713226 0.126646 0.991287 -0.036213 -2.732183 -0.989422 0.128843 0.066657 201.149445
0.071123 0.027224 0.997096 -268.131653 0.126691 0.991284 -0.036103 -2.759289 -0.989389 0.128892 0.067054 201.179443
0.071433 0.026920 0.997082 -267.553802 0.126408 0.991331 -0.035821 -2.785930 -0.989402 0.128598 0.067411 201.209503
0.071538 0.026226 0.997093 -266.978668 0.126090 0.991396 -0.035123 -2.812383 -0.989436 0.128237 0.067616 201.239120
0.071576 0.025583 0.997107 -266.408020 0.125596 0.991482 -0.034454 -2.838665 -0.989496 0.127700 0.067754 201.268417
0.071625 0.025294 0.997111 -265.839539 0.125612 0.991490 -0.034175 -2.864437 -0.989491 0.127698 0.067839 201.296814
0.071796 0.025340 0.997097 -265.273499 0.125823 0.991461 -0.034257 -2.889831 -0.989451 0.127919 0.067994 201.324738
0.071904 0.025364 0.997089 -264.708282 0.126138 0.991419 -0.034317 -2.915117 -0.989404 0.128239 0.068089 201.352539
0.071887 0.025633 0.997084 -264.143951 0.126159 0.991407 -0.034584 -2.940950 -0.989402 0.128279 0.068035 201.380310
0.071862 0.026373 0.997066 -263.581696 0.125948 0.991408 -0.035301 -2.967262 -0.989430 0.128116 0.067923 201.408051
0.072048 0.027696 0.997017 -263.021118 0.126003 0.991352 -0.036645 -2.993728 -0.989410 0.128268 0.067935 201.435135
0.071758 0.028407 0.997018 -262.486450 0.126165 0.991306 -0.037325 -3.030367 -0.989411 0.128467 0.067550 201.482635
0.072752 0.029173 0.996923 -261.945374 0.126109 0.991279 -0.038211 -3.060320 -0.989345 0.128502 0.068439 201.511047
0.072935 0.029806 0.996892 -261.405731 0.125957 0.991274 -0.038854 -3.090811 -0.989351 0.128400 0.068544 201.538788
0.073218 0.028996 0.996894 -260.865509 0.125379 0.991378 -0.038045 -3.120935 -0.989404 0.127776 0.068951 201.567169
0.073380 0.027498 0.996925 -260.325226 0.125277 0.991447 -0.036568 -3.151066 -0.989404 0.127576 0.069308 201.594833
0.073703 0.026470 0.996929 -259.786957 0.125699 0.991428 -0.035618 -3.181261 -0.989326 0.127939 0.069745 201.621780
0.074255 0.026023 0.996900 -259.250061 0.126126 0.991387 -0.035275 -3.211389 -0.989231 0.128356 0.070334 201.648956
0.074761 0.025957 0.996864 -258.714294 0.125753 0.991435 -0.035247 -3.241308 -0.989240 0.127994 0.070855 201.677246
0.075234 0.026818 0.996805 -258.182281 0.125445 0.991441 -0.036142 -3.271829 -0.989243 0.127764 0.071226 201.709869
0.075984 0.027771 0.996722 -257.650146 0.125360 0.991414 -0.037180 -3.301430 -0.989197 0.127775 0.071850 201.738541
0.077483 0.027104 0.996625 -257.121918 0.125466 0.991417 -0.036717 -3.323234 -0.989067 0.127888 0.073417 201.774033
0.078598 0.026313 0.996559 -256.594391 0.126394 0.991321 -0.036144 -3.344961 -0.988862 0.128800 0.074591 201.808441
0.079744 0.027022 0.996450 -256.069641 0.125622 0.991390 -0.036938 -3.368398 -0.988868 0.128122 0.075663 201.845047
0.080751 0.030481 0.996268 -255.558151 0.121980 0.991717 -0.040229 -3.408136 -0.989242 0.124774 0.076365 201.892776
0.081806 0.034906 0.996037 -255.053162 0.118637 0.991939 -0.044506 -3.452999 -0.989562 0.121809 0.077006 201.943024
0.082892 0.039193 0.995787 -254.549484 0.117324 0.991893 -0.048806 -3.495008 -0.989628 0.120877 0.077622 201.989441
0.084190 0.042847 0.995528 -254.030411 0.117860 0.991634 -0.052647 -3.518688 -0.989455 0.121766 0.078436 202.041183
0.085013 0.045955 0.995320 -253.521225 0.117997 0.991441 -0.055854 -3.548977 -0.989368 0.122194 0.078863 202.087280
0.085147 0.046830 0.995268 -253.019058 0.115530 0.991693 -0.056546 -3.586859 -0.989647 0.119798 0.079030 202.134430
0.088030 0.045893 0.995060 -252.507935 0.113350 0.991988 -0.055780 -3.621725 -0.989648 0.117702 0.082123 202.144318
0.087326 0.045025 0.995162 -252.002716 0.111513 0.992257 -0.054680 -3.657469 -0.989919 0.115748 0.081630 202.149643
0.087265 0.043728 0.995225 -251.497910 0.111916 0.992281 -0.053412 -3.693203 -0.989878 0.116043 0.081698 202.167419
0.087072 0.043183 0.995265 -250.994766 0.112008 0.992300 -0.052853 -3.730047 -0.989884 0.116081 0.081565 202.199570
0.086707 0.044546 0.995237 -250.494324 0.110591 0.992395 -0.054054 -3.769344 -0.990077 0.114752 0.081121 202.243317
0.086009 0.046736 0.995197 -249.993362 0.108819 0.992482 -0.056013 -3.807012 -0.990333 0.113115 0.080277 202.273468
0.082230 0.044925 0.995600 -249.512405 0.109766 0.992497 -0.053852 -3.871980 -0.990550 0.113711 0.076682 202.354111
0.084659 0.060068 0.994597 -249.048233 0.124302 0.989746 -0.070357 -3.716078 -0.988626 0.129587 0.076324 202.342392
0.082929 0.061369 0.994664 -248.572693 0.124069 0.989700 -0.071407 -3.490507 -0.988802 0.129330 0.074461 202.318161
0.080557 0.056676 0.995138 -248.083496 0.117500 0.990881 -0.065945 -3.341593 -0.989800 0.122241 0.073163 202.318771
0.078948 0.054972 0.995362 -247.574310 0.115717 0.991223 -0.063921 -3.405349 -0.990140 0.120227 0.071894 202.359177
0.077330 0.053466 0.995571 -247.051376 0.114414 0.991488 -0.062134 -3.517702 -0.990419 0.118713 0.070555 202.405472
0.075750 0.052464 0.995746 -246.524109 0.113742 0.991642 -0.060901 -3.574751 -0.990618 0.117872 0.069150 202.444122
0.074309 0.051411 0.995909 -246.000854 0.113454 0.991749 -0.059662 -3.619875 -0.990760 0.117424 0.067863 202.478775
0.073090 0.049987 0.996072 -245.475372 0.113892 0.991791 -0.058130 -3.669273 -0.990800 0.117694 0.066796 202.512375
0.071878 0.048753 0.996221 -244.947662 0.115479 0.991681 -0.056863 -3.710649 -0.990706 0.119131 0.065650 202.540100
0.070593 0.047029 0.996396 -244.418549 0.117541 0.991536 -0.055128 -3.751240 -0.990556 0.121010 0.064468 202.566849
0.069333 0.044328 0.996608 -243.887650 0.118530 0.991569 -0.052351 -3.791031 -0.990526 0.121759 0.063495 202.594437
0.068029 0.041468 0.996821 -243.356888 0.118838 0.991685 -0.049365 -3.830225 -0.990580 0.121819 0.062536 202.622116
0.066729 0.038771 0.997018 -242.825699 0.119230 0.991774 -0.046548 -3.869100 -0.990621 0.121981 0.061557 202.648880
0.065560 0.035882 0.997204 -242.296005 0.119463 0.991883 -0.043545 -3.907324 -0.990671 0.121985 0.060741 202.674973
0.064561 0.033241 0.997360 -241.766953 0.120901 0.991822 -0.040882 -3.944252 -0.990563 0.123222 0.060015 202.699051
0.063480 0.031489 0.997487 -241.239639 0.123094 0.991623 -0.039139 -3.980636 -0.990362 0.125269 0.059072 202.721542
0.062111 0.030691 0.997597 -240.714081 0.124823 0.991440 -0.038274 -4.017301 -0.990233 0.126901 0.057748 202.743820
0.060765 0.030485 0.997687 -240.190018 0.124739 0.991465 -0.037892 -4.054588 -0.990327 0.126754 0.056445 202.767273
0.059055 0.030481 0.997789 -239.667053 0.123636 0.991615 -0.037611 -4.091909 -0.990568 0.125584 0.054792 202.791000
0.056635 0.030689 0.997923 -239.145081 0.122443 0.991768 -0.037449 -4.128717 -0.990858 0.124310 0.052412 202.812836
0.053302 0.030739 0.998105 -238.623886 0.122295 0.991800 -0.037075 -4.164560 -0.991061 0.124040 0.049106 202.831116
0.048608 0.030381 0.998356 -238.103119 0.123053 0.991740 -0.036170 -4.195764 -0.991209 0.124609 0.044467 202.848618
0.042410 0.029949 0.998651 -237.584549 0.123936 0.991672 -0.035003 -4.226621 -0.991383 0.125254 0.038345 202.861801
0.035145 0.030561 0.998915 -237.068024 0.124711 0.991585 -0.034725 -4.261474 -0.991570 0.125797 0.031040 202.869202
0.026901 0.030924 0.999159 -236.553329 0.123884 0.991713 -0.034030 -4.291902 -0.991932 0.124697 0.022847 202.877090
0.017508 0.030848 0.999371 -236.041336 0.123379 0.991818 -0.032776 -4.319463 -0.992205 0.123876 0.013559 202.879532
0.006798 0.031643 0.999476 -235.534760 0.123343 0.991839 -0.032241 -4.347013 -0.992341 0.123499 0.002839 202.875488
-0.005778 0.034292 0.999395 -235.038864 0.125346 0.991554 -0.033299 -4.374923 -0.992096 0.125079 -0.010026 202.861847
-0.020387 0.036914 0.999111 -234.552490 0.127534 0.991250 -0.034021 -4.402462 -0.991625 0.126727 -0.024916 202.839966
-0.037180 0.040237 0.998498 -234.075836 0.128284 0.991113 -0.035163 -4.429700 -0.991040 0.126784 -0.042012 202.811737
-0.055979 0.045126 0.997412 -233.610550 0.129107 0.990918 -0.037586 -4.455028 -0.990049 0.126669 -0.061297 202.775497
-0.075966 0.049450 0.995883 -233.154449 0.131447 0.990549 -0.039159 -4.478010 -0.988408 0.127931 -0.081748 202.728699
-0.096636 0.049851 0.994071 -232.706970 0.134190 0.990278 -0.036617 -4.500259 -0.986232 0.129857 -0.102386 202.672302
-0.117630 0.048312 0.991882 -232.270142 0.137412 0.989999 -0.031926 -4.521287 -0.983504 0.132542 -0.123091 202.607605
-0.138398 0.047202 0.989251 -231.848297 0.141098 0.989614 -0.027480 -4.540559 -0.980274 0.135780 -0.143620 202.535599
-0.158551 0.045672 0.986294 -231.441208 0.143473 0.989392 -0.022751 -4.558980 -0.976871 0.137901 -0.163422 202.459869
-0.177701 0.043186 0.983137 -231.049759 0.144679 0.989327 -0.017308 -4.577022 -0.973391 0.139165 -0.182052 202.381989
-0.196077 0.041781 0.979698 -230.675751 0.145464 0.989277 -0.013076 -4.593565 -0.969739 0.139947 -0.200051 202.301178
-0.214958 0.041752 0.975731 -230.309464 0.146275 0.989192 -0.010103 -4.608776 -0.965607 0.140554 -0.218742 202.221344
-0.234653 0.042023 0.971170 -229.947739 0.146668 0.989158 -0.007364 -4.623132 -0.960951 0.140712 -0.238272 202.138763
-0.255383 0.041310 0.965957 -229.588821 0.146244 0.989241 -0.003641 -4.636392 -0.955715 0.140336 -0.258677 202.052811
-0.277575 0.040245 0.959861 -229.233429 0.146453 0.989217 0.000875 -4.648429 -0.949476 0.140818 -0.280476 201.961136
-0.301539 0.039560 0.952633 -228.892288 0.146732 0.989161 0.005368 -4.658010 -0.942095 0.141402 -0.304075 201.859909
-0.327377 0.039483 0.944069 -228.559967 0.147679 0.988985 0.009850 -4.665771 -0.933282 0.142644 -0.329601 201.748825
-0.354345 0.039139 0.934295 -228.235321 0.147823 0.988905 0.014637 -4.672941 -0.923356 0.143298 -0.356200 201.629822
-0.382166 0.039954 0.923230 -227.919586 0.147692 0.988863 0.018341 -4.679494 -0.912215 0.143364 -0.383811 201.503708
-0.410616 0.042960 0.910796 -227.614075 0.147340 0.988887 0.019781 -4.685808 -0.899825 0.142320 -0.412383 201.370743
-0.439278 0.047578 0.897091 -227.319244 0.146505 0.989021 0.019285 -4.691648 -0.886324 0.139901 -0.441425 201.231598
-0.468620 0.053192 0.881797 -227.033966 0.145818 0.989150 0.017824 -4.695512 -0.871282 0.136936 -0.471293 201.085464
-0.499211 0.059002 0.864470 -226.756454 0.144453 0.989383 0.015890 -4.697397 -0.854355 0.132808 -0.502433 200.931351
-0.531132 0.065409 0.844760 -226.485397 0.143025 0.989629 0.013298 -4.697763 -0.835130 0.127886 -0.534979 200.767136
-0.564025 0.070197 0.822769 -226.217621 0.140930 0.989944 0.012150 -4.696886 -0.813643 0.122807 -0.568246 200.590729
-0.597777 0.073452 0.798290 -225.953751 0.139293 0.990162 0.013200 -4.693256 -0.789468 0.119088 -0.602127 200.399368
-0.632073 0.075614 0.771212 -225.695129 0.138566 0.990215 0.016479 -4.686801 -0.762419 0.117280 -0.636366 200.191467
-0.666297 0.078231 0.741572 -225.444839 0.140351 0.989864 0.021680 -4.678653 -0.732359 0.118526 -0.670523 199.964920
-0.700392 0.080230 0.709235 -225.201660 0.142614 0.989355 0.028917 -4.669076 -0.699366 0.121401 -0.704379 199.720551
-0.733938 0.079494 0.674549 -224.962463 0.142245 0.989094 0.038205 -4.658630 -0.664156 0.123992 -0.737240 199.461288
-0.766529 0.075234 0.637787 -224.759003 0.137668 0.989277 0.048761 -4.641090 -0.627281 0.125181 -0.768667 199.147568
-0.797968 0.071015 0.598501 -224.538834 0.132244 0.989464 0.058914 -4.625991 -0.588012 0.126161 -0.798952 198.847977
-0.827435 0.069609 0.557231 -224.331497 0.128850 0.989347 0.067741 -4.607423 -0.546580 0.127851 -0.827589 198.530991
-0.854206 0.069722 0.515237 -224.135330 0.126777 0.988988 0.076352 -4.584211 -0.504240 0.130542 -0.853639 198.195648
-0.878419 0.066729 0.473209 -223.942307 0.120338 0.989181 0.083894 -4.557937 -0.462491 0.130640 -0.876947 197.846069
-0.899949 0.061849 0.431586 -223.752640 0.110568 0.989903 0.088694 -4.530227 -0.421743 0.127541 -0.897701 197.483643
-0.917622 0.063323 0.392378 -223.592102 0.106913 0.990165 0.090234 -4.494365 -0.382806 0.124752 -0.915367 197.047363
-0.933061 0.066024 0.353608 -223.445511 0.104606 0.990331 0.091111 -4.455431 -0.344173 0.122002 -0.930946 196.586670
-0.945940 0.069231 0.316865 -223.306519 0.103203 0.990424 0.091698 -4.412601 -0.307483 0.119444 -0.944028 196.108215
-0.957145 0.069263 0.281207 -223.170151 0.098330 0.991022 0.090589 -4.363935 -0.272408 0.114359 -0.955362 195.613968
-0.966678 0.066570 0.247188 -223.037018 0.091418 0.991697 0.090432 -4.313774 -0.239116 0.110016 -0.964738 195.103653
-0.974235 0.063843 0.216310 -222.913651 0.086067 0.991757 0.094922 -4.266836 -0.208467 0.111094 -0.971699 194.573715
-0.980388 0.062882 0.186778 -222.796295 0.082755 0.991481 0.100574 -4.216625 -0.178863 0.114060 -0.977240 194.032104
-0.985386 0.064960 0.157464 -222.695251 0.081899 0.991243 0.103579 -4.161758 -0.149357 0.114961 -0.982077 193.471405
-0.989453 0.065590 0.129156 -222.603973 0.079423 0.991291 0.105043 -4.102685 -0.121142 0.114193 -0.986045 192.894440
-0.992525 0.065042 0.103275 -222.520782 0.076039 0.991413 0.106381 -4.042297 -0.095469 0.113439 -0.988948 192.299973
-0.994037 0.068601 0.084763 -222.483185 0.077721 0.990950 0.109442 -3.975052 -0.076488 0.115378 -0.990372 191.639114
-0.994716 0.074214 0.070940 -222.454544 0.081879 0.990321 0.112064 -3.899114 -0.061937 0.117282 -0.991166 190.951920
-0.995199 0.079023 0.057747 -222.429520 0.085209 0.989823 0.113971 -3.820760 -0.048153 0.118344 -0.991804 190.257416
-0.995352 0.081495 0.051306 -222.392914 0.086942 0.989573 0.114832 -3.745685 -0.041413 0.118760 -0.992059 189.537918
-0.995584 0.081622 0.046355 -222.354889 0.086516 0.989492 0.115838 -3.669384 -0.036413 0.119338 -0.992185 188.808716
-0.995691 0.081596 0.044061 -222.314224 0.086212 0.989532 0.115727 -3.591482 -0.034157 0.119028 -0.992303 188.070084
-0.995764 0.081938 0.041726 -222.279739 0.086265 0.989563 0.115422 -3.515791 -0.031832 0.118533 -0.992439 187.330002
-0.995578 0.084171 0.041692 -222.237564 0.088480 0.989365 0.115444 -3.438766 -0.031531 0.118623 -0.992439 186.571121
-0.995399 0.085229 0.043774 -222.209213 0.089768 0.989287 0.115119 -3.342848 -0.033494 0.118520 -0.992387 185.760864
-0.995356 0.083553 0.047805 -222.171524 0.088667 0.989123 0.117358 -3.255237 -0.037480 0.121053 -0.991938 184.937012
-0.995462 0.080359 0.050963 -222.130264 0.085936 0.989190 0.118809 -3.170360 -0.040865 0.122650 -0.991608 184.104767
-0.995445 0.078486 0.054125 -222.088776 0.084528 0.989136 0.120270 -3.081623 -0.044098 0.124298 -0.991264 183.264160
-0.994944 0.081801 0.058277 -222.044373 0.088246 0.989050 0.118291 -2.979410 -0.047963 0.122836 -0.991267 182.391312
-0.994677 0.082485 0.061755 -221.995880 0.089366 0.988922 0.118518 -2.876673 -0.051296 0.123406 -0.991029 181.509201
-0.994325 0.083337 0.066119 -221.950226 0.090544 0.989258 0.114756 -2.768587 -0.055846 0.120093 -0.991190 180.615341
-0.994066 0.083585 0.069613 -221.905060 0.091013 0.989593 0.111449 -2.658838 -0.059573 0.117124 -0.991329 179.717911
-0.993710 0.084518 0.073467 -221.858261 0.092171 0.989876 0.107924 -2.550556 -0.063601 0.114018 -0.991441 178.815475
-0.993228 0.087351 0.076604 -221.815536 0.095344 0.989592 0.107782 -2.442728 -0.066391 0.114356 -0.991218 177.913956
-0.992703 0.090471 0.079718 -221.769165 0.099024 0.988896 0.110809 -2.331730 -0.068808 0.117896 -0.990639 176.997925
-0.992244 0.093892 0.081472 -221.713989 0.102990 0.987920 0.115786 -2.224476 -0.069617 0.123280 -0.989927 176.078140
-0.991933 0.095973 0.082811 -221.653854 0.105513 0.987177 0.119787 -2.115869 -0.070253 0.127559 -0.989339 175.155838
-0.991865 0.096670 0.082824 -221.589050 0.106448 0.986661 0.123164 -2.006506 -0.069813 0.130979 -0.988924 174.231339
-0.992105 0.094830 0.082073 -221.502625 0.104733 0.986456 0.126232 -1.901706 -0.068991 0.133832 -0.988599 173.302002
-0.992351 0.093030 0.081145 -221.383209 0.103036 0.986225 0.129392 -1.814594 -0.067990 0.136763 -0.988268 172.357864
-0.992648 0.090734 0.080107 -221.289810 0.100609 0.986481 0.129356 -1.715141 -0.067288 0.136465 -0.988357 171.429077
-0.992797 0.090050 0.079022 -221.198227 0.099761 0.986607 0.129049 -1.611856 -0.066344 0.136004 -0.988485 170.499954
-0.992749 0.091427 0.078048 -221.111725 0.101154 0.986147 0.131451 -1.506061 -0.064949 0.138394 -0.988245 169.568375
-0.992858 0.090384 0.077867 -221.025909 0.100268 0.985879 0.134121 -1.402807 -0.064645 0.140973 -0.987900 168.638580
-0.993056 0.088587 0.077400 -220.939560 0.098211 0.986510 0.130962 -1.300863 -0.064755 0.137655 -0.988361 167.714600
-0.993261 0.086657 0.076965 -220.853348 0.095696 0.987807 0.122789 -1.201608 -0.065387 0.129328 -0.989444 166.796371
-0.993626 0.082856 0.076434 -220.764557 0.091439 0.988957 0.116629 -1.105694 -0.065928 0.122875 -0.990230 165.877884
-0.993964 0.078355 0.076793 -220.674377 0.086911 0.989526 0.115250 -1.011057 -0.066959 0.121230 -0.990363 164.957397
-0.994179 0.073858 0.078447 -220.583557 0.082837 0.989533 0.118160 -0.917265 -0.068899 0.123971 -0.989891 164.033585
-0.994219 0.071473 0.080130 -220.498947 0.080881 0.989342 0.121073 -0.821294 -0.070622 0.126855 -0.989404 163.106934
-0.994060 0.071046 0.082436 -220.422791 0.080901 0.989089 0.123115 -0.718790 -0.072790 0.129055 -0.988962 162.184906
-0.993829 0.071557 0.084759 -220.347610 0.081927 0.988645 0.125964 -0.615421 -0.074782 0.132132 -0.988407 161.269547
-0.993419 0.072411 0.088747 -220.271255 0.083298 0.988548 0.125833 -0.522409 -0.078619 0.132398 -0.988074 160.369415
-0.993046 0.072843 0.092487 -220.182907 0.083923 0.988952 0.122190 -0.431246 -0.082564 0.129103 -0.988188 159.484543
-0.992672 0.072519 0.096661 -220.096649 0.083707 0.989570 0.117228 -0.341802 -0.087152 0.124461 -0.988389 158.617172
-0.992154 0.074136 0.100668 -220.013870 0.085473 0.989862 0.113429 -0.252296 -0.091238 0.121144 -0.988433 157.754364
-0.991724 0.073563 0.105225 -219.932678 0.085510 0.989800 0.113949 -0.162332 -0.095769 0.122004 -0.987898 156.906616
-0.991502 0.072272 0.108164 -219.846573 0.084814 0.989593 0.116236 -0.074833 -0.098637 0.124423 -0.987315 156.061874
-0.991384 0.069478 0.111045 -219.755737 0.082800 0.989286 0.120236 0.008568 -0.101501 0.128395 -0.986515 155.231323
-0.991119 0.068546 0.113946 -219.671280 0.082423 0.989113 0.121905 0.092354 -0.104350 0.130215 -0.985979 154.421066
-0.990670 0.070340 0.116726 -219.589142 0.084416 0.989129 0.120400 0.175715 -0.106988 0.129131 -0.985839 153.623505
-0.990280 0.070162 0.120094 -219.508148 0.084587 0.989216 0.119563 0.254174 -0.110411 0.128559 -0.985537 152.869995
-0.990106 0.067989 0.122749 -219.425598 0.082835 0.989287 0.120194 0.327122 -0.113263 0.129175 -0.985132 152.144623
-0.989769 0.067982 0.125438 -219.346207 0.083235 0.989198 0.120656 0.398890 -0.115881 0.129864 -0.984737 151.430862
-0.989380 0.068769 0.128057 -219.267761 0.084301 0.989174 0.120112 0.471463 -0.118412 0.129632 -0.984466 150.726074
-0.989332 0.065242 0.130253 -219.183762 0.081045 0.989464 0.119963 0.542933 -0.121054 0.129241 -0.984196 150.026855
-0.989406 0.060112 0.132150 -219.097931 0.076167 0.989847 0.120004 0.613083 -0.123596 0.128799 -0.983938 149.333054
-0.989209 0.058149 0.134480 -219.010529 0.074533 0.989949 0.120190 0.679907 -0.126140 0.128917 -0.983600 148.644424
-0.989196 0.057158 0.134995 -218.924103 0.073281 0.990347 0.117650 0.753971 -0.126967 0.126273 -0.983837 148.020172
-0.989455 0.054979 0.133997 -218.834229 0.070824 0.990661 0.116510 0.832177 -0.126340 0.124773 -0.984108 147.420425
-0.990179 0.048962 0.130957 -218.744720 0.064597 0.990917 0.117941 0.906542 -0.123992 0.125243 -0.984348 146.842651
-0.990675 0.047958 0.127535 -218.680969 0.063451 0.990703 0.120339 0.962580 -0.120578 0.127309 -0.984507 146.289658
-0.991183 0.047463 0.123709 -218.622757 0.062746 0.990454 0.122724 1.017084 -0.116704 0.129406 -0.984700 145.751480
-0.991498 0.049536 0.120331 -218.569458 0.064368 0.990357 0.122675 1.071308 -0.113094 0.129378 -0.985125 145.229034
-0.991696 0.051979 0.117631 -218.517502 0.066319 0.990377 0.121467 1.124610 -0.110186 0.128260 -0.985600 144.718887
-0.992018 0.052220 0.114776 -218.463730 0.065875 0.990755 0.118591 1.174866 -0.107523 0.125206 -0.986286 144.214554
-0.992308 0.051488 0.112580 -218.408813 0.064550 0.991190 0.115642 1.222713 -0.105634 0.122020 -0.986890 143.711746
-0.992447 0.050584 0.111765 -218.350372 0.063349 0.991485 0.113769 1.276165 -0.105059 0.119991 -0.987200 143.204422
-0.992449 0.050588 0.111739 -218.295288 0.063372 0.991458 0.113990 1.327492 -0.105019 0.120210 -0.987178 142.702026
-0.992422 0.050154 0.112175 -218.239746 0.063075 0.991386 0.114774 1.378671 -0.105453 0.120980 -0.987038 142.207214
-0.992191 0.050726 0.113947 -218.187469 0.063682 0.991540 0.113098 1.427181 -0.107246 0.119473 -0.987028 141.744247
-0.991930 0.050555 0.116267 -218.134583 0.063598 0.991743 0.111356 1.472080 -0.109678 0.117852 -0.986956 141.290192
-0.991586 0.050108 0.119361 -218.079849 0.063162 0.992118 0.108218 1.514389 -0.112998 0.114847 -0.986936 140.839783
-0.991113 0.049859 0.123320 -218.024124 0.062826 0.992633 0.103593 1.555299 -0.117246 0.110422 -0.986945 140.392715
-0.990538 0.050768 0.127502 -217.968826 0.063597 0.993088 0.098647 1.596424 -0.121613 0.105823 -0.986920 139.948868
-0.989919 0.053075 0.131314 -217.914474 0.065901 0.993262 0.095333 1.640135 -0.125369 0.103026 -0.986746 139.504822
-0.989179 0.056301 0.135483 -217.860229 0.069475 0.993092 0.094557 1.687092 -0.129225 0.102947 -0.986257 139.058456
-0.988426 0.058706 0.139891 -217.802948 0.072484 0.992785 0.095518 1.734796 -0.133275 0.104552 -0.985549 138.606598
-0.987576 0.056803 0.146519 -217.753723 0.072150 0.992200 0.101650 1.764745 -0.139602 0.110959 -0.983971 138.152100
-0.986973 0.054963 0.151211 -217.704712 0.071699 0.991610 0.107548 1.792045 -0.144032 0.116989 -0.982633 137.692856
-0.986224 0.053691 0.156458 -217.654602 0.072073 0.990829 0.114288 1.821341 -0.148887 0.123991 -0.981050 137.229034
-0.985264 0.055070 0.161931 -217.605209 0.074778 0.990165 0.118240 1.853733 -0.153827 0.128607 -0.979693 136.762726
-0.984209 0.058097 0.167210 -217.552628 0.078525 0.989870 0.118278 1.887617 -0.158644 0.129541 -0.978800 136.295898
-0.983367 0.059636 0.171564 -217.490326 0.080364 0.989930 0.116525 1.925893 -0.162888 0.128375 -0.978257 135.819901
-0.982689 0.058325 0.175843 -217.417923 0.079405 0.990147 0.115332 1.966156 -0.167384 0.127299 -0.977638 135.333221
-0.982212 0.055556 0.179366 -217.339905 0.077157 0.990270 0.115799 2.008220 -0.171187 0.127580 -0.976943 134.835815
-0.981906 0.053135 0.181761 -217.229996 0.075353 0.990198 0.117598 2.066631 -0.173731 0.129167 -0.976286 134.298615
-0.981622 0.051843 0.183657 -217.129822 0.074566 0.990083 0.119058 2.120135 -0.175664 0.130565 -0.975753 133.754196
-0.981482 0.051029 0.184634 -217.029099 0.073926 0.990097 0.119335 2.174000 -0.176715 0.130774 -0.975536 133.200241
-0.981659 0.050105 0.183941 -216.927475 0.072743 0.990290 0.118465 2.228946 -0.176220 0.129673 -0.975772 132.636475
-0.982070 0.048324 0.182218 -216.819626 0.070321 0.990726 0.116261 2.294561 -0.174910 0.126991 -0.976360 132.046097
-0.982592 0.047503 0.179600 -216.704666 0.068896 0.990994 0.114817 2.365575 -0.172530 0.125193 -0.977016 131.437592
-0.983062 0.045711 0.177482 -216.595825 0.067016 0.990990 0.115963 2.440602 -0.170583 0.125893 -0.977268 130.813232
-0.983721 0.046410 0.173605 -216.489792 0.067626 0.990665 0.118361 2.510696 -0.166492 0.128175 -0.977677 130.176300
-0.985098 0.046021 0.165722 -216.300766 0.066332 0.990651 0.119198 2.578619 -0.158687 0.128416 -0.978942 129.488342
-0.986479 0.041918 0.158438 -216.139145 0.061138 0.991075 0.118452 2.666019 -0.152059 0.126537 -0.980237 128.806778
-0.987623 0.039374 0.151821 -216.048615 0.057362 0.991593 0.115984 2.734194 -0.145979 0.123258 -0.981579 128.136581
-0.989106 0.037479 0.142348 -215.920059 0.053947 0.992055 0.113643 2.810669 -0.136957 0.120084 -0.983271 127.411346
-0.990563 0.036367 0.132148 -215.787918 0.051452 0.992307 0.112597 2.884429 -0.127037 0.118334 -0.984814 126.683777
-0.992339 0.034276 0.118698 -215.739075 0.048054 0.992176 0.115229 2.947616 -0.113820 0.120051 -0.986221 125.940147
-0.993903 0.035908 0.104248 -215.622162 0.047809 0.992329 0.114002 3.061228 -0.099355 0.118292 -0.987996 125.119408
-0.995232 0.035887 0.090700 -215.555862 0.046092 0.992519 0.113047 3.160041 -0.085965 0.116689 -0.989441 124.321411
-0.996480 0.035793 0.075805 -215.528839 0.044207 0.992679 0.112393 3.249827 -0.071227 0.115349 -0.990768 123.530777
-0.997380 0.037793 0.061684 -215.512924 0.044566 0.992663 0.112394 3.343889 -0.056985 0.114849 -0.991747 122.728264
-0.997990 0.039903 0.049236 -215.502319 0.045322 0.992404 0.114362 3.441420 -0.044298 0.116364 -0.992218 121.909462
-0.998443 0.040238 0.038622 -215.497116 0.044538 0.992035 0.117818 3.537069 -0.033573 0.119356 -0.992283 121.078056
-0.998667 0.041558 0.030631 -215.493530 0.044927 0.991869 0.119064 3.632474 -0.025433 0.120282 -0.992414 120.233398
-0.998779 0.042815 0.024633 -215.471863 0.045464 0.991789 0.119526 3.728459 -0.019314 0.120500 -0.992525 119.347466
-0.998710 0.046348 0.020744 -215.426758 0.048510 0.991584 0.120029 3.809781 -0.015007 0.120881 -0.992554 118.435516
-0.998700 0.047080 0.019539 -215.425659 0.049130 0.991215 0.122788 3.912481 -0.013587 0.123590 -0.992240 117.532799
-0.998712 0.047587 0.017601 -215.426407 0.049433 0.990786 0.126087 4.016023 -0.011439 0.126796 -0.991862 116.619453
-0.998576 0.050526 0.017118 -215.418930 0.052268 0.990854 0.124393 4.120305 -0.010676 0.125111 -0.992085 115.691605
-0.998480 0.052395 0.017139 -215.407303 0.054084 0.991241 0.120474 4.229273 -0.010678 0.121218 -0.992569 114.752312
-0.998316 0.055422 0.017095 -215.399109 0.057022 0.991777 0.114561 4.336511 -0.010606 0.115344 -0.993269 113.808762
-0.998194 0.057240 0.018204 -215.391129 0.058929 0.991916 0.112375 4.442896 -0.011624 0.113246 -0.993499 112.852097
-0.998099 0.058498 0.019439 -215.382935 0.060371 0.991366 0.116397 4.550856 -0.012463 0.117350 -0.993012 111.879089
-0.997910 0.061138 0.020924 -215.377060 0.063214 0.990777 0.119848 4.659490 -0.013404 0.120920 -0.992572 110.896797
-0.997787 0.062433 0.022874 -215.363358 0.064767 0.990433 0.121848 4.769110 -0.015048 0.123061 -0.992285 109.897301
-0.997767 0.061740 0.025449 -215.342484 0.064436 0.990169 0.124146 4.872249 -0.017534 0.125509 -0.991937 108.891991
-0.997311 0.067589 0.028354 -215.325043 0.070651 0.989453 0.126450 4.977534 -0.019508 0.128115 -0.991567 107.889488
-0.996879 0.072603 0.031007 -215.307663 0.075980 0.988975 0.127100 5.083084 -0.021437 0.129061 -0.991405 106.889244
-0.996693 0.073714 0.034178 -215.284378 0.077435 0.989165 0.124725 5.184377 -0.024614 0.126960 -0.991602 105.892181
-0.996129 0.079291 0.037942 -215.264648 0.083323 0.989236 0.120284 5.284321 -0.027996 0.122981 -0.992014 104.896637
-0.995420 0.085400 0.042966 -215.243134 0.089912 0.989025 0.117239 5.383606 -0.032483 0.120565 -0.992173 103.899590
-0.994807 0.089365 0.048703 -215.214371 0.094538 0.988623 0.116991 5.484638 -0.037695 0.120989 -0.991938 102.902336
-0.994519 0.088282 0.056021 -215.156586 0.094413 0.988467 0.118393 5.588203 -0.044923 0.123034 -0.991385 101.912994
-0.994230 0.086815 0.063011 -215.083313 0.093921 0.988283 0.120310 5.698093 -0.051828 0.125535 -0.990735 100.924225
-0.993956 0.085024 0.069443 -215.012756 0.092942 0.988399 0.120118 5.801312 -0.058425 0.125846 -0.990328 99.933372
-0.993851 0.081158 0.075327 -214.933411 0.089543 0.989253 0.115582 5.899658 -0.065137 0.121617 -0.990438 98.954948
-0.993452 0.080346 0.081221 -214.853836 0.089409 0.989342 0.114919 5.997399 -0.071122 0.121430 -0.990048 97.977386
-0.993228 0.076611 0.087348 -214.771927 0.086805 0.989017 0.119618 6.088307 -0.077225 0.126391 -0.988970 97.003754
-0.992878 0.075791 0.091918 -214.686310 0.087106 0.988187 0.126088 6.183461 -0.081276 0.133197 -0.987751 96.030121
-0.992734 0.072135 0.096312 -214.595108 0.084188 0.988247 0.127584 6.284435 -0.085977 0.134766 -0.987141 95.065948
-0.992689 0.069409 0.098752 -214.497711 0.081662 0.988663 0.126005 6.388801 -0.088887 0.133149 -0.987102 94.119179
-0.992745 0.066882 0.099917 -214.395111 0.079190 0.989018 0.124788 6.472951 -0.090475 0.131796 -0.987140 93.188316
-0.992754 0.065397 0.100808 -214.292358 0.077754 0.989235 0.123967 6.544758 -0.091616 0.130908 -0.987153 92.268288
-0.992336 0.068421 0.102895 -214.208786 0.080954 0.989096 0.123023 6.629795 -0.093356 0.130410 -0.987055 91.375053
-0.991954 0.072294 0.103932 -214.134354 0.084777 0.989001 0.121201 6.721860 -0.094028 0.129037 -0.987172 90.499176
-0.991594 0.075895 0.104791 -214.047974 0.088548 0.988584 0.121903 6.815328 -0.094343 0.130158 -0.986994 89.646713
-0.991149 0.079836 0.106059 -213.959000 0.092739 0.988077 0.122891 6.907642 -0.094984 0.131640 -0.986736 88.812790
-0.991033 0.079404 0.107468 -213.868179 0.092653 0.987884 0.124502 6.993984 -0.096279 0.133342 -0.986382 87.996063
-0.991149 0.077214 0.107988 -213.776779 0.090527 0.988098 0.124369 7.076187 -0.097100 0.133045 -0.986342 87.201256
-0.991355 0.075308 0.107441 -213.688507 0.088434 0.988439 0.123150 7.154537 -0.096924 0.131588 -0.986554 86.429283
-0.991689 0.072789 0.106086 -213.604004 0.085748 0.988667 0.123221 7.229620 -0.095915 0.131293 -0.986692 85.679184
-0.992180 0.068701 0.104208 -213.518021 0.081445 0.989004 0.123432 7.303974 -0.094583 0.130954 -0.986866 84.951775
-0.992592 0.065250 0.102489 -213.437256 0.077782 0.989295 0.123465 7.375043 -0.093336 0.130523 -0.987042 84.241219
-0.992874 0.062611 0.101389 -213.361450 0.075136 0.989327 0.124841 7.444487 -0.092490 0.131570 -0.986983 83.555710
-0.993022 0.061720 0.100486 -213.291077 0.074214 0.989280 0.125769 7.512414 -0.091646 0.132349 -0.986958 82.895874
-0.993184 0.060554 0.099592 -213.223038 0.073096 0.989136 0.127542 7.578018 -0.090787 0.133953 -0.986820 82.258530
-0.993368 0.058976 0.098701 -213.157776 0.071694 0.988824 0.130710 7.641834 -0.089890 0.136921 -0.986495 81.643669
-0.993770 0.054523 0.097199 -213.101456 0.067091 0.989093 0.131121 7.703262 -0.088990 0.136826 -0.986589 81.142067
-0.994137 0.050235 0.095750 -213.049728 0.062687 0.989288 0.131826 7.762288 -0.088103 0.137056 -0.986637 80.675873
-0.994405 0.046331 0.094926 -213.000717 0.058661 0.989575 0.131527 7.817475 -0.087842 0.136360 -0.986757 80.228996
-0.994382 0.048411 0.094136 -212.960175 0.060369 0.989853 0.128630 7.869733 -0.086954 0.133591 -0.987215 79.797653
-0.994098 0.053225 0.094530 -212.924438 0.064854 0.990091 0.124546 7.919610 -0.086965 0.129943 -0.987701 79.373817
-0.993794 0.057571 0.095184 -212.888275 0.068834 0.990430 0.119622 7.966879 -0.087387 0.125431 -0.988246 78.956360
-0.993832 0.055417 0.096063 -212.840256 0.066431 0.991079 0.115534 8.017339 -0.088804 0.121204 -0.988647 78.538094
-0.993959 0.049980 0.097706 -212.787888 0.061040 0.991637 0.113698 8.062231 -0.091206 0.118976 -0.988699 78.121040
-0.993835 0.048679 0.099612 -212.740967 0.059948 0.991731 0.113465 8.107556 -0.093266 0.118738 -0.988536 77.710419
-0.993331 0.053457 0.102151 -212.703506 0.065184 0.991207 0.115141 8.160142 -0.095099 0.121033 -0.988082 77.291702
-0.992723 0.060200 0.104296 -212.666855 0.072264 0.990611 0.116049 8.212130 -0.096331 0.122742 -0.987752 76.875542
-0.992318 0.064159 0.105777 -212.626968 0.076334 0.990383 0.115388 8.260341 -0.097356 0.122576 -0.987672 76.462936
-0.992093 0.063545 0.108224 -212.590790 0.075911 0.990546 0.114265 8.294009 -0.099940 0.121577 -0.987538 76.067268
-0.991850 0.062847 0.110834 -212.544281 0.075489 0.990629 0.113816 8.341926 -0.102643 0.121256 -0.987300 75.671097
-0.990893 0.066796 0.116920 -212.511307 0.080368 0.990051 0.115493 8.388496 -0.108043 0.123839 -0.986403 75.278992
-0.989806 0.071118 0.123393 -212.474319 0.085567 0.989550 0.116053 8.438207 -0.113850 0.125429 -0.985548 74.881828
-0.988951 0.073110 0.128959 -212.432129 0.088290 0.989292 0.116214 8.486175 -0.119082 0.126317 -0.984816 74.482864
-0.988474 0.068826 0.134844 -212.357941 0.084711 0.989648 0.115848 8.520280 -0.125476 0.125936 -0.984071 74.064865
-0.987701 0.066797 0.141368 -212.284698 0.083486 0.989778 0.115622 8.553883 -0.132200 0.126003 -0.983182 73.643913
-0.986549 0.069264 0.148067 -212.214874 0.086831 0.989485 0.115671 8.590380 -0.138498 0.126972 -0.982189 73.218437
-0.985287 0.073602 0.154243 -212.144928 0.091899 0.989098 0.115058 8.630999 -0.144093 0.127541 -0.981311 72.790741
-0.984412 0.073596 0.159743 -212.071960 0.091996 0.989550 0.111022 8.681192 -0.149904 0.123988 -0.980895 72.359695
-0.983684 0.072380 0.164704 -211.994400 0.090722 0.990143 0.106701 8.731569 -0.155357 0.119903 -0.980555 71.925346
-0.983105 0.068613 0.169696 -211.912521 0.087011 0.990819 0.103463 8.779696 -0.161041 0.116482 -0.980050 71.485710
-0.982287 0.065364 0.175613 -211.829330 0.084512 0.990995 0.103861 8.829082 -0.167243 0.116863 -0.978965 71.036293
-0.981142 0.065663 0.181795 -211.747375 0.085836 0.990716 0.105416 8.881869 -0.173185 0.119033 -0.977670 70.579170
-0.979875 0.068654 0.187431 -211.665390 0.089464 0.990449 0.104914 8.935077 -0.178438 0.119571 -0.976658 70.116753
-0.978759 0.071159 0.192269 -211.578445 0.092510 0.990218 0.104451 8.986227 -0.182957 0.120020 -0.975767 69.646530
-0.977987 0.071682 0.195964 -211.483154 0.093512 0.990118 0.104505 9.037121 -0.186537 0.120530 -0.975026 69.161011
-0.977939 0.067793 0.197585 -211.362961 0.089245 0.990797 0.101766 9.080521 -0.188868 0.117155 -0.974989 68.635323
-0.977921 0.064833 0.198665 -211.232071 0.085573 0.991535 0.097645 9.121147 -0.190653 0.112490 -0.975191 68.088097
-0.978053 0.061648 0.199027 -211.100067 0.081523 0.992299 0.093250 9.162971 -0.191745 0.107430 -0.975547 67.528816
-0.978241 0.060838 0.198355 -210.971207 0.080147 0.992638 0.090805 9.208725 -0.191370 0.104728 -0.975914 66.957115
-0.978743 0.057769 0.196785 -210.851639 0.077344 0.992630 0.093281 9.269485 -0.189947 0.106519 -0.975999 66.358772
-0.979464 0.052914 0.194552 -210.726959 0.073463 0.992274 0.099971 9.325356 -0.187760 0.112210 -0.975784 65.745239
-0.980258 0.047807 0.191858 -210.598587 0.069555 0.991685 0.108273 9.375385 -0.185087 0.119481 -0.975432 65.121475
-0.981359 0.041967 0.187549 -210.463867 0.064332 0.991303 0.114803 9.426668 -0.181100 0.124729 -0.975523 64.485161
-0.982579 0.036725 0.182181 -210.327698 0.058150 0.991812 0.113690 9.492273 -0.176514 0.122304 -0.976670 63.842632
-0.983775 0.032121 0.176505 -210.193527 0.052478 0.992332 0.111906 9.567667 -0.171557 0.119353 -0.977917 63.191486
-0.985319 0.031458 0.167803 -210.075729 0.050059 0.992911 0.107797 9.627237 -0.163223 0.114615 -0.979909 62.511627
-0.986992 0.032806 0.157388 -209.968323 0.049415 0.993472 0.102805 9.680487 -0.152987 0.109245 -0.982171 61.815285
-0.989003 0.033447 0.144062 -209.859833 0.048232 0.993778 0.100391 9.744564 -0.139809 0.106236 -0.984463 61.093369
-0.990933 0.034114 0.129953 -209.761658 0.047142 0.994016 0.098535 9.818939 -0.125815 0.103769 -0.986612 60.373993
-0.992900 0.034917 0.113713 -209.670380 0.046198 0.994100 0.098129 9.887684 -0.109616 0.102687 -0.988655 59.638851
-0.994679 0.036232 0.096442 -209.591034 0.045909 0.993919 0.100088 9.955975 -0.092230 0.103984 -0.990294 58.897556
-0.996303 0.036900 0.077582 -209.523407 0.044904 0.993553 0.104090 10.027048 -0.073242 0.107188 -0.991537 58.149933
-0.997715 0.035922 0.057224 -209.479614 0.042085 0.992994 0.110405 10.098173 -0.052857 0.112562 -0.992238 57.391598
-0.998690 0.035623 0.036730 -209.453659 0.039633 0.992581 0.114946 10.165640 -0.032363 0.116252 -0.992692 56.632004
-0.999124 0.038503 0.016394 -209.432999 0.040113 0.992787 0.112985 10.231598 -0.011925 0.113544 -0.993462 55.856441
-0.999138 0.041499 -0.000335 -209.446304 0.041238 0.993712 0.104091 10.315514 0.004653 0.103988 -0.994568 55.074249
-0.998815 0.046608 -0.014026 -209.462463 0.045018 0.994184 0.097825 10.401125 0.018504 0.097078 -0.995105 54.282715
-0.998334 0.051814 -0.025401 -209.483017 0.049219 0.994364 0.093899 10.484820 0.030123 0.092493 -0.995257 53.484386
-0.997778 0.058583 -0.031722 -209.504654 0.055330 0.993921 0.095178 10.569372 0.037105 0.093211 -0.994954 52.677864
-0.997338 0.064727 -0.033578 -209.522736 0.061175 0.993327 0.097775 10.656410 0.039682 0.095460 -0.994642 51.865547
-0.996951 0.070679 -0.033066 -209.534958 0.067086 0.992780 0.099428 10.740835 0.039855 0.096907 -0.994495 51.051586
-0.996948 0.072504 -0.028973 -209.560059 0.069116 0.992118 0.104521 10.809052 0.036322 0.102201 -0.994101 50.215179
-0.996955 0.074168 -0.024080 -209.590576 0.071075 0.991313 0.110661 10.865533 0.032078 0.108614 -0.993566 49.362991
-0.996879 0.077058 -0.017172 -209.612396 0.074624 0.990714 0.113649 10.925605 0.025771 0.112014 -0.993372 48.505917
-0.996749 0.080054 -0.009072 -209.629105 0.078540 0.990596 0.112028 10.982986 0.017955 0.110951 -0.993664 47.646385
-0.996555 0.082925 0.000885 -209.639801 0.082552 0.990933 0.105997 11.079578 0.007913 0.105706 -0.994366 46.778412
-0.996526 0.082743 0.009522 -209.634750 0.083283 0.991337 0.101560 11.165680 -0.001037 0.102000 -0.994783 45.895821
-0.996562 0.080833 0.018207 -209.612747 0.082242 0.991727 0.098553 11.250900 -0.010089 0.099711 -0.994965 45.002789
-0.996441 0.079832 0.027055 -209.582245 0.082126 0.991761 0.098306 11.336554 -0.018984 0.100179 -0.994789 44.099724
-0.996059 0.081287 0.035491 -209.553009 0.084465 0.991415 0.099802 11.418514 -0.027074 0.102407 -0.994374 43.185791
-0.995839 0.080196 0.043289 -209.516556 0.084259 0.991202 0.102073 11.500191 -0.034722 0.105296 -0.993835 42.268711
-0.995742 0.077065 0.050588 -209.474258 0.081939 0.991336 0.102658 11.582317 -0.042239 0.106367 -0.993429 41.349373
-0.995453 0.075554 0.057997 -209.430832 0.081181 0.991495 0.101718 11.663813 -0.049818 0.105964 -0.993121 40.430073
-0.995090 0.074979 0.064613 -209.385773 0.081346 0.991422 0.102298 11.744775 -0.056389 0.107053 -0.992653 39.508072
-0.994740 0.074793 0.069990 -209.338562 0.081858 0.991179 0.104220 11.827429 -0.061578 0.109402 -0.992088 38.585495
-0.994506 0.074142 0.073899 -209.281570 0.081791 0.990940 0.106523 11.911899 -0.065332 0.111983 -0.991560 37.659252
-0.994240 0.074552 0.077005 -209.219635 0.082644 0.990723 0.107881 11.994133 -0.068248 0.113625 -0.991177 36.732895
-0.994098 0.073606 0.079704 -209.152786 0.081790 0.991122 0.104816 12.075761 -0.071281 0.110716 -0.991292 35.811497
-0.993975 0.073077 0.081691 -209.083008 0.081267 0.991471 0.101883 12.160038 -0.073549 0.107908 -0.991436 34.887745
-0.993972 0.072377 0.082354 -209.000885 0.080998 0.990989 0.106672 12.236682 -0.073892 0.112701 -0.990878 33.959377
-0.994037 0.071349 0.082463 -208.917450 0.080236 0.990684 0.110026 12.312133 -0.073844 0.115987 -0.990502 33.032173
-0.993871 0.074266 0.081890 -208.839371 0.083143 0.990343 0.110932 12.387177 -0.072861 0.117061 -0.990448 32.109734
-0.993588 0.078128 0.081724 -208.760849 0.086897 0.990135 0.109908 12.463047 -0.072332 0.116305 -0.990576 31.187574
-0.993199 0.080138 0.084457 -208.714127 0.088800 0.990565 0.104368 12.564322 -0.075297 0.111159 -0.990946 30.299822
-0.992876 0.083230 0.085270 -208.647995 0.092053 0.990162 0.105380 12.651955 -0.075660 0.112479 -0.990770 29.394028
-0.992611 0.081986 0.089452 -208.598358 0.091738 0.989578 0.110996 12.739876 -0.079420 0.118382 -0.989787 28.506556
-0.992901 0.078862 0.089041 -208.549423 0.089214 0.988876 0.119004 12.830438 -0.078666 0.126105 -0.988893 27.618774
-0.993411 0.073981 0.087532 -208.499725 0.084760 0.988322 0.126623 12.923651 -0.077142 0.133209 -0.988081 26.734806
-0.993997 0.069590 0.084423 -208.453354 0.080355 0.988033 0.131655 13.012396 -0.074251 0.137649 -0.987694 25.853092
-0.994365 0.068918 0.080552 -208.413315 0.079042 0.988342 0.130119 13.104283 -0.070646 0.135754 -0.988220 24.980883
-0.994386 0.073716 0.075907 -208.345428 0.082644 0.989069 0.122111 13.189459 -0.066076 0.127700 -0.989610 24.098999
-0.994357 0.075975 0.074045 -208.264404 0.084222 0.989731 0.115492 13.273254 -0.064510 0.121078 -0.990544 23.222712
-0.994230 0.078193 0.073437 -208.208221 0.086237 0.989772 0.113640 13.356133 -0.063801 0.119319 -0.990803 22.362858
-0.993933 0.081533 0.073825 -208.133041 0.089646 0.989402 0.114224 13.435776 -0.063730 0.120150 -0.990708 21.503281
-0.993870 0.082103 0.074028 -208.073868 0.090204 0.989410 0.113709 13.513824 -0.063908 0.119690 -0.990752 20.664663
-0.993721 0.083802 0.074135 -208.015793 0.091836 0.989390 0.112578 13.591247 -0.063914 0.118680 -0.990873 19.840063
-0.993335 0.087158 0.075429 -207.961197 0.095524 0.988698 0.115545 13.660151 -0.064507 0.121981 -0.990434 19.041647
-0.993135 0.088279 0.076739 -207.905655 0.097094 0.988019 0.119957 13.722686 -0.065230 0.126585 -0.989809 18.262478
-0.993180 0.086566 0.078109 -207.846924 0.095800 0.987713 0.123474 13.784722 -0.066462 0.130115 -0.989268 17.495398
-0.992878 0.088053 0.080243 -207.795227 0.097478 0.987694 0.122301 13.848621 -0.068487 0.129253 -0.989243 16.776115
-0.992696 0.089127 0.081311 -207.744812 0.098476 0.987958 0.119327 13.911549 -0.069697 0.126464 -0.989520 16.067591
-0.992589 0.090078 0.081563 -207.694016 0.099100 0.988488 0.114320 13.972481 -0.070326 0.121556 -0.990090 15.380753
-0.992612 0.089237 0.082210 -207.641983 0.098069 0.989021 0.110537 14.031410 -0.071444 0.117784 -0.990466 14.706749
-0.992511 0.088691 0.083997 -207.590118 0.097695 0.989122 0.109965 14.088724 -0.073330 0.117348 -0.990379 14.042856
-0.992294 0.088324 0.086896 -207.537506 0.097851 0.988845 0.112294 14.146348 -0.076008 0.119932 -0.989868 13.384911
-0.991863 0.088747 0.091277 -207.483871 0.099035 0.988397 0.115157 14.203171 -0.079999 0.123260 -0.989145 12.756014
-0.991404 0.088366 0.096489 -207.428436 0.099436 0.988177 0.116697 14.257517 -0.085036 0.125289 -0.988469 12.153904
-0.991002 0.086010 0.102557 -207.376724 0.097831 0.988368 0.116429 14.308632 -0.091350 0.125415 -0.987890 11.636204
-0.990605 0.083723 0.108133 -207.326721 0.096298 0.988469 0.116849 14.359485 -0.097104 0.126166 -0.987245 11.147942
-0.990001 0.082945 0.114098 -207.272049 0.096249 0.988514 0.116514 14.405112 -0.103123 0.126331 -0.986613 10.687313
-0.989283 0.082889 0.120207 -207.216110 0.096817 0.988626 0.115081 14.450555 -0.109302 0.125486 -0.986056 10.248438
-0.988473 0.082640 0.126855 -207.158569 0.097149 0.988856 0.112802 14.493833 -0.116120 0.123826 -0.985486 9.820181
-0.987657 0.080985 0.134065 -207.098465 0.096273 0.989060 0.111770 14.535211 -0.123547 0.123298 -0.984649 9.401285
-0.986719 0.078649 0.142130 -207.036697 0.094923 0.989209 0.111598 14.576171 -0.131819 0.123608 -0.983537 8.991367
-0.985486 0.077450 0.151063 -206.974594 0.094667 0.989376 0.110321 14.616203 -0.140914 0.123021 -0.982349 8.589127
-0.983979 0.077382 0.160618 -206.911926 0.095464 0.989545 0.108097 14.655542 -0.150574 0.121698 -0.981079 8.192591
-0.982114 0.075982 0.172275 -206.849594 0.095012 0.989918 0.105044 14.686441 -0.162558 0.119535 -0.979432 7.858789
-0.980282 0.074270 0.183115 -206.785950 0.094110 0.990308 0.102142 14.716345 -0.173755 0.117361 -0.977771 7.531611
-0.978203 0.072661 0.194524 -206.720856 0.093175 0.990768 0.098469 14.744246 -0.185574 0.114449 -0.975942 7.210929
-0.975787 0.071260 0.206788 -206.654312 0.092414 0.991226 0.094499 14.771463 -0.198240 0.111322 -0.973811 6.896479
-0.972980 0.070112 0.219987 -206.585632 0.092076 0.991564 0.091219 14.799417 -0.211736 0.109010 -0.971228 6.587379
-0.969744 0.068782 0.234233 -206.514465 0.091924 0.991749 0.089347 14.828287 -0.226155 0.108176 -0.968066 6.282753
-0.965927 0.067499 0.249860 -206.440918 0.092122 0.991834 0.088190 14.857769 -0.241867 0.108204 -0.964257 5.982618
-0.961215 0.067259 0.267475 -206.361145 0.093617 0.991797 0.087030 14.885283 -0.259428 0.108695 -0.959626 5.688418
-0.955433 0.067366 0.287419 -206.275085 0.095855 0.991654 0.086214 14.910948 -0.279213 0.109923 -0.953917 5.402449
-0.948522 0.066249 0.309706 -206.181015 0.097319 0.991534 0.085952 14.934302 -0.301390 0.111669 -0.946939 5.123143
-0.940472 0.062614 0.334054 -206.077118 0.096758 0.991537 0.086555 14.955551 -0.325808 0.113725 -0.938570 4.851420
-0.931402 0.057532 0.359418 -205.965393 0.094917 0.991655 0.087235 14.974858 -0.351399 0.115367 -0.929090 4.587439
-0.921488 0.052477 0.384845 -205.848969 0.093253 0.991740 0.088057 14.992938 -0.377047 0.117032 -0.918771 4.329601
-0.910704 0.049246 0.410112 -205.734085 0.093571 0.991652 0.088707 15.013291 -0.402321 0.119162 -0.907710 4.071191
-0.898825 0.046833 0.435800 -205.616531 0.094480 0.991603 0.088300 15.034111 -0.428006 0.120541 -0.895702 3.817335
-0.885802 0.045000 0.461876 -205.491882 0.095504 0.991659 0.086545 15.051852 -0.454129 0.120774 -0.882712 3.574843
-0.871519 0.044636 0.488325 -205.362183 0.097598 0.991714 0.083535 15.068961 -0.480550 0.120463 -0.868654 3.338850
-0.855930 0.044780 0.515148 -205.225525 0.099744 0.991830 0.079511 15.085922 -0.507381 0.119439 -0.853404 3.105951
-0.839188 0.044560 0.542014 -205.057968 0.100727 0.992129 0.074389 15.099169 -0.534433 0.117022 -0.837071 2.912591
-0.820819 0.043189 0.569553 -204.873138 0.100394 0.992523 0.069421 15.110822 -0.562297 0.114162 -0.819017 2.721264
-0.800799 0.043134 0.597379 -204.633118 0.101290 0.992790 0.064096 15.108317 -0.590307 0.111837 -0.799393 2.566196
-0.778933 0.043525 0.625595 -204.426285 0.102614 0.992988 0.058679 15.119195 -0.618655 0.109902 -0.777938 2.356138
-0.755056 0.046132 0.654036 -204.210709 0.106298 0.992938 0.052679 15.130006 -0.646987 0.109299 -0.754627 2.139845
-0.729622 0.048124 0.682155 -203.984543 0.109313 0.992901 0.046873 15.140055 -0.675058 0.108769 -0.729703 1.924060
-0.702570 0.050353 0.709831 -203.749710 0.113481 0.992655 0.041905 15.151478 -0.702507 0.109995 -0.703125 1.708151
-0.673512 0.051615 0.737373 -203.503860 0.116328 0.992530 0.036777 15.163074 -0.729966 0.110548 -0.674484 1.494297
-0.642579 0.053256 0.764366 -203.247589 0.119183 0.992386 0.031049 15.174185 -0.756893 0.111051 -0.644033 1.283615
-0.610656 0.052280 0.790168 -202.978500 0.118487 0.992618 0.025893 15.183422 -0.782982 0.109437 -0.612342 1.078319
-0.577517 0.050285 0.814829 -202.699326 0.117504 0.992828 0.022012 15.190615 -0.807878 0.108458 -0.579284 0.875525
-0.542896 0.047657 0.838447 -202.410309 0.117787 0.992840 0.019835 15.197021 -0.831498 0.109527 -0.544622 0.674327
-0.507674 0.046782 0.860278 -202.111832 0.120107 0.992616 0.016899 15.204313 -0.853136 0.111905 -0.509545 0.475399
-0.472158 0.046479 0.880288 -201.802490 0.122349 0.992399 0.013225 15.209684 -0.872982 0.113947 -0.474255 0.279996
-0.436923 0.044961 0.898375 -201.466385 0.123666 0.992268 0.010484 15.214181 -0.890957 0.115681 -0.439104 0.090911
-0.402983 0.043186 0.914187 -201.118378 0.125178 0.992099 0.008312 15.219679 -0.906606 0.117786 -0.405206 -0.094158
-0.371403 0.042297 0.927508 -200.754227 0.127208 0.991859 0.005706 15.223651 -0.919716 0.120107 -0.373760 -0.277656
-0.343618 0.041953 0.938172 -200.370178 0.128760 0.991671 0.002813 15.225695 -0.930241 0.121766 -0.346158 -0.458089
-0.319917 0.041423 0.946540 -199.968124 0.129033 0.991640 0.000215 15.225563 -0.938619 0.122203 -0.322586 -0.635925
-0.299901 0.041200 0.953080 -199.549271 0.129910 0.991523 -0.001984 15.225211 -0.945083 0.123221 -0.302711 -0.813136
-0.282329 0.041849 0.958404 -199.114258 0.132822 0.991131 -0.004150 15.225600 -0.950078 0.126126 -0.285383 -0.991820
-0.265364 0.043347 0.963174 -198.662964 0.139023 0.990269 -0.006264 15.227139 -0.954072 0.132242 -0.268807 -1.172233
-0.246647 0.043890 0.968111 -198.194229 0.146083 0.989242 -0.007629 15.227616 -0.958032 0.139544 -0.250405 -1.348827
-0.225851 0.041546 0.973276 -197.670624 0.151470 0.988436 -0.007044 15.222178 -0.962314 0.145833 -0.229532 -1.511398
-0.202616 0.038077 0.978517 -197.126724 0.156604 0.987642 -0.006005 15.213808 -0.966655 0.152024 -0.206075 -1.659963
-0.176580 0.033927 0.983702 -196.570435 0.160942 0.986950 -0.005149 15.204041 -0.971039 0.157411 -0.179735 -1.791352
-0.149004 0.029452 0.988398 -196.041702 0.164487 0.986368 -0.004595 15.196020 -0.975060 0.161894 -0.151816 -1.909269
-0.120983 0.025836 0.992318 -195.480637 0.166151 0.986084 -0.005416 15.182961 -0.978651 0.164221 -0.123593 -2.003175
-0.092991 0.022816 0.995405 -194.957718 0.166853 0.985956 -0.007012 15.169746 -0.981587 0.165435 -0.095492 -2.083010
-0.065823 0.021050 0.997609 -194.408569 0.166114 0.986056 -0.009846 15.150819 -0.983908 0.165070 -0.068402 -2.140087
-0.039274 0.021628 0.998995 -193.897659 0.164376 0.986285 -0.014892 15.132761 -0.985615 0.163626 -0.042290 -2.186327
-0.013503 0.023556 0.999632 -193.353241 0.161411 0.986662 -0.021070 15.109561 -0.986794 0.161068 -0.017124 -2.211125
0.010102 0.026019 0.999611 -192.837723 0.158808 0.986931 -0.027294 15.086912 -0.987258 0.159023 0.005837 -2.231908
0.030407 0.028464 0.999132 -192.320435 0.155923 0.987222 -0.032870 15.062452 -0.987301 0.156788 0.025582 -2.245410
0.046459 0.030116 0.998466 -191.801086 0.151927 0.987704 -0.036861 15.036434 -0.987300 0.153407 0.041313 -2.252154
0.058734 0.030761 0.997800 -191.280991 0.147291 0.988318 -0.039140 15.010383 -0.987348 0.149266 0.053517 -2.253962
0.068405 0.030926 0.997178 -190.759659 0.143460 0.988826 -0.040509 14.984119 -0.987290 0.145827 0.063205 -2.253190
0.077150 0.029839 0.996573 -190.237869 0.142418 0.988971 -0.040638 14.957658 -0.986795 0.145066 0.072050 -2.252151
0.086024 0.027867 0.995904 -189.715225 0.141695 0.989105 -0.039916 14.930267 -0.986165 0.144549 0.081139 -2.247620
0.094761 0.026211 0.995155 -189.192596 0.141490 0.989149 -0.039526 14.903116 -0.985393 0.144551 0.090025 -2.238599
0.102849 0.026874 0.994334 -188.629272 0.141127 0.989128 -0.041331 14.862935 -0.984635 0.144579 0.097938 -2.173542
0.111149 0.027731 0.993417 -188.013290 0.139776 0.989238 -0.043253 14.816545 -0.983925 0.143664 0.106077 -2.081334
0.117759 0.029648 0.992600 -187.418732 0.138329 0.989319 -0.045962 14.772028 -0.983360 0.142718 0.112402 -1.997398
0.122324 0.031741 0.991982 -186.814667 0.136925 0.989390 -0.048543 14.727127 -0.982999 0.141765 0.116681 -1.912787
0.126015 0.033531 0.991462 -186.199265 0.136293 0.989366 -0.050784 14.682363 -0.982621 0.141530 0.120105 -1.829043
0.129617 0.034163 0.990975 -185.569901 0.136848 0.989225 -0.052003 14.638588 -0.982075 0.142354 0.123545 -1.746864
0.132846 0.033799 0.990560 -184.940140 0.137795 0.989082 -0.052229 14.593350 -0.981511 0.143434 0.126738 -1.660715
0.136059 0.032686 0.990161 -184.302414 0.137600 0.989144 -0.051560 14.547224 -0.981098 0.143263 0.130085 -1.570773
0.139403 0.031825 0.989724 -183.658981 0.136282 0.989356 -0.051008 14.500006 -0.980813 0.141994 0.133582 -1.477667
0.142912 0.031318 0.989240 -183.008881 0.135966 0.989401 -0.050966 14.453339 -0.980351 0.141788 0.137139 -1.383544
0.146517 0.031263 0.988714 -182.352325 0.135315 0.989471 -0.051338 14.406166 -0.979909 0.141311 0.140744 -1.286819
0.150166 0.031808 0.988149 -181.689682 0.133959 0.989610 -0.052213 14.357410 -0.979543 0.140213 0.144345 -1.187049
0.153541 0.032634 0.987603 -181.020370 0.133232 0.989644 -0.053416 14.307936 -0.979119 0.139783 0.147604 -1.086010
0.156502 0.034510 0.987075 -180.338669 0.131794 0.989722 -0.055500 14.257544 -0.978845 0.138777 0.150346 -0.983077
0.158057 0.038425 0.986682 -179.652359 0.128763 0.989908 -0.059177 14.203568 -0.978998 0.136403 0.151514 -0.875617
0.158169 0.042582 0.986494 -178.951157 0.126263 0.989995 -0.062978 14.148437 -0.979306 0.134520 0.151210 -0.767772
0.158029 0.044326 0.986440 -178.232971 0.125388 0.990003 -0.064574 14.094336 -0.979441 0.133893 0.150891 -0.659880
0.157678 0.043120 0.986549 -177.500580 0.126195 0.989974 -0.063439 14.039966 -0.979394 0.134501 0.150655 -0.551760
0.157463 0.039957 0.986717 -176.754654 0.125451 0.990276 -0.060121 13.982586 -0.979524 0.133252 0.150919 -0.439701
0.158530 0.039695 0.986556 -175.999420 0.125911 0.990221 -0.060075 13.924981 -0.979292 0.133742 0.151982 -0.326570
0.160876 0.041648 0.986095 -175.235367 0.126326 0.990022 -0.062425 13.867012 -0.978857 0.134613 0.154010 -0.210204
0.164419 0.040232 0.985570 -174.387512 0.127110 0.989972 -0.061617 13.805305 -0.978166 0.135407 0.157656 -0.073129
0.168604 0.036637 0.985002 -173.518097 0.128773 0.989925 -0.058863 13.750007 -0.977236 0.136767 0.162188 0.075979
0.173044 0.033304 0.984351 -172.608032 0.129161 0.990029 -0.056202 13.691710 -0.976409 0.136866 0.167017 0.235250
0.178148 0.031541 0.983498 -171.712646 0.130801 0.989857 -0.055439 13.634045 -0.975271 0.138520 0.172216 0.394155
0.183857 0.032611 0.982412 -170.808258 0.131975 0.989580 -0.057548 13.576821 -0.974053 0.140236 0.177637 0.557338
0.189160 0.035948 0.981288 -169.897812 0.132168 0.989303 -0.061719 13.516315 -0.973011 0.141369 0.182386 0.725924
0.193345 0.039299 0.980344 -168.974838 0.130592 0.989275 -0.065413 13.450108 -0.972401 0.140673 0.186140 0.901781
0.195863 0.043360 0.979672 -168.040833 0.126401 0.989572 -0.069069 13.381308 -0.972451 0.137360 0.188340 1.084852
0.196581 0.044576 0.979474 -167.092880 0.120247 0.990328 -0.069203 13.309342 -0.973086 0.131385 0.189320 1.274660
0.196487 0.044022 0.979518 -166.132080 0.115086 0.991050 -0.067626 13.235743 -0.973729 0.126017 0.189663 1.465792
0.195728 0.044722 0.979638 -165.162933 0.110042 0.991648 -0.067257 13.159922 -0.974465 0.120966 0.189173 1.657688
0.194577 0.046509 0.979784 -164.182846 0.106878 0.991922 -0.068311 13.083316 -0.975047 0.118010 0.188034 1.849182
0.193296 0.047582 0.979986 -163.194183 0.103405 0.992272 -0.068574 13.006400 -0.975677 0.114591 0.186882 2.041524
0.190860 0.044687 0.980600 -162.193359 0.099622 0.992923 -0.064639 12.930046 -0.976549 0.110028 0.185058 2.235220
0.187353 0.039479 0.981499 -161.183563 0.095805 0.993693 -0.058258 12.853671 -0.977609 0.104948 0.182390 2.427627
0.182556 0.037590 0.982476 -160.169327 0.093836 0.994041 -0.055469 12.779418 -0.978707 0.102318 0.177940 2.614787
0.176337 0.039818 0.983524 -159.154434 0.092466 0.994093 -0.056824 12.706246 -0.979977 0.100964 0.171614 2.795980
0.166833 0.042978 0.985048 -158.121506 0.091252 0.994088 -0.058828 12.636199 -0.981753 0.099703 0.161926 2.990027
0.155070 0.042828 0.986975 -157.092896 0.092984 0.993991 -0.057742 12.567189 -0.983518 0.100728 0.150156 3.159457
0.142735 0.041198 0.988903 -156.058243 0.093081 0.994146 -0.054852 12.493612 -0.985375 0.099878 0.138065 3.309024
0.128930 0.037656 0.990939 -155.014465 0.092262 0.994488 -0.049797 12.422284 -0.987352 0.097847 0.124745 3.447857
0.115572 0.035877 0.992651 -153.942856 0.094545 0.994412 -0.046950 12.349201 -0.988789 0.099276 0.111535 3.576493
0.102678 0.036811 0.994033 -152.884064 0.095349 0.994349 -0.046671 12.267072 -0.990134 0.099572 0.098588 3.684762
0.090651 0.039877 0.995084 -151.830261 0.097239 0.994069 -0.048694 12.201118 -0.991124 0.101175 0.086237 3.786393
0.079888 0.041526 0.995939 -150.765869 0.100180 0.993739 -0.049471 12.145121 -0.991757 0.103727 0.075228 3.881709
0.070316 0.040973 0.996683 -149.695190 0.103815 0.993429 -0.048164 12.086781 -0.992108 0.106858 0.065600 3.963102
0.064942 0.041475 0.997027 -148.617935 0.107981 0.992976 -0.048340 12.030364 -0.992030 0.110800 0.060008 4.011346
0.059779 0.042138 0.997322 -147.530350 0.111769 0.992543 -0.048636 11.975505 -0.991934 0.114377 0.054624 4.041169
0.057176 0.042483 0.997460 -146.435715 0.114709 0.992198 -0.048835 11.917471 -0.991753 0.117211 0.051857 4.070763
0.056691 0.041277 0.997539 -145.333847 0.116964 0.991990 -0.047695 11.857222 -0.991517 0.119380 0.051410 4.103899
0.058036 0.039408 0.997537 -144.226746 0.118349 0.991903 -0.046071 11.794982 -0.991274 0.120731 0.052902 4.144154
0.060126 0.038865 0.997434 -143.105698 0.119631 0.991758 -0.045855 11.715455 -0.990996 0.122082 0.054981 4.215622
0.063052 0.039873 0.997214 -141.980789 0.120816 0.991548 -0.047285 11.637314 -0.990670 0.123461 0.057702 4.294141
0.066410 0.039681 0.997003 -140.857269 0.122939 0.991270 -0.047642 11.570318 -0.990190 0.125736 0.060953 4.357267
0.070007 0.038834 0.996790 -139.726410 0.125188 0.990999 -0.047402 11.501542 -0.989660 0.128106 0.064516 4.423763
0.073777 0.039448 0.996494 -138.592667 0.126158 0.990820 -0.048564 11.431015 -0.989263 0.129299 0.068123 4.495578
0.077440 0.040408 0.996178 -137.453247 0.126890 0.990653 -0.050048 11.360548 -0.988889 0.130282 0.071590 4.572032
0.080249 0.037843 0.996056 -136.304016 0.127678 0.990657 -0.047925 11.290586 -0.988564 0.131021 0.074667 4.652857
0.081404 0.033655 0.996113 -135.147415 0.127303 0.990893 -0.043883 11.222079 -0.988518 0.130381 0.076379 4.748677
0.082423 0.031365 0.996104 -133.985855 0.127497 0.990959 -0.041753 11.155872 -0.988408 0.130443 0.077680 4.849495
0.083006 0.032471 0.996020 -132.821457 0.128798 0.990736 -0.043033 11.090617 -0.988190 0.131858 0.078055 4.946818
0.083269 0.034825 0.995919 -131.649506 0.128798 0.990630 -0.045409 11.023744 -0.988169 0.132054 0.078004 5.044378
0.083293 0.036136 0.995870 -130.469650 0.127591 0.990730 -0.046621 10.954523 -0.988323 0.130948 0.077910 5.143065
0.083428 0.037103 0.995823 -129.283920 0.125172 0.991001 -0.047410 10.882916 -0.988621 0.128605 0.078033 5.242294
0.083369 0.037869 0.995799 -128.089737 0.122093 0.991361 -0.047922 10.810477 -0.989010 0.125576 0.078025 5.343092
0.083291 0.037452 0.995821 -126.889229 0.119521 0.991704 -0.047294 10.738193 -0.989331 0.122962 0.078124 5.444148
0.083139 0.035266 0.995914 -125.680183 0.117621 0.992040 -0.044948 10.665901 -0.989572 0.120877 0.078330 5.545261
0.083104 0.034181 0.995955 -124.443420 0.116303 0.992249 -0.043760 10.589205 -0.989731 0.119469 0.078485 5.643103
0.084632 0.036015 0.995761 -123.224731 0.118389 0.991903 -0.045937 10.516861 -0.989354 0.121776 0.079683 5.716978
0.085943 0.039277 0.995526 -121.995415 0.119808 0.991564 -0.049465 10.451330 -0.989070 0.123524 0.080512 5.794590
0.086240 0.042430 0.995371 -120.760323 0.121059 0.991243 -0.052743 10.386992 -0.988892 0.125047 0.080349 5.881760
0.086576 0.043593 0.995291 -119.516251 0.122877 0.990946 -0.054092 10.317266 -0.988638 0.126981 0.080435 5.971168
0.086560 0.041342 0.995389 -118.265434 0.125079 0.990781 -0.052028 10.244977 -0.988364 0.129007 0.080591 6.062224
0.087038 0.038888 0.995445 -117.009583 0.126353 0.990736 -0.049751 10.161302 -0.988159 0.130108 0.081319 6.163357
0.087427 0.038307 0.995434 -115.752899 0.129355 0.990362 -0.049473 10.076200 -0.987737 0.133091 0.081630 6.265513
0.087792 0.038964 0.995377 -114.490402 0.131224 0.990074 -0.050331 9.992375 -0.987458 0.135037 0.081807 6.368181
0.087900 0.040830 0.995293 -113.226379 0.129905 0.990157 -0.052093 9.906219 -0.987622 0.133874 0.081731 6.474524
0.088190 0.044411 0.995113 -111.958275 0.127380 0.990300 -0.055485 9.819621 -0.987925 0.131652 0.081679 6.582808
0.088226 0.043281 0.995160 -110.681374 0.124689 0.990717 -0.054143 9.723378 -0.988265 0.128864 0.082010 6.689716
0.089375 0.041388 0.995138 -109.417297 0.121300 0.991246 -0.052121 9.636612 -0.988583 0.125369 0.083573 6.789213
0.089630 0.039338 0.995198 -108.154190 0.120225 0.991485 -0.050019 9.557264 -0.988692 0.124131 0.084138 6.884832
0.090550 0.038030 0.995166 -106.890114 0.121775 0.991349 -0.048965 9.481171 -0.988419 0.125621 0.085136 6.979652
0.091639 0.036987 0.995106 -105.619400 0.123454 0.991178 -0.048210 9.402934 -0.988110 0.127268 0.086264 7.076970
0.092980 0.038183 0.994935 -104.349846 0.124498 0.990976 -0.049666 9.324314 -0.987854 0.128486 0.087387 7.177638
0.094036 0.038301 0.994832 -103.076889 0.122969 0.991160 -0.049783 9.242674 -0.987945 0.127015 0.088496 7.285491
0.094824 0.038569 0.994746 -101.799583 0.119513 0.991580 -0.049839 9.157604 -0.988293 0.123611 0.089417 7.399428
0.095624 0.039787 0.994622 -100.524239 0.117268 0.991792 -0.050950 9.072677 -0.988486 0.121510 0.090174 7.514677
0.096606 0.038562 0.994576 -99.245117 0.116229 0.991975 -0.049751 8.986929 -0.988513 0.120406 0.091349 7.631009
0.098511 0.035531 0.994501 -97.951080 0.118557 0.991825 -0.047180 8.904641 -0.988048 0.122554 0.093493 7.743216
0.100191 0.032467 0.994438 -96.652321 0.121688 0.991564 -0.044634 8.823956 -0.987499 0.125484 0.095395 7.855605
0.101823 0.029852 0.994355 -95.359444 0.124136 0.991356 -0.042474 8.745009 -0.987027 0.127761 0.097237 7.971480
0.104310 0.029434 0.994109 -94.080536 0.124924 0.991257 -0.042459 8.658302 -0.986667 0.128619 0.099722 8.080893
0.105503 0.030959 0.993937 -92.810463 0.125107 0.991159 -0.044153 8.570072 -0.986518 0.129008 0.100697 8.190210
0.106758 0.032113 0.993766 -91.560883 0.123750 0.991277 -0.045326 8.491343 -0.986553 0.127818 0.101852 8.320545
0.107794 0.031670 0.993669 -90.317902 0.122574 0.991442 -0.044896 8.416700 -0.986588 0.126638 0.102991 8.463318
0.108986 0.029394 0.993609 -89.070114 0.122837 0.991503 -0.042805 8.341469 -0.986424 0.126717 0.104449 8.604727
0.110259 0.027230 0.993530 -87.819870 0.123834 0.991458 -0.040916 8.267250 -0.986158 0.127545 0.105945 8.744484
0.111602 0.026978 0.993387 -86.570297 0.125219 0.991282 -0.040989 8.193029 -0.985832 0.128966 0.107251 8.882736
0.112959 0.028714 0.993185 -85.321785 0.125072 0.991220 -0.042882 8.117070 -0.985696 0.129065 0.108377 9.020973
0.114104 0.031119 0.992981 -84.073250 0.123807 0.991271 -0.045292 8.038538 -0.985724 0.128107 0.109255 9.160910
0.113580 0.031663 0.993024 -82.814758 0.121046 0.991605 -0.045463 7.960992 -0.986127 0.125366 0.108795 9.315435
0.112575 0.028756 0.993227 -81.567894 0.119734 0.991904 -0.042288 7.876417 -0.986402 0.123684 0.108221 9.465870
0.111917 0.025949 0.993378 -80.327728 0.119585 0.992042 -0.039387 7.788228 -0.986495 0.123202 0.107924 9.608301
0.111631 0.025222 0.993430 -79.090462 0.121936 0.991776 -0.038881 7.706383 -0.986240 0.125477 0.107637 9.745197
0.111091 0.026663 0.993452 -77.844154 0.123303 0.991546 -0.040400 7.631444 -0.986131 0.126984 0.106864 9.885536
0.111580 0.028766 0.993339 -76.597382 0.124240 0.991334 -0.042664 7.558300 -0.985959 0.128174 0.107040 10.027708
0.112452 0.031333 0.993163 -75.368439 0.123655 0.991291 -0.045275 7.482406 -0.985933 0.127901 0.107598 10.154688
0.112386 0.031173 0.993176 -74.138077 0.122021 0.991510 -0.044928 7.406734 -0.986144 0.126238 0.107627 10.289660
0.112558 0.030073 0.993190 -72.913635 0.120186 0.991790 -0.043651 7.317676 -0.986349 0.124282 0.108020 10.429668
0.113196 0.031146 0.993085 -71.676872 0.119737 0.991796 -0.044754 7.231599 -0.986332 0.123975 0.108538 10.563105
0.114127 0.031622 0.992962 -70.453636 0.121114 0.991594 -0.045498 7.147761 -0.986056 0.125455 0.109337 10.698647
0.114985 0.030461 0.992900 -69.230530 0.122044 0.991524 -0.044553 7.064455 -0.985841 0.126302 0.110294 10.835287
0.115775 0.031939 0.992762 -68.011826 0.122223 0.991428 -0.046149 6.981916 -0.985726 0.126682 0.110880 10.973150
0.116639 0.036890 0.992490 -66.797264 0.123289 0.991042 -0.051325 6.898983 -0.985492 0.128351 0.111047 11.109997
0.117220 0.040260 0.992289 -65.585648 0.122703 0.990934 -0.054700 6.813979 -0.985496 0.128170 0.111218 11.248692
0.118339 0.038932 0.992210 -64.379929 0.122625 0.991009 -0.053510 6.729826 -0.985372 0.128002 0.112502 11.375162
0.118830 0.036730 0.992235 -63.179134 0.123408 0.991020 -0.051465 6.646750 -0.985215 0.128567 0.113230 11.497492
0.119580 0.034278 0.992232 -61.988426 0.125034 0.990926 -0.049302 6.559612 -0.984920 0.129960 0.114209 11.629433
0.120278 0.033243 0.992183 -60.801842 0.126750 0.990745 -0.048560 6.471637 -0.984616 0.131601 0.114952 11.765396
0.121019 0.034038 0.992067 -59.619946 0.127846 0.990553 -0.049582 6.385071 -0.984383 0.132834 0.115524 11.901968
0.121713 0.036273 0.991902 -58.449249 0.126612 0.990600 -0.051762 6.308347 -0.984457 0.131887 0.115977 12.043417
0.122186 0.037545 0.991797 -57.281330 0.124701 0.990784 -0.052870 6.232515 -0.984642 0.130139 0.116379 12.185499
0.122514 0.036561 0.991793 -56.110584 0.122824 0.991080 -0.051708 6.148474 -0.984837 0.128152 0.116931 12.327419
0.122694 0.033796 0.991869 -54.961231 0.123201 0.991171 -0.049012 6.048038 -0.984767 0.128213 0.117448 12.473169
0.123207 0.032400 0.991852 -53.817799 0.123840 0.991151 -0.047761 5.942946 -0.984623 0.128717 0.118104 12.620173
0.123729 0.032079 0.991798 -52.678719 0.124791 0.991038 -0.047624 5.842127 -0.984438 0.129661 0.118617 12.764025
0.124362 0.032489 0.991705 -51.542492 0.124796 0.991014 -0.048117 5.746006 -0.984357 0.129745 0.119190 12.907930
0.124876 0.032297 0.991646 -50.409016 0.124847 0.991014 -0.047999 5.652279 -0.984286 0.129798 0.119722 13.051199
0.124609 0.033582 0.991638 -49.298660 0.124282 0.991027 -0.049179 5.573497 -0.984392 0.129371 0.119318 13.198561
0.127195 0.035018 0.991260 -48.172623 0.123733 0.991009 -0.050886 5.508132 -0.984130 0.129125 0.121719 13.313614
0.128490 0.034792 0.991100 -47.066338 0.123946 0.990984 -0.050857 5.435039 -0.983935 0.129378 0.123019 13.436041
0.128962 0.033775 0.991074 -45.975872 0.124567 0.990951 -0.049979 5.357934 -0.983795 0.129901 0.123587 13.565435
0.129008 0.032576 0.991108 -44.895706 0.125283 0.990916 -0.048877 5.280462 -0.983697 0.130475 0.123755 13.694841
0.128963 0.031418 0.991152 -43.829891 0.125109 0.990995 -0.047693 5.202632 -0.983726 0.130153 0.123871 13.824230
0.129014 0.030135 0.991185 -42.779060 0.124720 0.991107 -0.046366 5.125162 -0.983768 0.129603 0.124109 13.954748
0.129393 0.028921 0.991172 -41.751316 0.124460 0.991195 -0.045170 5.051574 -0.983751 0.129207 0.124654 14.079897
0.129670 0.029269 0.991125 -40.733566 0.122799 0.991395 -0.045344 4.978008 -0.983923 0.127590 0.124960 14.205605
0.129771 0.029907 0.991093 -39.724613 0.121443 0.991539 -0.045822 4.904559 -0.984078 0.126308 0.125041 14.330021
0.130099 0.028847 0.991081 -38.723335 0.121421 0.991589 -0.044801 4.833875 -0.984038 0.126167 0.125503 14.452303
0.130183 0.025037 0.991174 -37.725876 0.121545 0.991738 -0.041015 4.765451 -0.984012 0.125812 0.126064 14.574348
0.130461 0.022168 0.991206 -36.739540 0.123489 0.991601 -0.038431 4.699111 -0.983732 0.127417 0.126629 14.695162
0.130789 0.025233 0.991089 -35.775681 0.123683 0.991451 -0.041565 4.632761 -0.983665 0.128018 0.126550 14.814642
0.130074 0.033317 0.990945 -34.830498 0.122577 0.991227 -0.049418 4.565898 -0.983898 0.127895 0.124849 14.932749
0.128254 0.038379 0.990998 -33.895435 0.124940 0.990664 -0.054536 4.501429 -0.983840 0.130810 0.122262 15.044703
0.125400 0.036903 0.991420 -32.967739 0.126857 0.990508 -0.052914 4.437134 -0.983962 0.132405 0.119528 15.152819
0.122172 0.032515 0.991976 -32.113361 0.126376 0.990818 -0.048042 4.376153 -0.984431 0.131232 0.116941 15.246466
0.118345 0.030392 0.992507 -31.290363 0.128188 0.990700 -0.045622 4.319413 -0.984664 0.132627 0.113349 15.333921
0.115168 0.028803 0.992928 -30.475285 0.133263 0.990095 -0.044178 4.266476 -0.984366 0.137409 0.110188 15.418156
0.111373 0.027076 0.993409 -29.669291 0.135950 0.989815 -0.042220 4.214013 -0.984436 0.139756 0.106558 15.504198
0.107161 0.023607 0.993961 -28.867538 0.136527 0.989898 -0.038230 4.160131 -0.984823 0.139800 0.102857 15.584776
0.103600 0.021212 0.994393 -28.081606 0.137213 0.989908 -0.035411 4.109858 -0.985109 0.140112 0.099644 15.662182
0.100184 0.020480 0.994758 -27.315647 0.137218 0.989949 -0.034200 4.063498 -0.985462 0.139927 0.096368 15.736189
0.096963 0.019786 0.995091 -26.568142 0.139297 0.989692 -0.033251 4.018912 -0.985491 0.141839 0.093207 15.803459
0.094211 0.020822 0.995335 -25.842653 0.142063 0.989268 -0.034142 3.974165 -0.985364 0.144618 0.090242 15.865215
0.091216 0.023258 0.995559 -25.135565 0.145845 0.988634 -0.036460 3.931876 -0.985093 0.148525 0.086788 15.922083
0.088491 0.025523 0.995750 -24.445553 0.149618 0.987988 -0.038621 3.891826 -0.984776 0.152401 0.083610 15.975513
0.086030 0.027665 0.995909 -23.774057 0.151591 0.987611 -0.040530 3.850725 -0.984693 0.154458 0.080771 16.027607
0.083456 0.028378 0.996107 -23.118372 0.151510 0.987611 -0.040829 3.807418 -0.984926 0.154329 0.078123 16.079893
0.081443 0.029288 0.996248 -22.480581 0.152050 0.987503 -0.041461 3.766320 -0.985011 0.154858 0.075972 16.128902
0.079766 0.031224 0.996325 -21.861359 0.152098 0.987424 -0.043123 3.727577 -0.985141 0.154980 0.074013 16.175512
0.077623 0.032872 0.996441 -21.260118 0.150890 0.987555 -0.044333 3.688736 -0.985498 0.153795 0.071697 16.221899
0.075613 0.032651 0.996603 -20.675457 0.148490 0.987950 -0.043634 3.648994 -0.986019 0.151286 0.069853 16.268595
0.074655 0.032164 0.996691 -20.108931 0.146547 0.988274 -0.042870 3.610397 -0.986382 0.149263 0.069067 16.313240
0.074548 0.032697 0.996681 -19.559822 0.145848 0.988357 -0.043332 3.573125 -0.986494 0.148595 0.068911 16.355608
0.075538 0.033378 0.996584 -19.029377 0.144776 0.988482 -0.044079 3.537151 -0.986576 0.147612 0.069836 16.397980
0.078662 0.033930 0.996324 -18.514074 0.144071 0.988541 -0.045041 3.501685 -0.986435 0.147086 0.072872 16.441128
0.083691 0.033932 0.995914 -18.015024 0.143558 0.988583 -0.045747 3.467004 -0.986097 0.146800 0.077865 16.485664
0.090493 0.033971 0.995317 -17.535160 0.142490 0.988693 -0.046700 3.433542 -0.985651 0.146050 0.084629 16.532585
0.098353 0.034270 0.994561 -17.071756 0.139682 0.989037 -0.047893 3.400325 -0.985299 0.143634 0.092487 16.583574
0.106879 0.034271 0.993681 -16.663000 0.136304 0.989465 -0.048787 3.370069 -0.984884 0.140657 0.101083 16.631660
0.117099 0.034598 0.992518 -16.241377 0.133432 0.989783 -0.050246 3.338278 -0.984116 0.138318 0.111285 16.686411
0.129655 0.034257 0.990967 -15.876538 0.131351 0.990002 -0.051410 3.309499 -0.982821 0.136831 0.123859 16.739790
0.145331 0.033343 0.988821 -15.488345 0.130033 0.990118 -0.052498 3.279337 -0.980801 0.136211 0.139560 16.800322
0.165650 0.032561 0.985647 -15.148094 0.129907 0.990025 -0.054539 3.251901 -0.977591 0.137078 0.159768 16.861292
0.190635 0.031248 0.981164 -14.790380 0.129946 0.989894 -0.056774 3.222243 -0.973023 0.138322 0.184649 16.936007
0.219629 0.029400 0.975141 -14.440139 0.127497 0.990108 -0.058568 3.191864 -0.967216 0.137192 0.213708 17.022945
0.250266 0.028121 0.967768 -14.095932 0.122214 0.990664 -0.060391 3.160771 -0.960433 0.133390 0.244494 17.122030
0.281816 0.027684 0.959068 -13.757364 0.115151 0.991382 -0.062454 3.128623 -0.952533 0.128040 0.276201 17.231243
0.315460 0.027786 0.948533 -13.424584 0.107699 0.992064 -0.064879 3.095313 -0.942807 0.122624 0.309964 17.348629
0.350563 0.028039 0.936119 -13.099744 0.100882 0.992605 -0.067510 3.061541 -0.931090 0.118105 0.345143 17.472754
0.385419 0.028758 0.922294 -12.782813 0.094482 0.993030 -0.070447 3.028106 -0.917892 0.114292 0.380016 17.603477
0.419917 0.030090 0.907064 -12.462536 0.088302 0.993353 -0.073830 2.995398 -0.903256 0.111099 0.414470 17.739597
0.455083 0.032487 0.889856 -12.144318 0.082779 0.993463 -0.078604 2.962385 -0.886593 0.109433 0.449419 17.880922
0.490650 0.034711 0.870665 -11.835948 0.077518 0.993505 -0.083293 2.929138 -0.867902 0.108361 0.484773 18.031761
0.526381 0.035762 0.849496 -11.526819 0.072606 0.993574 -0.086818 2.894892 -0.847143 0.107378 0.520402 18.196377
0.562179 0.036565 0.826207 -11.219664 0.068013 0.993593 -0.090251 2.858376 -0.824214 0.106931 0.556091 18.373873
0.598474 0.035393 0.800360 -10.940848 0.065026 0.993581 -0.092562 2.819166 -0.798498 0.107440 0.592331 18.582172
0.634797 0.034351 0.771915 -10.640248 0.060999 0.993665 -0.094383 2.775943 -0.770267 0.107001 0.628681 18.795710
0.670739 0.034911 0.740871 -10.373554 0.055521 0.993725 -0.097092 2.732693 -0.739612 0.106258 0.664593 19.049200
0.706357 0.038375 0.706815 -10.117208 0.046652 0.993834 -0.100579 2.690375 -0.706316 0.104020 0.700212 19.332506
0.741040 0.041946 0.670149 -9.842824 0.037782 0.993861 -0.103986 2.648893 -0.670398 0.102378 0.734906 19.619160
0.773476 0.043914 0.632303 -9.569096 0.030130 0.993921 -0.105886 2.605597 -0.633109 0.100952 0.767451 19.924574
0.802635 0.044217 0.594829 -9.296992 0.023912 0.994061 -0.106160 2.558505 -0.595991 0.099431 0.796811 20.249159
0.829087 0.043691 0.557411 -9.027419 0.018039 0.994332 -0.104768 2.506928 -0.558830 0.096917 0.823600 20.593843
0.852792 0.045407 0.520275 -8.763775 0.011450 0.994347 -0.105549 2.453292 -0.522126 0.095970 0.847451 20.957790
0.873712 0.047821 0.484088 -8.505096 0.005811 0.994058 -0.108687 2.398618 -0.486410 0.097775 0.868243 21.340691
0.892091 0.048925 0.449201 -8.247134 0.001751 0.993739 -0.111711 2.343753 -0.451853 0.100443 0.886419 21.744335
0.907933 0.048969 0.416244 -7.991792 -0.001344 0.993485 -0.113946 2.287862 -0.419112 0.102897 0.902085 22.169544
0.922091 0.046281 0.384196 -7.756279 -0.002068 0.993397 -0.114704 2.227107 -0.386968 0.104974 0.916099 22.655581
0.935564 0.043192 0.350507 -7.532100 -0.003484 0.993572 -0.113137 2.160997 -0.353140 0.104627 0.929701 23.179640
0.948224 0.035425 0.315622 -7.315151 -0.000856 0.994041 -0.108997 2.092361 -0.317602 0.103085 0.942604 23.740313
0.959268 0.029605 0.280942 -7.112708 -0.000534 0.994681 -0.102997 2.021747 -0.282496 0.098654 0.954182 24.338797
0.968434 0.027313 0.247770 -6.930430 -0.003036 0.995197 -0.097843 1.947602 -0.249252 0.094004 0.963866 24.973661
0.975961 0.025294 0.216473 -6.763191 -0.004234 0.995255 -0.097201 1.870010 -0.217905 0.093949 0.971438 25.638187
0.982299 0.019499 0.186301 -6.604329 -0.000595 0.994886 -0.100991 1.793916 -0.187317 0.099094 0.977288 26.331268
0.987430 0.014915 0.157348 -6.460833 0.001732 0.994456 -0.105132 1.720433 -0.158044 0.104083 0.981931 27.057812
0.991391 0.010074 0.130551 -6.335777 0.003717 0.994468 -0.104974 1.641988 -0.130886 0.104556 0.985869 27.821638
0.994662 0.002438 0.103159 -6.226031 0.007902 0.994984 -0.099716 1.555631 -0.102884 0.100000 0.989654 28.619619
0.997245 -0.004266 0.074054 -6.136593 0.011305 0.995421 -0.094905 1.467899 -0.073311 0.095481 0.992728 29.448318
0.998928 -0.010577 0.045076 -6.071346 0.014721 0.995593 -0.092616 1.382237 -0.043898 0.093181 0.994681 30.303186
0.999748 -0.014626 0.017042 -6.016023 0.016079 0.995945 -0.088517 1.297694 -0.015677 0.088769 0.995929 31.157957
0.999947 -0.007613 -0.006950 -6.030701 0.006981 0.996205 -0.086754 1.224107 0.007585 0.086701 0.996206 32.073353
0.999554 -0.000571 -0.029876 -6.068790 -0.001983 0.996345 -0.085387 1.155112 0.029816 0.085409 0.995900 33.011009
0.998696 0.005124 -0.050799 -6.118183 -0.009539 0.996159 -0.087027 1.084560 0.050159 0.087398 0.994910 33.961796
0.997551 0.007134 -0.069575 -6.175065 -0.013464 0.995766 -0.090930 1.009285 0.068632 0.091645 0.993424 34.930222
0.996334 0.010115 -0.084952 -6.243566 -0.018170 0.995351 -0.094583 0.926945 0.083601 0.095780 0.991886 35.915409
0.995140 0.013295 -0.097563 -6.321098 -0.022665 0.995164 -0.095567 0.840633 0.095821 0.097314 0.990630 36.920097
0.994009 0.015925 -0.108124 -6.407366 -0.025880 0.995486 -0.091301 0.750375 0.106182 0.093554 0.989936 37.945454
0.993010 0.017080 -0.116786 -6.501295 -0.027278 0.995897 -0.086289 0.657711 0.114833 0.088872 0.989402 38.984428
0.992128 0.019229 -0.123746 -6.604611 -0.029860 0.995963 -0.084641 0.565271 0.121620 0.087671 0.988697 40.029934
0.991578 0.018840 -0.128128 -6.709667 -0.029579 0.996156 -0.082435 0.472813 0.126083 0.085532 0.988326 41.079620
0.991184 0.020947 -0.130827 -6.820185 -0.031374 0.996447 -0.078146 0.375943 0.128725 0.081562 0.988320 42.134304
0.991044 0.020964 -0.131879 -6.931108 -0.031558 0.996394 -0.078759 0.279660 0.129752 0.082216 0.988132 43.185974
0.991065 0.020187 -0.131839 -7.056005 -0.031089 0.996216 -0.081156 0.166448 0.129703 0.084531 0.987943 44.261608
0.991212 0.019597 -0.130826 -7.182381 -0.030525 0.996160 -0.082047 0.052921 0.128716 0.085320 0.988004 45.341560
0.991286 0.020939 -0.130059 -7.300480 -0.031688 0.996198 -0.081140 -0.050460 0.127865 0.084555 0.988180 46.406555
0.991390 0.020797 -0.129286 -7.416845 -0.031150 0.996420 -0.078581 -0.154210 0.127189 0.081932 0.988489 47.474590
0.991657 0.020851 -0.127204 -7.585137 -0.031095 0.996382 -0.079089 -0.253739 0.125096 0.082386 0.988718 48.534874
0.991935 0.021217 -0.124955 -7.748187 -0.031231 0.996406 -0.078730 -0.355544 0.122836 0.081998 0.989034 49.589809
0.992028 0.021502 -0.124171 -7.912252 -0.031389 0.996441 -0.078223 -0.458206 0.122048 0.081498 0.989172 50.642906
0.992079 0.022210 -0.123632 -8.076640 -0.032228 0.996303 -0.079633 -0.562096 0.121407 0.082988 0.989128 51.693188
0.992049 0.022047 -0.123912 -8.247520 -0.032436 0.996065 -0.082468 -0.665386 0.121608 0.085832 0.988860 52.738968
0.992118 0.020644 -0.123600 -8.407993 -0.031188 0.995979 -0.083986 -0.771267 0.121369 0.087179 0.988772 53.784431
0.992178 0.019344 -0.123325 -8.543339 -0.029667 0.996155 -0.082422 -0.876222 0.121258 0.085437 0.988937 54.841438
0.992277 0.018236 -0.122693 -8.676284 -0.028108 0.996461 -0.079215 -0.980185 0.120815 0.082053 0.989278 55.899212
0.992418 0.016945 -0.121731 -8.804747 -0.026442 0.996693 -0.076826 -1.083339 0.120027 0.079464 0.989585 56.956203
0.992599 0.015676 -0.120423 -8.925928 -0.025150 0.996671 -0.077552 -1.185948 0.118807 0.080006 0.989688 57.996494
0.992831 0.015603 -0.118505 -9.059877 -0.025370 0.996361 -0.081358 -1.272576 0.116805 0.083782 0.989614 58.999702
0.992956 0.015522 -0.117461 -9.194139 -0.025419 0.996205 -0.083237 -1.352712 0.115723 0.085638 0.989582 59.998940
0.993100 0.014921 -0.116312 -9.326017 -0.024549 0.996347 -0.081792 -1.434779 0.114666 0.084084 0.989839 60.996292
0.993219 0.015803 -0.115183 -9.458221 -0.024794 0.996718 -0.077050 -1.518591 0.113588 0.079385 0.990351 61.991241
0.993343 0.016173 -0.114059 -9.588499 -0.024755 0.996934 -0.074226 -1.602639 0.112510 0.076555 0.990697 62.978565
0.993417 0.016180 -0.113399 -9.715455 -0.024780 0.996887 -0.074845 -1.686244 0.111835 0.077163 0.990726 63.954136
0.993499 0.016437 -0.112650 -9.839559 -0.025080 0.996811 -0.075741 -1.770506 0.111046 0.078075 0.990743 64.919807
0.993577 0.017206 -0.111848 -9.961571 -0.025741 0.996827 -0.075312 -1.855931 0.110197 0.077709 0.990867 65.877350
0.993608 0.019311 -0.111222 -10.082110 -0.027750 0.996810 -0.074827 -1.941922 0.109423 0.077436 0.990974 66.822693
0.993654 0.019464 -0.110779 -10.197396 -0.028009 0.996705 -0.076111 -2.028890 0.108933 0.078731 0.990926 67.754272
0.993669 0.019242 -0.110685 -10.308799 -0.028074 0.996495 -0.078797 -2.116211 0.108781 0.081406 0.990727 68.672234
0.993704 0.020112 -0.110218 -10.418883 -0.029126 0.996305 -0.080794 -2.202968 0.108186 0.083497 0.990618 69.574219
0.993772 0.019728 -0.109667 -10.524794 -0.028435 0.996515 -0.078410 -2.287724 0.107739 0.081041 0.990871 70.464508
0.993820 0.019828 -0.109223 -10.628302 -0.027860 0.996979 -0.072490 -2.369982 0.107456 0.075085 0.991370 71.338448
0.993878 0.021480 -0.108373 -10.731997 -0.028769 0.997394 -0.066144 -2.449900 0.106670 0.068858 0.991907 72.193169
0.993944 0.020412 -0.107980 -10.830034 -0.027476 0.997549 -0.064339 -2.525699 0.106403 0.066917 0.992069 73.024254
0.994026 0.018502 -0.107571 -10.924216 -0.025672 0.997511 -0.065665 -2.598191 0.106088 0.068035 0.992027 73.830948
0.994110 0.017678 -0.106929 -11.017295 -0.025095 0.997341 -0.068410 -2.668914 0.105436 0.070691 0.991910 74.617012
0.994204 0.018133 -0.105974 -11.109251 -0.025733 0.997158 -0.070795 -2.738361 0.104390 0.073113 0.991845 75.380737
0.994383 0.020267 -0.103886 -11.199025 -0.027866 0.996998 -0.072226 -2.805962 0.102110 0.074716 0.991964 76.124168
0.994853 0.022605 -0.098776 -11.282839 -0.029878 0.996900 -0.072778 -2.871912 0.096824 0.075356 0.992445 76.845886
0.995651 0.025135 -0.089707 -11.358350 -0.031704 0.996859 -0.072561 -2.936571 0.087602 0.075091 0.993321 77.547028
0.996711 0.027074 -0.076381 -11.423594 -0.032599 0.996868 -0.072038 -2.999787 0.074191 0.074291 0.994473 78.230225
0.997977 0.028462 -0.056845 -11.448519 -0.032497 0.996921 -0.071362 -3.060163 0.054639 0.073065 0.995829 78.825119
0.998949 0.029611 -0.034981 -11.459391 -0.032040 0.996960 -0.071011 -3.119296 0.032772 0.072057 0.996862 79.390800
0.999472 0.031206 -0.008984 -11.456270 -0.031773 0.996898 -0.071999 -3.176788 0.006709 0.072247 0.997364 79.932793
0.999217 0.033168 0.021576 -11.443561 -0.031488 0.996757 -0.074040 -3.234541 -0.023962 0.073303 0.997022 80.464081
0.997801 0.034184 0.056790 -11.412622 -0.029784 0.996616 -0.076605 -3.288566 -0.059217 0.074745 0.995442 80.970642
0.994860 0.032310 0.095972 -11.361735 -0.024816 0.996621 -0.078289 -3.340202 -0.098177 0.075505 0.992301 81.461121
0.990277 0.028650 0.136127 -11.290506 -0.017884 0.996660 -0.079670 -3.388980 -0.137954 0.076461 0.987483 81.927902
0.983834 0.025586 0.177243 -11.204189 -0.011251 0.996616 -0.081412 -3.436227 -0.178726 0.078102 0.980794 82.372391
0.975014 0.025250 0.220702 -11.106494 -0.006877 0.996474 -0.083622 -3.483049 -0.222036 0.080016 0.971749 82.795769
0.963644 0.026508 0.265871 -10.997669 -0.003860 0.996343 -0.085349 -3.529413 -0.267162 0.081221 0.960223 83.202606
0.950273 0.026177 0.310316 -10.874942 0.000521 0.996325 -0.085642 -3.573626 -0.311417 0.081546 0.946768 83.594185
0.935179 0.024458 0.353332 -10.739470 0.006156 0.996339 -0.085261 -3.615821 -0.354124 0.081910 0.931605 83.969208
0.918409 0.022155 0.395011 -10.594679 0.012723 0.996259 -0.085460 -3.657230 -0.395427 0.083513 0.914692 84.325912
0.900110 0.021438 0.435136 -10.444661 0.018059 0.996093 -0.086433 -3.696888 -0.435289 0.085658 0.896206 84.664284
0.880162 0.022686 0.474131 -10.292152 0.021535 0.995919 -0.087630 -3.734376 -0.474185 0.087341 0.876083 84.984947
0.858647 0.023174 0.512043 -10.135587 0.026134 0.995698 -0.088889 -3.770346 -0.511900 0.089706 0.854348 85.285934
0.836325 0.022091 0.547788 -9.975353 0.032800 0.995381 -0.090219 -3.804489 -0.547250 0.093420 0.831738 85.566063
0.814132 0.019204 0.580362 -9.814324 0.041709 0.994937 -0.091431 -3.836665 -0.579179 0.098645 0.809210 85.826172
0.792450 0.015017 0.609753 -9.656329 0.052351 0.994333 -0.092526 -3.867450 -0.607687 0.105244 0.787173 86.066849
0.772012 0.012017 0.635495 -9.495858 0.060329 0.993922 -0.092084 -3.892030 -0.632739 0.109429 0.766594 86.224625
0.752075 0.011014 0.658985 -9.341722 0.066212 0.993539 -0.092170 -3.914383 -0.655742 0.112952 0.746487 86.358429
0.732752 0.014531 0.680341 -9.201181 0.067049 0.993365 -0.093431 -3.935961 -0.677185 0.114079 0.726916 86.484360
0.712947 0.020685 0.700913 -9.066185 0.064739 0.993353 -0.095167 -3.957699 -0.698223 0.113227 0.706870 86.606888
0.692331 0.026493 0.721094 -8.930529 0.061794 0.993477 -0.095829 -3.979038 -0.718929 0.110906 0.686179 86.726555
0.671461 0.029953 0.740434 -8.792084 0.059781 0.993736 -0.094413 -3.999219 -0.738624 0.107660 0.665465 86.844719
0.650119 0.032272 0.759146 -8.651820 0.057126 0.994193 -0.091185 -4.018247 -0.757682 0.102649 0.644502 86.963394
0.628726 0.033952 0.776885 -8.502637 0.054513 0.994664 -0.087586 -4.037735 -0.775713 0.097418 0.623521 87.057289
0.606527 0.033892 0.794341 -8.350202 0.057351 0.994623 -0.086229 -4.051710 -0.792992 0.097858 0.601321 87.141998
0.583706 0.033548 0.811271 -8.196469 0.060942 0.994517 -0.084973 -4.065266 -0.809674 0.099040 0.578462 87.221115
0.560732 0.031648 0.827392 -8.034071 0.068159 0.994113 -0.084216 -4.076274 -0.825187 0.103618 0.555275 87.288834
0.537051 0.029048 0.843050 -7.870368 0.074594 0.993856 -0.081763 -4.086723 -0.840245 0.106798 0.531585 87.356087
0.513533 0.024625 0.857717 -7.703758 0.080009 0.993858 -0.076437 -4.094810 -0.854332 0.107879 0.508408 87.423874
0.491663 0.021277 0.870526 -7.536579 0.082579 0.994057 -0.070937 -4.108563 -0.866861 0.106765 0.486984 87.491409
0.469833 0.020512 0.882517 -7.370845 0.086203 0.993885 -0.068993 -4.122348 -0.878536 0.108491 0.465192 87.555893
0.448929 0.021532 0.893308 -7.207133 0.089576 0.993589 -0.068966 -4.135594 -0.889066 0.110981 0.444123 87.614250
0.427951 0.021387 0.903549 -7.039367 0.092485 0.993436 -0.067319 -4.149051 -0.899057 0.112375 0.423164 87.670753
0.407887 0.021075 0.912789 -6.868119 0.092067 0.993688 -0.064084 -4.160144 -0.908378 0.110177 0.403372 87.733528
0.387739 0.021094 0.921527 -6.694989 0.088418 0.994276 -0.059962 -4.170849 -0.917518 0.104730 0.383655 87.796722
0.367252 0.020216 0.929902 -6.518783 0.086699 0.994667 -0.055864 -4.183556 -0.926072 0.101138 0.363540 87.855965
0.348233 0.016624 0.937261 -6.339068 0.091837 0.994427 -0.051760 -4.198612 -0.932899 0.104101 0.344766 87.902565
0.329798 0.013179 0.943959 -6.160515 0.097320 0.994100 -0.047881 -4.213933 -0.939022 0.107658 0.326570 87.944733
0.312804 0.009584 0.949769 -5.980828 0.103768 0.993618 -0.044203 -4.226295 -0.944132 0.112384 0.309813 87.985748
0.297431 0.007301 0.954715 -5.799232 0.105982 0.993538 -0.040617 -4.236169 -0.948842 0.113265 0.294735 88.028374
0.282651 0.005065 0.959210 -5.617317 0.106374 0.993652 -0.036593 -4.246109 -0.953306 0.112379 0.280319 88.073441
0.270664 0.006414 0.962653 -5.435202 0.101834 0.994176 -0.035257 -4.261062 -0.957272 0.107575 0.268434 88.123169
0.259248 0.008714 0.965771 -5.253335 0.101037 0.994227 -0.036093 -4.271897 -0.960512 0.106936 0.256872 88.164398
0.247882 0.011356 0.968724 -5.070356 0.102946 0.993960 -0.037995 -4.279767 -0.963304 0.109146 0.245217 88.199837
0.236270 0.014777 0.971575 -4.885806 0.111284 0.992893 -0.042164 -4.284515 -0.965294 0.118083 0.232946 88.220055
0.224197 0.017343 0.974390 -4.700130 0.118059 0.991994 -0.044821 -4.291471 -0.967366 0.125085 0.220355 88.242393
0.211744 0.018258 0.977154 -4.513240 0.119065 0.991895 -0.044334 -4.299789 -0.970045 0.125734 0.207854 88.270943
0.199605 0.018699 0.979698 -4.318123 0.114341 0.992542 -0.042240 -4.314528 -0.973183 0.120452 0.195979 88.314888
0.188626 0.020191 0.981842 -4.128419 0.112420 0.992772 -0.042014 -4.324764 -0.975593 0.118304 0.184994 88.345383
0.178166 0.021560 0.983764 -3.937077 0.111853 0.992836 -0.042016 -4.333900 -0.977622 0.117524 0.174478 88.372971
0.171534 0.023555 0.984896 -3.733776 0.114229 0.992495 -0.043632 -4.338696 -0.978533 0.119989 0.167556 88.400482
0.167010 0.027306 0.985577 -3.511569 0.117032 0.992000 -0.047315 -4.349705 -0.978984 0.123247 0.162479 88.423225
0.164271 0.032318 0.985886 -3.274795 0.117439 0.991713 -0.052077 -4.354792 -0.979399 0.124338 0.159114 88.464363
0.163667 0.035843 0.985864 -3.033029 0.114710 0.991869 -0.055106 -4.363802 -0.979823 0.122109 0.158225 88.508476
0.162731 0.037078 0.985973 -2.770820 0.112771 0.992046 -0.055919 -4.372566 -0.980205 0.120290 0.157255 88.561531
0.161878 0.035951 0.986156 -2.489639 0.111463 0.992274 -0.054470 -4.383075 -0.980495 0.118738 0.156621 88.620514
0.161398 0.033671 0.986314 -2.196800 0.111494 0.992396 -0.052123 -4.396837 -0.980571 0.118382 0.156418 88.676285
0.160001 0.032563 0.986580 -1.889555 0.111612 0.992449 -0.050859 -4.419623 -0.980786 0.118253 0.155158 88.728973
0.158915 0.031207 0.986799 -1.573610 0.110204 0.992692 -0.049141 -4.444577 -0.981122 0.116559 0.154315 88.783257
0.158071 0.029366 0.986991 -1.250410 0.107096 0.993150 -0.046702 -4.466803 -0.981602 0.113086 0.153843 88.840103
0.156998 0.027275 0.987222 -0.919084 0.106403 0.993332 -0.044366 -4.486086 -0.981850 0.112009 0.153050 88.898941
0.156222 0.025154 0.987402 -0.581581 0.106283 0.993442 -0.042124 -4.506592 -0.981987 0.111525 0.152525 88.956268
0.154288 0.023178 0.987754 -0.239266 0.106155 0.993549 -0.039896 -4.527710 -0.982306 0.111012 0.150832 89.012390
0.152524 0.022325 0.988048 0.109168 0.105534 0.993661 -0.038743 -4.547012 -0.982649 0.110182 0.149202 89.068665
0.151169 0.022160 0.988259 0.464120 0.104479 0.993790 -0.038266 -4.565123 -0.982970 0.109037 0.147915 89.124878
0.149134 0.020680 0.988601 0.824012 0.103926 0.993916 -0.036470 -4.585878 -0.983341 0.108181 0.146078 89.182877
0.146858 0.017962 0.988994 1.187603 0.105003 0.993902 -0.033643 -4.605327 -0.983568 0.108789 0.144077 89.238327
0.144138 0.016131 0.989426 1.552857 0.108213 0.993613 -0.031964 -4.622144 -0.983623 0.111676 0.141472 89.290718
0.141309 0.014283 0.989863 1.920758 0.112157 0.993226 -0.030343 -4.639609 -0.983592 0.115309 0.138750 89.341286
0.136925 0.012539 0.990502 2.289755 0.113989 0.993077 -0.028330 -4.658154 -0.984001 0.116786 0.134548 89.393272
0.127639 0.014301 0.991718 2.667337 0.110189 0.993501 -0.028508 -4.672973 -0.985681 0.112916 0.125233 89.459122
0.120311 0.015345 0.992617 3.053347 0.105886 0.993977 -0.028202 -4.684207 -0.987073 0.108498 0.117962 89.530861
0.113893 0.014568 0.993387 3.476408 0.104802 0.994137 -0.026595 -4.707302 -0.987950 0.107138 0.111699 89.561356
0.107238 0.015135 0.994119 3.882220 0.106301 0.993978 -0.026600 -4.724408 -0.988535 0.108529 0.104984 89.575981
0.100335 0.017206 0.994805 4.276961 0.110011 0.993528 -0.028280 -4.739368 -0.988853 0.112277 0.097794 89.601120
0.092929 0.020439 0.995463 4.675160 0.115387 0.992832 -0.031157 -4.754054 -0.988964 0.117759 0.089905 89.622810
0.084882 0.021711 0.996154 5.084303 0.118788 0.992412 -0.031752 -4.770100 -0.989285 0.121026 0.081659 89.647652
0.076936 0.021517 0.996804 5.503814 0.119110 0.992408 -0.030617 -4.787231 -0.989896 0.121086 0.073789 89.678658
0.069934 0.021676 0.997316 5.932069 0.117949 0.992571 -0.029844 -4.804649 -0.990553 0.119721 0.066858 89.712204
0.064615 0.021940 0.997669 6.368546 0.117277 0.992662 -0.029426 -4.822962 -0.990995 0.118905 0.061568 89.742020
0.060633 0.019792 0.997964 6.821296 0.120217 0.992380 -0.026985 -4.844414 -0.990894 0.121609 0.057793 89.765877
0.057711 0.018052 0.998170 7.281642 0.123700 0.992002 -0.025094 -4.865981 -0.990640 0.124922 0.055017 89.784973
0.057468 0.017667 0.998191 7.753383 0.130055 0.991190 -0.025030 -4.885184 -0.989840 0.131259 0.054665 89.800491
0.059910 0.019177 0.998019 8.234583 0.136855 0.990216 -0.027243 -4.903238 -0.988778 0.138217 0.056700 89.818863
0.066540 0.020894 0.997565 8.727171 0.140517 0.989620 -0.030100 -4.923076 -0.987840 0.142178 0.062914 89.848129
0.079394 0.021105 0.996620 9.231120 0.141494 0.989413 -0.032224 -4.945210 -0.986750 0.143575 0.075568 89.890640
0.097384 0.020851 0.995028 9.767206 0.141497 0.989334 -0.034581 -4.966917 -0.985137 0.144162 0.093396 89.946510
0.117565 0.019612 0.992871 10.299847 0.139468 0.989569 -0.036061 -4.992274 -0.983222 0.142714 0.113604 90.019844
0.137306 0.016783 0.990386 10.852833 0.136770 0.989958 -0.035738 -5.019349 -0.981041 0.140363 0.133632 90.107773
0.155010 0.013216 0.987824 11.411775 0.132337 0.990620 -0.034020 -5.048122 -0.979009 0.136000 0.151808 90.206169
0.170334 0.012410 0.985308 11.977613 0.125897 0.991452 -0.034251 -5.080422 -0.977311 0.129881 0.167316 90.315979
0.182428 0.015190 0.983102 12.552419 0.117212 0.992414 -0.037085 -5.115728 -0.976208 0.121997 0.179264 90.434441
0.189357 0.020341 0.981698 13.136904 0.110890 0.992945 -0.041964 -5.150355 -0.975627 0.116806 0.185766 90.554070
0.191397 0.026442 0.981157 13.749541 0.107544 0.993052 -0.047743 -5.180789 -0.975603 0.114656 0.187223 90.684296
0.189370 0.030243 0.981440 14.377764 0.105183 0.993149 -0.050900 -5.211864 -0.976256 0.112871 0.184892 90.811195
0.184129 0.029589 0.982457 15.022957 0.103957 0.993353 -0.049400 -5.246895 -0.977389 0.111230 0.179829 90.930405
0.175990 0.023932 0.984101 15.679123 0.102822 0.993789 -0.042555 -5.287207 -0.979007 0.108677 0.172437 91.039330
0.166747 0.018200 0.985832 16.345587 0.102572 0.994084 -0.035702 -5.328511 -0.980650 0.107072 0.163894 91.143295
0.157418 0.014826 0.987421 17.019737 0.102782 0.994211 -0.031313 -5.366222 -0.982168 0.106420 0.154982 91.243279
0.148263 0.014238 0.988845 17.699938 0.104131 0.994113 -0.029927 -5.402184 -0.983450 0.107407 0.145908 91.337296
0.139366 0.017807 0.990081 18.383535 0.103722 0.994075 -0.032480 -5.439579 -0.984793 0.107221 0.136693 91.427811
0.130938 0.022765 0.991129 19.071693 0.103920 0.993913 -0.036558 -5.477988 -0.985928 0.107786 0.127775 91.516121
0.123662 0.026141 0.991980 19.765703 0.103771 0.993831 -0.039126 -5.517927 -0.986884 0.107777 0.120187 91.603935
0.117960 0.026026 0.992678 20.473623 0.102081 0.994042 -0.038193 -5.553191 -0.987757 0.105840 0.114601 91.692177
0.113563 0.023598 0.993250 21.189751 0.099417 0.994430 -0.034993 -5.590612 -0.988544 0.102721 0.110586 91.779152
0.110303 0.021592 0.993663 21.910244 0.098170 0.994638 -0.032511 -5.627417 -0.989038 0.101135 0.107592 91.862297
0.107757 0.020247 0.993971 22.634424 0.097807 0.994727 -0.030867 -5.663149 -0.989354 0.100543 0.105209 91.941162
0.105238 0.018556 0.994274 23.362528 0.097506 0.994815 -0.028887 -5.697945 -0.989655 0.099989 0.102883 92.018425
0.102857 0.016250 0.994564 24.094429 0.097280 0.994908 -0.026317 -5.732279 -0.989927 0.099458 0.100754 92.093758
0.101268 0.013794 0.994764 24.828844 0.096732 0.995029 -0.023645 -5.766393 -0.990146 0.098620 0.099431 92.167542
0.100056 0.015262 0.994865 25.561010 0.097452 0.994924 -0.025064 -5.801313 -0.990197 0.099460 0.098062 92.238380
0.099551 0.020051 0.994831 26.290991 0.097039 0.994835 -0.029762 -5.837208 -0.990290 0.099501 0.097091 92.309334
0.099432 0.024977 0.994731 27.020718 0.097277 0.994652 -0.034699 -5.870923 -0.990278 0.100215 0.096470 92.379349
0.099251 0.027340 0.994686 27.751665 0.097209 0.994574 -0.037038 -5.903658 -0.990303 0.100369 0.096056 92.450157
0.099169 0.025577 0.994742 28.484350 0.097144 0.994645 -0.035259 -5.939610 -0.990318 0.100130 0.096154 92.521027
0.099543 0.023623 0.994753 29.214972 0.096184 0.994807 -0.033250 -5.979066 -0.990373 0.098990 0.096754 92.593544
0.100381 0.023965 0.994660 29.941225 0.095107 0.994900 -0.033569 -6.018309 -0.990393 0.097970 0.097590 92.666977
0.101548 0.024823 0.994521 30.663898 0.092012 0.995169 -0.034234 -6.055490 -0.990567 0.094984 0.098774 92.743713
0.102116 0.023161 0.994503 31.387075 0.089439 0.995466 -0.032366 -6.092441 -0.990743 0.092253 0.099582 92.821739
0.102892 0.019589 0.994500 32.110043 0.088271 0.995682 -0.028746 -6.129483 -0.990768 0.090744 0.100719 92.898628
0.103811 0.016095 0.994467 32.831551 0.086623 0.995923 -0.025161 -6.166568 -0.990818 0.088756 0.101993 92.977112
0.105260 0.018422 0.994274 33.522362 0.080135 0.996419 -0.026947 -6.197272 -0.991210 0.082513 0.103407 93.060669
0.107676 0.022354 0.993935 34.213886 0.078389 0.996443 -0.030903 -6.227961 -0.991091 0.081241 0.105542 93.142159
0.109765 0.026381 0.993607 34.903843 0.078048 0.996332 -0.035076 -6.258124 -0.990889 0.081400 0.107304 93.221115
0.112397 0.031233 0.993173 35.592216 0.077126 0.996216 -0.040057 -6.289758 -0.990666 0.081102 0.109564 93.301674
0.115232 0.034639 0.992734 36.280724 0.073037 0.996391 -0.043244 -6.321393 -0.990650 0.077490 0.112286 93.387962
0.119411 0.034853 0.992234 36.962845 0.072364 0.996419 -0.043709 -6.358664 -0.990204 0.077022 0.116462 93.472115
0.122655 0.035354 0.991820 37.644226 0.073151 0.996325 -0.044561 -6.406706 -0.989750 0.078018 0.119619 93.556343
0.124991 0.036455 0.991488 38.332664 0.074438 0.996163 -0.046012 -6.455260 -0.989362 0.079557 0.121799 93.642097
0.125162 0.041633 0.991262 39.015831 0.072445 0.996068 -0.050982 -6.494431 -0.989488 0.078194 0.121654 93.737854
0.124796 0.045056 0.991159 39.700413 0.070560 0.996035 -0.054163 -6.529731 -0.989670 0.076696 0.121123 93.836151
0.124563 0.045367 0.991174 40.390556 0.071531 0.995943 -0.054576 -6.567983 -0.989630 0.077700 0.120812 93.927467
0.124049 0.043399 0.991326 41.083992 0.075054 0.995771 -0.052986 -6.608644 -0.989434 0.080976 0.120267 94.012520
0.123129 0.039781 0.991593 41.779526 0.077609 0.995750 -0.049585 -6.652489 -0.989351 0.083063 0.119519 94.096390
0.122515 0.037021 0.991776 42.460312 0.078258 0.995831 -0.046840 -6.698527 -0.989376 0.083354 0.119108 94.175720
0.121501 0.034917 0.991977 43.138359 0.078786 0.995888 -0.044706 -6.745639 -0.989459 0.083587 0.118250 94.253944
0.121292 0.036975 0.991928 43.818909 0.081605 0.995551 -0.047089 -6.791007 -0.989257 0.086659 0.117735 94.333305
0.120732 0.038692 0.991930 44.503139 0.086329 0.995044 -0.049322 -6.832981 -0.988924 0.091588 0.116795 94.413223
0.120339 0.039777 0.991936 45.190376 0.089806 0.994664 -0.050782 -6.873678 -0.988662 0.095193 0.116124 94.494919
0.119855 0.039673 0.991999 45.878815 0.090836 0.994572 -0.050751 -6.916695 -0.988627 0.096193 0.115600 94.579735
0.119780 0.036791 0.992118 46.570904 0.090787 0.994719 -0.047848 -6.962893 -0.988641 0.095804 0.115807 94.665779
0.120231 0.034589 0.992143 47.261353 0.092121 0.994691 -0.045841 -7.008387 -0.988462 0.096910 0.116406 94.749039
0.120968 0.033587 0.992088 47.950573 0.092983 0.994649 -0.045012 -7.052796 -0.988292 0.097693 0.117198 94.832329
0.120565 0.033802 0.992130 48.629116 0.088540 0.995071 -0.044661 -7.098892 -0.988749 0.093228 0.116978 94.928162
0.119992 0.034141 0.992188 49.307262 0.087331 0.995171 -0.044805 -7.145103 -0.988927 0.092026 0.116431 95.015106
0.119189 0.035179 0.992248 49.972221 0.088903 0.994979 -0.045955 -7.185969 -0.988883 0.093692 0.115463 95.094620
0.117678 0.037005 0.992362 50.636932 0.090029 0.994792 -0.047772 -7.224456 -0.988962 0.094964 0.113734 95.175034
0.116004 0.037581 0.992537 51.302921 0.086194 0.995133 -0.047754 -7.265806 -0.989501 0.091091 0.112201 95.259056
0.115926 0.036286 0.992594 51.969807 0.087156 0.995106 -0.046557 -7.304256 -0.989427 0.091909 0.112196 95.336632
0.116176 0.034913 0.992615 52.637386 0.091671 0.994739 -0.045717 -7.342225 -0.988989 0.096306 0.112365 95.410751
0.115532 0.034754 0.992696 53.303528 0.095778 0.994341 -0.045959 -7.381100 -0.988675 0.100388 0.111550 95.485161
0.115131 0.034772 0.992741 53.978977 0.094221 0.994498 -0.045761 -7.424123 -0.988871 0.098807 0.111222 95.566093
0.114390 0.034521 0.992836 54.658157 0.090503 0.994877 -0.045020 -7.467925 -0.989305 0.095005 0.110680 95.651245
0.114432 0.034321 0.992838 55.338406 0.089001 0.995030 -0.044655 -7.514122 -0.989437 0.093475 0.110810 95.732834
0.115387 0.033806 0.992745 56.010517 0.093472 0.994615 -0.044734 -7.557102 -0.988912 0.097957 0.111605 95.806000
0.116004 0.036583 0.992575 56.685791 0.096580 0.994170 -0.047929 -7.603525 -0.988541 0.101423 0.111796 95.881126
0.116317 0.042130 0.992318 57.356514 0.097027 0.993839 -0.053568 -7.648933 -0.988462 0.102513 0.111513 95.960205
0.116868 0.044792 0.992136 58.028252 0.095285 0.993868 -0.056095 -7.695053 -0.988566 0.101092 0.111883 96.043053
0.117078 0.043784 0.992157 58.701664 0.093832 0.994071 -0.054940 -7.740180 -0.988680 0.099529 0.112276 96.126312
0.117113 0.039595 0.992329 59.377865 0.092941 0.994382 -0.050647 -7.785521 -0.988760 0.098161 0.112775 96.208954
0.116977 0.034251 0.992544 60.055679 0.093772 0.994559 -0.045373 -7.832824 -0.988698 0.098380 0.113129 96.289177
0.116748 0.032881 0.992617 60.728485 0.092908 0.994707 -0.043878 -7.877176 -0.988807 0.097345 0.113076 96.370895
0.116421 0.034838 0.992589 61.396515 0.089488 0.994951 -0.045417 -7.923337 -0.989160 0.094114 0.112716 96.450455
0.115478 0.036586 0.992636 62.067566 0.089630 0.994860 -0.047095 -7.966012 -0.989258 0.094409 0.111605 96.537895
0.114953 0.039242 0.992595 62.735847 0.091202 0.994582 -0.049883 -8.008858 -0.989175 0.096261 0.110752 96.616104
0.114690 0.039188 0.992628 63.406921 0.094425 0.994267 -0.050164 -8.051267 -0.988903 0.099484 0.110333 96.690506
0.113818 0.035544 0.992865 64.081459 0.093539 0.994537 -0.046327 -8.093309 -0.989088 0.098145 0.109872 96.770973
0.112668 0.030752 0.993157 64.759018 0.090610 0.995038 -0.041091 -8.136372 -0.989492 0.094620 0.109324 96.855888
0.112351 0.028853 0.993250 65.432304 0.090819 0.995095 -0.039180 -8.180889 -0.989509 0.094609 0.109179 96.933884
0.112063 0.030628 0.993229 66.101906 0.093330 0.994781 -0.041207 -8.223867 -0.989309 0.097317 0.108620 97.006973
0.111136 0.034563 0.993204 66.769699 0.091980 0.994748 -0.044909 -8.261888 -0.989539 0.096346 0.107373 97.086250
0.109865 0.036347 0.993282 67.440750 0.091536 0.994714 -0.046524 -8.298384 -0.989722 0.096032 0.105957 97.165504
0.109510 0.032941 0.993440 68.116493 0.094647 0.994563 -0.043412 -8.339231 -0.989469 0.098780 0.105798 97.237839
0.109138 0.029520 0.993588 68.792671 0.095920 0.994581 -0.040085 -8.383752 -0.989387 0.099680 0.105715 97.311203
0.108191 0.031576 0.993629 69.464211 0.095866 0.994506 -0.042042 -8.425840 -0.989497 0.099804 0.104570 97.388359
0.108092 0.034286 0.993550 70.133888 0.096880 0.994285 -0.044851 -8.465232 -0.989409 0.101104 0.104153 97.462692
0.108693 0.036950 0.993388 70.803398 0.102353 0.993581 -0.048157 -8.504591 -0.988792 0.106912 0.104214 97.528954
0.108451 0.038139 0.993370 71.473679 0.105269 0.993204 -0.049626 -8.548806 -0.988512 0.109954 0.103699 97.598335
0.108152 0.040611 0.993305 72.141457 0.104318 0.993185 -0.051965 -8.595103 -0.988646 0.109240 0.103178 97.671158
0.108273 0.045029 0.993101 72.808533 0.103757 0.993005 -0.056337 -8.639764 -0.988692 0.109141 0.102844 97.744881
0.108707 0.045601 0.993028 73.479095 0.104429 0.992895 -0.057027 -8.684673 -0.988573 0.109900 0.103172 97.818733
0.109025 0.040381 0.993219 74.153519 0.103104 0.993325 -0.051704 -8.731661 -0.988677 0.108043 0.104134 97.896812
0.109640 0.034285 0.993380 74.829231 0.101722 0.993770 -0.045526 -8.779692 -0.988753 0.106040 0.105469 97.975700
0.110934 0.030859 0.993348 75.502563 0.102072 0.993878 -0.042275 -8.828320 -0.988572 0.106083 0.107105 98.047791
0.110761 0.036329 0.993183 76.163284 0.102841 0.993547 -0.047811 -8.868547 -0.988512 0.107436 0.106311 98.128693
0.111405 0.040873 0.992935 76.825630 0.104271 0.993158 -0.052581 -8.904547 -0.988290 0.109393 0.106380 98.210991
0.112219 0.042398 0.992779 77.489838 0.104471 0.993049 -0.054219 -8.941076 -0.988176 0.109801 0.107010 98.295082
0.112257 0.037425 0.992974 78.162941 0.105123 0.993235 -0.049321 -8.985250 -0.988103 0.109923 0.107564 98.378860
0.112956 0.030840 0.993121 78.836937 0.108241 0.993187 -0.043153 -9.029070 -0.987686 0.112372 0.108849 98.459953
0.114281 0.029688 0.993005 79.511658 0.112153 0.992777 -0.042589 -9.079250 -0.987097 0.116236 0.110127 98.525406
0.113937 0.036210 0.992828 80.180542 0.111023 0.992611 -0.048943 -9.124504 -0.987264 0.115805 0.109074 98.601341
0.113601 0.042935 0.992599 80.848778 0.108401 0.992566 -0.055340 -9.162845 -0.987595 0.113886 0.108102 98.679718
0.113943 0.046568 0.992395 81.517456 0.110141 0.992150 -0.059202 -9.199570 -0.987363 0.116050 0.107920 98.753716
0.115164 0.042396 0.992441 82.190041 0.114998 0.991802 -0.055713 -9.247407 -0.986667 0.120545 0.109345 98.816093
0.114837 0.037018 0.992694 82.866142 0.116384 0.991921 -0.050452 -9.304596 -0.986543 0.121328 0.109601 98.882164
0.114117 0.033408 0.992905 83.537994 0.111980 0.992632 -0.046269 -9.361736 -0.987136 0.116467 0.109536 98.960281
0.114111 0.037034 0.992778 84.206108 0.109892 0.992702 -0.049663 -9.393804 -0.987371 0.114767 0.109208 99.048965
0.114646 0.043451 0.992456 84.864960 0.112445 0.992054 -0.056423 -9.437063 -0.987022 0.118066 0.108849 99.121849
0.114939 0.047329 0.992244 85.515816 0.116019 0.991388 -0.060728 -9.483236 -0.986574 0.122100 0.108459 99.189522
0.114672 0.046708 0.992304 86.170860 0.116596 0.991357 -0.060138 -9.530777 -0.986537 0.122596 0.108234 99.261864
0.114093 0.041482 0.992604 86.826591 0.113633 0.992026 -0.054519 -9.580938 -0.986950 0.119013 0.108470 99.340225
0.113626 0.037158 0.992828 87.475037 0.109537 0.992740 -0.049691 -9.631653 -0.987466 0.114398 0.108731 99.417572
0.113176 0.034717 0.992968 88.121605 0.107276 0.993120 -0.046948 -9.679962 -0.987766 0.111835 0.108674 99.492416
0.112969 0.035178 0.992976 88.763351 0.107807 0.993038 -0.047446 -9.725206 -0.987733 0.112411 0.108391 99.562729
0.112231 0.036878 0.992998 89.400063 0.108431 0.992888 -0.049130 -9.766878 -0.987748 0.113186 0.107434 99.632652
0.111203 0.036356 0.993132 90.031235 0.109800 0.992763 -0.048638 -9.807138 -0.987714 0.114455 0.106406 99.700600
0.110216 0.034340 0.993315 90.655212 0.110476 0.992786 -0.046581 -9.847599 -0.987748 0.114872 0.105627 99.767456
0.109672 0.032476 0.993437 91.265892 0.108896 0.993056 -0.044486 -9.891187 -0.987984 0.113062 0.105374 99.834541
0.109259 0.032724 0.993475 91.855843 0.107015 0.993261 -0.044486 -9.935638 -0.988236 0.111178 0.105021 99.902046
0.108822 0.033634 0.993493 92.435242 0.108432 0.993061 -0.045498 -9.976322 -0.988129 0.112678 0.104420 99.962601
0.109390 0.035647 0.993360 93.000885 0.116464 0.992013 -0.048424 -10.009070 -0.987152 0.120989 0.104365 100.009346
0.109074 0.036214 0.993374 93.545525 0.121806 0.991318 -0.049513 -10.045198 -0.986542 0.126401 0.103715 100.057976
0.107992 0.034450 0.993555 94.069733 0.119909 0.991652 -0.047417 -10.083515 -0.986894 0.124257 0.102959 100.117126
0.107029 0.032679 0.993719 94.569214 0.115261 0.992313 -0.045048 -10.119642 -0.987552 0.119359 0.102441 100.179535
0.106641 0.031629 0.993795 95.050636 0.115347 0.992352 -0.043961 -10.153223 -0.987584 0.119320 0.102178 100.231598
0.106780 0.030995 0.993799 95.509811 0.119189 0.991907 -0.043743 -10.185978 -0.987113 0.123121 0.102222 100.273193
0.106602 0.030610 0.993830 95.948952 0.122983 0.991445 -0.043728 -10.217854 -0.986667 0.126886 0.101926 100.312363
0.105654 0.031450 0.993905 96.368736 0.124070 0.991272 -0.044555 -10.247839 -0.986633 0.128022 0.100830 100.354675
0.104494 0.032403 0.993997 96.771614 0.122585 0.991428 -0.045207 -10.274826 -0.986942 0.126574 0.099626 100.398857
0.103396 0.032228 0.994118 97.159264 0.121071 0.991634 -0.044740 -10.298966 -0.987244 0.124985 0.098629 100.441315
0.102443 0.029876 0.994290 97.523514 0.124201 0.991343 -0.042584 -10.320938 -0.986955 0.127855 0.097846 100.475143
0.101880 0.027266 0.994423 97.874649 0.127699 0.990995 -0.040255 -10.344591 -0.986566 0.131088 0.097481 100.504036
0.101078 0.026154 0.994535 98.210228 0.131343 0.990553 -0.039398 -10.367657 -0.986171 0.134608 0.096688 100.531067
0.100261 0.025775 0.994627 98.525719 0.132007 0.990482 -0.038975 -10.389654 -0.986165 0.135206 0.095905 100.561714
0.100093 0.024757 0.994669 98.820038 0.130962 0.990665 -0.037836 -10.409895 -0.986322 0.134051 0.095916 100.593391
0.099961 0.023428 0.994716 99.093124 0.128503 0.991046 -0.036256 -10.428284 -0.986659 0.131448 0.096055 100.624336
0.099256 0.022706 0.994803 99.345169 0.125991 0.991406 -0.035199 -10.444613 -0.987053 0.128832 0.095543 100.653931
0.099273 0.023003 0.994795 99.575027 0.123556 0.991710 -0.035261 -10.459232 -0.987359 0.126414 0.095609 100.682808
0.100484 0.024516 0.994637 99.783928 0.123026 0.991718 -0.036874 -10.472357 -0.987303 0.126072 0.096637 100.709526
0.103687 0.026861 0.994247 99.973251 0.123331 0.991573 -0.039651 -10.484866 -0.986934 0.126734 0.099501 100.736267
0.109545 0.028920 0.993561 100.147736 0.124170 0.991348 -0.042546 -10.497900 -0.986195 0.128032 0.105006 100.764801
0.119327 0.030516 0.992386 100.308281 0.124403 0.991191 -0.045439 -10.511759 -0.985030 0.128879 0.114480 100.798065
0.134096 0.031589 0.990465 100.456558 0.124374 0.991051 -0.048447 -10.524386 -0.983132 0.129686 0.128967 100.836838
0.151999 0.031228 0.987888 100.575790 0.123388 0.991082 -0.050315 -10.533812 -0.980648 0.129542 0.146790 100.873459
0.171541 0.028367 0.984768 100.715775 0.123235 0.991115 -0.050018 -10.544580 -0.977439 0.129939 0.166522 100.920746
0.195186 0.024566 0.980458 100.855194 0.123064 0.991171 -0.049334 -10.555566 -0.973015 0.130289 0.190439 100.975227
0.222980 0.021289 0.974590 100.990898 0.120531 0.991488 -0.049236 -10.567879 -0.967343 0.128447 0.218517 101.039764
0.252106 0.019624 0.967501 101.124443 0.115382 0.992052 -0.050188 -10.581791 -0.960796 0.124285 0.247838 101.114174
0.283879 0.019009 0.958672 101.253654 0.108380 0.992759 -0.051779 -10.596421 -0.952715 0.118601 0.279763 101.197098
0.319399 0.018716 0.947435 101.374504 0.100286 0.993522 -0.053435 -10.611458 -0.942298 0.112082 0.315453 101.288223
0.355347 0.019706 0.934527 101.488831 0.091503 0.994241 -0.055759 -10.626668 -0.930245 0.105326 0.351498 101.385941
0.389875 0.022341 0.920597 101.602371 0.081253 0.994971 -0.058557 -10.642010 -0.917276 0.097632 0.386099 101.489998
0.424755 0.024947 0.904964 101.712112 0.072381 0.995483 -0.061416 -10.657423 -0.902409 0.091590 0.421032 101.596046
0.461568 0.026855 0.886698 101.822189 0.065458 0.995786 -0.064232 -10.672682 -0.884686 0.087690 0.457865 101.705803
0.498748 0.028649 0.866274 101.932045 0.058904 0.996022 -0.066854 -10.688387 -0.864742 0.084371 0.495077 101.821320
0.535950 0.030473 0.843700 102.040909 0.051447 0.996312 -0.068666 -10.704660 -0.842680 0.080209 0.532406 101.943710
0.573601 0.032407 0.818493 102.147354 0.041706 0.996766 -0.068693 -10.721471 -0.818072 0.073539 0.570394 102.074303
0.611957 0.033931 0.790163 102.251984 0.033639 0.997058 -0.068868 -10.736943 -0.790175 0.068725 0.609016 102.208740
0.650357 0.035437 0.758802 102.353798 0.028516 0.997067 -0.071006 -10.752227 -0.759093 0.067818 0.647439 102.345016
0.687834 0.036526 0.724948 102.456192 0.025071 0.996941 -0.074018 -10.769378 -0.725434 0.069088 0.684815 102.491371
0.723426 0.038591 0.689322 102.555069 0.020224 0.996823 -0.077030 -10.787355 -0.690105 0.069666 0.720348 102.651054
0.755945 0.042158 0.653276 102.650551 0.013399 0.996718 -0.079827 -10.805655 -0.654498 0.069099 0.752899 102.822807
0.784781 0.046823 0.618002 102.744034 0.004744 0.996658 -0.081537 -10.825572 -0.619754 0.066921 0.781937 103.005661
0.810440 0.050852 0.583610 102.838760 -0.003425 0.996619 -0.082083 -10.846531 -0.585812 0.064525 0.807874 103.198723
0.833692 0.054006 0.549583 102.932793 -0.008941 0.996395 -0.084351 -10.866316 -0.552157 0.065410 0.831170 103.398621
0.855855 0.055225 0.514260 103.026230 -0.012688 0.996226 -0.085865 -10.887617 -0.517061 0.066964 0.853325 103.605385
0.875369 0.056611 0.480131 103.116165 -0.017105 0.996125 -0.086266 -10.910322 -0.483154 0.067302 0.872944 103.821419
0.892322 0.058561 0.447586 103.201561 -0.022057 0.996021 -0.086345 -10.933186 -0.450861 0.067175 0.890063 104.046387
0.908279 0.061478 0.413823 103.282448 -0.028040 0.995864 -0.086405 -10.955732 -0.417424 0.066877 0.906248 104.281624
0.923055 0.063892 0.379324 103.360268 -0.033201 0.995662 -0.086914 -10.979378 -0.383232 0.067633 0.921173 104.525543
0.935931 0.065414 0.346058 103.434334 -0.037173 0.995459 -0.087630 -11.004832 -0.350218 0.069152 0.934112 104.778397
0.947720 0.065126 0.312387 103.505501 -0.039653 0.995399 -0.087220 -11.031946 -0.316630 0.070274 0.945942 105.041100
0.958767 0.063103 0.277100 103.572380 -0.040265 0.995362 -0.087355 -11.060362 -0.281328 0.072596 0.956862 105.312622
0.968501 0.064714 0.240456 103.623787 -0.044218 0.994988 -0.089680 -11.086422 -0.245054 0.076224 0.966509 105.628326
0.976786 0.068320 0.203031 103.663841 -0.050580 0.994535 -0.091327 -11.112062 -0.208161 0.078939 0.974903 105.967728
0.983794 0.072673 0.163915 103.696571 -0.058026 0.994024 -0.092450 -11.138766 -0.169654 0.081441 0.982133 106.313225
0.989283 0.074833 0.125378 103.725990 -0.063190 0.993526 -0.094401 -11.168072 -0.131630 0.085468 0.987607 106.668678
0.993203 0.075386 0.088685 103.745720 -0.066747 0.993078 -0.096646 -11.201078 -0.095357 0.090071 0.991359 107.037842
0.995480 0.078338 0.053696 103.751877 -0.072599 0.992174 -0.101586 -11.233997 -0.061234 0.097229 0.993377 107.415390
0.996336 0.083088 0.020294 103.746262 -0.080513 0.991176 -0.105297 -11.269085 -0.028864 0.103278 0.994234 107.807198
0.996406 0.084301 -0.008357 103.740028 -0.084712 0.990842 -0.105143 -11.307962 -0.000583 0.105473 0.994422 108.218498
0.996021 0.084612 -0.027992 103.732475 -0.087083 0.990786 -0.103721 -11.350373 0.018958 0.105747 0.994212 108.647919
0.995564 0.084829 -0.040712 103.723900 -0.088633 0.990710 -0.103140 -11.395720 0.031585 0.106292 0.993833 109.093246
0.995252 0.083403 -0.050166 103.715508 -0.088221 0.990753 -0.103076 -11.443724 0.041106 0.107012 0.993408 109.553413
0.994918 0.081869 -0.058620 103.704292 -0.087573 0.990874 -0.102461 -11.494254 0.049697 0.107074 0.993008 110.031029
0.994437 0.081505 -0.066724 103.666519 -0.088216 0.990579 -0.104739 -11.551286 0.057559 0.110043 0.992258 110.553719
0.993803 0.082533 -0.074450 103.615517 -0.090232 0.990180 -0.106776 -11.611087 0.064907 0.112833 0.991492 111.103363
0.993133 0.084164 -0.081258 103.558968 -0.092647 0.989936 -0.106975 -11.673576 0.071438 0.113769 0.990935 111.676682
0.992606 0.085338 -0.086325 103.502098 -0.094351 0.989838 -0.106377 -11.739628 0.076370 0.113736 0.990571 112.269127
0.992487 0.085499 -0.087521 103.433578 -0.094613 0.989863 -0.105920 -11.815245 0.077578 0.113405 0.990515 112.889969
0.992323 0.085868 -0.089005 103.362877 -0.095118 0.989859 -0.105503 -11.892731 0.079044 0.113160 0.990428 113.522377
0.992270 0.085156 -0.090276 103.306030 -0.094595 0.989852 -0.106036 -11.967904 0.080331 0.113756 0.990256 114.174538
0.992314 0.084128 -0.090747 103.255035 -0.093667 0.989884 -0.106559 -12.044582 0.080865 0.114240 0.990157 114.849991
0.992345 0.082738 -0.091680 103.191612 -0.092307 0.990116 -0.105580 -12.118116 0.082039 0.113235 0.990176 115.533691
0.992212 0.084000 -0.091975 103.109016 -0.093434 0.990222 -0.103584 -12.198082 0.082374 0.111372 0.990359 116.262886
0.992229 0.083796 -0.091983 103.030495 -0.093101 0.990416 -0.102018 -12.282286 0.082553 0.109788 0.990521 117.003036
0.992030 0.083477 -0.094392 102.961205 -0.093132 0.990313 -0.102984 -12.367390 0.084882 0.110955 0.990194 117.757095
0.991816 0.084624 -0.095601 102.862846 -0.094554 0.990006 -0.104620 -12.454212 0.085792 0.112804 0.989906 118.535385
0.991547 0.085499 -0.097599 102.778099 -0.095696 0.989849 -0.105075 -12.531385 0.087624 0.113528 0.989663 119.326813
0.991177 0.087481 -0.099571 102.690384 -0.097862 0.989683 -0.104642 -12.609776 0.089389 0.113464 0.989513 120.127251
0.990888 0.088451 -0.101575 102.601608 -0.098813 0.989867 -0.101970 -12.690662 0.091527 0.111078 0.989588 120.938034
0.990645 0.089102 -0.103361 102.492065 -0.099506 0.989969 -0.100292 -12.802135 0.093389 0.109640 0.989574 121.781906
0.990229 0.089786 -0.106702 102.378960 -0.100555 0.989869 -0.100241 -12.914127 0.096621 0.109992 0.989225 122.629623
0.989773 0.089964 -0.110705 102.261719 -0.101070 0.989924 -0.099171 -13.027997 0.100667 0.109346 0.988893 123.478699
0.989275 0.089714 -0.115265 102.151108 -0.101210 0.990018 -0.098089 -13.125870 0.105314 0.108703 0.988480 124.346642
0.988720 0.089913 -0.119784 102.034882 -0.101959 0.989895 -0.098545 -13.216764 0.109714 0.109648 0.987897 125.226334
0.988136 0.091375 -0.123442 101.894646 -0.103804 0.989727 -0.098310 -13.310829 0.113191 0.109959 0.987469 126.118317
0.987546 0.091989 -0.127638 101.766541 -0.104684 0.989803 -0.096593 -13.406898 0.117451 0.108753 0.987106 127.016708
0.987076 0.093658 -0.130033 101.622734 -0.106300 0.989888 -0.093927 -13.507601 0.119922 0.106536 0.987051 127.923004
0.986652 0.094417 -0.132676 101.475372 -0.106995 0.990078 -0.091092 -13.609873 0.122760 0.104072 0.986965 128.836975
0.986339 0.093842 -0.135385 101.334740 -0.106475 0.990298 -0.089284 -13.712221 0.125693 0.102479 0.986762 129.747421
0.986055 0.093180 -0.137888 101.210823 -0.105757 0.990590 -0.086870 -13.804867 0.128496 0.100242 0.986630 130.654648
0.985990 0.092230 -0.138986 101.067184 -0.104549 0.990956 -0.084101 -13.900253 0.129973 0.097456 0.986716 131.555161
0.985686 0.091421 -0.141654 100.945015 -0.103677 0.991250 -0.081689 -13.990246 0.132947 0.095207 0.986539 132.453613
0.985626 0.090619 -0.142586 100.813202 -0.102995 0.991301 -0.081933 -14.073400 0.133921 0.095441 0.986385 133.349899
0.985738 0.089589 -0.142465 100.681831 -0.101991 0.991378 -0.082261 -14.161097 0.133867 0.095618 0.986375 134.239044
0.985875 0.089006 -0.141871 100.550858 -0.101410 0.991398 -0.082732 -14.252902 0.133288 0.095951 0.986421 135.127533
0.986190 0.087800 -0.140427 100.416725 -0.100177 0.991448 -0.083633 -14.350285 0.131883 0.096546 0.986552 136.012360
0.986704 0.085541 -0.138194 100.282883 -0.097809 0.991606 -0.084551 -14.449171 0.129801 0.096944 0.986790 136.909790
0.987369 0.084222 -0.134200 100.143295 -0.096100 0.991767 -0.084629 -14.550032 0.125968 0.096459 0.987334 137.806976
0.987795 0.082747 -0.131967 100.022072 -0.094532 0.991827 -0.085684 -14.643538 0.123799 0.097113 0.987544 138.725876
0.988395 0.080709 -0.128690 99.911499 -0.092195 0.992025 -0.085940 -14.734770 0.120728 0.096808 0.987954 139.628159
0.989038 0.078054 -0.125346 99.797485 -0.089152 0.992341 -0.085502 -14.830588 0.117712 0.095741 0.988422 140.519470
0.989611 0.075975 -0.122054 99.686012 -0.086672 0.992616 -0.084857 -14.925673 0.114705 0.094553 0.988889 141.405457
0.990172 0.073561 -0.118948 99.577675 -0.083933 0.992867 -0.084677 -15.021063 0.111872 0.093830 0.989282 142.289322
0.990668 0.070835 -0.116450 99.471565 -0.080975 0.993103 -0.084776 -15.115629 0.109642 0.093415 0.989572 143.171005
0.990937 0.069076 -0.115205 99.368828 -0.079034 0.993306 -0.084230 -15.203346 0.108616 0.092572 0.989764 144.043732
0.991107 0.069187 -0.113661 99.261322 -0.078570 0.993673 -0.080254 -15.291332 0.107389 0.088471 0.990273 144.909103
0.991209 0.069175 -0.112784 99.161385 -0.077972 0.994089 -0.075545 -15.377956 0.106892 0.083675 0.990743 145.762802
0.991355 0.070702 -0.110528 99.044525 -0.079099 0.994150 -0.073528 -15.460188 0.104683 0.081636 0.991150 146.594528
0.991406 0.071470 -0.109567 98.933891 -0.079720 0.994151 -0.072857 -15.538706 0.103720 0.080967 0.991305 147.418060
0.991534 0.071813 -0.108181 98.822845 -0.079981 0.994107 -0.073159 -15.612850 0.102290 0.081193 0.991436 148.215073
0.991440 0.071876 -0.108996 98.732307 -0.080258 0.993981 -0.074560 -15.693756 0.102981 0.082670 0.991241 148.987961
0.991473 0.071866 -0.108703 98.631531 -0.080464 0.993787 -0.076889 -15.768484 0.102502 0.084981 0.991096 149.744370
0.991335 0.072411 -0.109598 98.542740 -0.081395 0.993479 -0.079837 -15.842411 0.103103 0.088066 0.990764 150.470261
0.991317 0.071227 -0.110531 98.458542 -0.080525 0.993368 -0.082063 -15.922985 0.103953 0.090252 0.990478 151.172913
0.991149 0.071754 -0.111698 98.376457 -0.081149 0.993325 -0.081968 -16.003883 0.105071 0.090307 0.990356 151.850464
0.991021 0.072884 -0.112098 98.286308 -0.082203 0.993329 -0.080875 -16.078892 0.105456 0.089364 0.990400 152.506973
0.990923 0.073745 -0.112394 98.197510 -0.083050 0.993289 -0.080486 -16.149008 0.105704 0.089091 0.990398 153.135681
0.990712 0.074743 -0.113593 98.122566 -0.084095 0.993249 -0.079885 -16.218878 0.106856 0.088696 0.990310 153.736435
0.990637 0.075967 -0.113429 98.032730 -0.085212 0.993224 -0.079019 -16.282803 0.106658 0.087946 0.990399 154.323715
0.990572 0.076044 -0.113945 97.958191 -0.085509 0.993070 -0.080618 -16.344631 0.107025 0.089602 0.990211 154.882538
0.990620 0.076668 -0.113118 97.875206 -0.086194 0.992908 -0.081870 -16.401413 0.106039 0.090852 0.990202 155.424744
0.990676 0.077040 -0.112372 97.800491 -0.086503 0.992878 -0.081912 -16.454460 0.105261 0.090870 0.990284 155.945511
0.990670 0.077249 -0.112273 97.738663 -0.086638 0.992916 -0.081298 -16.507824 0.105198 0.090267 0.990346 156.443192
0.990784 0.076364 -0.111872 97.679665 -0.085711 0.993000 -0.081263 -16.558064 0.104884 0.090103 0.990394 156.919998
0.990851 0.075752 -0.111692 97.621246 -0.085051 0.993080 -0.080973 -16.607670 0.104785 0.089732 0.990438 157.386459
0.990814 0.076181 -0.111740 97.569824 -0.085317 0.993186 -0.079383 -16.651005 0.104931 0.088189 0.990562 157.820145
0.990876 0.075976 -0.111325 97.519943 -0.084953 0.993308 -0.078240 -16.693054 0.104635 0.086985 0.990699 158.242111
0.990947 0.076915 -0.110038 97.470795 -0.085808 0.993215 -0.078495 -16.734541 0.103254 0.087227 0.990823 158.651047
0.991200 0.078238 -0.106779 97.424568 -0.086900 0.993077 -0.079035 -16.774561 0.099856 0.087620 0.991137 159.048019
0.991669 0.079034 -0.101722 97.382683 -0.087297 0.993003 -0.079523 -16.813318 0.094726 0.087741 0.991629 159.434113
0.992271 0.078196 -0.096356 97.345055 -0.086097 0.993007 -0.080775 -16.851654 0.089365 0.088448 0.992064 159.809067
0.992856 0.076398 -0.091658 97.309143 -0.084023 0.993048 -0.082425 -16.889454 0.084724 0.089539 0.992373 160.175186
0.993410 0.074831 -0.086814 97.274857 -0.082117 0.993108 -0.083620 -16.927082 0.079959 0.090198 0.992708 160.528687
0.993906 0.073870 -0.081810 97.241615 -0.080758 0.993157 -0.084354 -16.962456 0.075019 0.090448 0.993072 160.864807
0.994295 0.073404 -0.077391 97.210213 -0.079969 0.993128 -0.085447 -16.997295 0.070587 0.091149 0.993332 161.183228
0.994708 0.072227 -0.073070 97.180580 -0.078556 0.993034 -0.087809 -17.031607 0.066218 0.093085 0.993454 161.492996
0.995137 0.070628 -0.068654 97.152710 -0.076696 0.992967 -0.090178 -17.065428 0.061802 0.095005 0.993556 161.797836
0.995468 0.069719 -0.064678 97.125107 -0.075490 0.992934 -0.091551 -17.098227 0.057838 0.096019 0.993698 162.099533
0.995792 0.068564 -0.060814 97.106087 -0.074033 0.992930 -0.092777 -17.128815 0.054023 0.096890 0.993828 162.357712
0.996102 0.067199 -0.057156 97.092682 -0.072390 0.992919 -0.094193 -17.150772 0.050422 0.097963 0.993911 162.609772
0.996345 0.065665 -0.054636 97.090775 -0.070622 0.993028 -0.094374 -17.180429 0.048059 0.097888 0.994037 162.833252
0.996491 0.064698 -0.053104 97.090073 -0.069543 0.993033 -0.095118 -17.208254 0.046580 0.098477 0.994048 163.053665
0.996598 0.063922 -0.052029 97.089088 -0.068702 0.993011 -0.095958 -17.232546 0.045533 0.099207 0.994024 163.270660
0.996698 0.062799 -0.051470 97.084595 -0.067571 0.992996 -0.096908 -17.259327 0.045025 0.100067 0.993961 163.484161
0.996761 0.061888 -0.051363 97.077980 -0.066673 0.993010 -0.097391 -17.286125 0.044977 0.100501 0.993920 163.697144
0.996751 0.062061 -0.051344 97.059586 -0.066839 0.993010 -0.097275 -17.310356 0.044949 0.100391 0.993932 163.939346
0.996742 0.061898 -0.051720 97.041245 -0.066754 0.992931 -0.098143 -17.334393 0.045279 0.101277 0.993828 164.186356
0.996982 0.057017 -0.052682 97.036064 -0.062110 0.992976 -0.100703 -17.371075 0.046570 0.103673 0.993520 164.457001
0.997168 0.052714 -0.053635 97.034004 -0.057966 0.993134 -0.101605 -17.400566 0.047911 0.104426 0.993378 164.743134
0.997113 0.052983 -0.054396 97.009880 -0.058256 0.993238 -0.100417 -17.436697 0.048707 0.103297 0.993457 165.051041
0.996834 0.055849 -0.056588 96.992432 -0.061304 0.993123 -0.099733 -17.473885 0.050629 0.102888 0.993404 165.373917
0.996541 0.059159 -0.058363 96.966698 -0.064745 0.992980 -0.098985 -17.510563 0.052098 0.102421 0.993375 165.711533
0.996311 0.061398 -0.059951 96.942238 -0.067095 0.992907 -0.098151 -17.547367 0.053500 0.101811 0.993364 166.056030
0.996070 0.062792 -0.062468 96.913658 -0.068701 0.992870 -0.097415 -17.587925 0.055906 0.101324 0.993282 166.422333
0.995805 0.065039 -0.064352 96.880341 -0.071045 0.992851 -0.095915 -17.625736 0.057654 0.100085 0.993307 166.801224
0.995621 0.064383 -0.067784 96.856926 -0.070701 0.992930 -0.095351 -17.661856 0.061166 0.099727 0.993133 167.192871
0.995617 0.061944 -0.070064 96.839561 -0.068507 0.993066 -0.095524 -17.699612 0.063662 0.099907 0.992958 167.583450
0.995784 0.057121 -0.071768 96.819191 -0.063946 0.993256 -0.096702 -17.743731 0.065760 0.100884 0.992722 167.983170
0.995659 0.057251 -0.073386 96.790878 -0.064167 0.993345 -0.095641 -17.787159 0.067422 0.099936 0.992707 168.401611
0.995383 0.059868 -0.075027 96.755943 -0.066821 0.993338 -0.093879 -17.834154 0.068907 0.098459 0.992752 168.826675
0.994983 0.064411 -0.076559 96.705193 -0.071461 0.993077 -0.093224 -17.879734 0.070025 0.098228 0.992697 169.287079
0.994695 0.066904 -0.078146 96.650543 -0.074230 0.992711 -0.094946 -17.928038 0.071224 0.100244 0.992410 169.766251
0.994519 0.067122 -0.080165 96.601974 -0.074776 0.992508 -0.096623 -17.979664 0.073079 0.102089 0.992088 170.257263
0.994551 0.064483 -0.081910 96.557014 -0.072245 0.992792 -0.095621 -18.031927 0.075153 0.101019 0.992041 170.765778
0.994602 0.062116 -0.083123 96.510094 -0.069921 0.993062 -0.094540 -18.083210 0.076674 0.099843 0.992044 171.284485
0.994509 0.061853 -0.084415 96.459457 -0.069753 0.993116 -0.094091 -18.134727 0.078014 0.099463 0.991978 171.811386
0.994331 0.062542 -0.085986 96.397423 -0.070640 0.993004 -0.094613 -18.187981 0.079467 0.100152 0.991793 172.384247
0.994294 0.062269 -0.086616 96.329140 -0.070407 0.993050 -0.094306 -18.246334 0.080141 0.099867 0.991768 172.983398
0.994251 0.063033 -0.086554 96.249046 -0.071176 0.992981 -0.094456 -18.308882 0.079993 0.100074 0.991760 173.606644
0.994132 0.062769 -0.088095 96.167145 -0.071085 0.992968 -0.094662 -18.371222 0.081534 0.100369 0.991603 174.239990
0.994043 0.061785 -0.089787 96.088676 -0.070298 0.992995 -0.094966 -18.435131 0.083291 0.100714 0.991423 174.877670
0.993880 0.062000 -0.091424 96.022942 -0.070631 0.993026 -0.094394 -18.509727 0.084934 0.100274 0.991328 175.543732
0.993667 0.062400 -0.093453 95.954018 -0.071196 0.993027 -0.093957 -18.587698 0.086939 0.100016 0.991181 176.227188
0.993425 0.061882 -0.096318 95.894608 -0.070917 0.993100 -0.093395 -18.663219 0.089874 0.099612 0.990959 176.925171
0.993260 0.062046 -0.097902 95.834625 -0.071179 0.993143 -0.092729 -18.738813 0.091478 0.099073 0.990867 177.630676
0.993114 0.062299 -0.099209 95.773254 -0.071488 0.993195 -0.091936 -18.815079 0.092808 0.098396 0.990810 178.345032
0.992920 0.062237 -0.101176 95.703377 -0.071585 0.993223 -0.091552 -18.892422 0.094793 0.098147 0.990647 179.082230
0.992812 0.062530 -0.102059 95.627876 -0.071911 0.993253 -0.090976 -18.970850 0.095682 0.097661 0.990609 179.838837
0.992687 0.062564 -0.103246 95.552933 -0.072154 0.993147 -0.091931 -19.051323 0.096787 0.098710 0.990399 180.611420
0.992562 0.063594 -0.103813 95.462959 -0.073265 0.993045 -0.092160 -19.136421 0.097230 0.099081 0.990318 181.402252
0.992476 0.063712 -0.104558 95.372757 -0.073503 0.992985 -0.092621 -19.218550 0.097924 0.099610 0.990196 182.210632
0.992647 0.062447 -0.103691 95.269958 -0.072159 0.993074 -0.092716 -19.298492 0.097183 0.099516 0.990278 183.031662
0.992672 0.062000 -0.103728 95.174828 -0.071648 0.993175 -0.092028 -19.381756 0.097315 0.098786 0.990339 183.863785
0.992778 0.061851 -0.102785 95.066628 -0.071283 0.993317 -0.090776 -19.467720 0.096484 0.097449 0.990552 184.704376
0.992716 0.062116 -0.103232 94.969620 -0.071444 0.993442 -0.089261 -19.554037 0.097011 0.095986 0.990644 185.555237
0.992667 0.061946 -0.103795 94.889061 -0.071206 0.993571 -0.088013 -19.646879 0.097676 0.094759 0.990696 186.415207
0.992692 0.062459 -0.103260 94.804207 -0.071638 0.993566 -0.087707 -19.743153 0.097117 0.094463 0.990780 187.289520
0.993071 0.062073 -0.099789 94.680756 -0.071081 0.993455 -0.089402 -19.837830 0.093586 0.095876 0.990984 188.184235
0.993504 0.061518 -0.095737 94.544884 -0.070228 0.993423 -0.090429 -19.926834 0.089545 0.096566 0.991290 189.074875
0.993853 0.059918 -0.093090 94.428696 -0.068356 0.993569 -0.090268 -20.022133 0.087083 0.096077 0.991557 189.975479
0.994140 0.056743 -0.092001 94.346924 -0.065041 0.993829 -0.089841 -20.120022 0.086336 0.095299 0.991698 190.876343
0.994395 0.054716 -0.090468 94.245056 -0.063071 0.993737 -0.092235 -20.211838 0.084856 0.097425 0.991619 191.772461
0.994541 0.053688 -0.089481 94.148773 -0.062167 0.993549 -0.094835 -20.302448 0.083813 0.099881 0.991463 192.668137
0.994745 0.053588 -0.087235 94.036240 -0.061772 0.993654 -0.093990 -20.402515 0.081646 0.098885 0.991744 193.560104
0.994793 0.053054 -0.087024 93.921379 -0.061123 0.993803 -0.092836 -20.502739 0.081560 0.097671 0.991871 194.451630
0.994814 0.053120 -0.086744 93.806297 -0.061002 0.993990 -0.090892 -20.602142 0.081394 0.095712 0.992075 195.342514
0.994771 0.052160 -0.087799 93.737038 -0.060055 0.994145 -0.089824 -20.704409 0.082601 0.094627 0.992080 196.230667
0.994749 0.051782 -0.088276 93.665405 -0.059682 0.994213 -0.089324 -20.808220 0.083140 0.094124 0.992083 197.118286
0.994656 0.050808 -0.089871 93.599869 -0.058846 0.994276 -0.089170 -20.912531 0.084826 0.093983 0.991953 198.002060
0.994635 0.049347 -0.090928 93.520760 -0.057570 0.994263 -0.090136 -21.010481 0.085959 0.094888 0.991770 198.877258
0.994571 0.047342 -0.092665 93.428947 -0.055834 0.994257 -0.091291 -21.102901 0.087812 0.095970 0.991503 199.754898
0.994418 0.045240 -0.095323 93.334038 -0.054056 0.994288 -0.092023 -21.194176 0.090615 0.096664 0.991183 200.635391
0.994077 0.043975 -0.099383 93.236549 -0.053038 0.994486 -0.090463 -21.286095 0.094858 0.095198 0.990928 201.513138
0.993631 0.043059 -0.104136 93.139229 -0.052361 0.994716 -0.088306 -21.379932 0.099783 0.093197 0.990635 202.382355
0.993072 0.043221 -0.109267 93.040535 -0.052776 0.994885 -0.086117 -21.473501 0.104987 0.091287 0.990275 203.239883
0.992448 0.044179 -0.114434 92.945221 -0.053981 0.995000 -0.084029 -21.563599 0.110151 0.089573 0.989870 204.076218
0.991913 0.045142 -0.118625 92.849167 -0.055031 0.995156 -0.081457 -21.650440 0.114373 0.087326 0.989592 204.898575
0.991512 0.045756 -0.121695 92.750473 -0.055604 0.995337 -0.078801 -21.735218 0.117522 0.084899 0.989434 205.706985
0.991204 0.047223 -0.123637 92.649284 -0.057075 0.995365 -0.077395 -21.818930 0.119409 0.083771 0.989305 206.500366
0.991038 0.048403 -0.124500 92.541618 -0.058108 0.995448 -0.075536 -21.905712 0.120277 0.082094 0.989340 207.264709
0.990914 0.048766 -0.125350 92.433067 -0.058416 0.995509 -0.074486 -21.991013 0.121154 0.081133 0.989312 208.010101
0.990771 0.049483 -0.126185 92.347023 -0.059149 0.995498 -0.074047 -22.041870 0.121953 0.080829 0.989239 208.747772
0.990823 0.050621 -0.125324 92.249130 -0.060053 0.995546 -0.072668 -22.115473 0.121087 0.079527 0.989451 209.455048
0.990900 0.051217 -0.124469 92.151779 -0.060597 0.995505 -0.072772 -22.183361 0.120184 0.079654 0.989551 210.140015
0.991017 0.051323 -0.123501 92.064026 -0.060640 0.995493 -0.072908 -22.248924 0.119202 0.079742 0.989663 210.811920
0.991244 0.050684 -0.121928 91.982109 -0.059860 0.995548 -0.072804 -22.312704 0.117697 0.079466 0.989865 211.464432
0.991485 0.050896 -0.119859 91.904922 -0.059814 0.995608 -0.072013 -22.377132 0.115667 0.078570 0.990175 212.094360
0.991809 0.050686 -0.117245 91.830666 -0.059472 0.995579 -0.072693 -22.438667 0.113043 0.079071 0.990438 212.709015
0.992165 0.050549 -0.114254 91.756058 -0.059413 0.995370 -0.075554 -22.497993 0.109906 0.081751 0.990575 213.307526
0.992201 0.050040 -0.114165 91.748619 -0.059180 0.995185 -0.078129 -22.561691 0.109706 0.084276 0.990385 213.888672
0.992816 0.049412 -0.108971 91.748627 -0.058370 0.995035 -0.080611 -22.625561 0.104447 0.086393 0.990771 214.463120
0.993394 0.049212 -0.103670 91.684563 -0.057743 0.995043 -0.080958 -22.687195 0.099172 0.086409 0.991311 215.048859
0.994039 0.048373 -0.097705 91.602158 -0.056380 0.995124 -0.080928 -22.750805 0.093315 0.085954 0.991919 215.638458
0.994425 0.046721 -0.094529 91.567665 -0.054557 0.995129 -0.082089 -22.808374 0.090234 0.086789 0.992132 216.220245
0.995022 0.044975 -0.088937 91.532188 -0.052446 0.995124 -0.083526 -22.863659 0.084746 0.087775 0.992529 216.796310
0.995469 0.044677 -0.083948 91.482605 -0.051770 0.995094 -0.084300 -22.919617 0.079770 0.088265 0.992897 217.368668
0.995825 0.045298 -0.079249 91.411552 -0.052001 0.995051 -0.084668 -22.976122 0.075022 0.088436 0.993253 217.939270
0.996192 0.043316 -0.075667 91.350410 -0.049791 0.995059 -0.085888 -23.034252 0.071573 0.089330 0.993427 218.500839
0.996467 0.040565 -0.073546 91.311066 -0.046830 0.995232 -0.085551 -23.098022 0.069725 0.088694 0.993615 219.060776
0.996647 0.039051 -0.071900 91.262283 -0.045156 0.995328 -0.085337 -23.162663 0.068233 0.088299 0.993755 219.612030
0.996698 0.038693 -0.071375 91.211319 -0.044792 0.995294 -0.085916 -23.219177 0.067714 0.088830 0.993742 220.150391
0.996696 0.037998 -0.071791 91.163429 -0.044174 0.995274 -0.086476 -23.272543 0.068166 0.089362 0.993663 220.678589
0.996651 0.036607 -0.073122 91.118347 -0.042867 0.995375 -0.085967 -23.325949 0.069637 0.088815 0.993610 221.198196
0.996502 0.034553 -0.076094 91.085350 -0.041026 0.995516 -0.085219 -23.377529 0.072808 0.088044 0.993452 221.697937
0.996286 0.033392 -0.079364 91.051201 -0.040156 0.995552 -0.085218 -23.431002 0.076166 0.088088 0.993196 222.188492
0.995765 0.034244 -0.085321 91.020180 -0.041623 0.995402 -0.086258 -23.480049 0.081976 0.089445 0.992612 222.655670
0.995276 0.035497 -0.090360 90.977928 -0.043318 0.995343 -0.086108 -23.530537 0.086883 0.089616 0.992179 223.118423
0.994875 0.036381 -0.094339 90.936821 -0.044571 0.995280 -0.086205 -23.580624 0.090758 0.089970 0.991801 223.577301
0.994524 0.035258 -0.098383 90.897316 -0.043912 0.995219 -0.087233 -23.630449 0.094838 0.091076 0.991318 224.033768
0.994197 0.032705 -0.102485 90.858238 -0.041863 0.995193 -0.088523 -23.680527 0.099098 0.092301 0.990788 224.488708
0.993766 0.031197 -0.107031 90.804184 -0.040730 0.995281 -0.088069 -23.729109 0.103778 0.091881 0.990347 224.936401
0.993222 0.031714 -0.111827 90.747925 -0.041548 0.995365 -0.086731 -23.781069 0.108558 0.090791 0.989936 225.379654
0.992687 0.031845 -0.116445 90.686836 -0.042024 0.995405 -0.086034 -23.831646 0.113170 0.090298 0.989463 225.821930
0.992051 0.032894 -0.121465 90.628708 -0.043511 0.995360 -0.085814 -23.877792 0.118078 0.090417 0.988879 226.263748
0.991459 0.034055 -0.125892 90.576103 -0.045066 0.995303 -0.085674 -23.924145 0.122383 0.090617 0.988337 226.703812
0.990969 0.035193 -0.129393 90.523804 -0.046522 0.995243 -0.085596 -23.970615 0.125766 0.090843 0.987892 227.142075
0.990712 0.035381 -0.131296 90.473961 -0.046935 0.995190 -0.085978 -24.016754 0.127623 0.091343 0.987608 227.577301
0.990662 0.034672 -0.131859 90.426399 -0.046318 0.995191 -0.086306 -24.062344 0.128232 0.091608 0.987504 228.011414
0.990794 0.033195 -0.131248 90.380951 -0.044786 0.995256 -0.086359 -24.107121 0.127760 0.091442 0.987581 228.444565
0.990989 0.032891 -0.129842 90.334930 -0.044326 0.995292 -0.086181 -24.151499 0.126396 0.091161 0.987782 228.876236
0.991080 0.033427 -0.129012 90.279022 -0.044781 0.995276 -0.086137 -24.198483 0.125523 0.091147 0.987895 229.302856
0.991378 0.033032 -0.126804 90.213554 -0.044390 0.995147 -0.087818 -24.238853 0.123289 0.092690 0.988032 229.729233
0.991675 0.031968 -0.124735 90.150597 -0.043176 0.995166 -0.088199 -24.286449 0.121313 0.092851 0.988262 230.165207
0.992099 0.027646 -0.122368 90.098541 -0.038339 0.995565 -0.085902 -24.332815 0.119452 0.089915 0.988760 230.614517
0.992547 0.024729 -0.119327 90.042252 -0.035131 0.995685 -0.085875 -24.369072 0.116689 0.089428 0.989134 231.068115
0.992756 0.025769 -0.117351 89.985924 -0.036094 0.995579 -0.086716 -24.413240 0.114597 0.090324 0.989297 231.536377
0.993004 0.028598 -0.114570 89.927254 -0.038874 0.995318 -0.088477 -24.457462 0.111503 0.092313 0.989467 232.006683
0.993208 0.030597 -0.112260 89.866730 -0.040628 0.995275 -0.088187 -24.501965 0.109031 0.092150 0.989758 232.478348
0.993387 0.031142 -0.110504 89.807480 -0.040945 0.995315 -0.087575 -24.549255 0.107260 0.091520 0.990009 232.947647
0.993565 0.024728 -0.110533 89.765297 -0.034607 0.995485 -0.088373 -24.599037 0.107849 0.091630 0.989936 233.431931
0.993678 0.019727 -0.110520 89.719849 -0.029577 0.995663 -0.088195 -24.649736 0.108301 0.090907 0.989953 233.926346
0.993649 0.021503 -0.110445 89.652260 -0.031036 0.995868 -0.085339 -24.702486 0.108154 0.088225 0.990212 234.422440
0.993467 0.025581 -0.111209 89.577286 -0.034844 0.996009 -0.082162 -24.755951 0.108664 0.085501 0.990394 234.926437
0.993217 0.028871 -0.112629 89.504784 -0.038287 0.995868 -0.082347 -24.807859 0.109787 0.086101 0.990219 235.438736
0.992972 0.030447 -0.114371 89.434906 -0.040113 0.995726 -0.083179 -24.860619 0.111350 0.087183 0.989950 235.962250
0.992660 0.029376 -0.117312 89.366982 -0.039280 0.995772 -0.083022 -24.913740 0.114377 0.087022 0.989618 236.498459
0.992158 0.027099 -0.122018 89.297638 -0.037383 0.995864 -0.082798 -24.966259 0.119270 0.086711 0.989069 237.046097
0.991464 0.026516 -0.127659 89.191200 -0.037279 0.995878 -0.082673 -25.036894 0.124941 0.086727 0.988367 237.597275
0.990030 0.028466 -0.137950 89.098480 -0.040337 0.995645 -0.084041 -25.097042 0.134957 0.088769 0.986867 238.175888
0.988377 0.030937 -0.148839 89.014511 -0.043995 0.995387 -0.085253 -25.149742 0.145515 0.090810 0.985180 238.768036
0.986117 0.032274 -0.162884 88.912338 -0.047080 0.995018 -0.087877 -25.202763 0.159237 0.094326 0.982724 239.363861
0.983125 0.031755 -0.180156 88.810341 -0.048715 0.994702 -0.090510 -25.252239 0.176328 0.097760 0.979465 239.982208
0.980066 0.033037 -0.195906 88.704880 -0.051746 0.994491 -0.091162 -25.301025 0.191815 0.099483 0.976376 240.615509
0.976676 0.037505 -0.211418 88.579132 -0.057626 0.994288 -0.089831 -25.354658 0.206843 0.099919 0.973258 241.253067
0.973461 0.043796 -0.224625 88.438026 -0.065069 0.993976 -0.088187 -25.411768 0.219410 0.100464 0.970446 241.894379
0.971057 0.049707 -0.233618 88.269981 -0.071898 0.993571 -0.087447 -25.473940 0.227770 0.101714 0.968388 242.536041
0.969033 0.054002 -0.240954 88.105980 -0.076994 0.993225 -0.087043 -25.543262 0.234621 0.102901 0.966625 243.177094
0.967759 0.057972 -0.245117 87.947701 -0.081444 0.992897 -0.086725 -25.614347 0.238348 0.103893 0.965607 243.822845
0.966990 0.063287 -0.246830 87.770927 -0.086856 0.992519 -0.085786 -25.684540 0.239555 0.104394 0.965254 244.471954
0.967002 0.067987 -0.245531 87.589806 -0.091117 0.992282 -0.084096 -25.756878 0.237920 0.103695 0.965733 245.134979
0.968319 0.070672 -0.239507 87.396301 -0.092889 0.992230 -0.082770 -25.822287 0.231797 0.102396 0.967360 245.816559
0.969990 0.070981 -0.232553 87.221306 -0.092173 0.992397 -0.081555 -25.884211 0.224997 0.100543 0.969158 246.498184
0.971723 0.074024 -0.224222 87.052574 -0.094497 0.992144 -0.081980 -25.958267 0.216393 0.100851 0.971083 247.196930
0.973627 0.075690 -0.215226 86.885841 -0.095491 0.991953 -0.083127 -26.035862 0.207203 0.101487 0.973020 247.913864
0.975384 0.077251 -0.206541 86.737366 -0.096398 0.991767 -0.084293 -26.105009 0.198329 0.102129 0.974800 248.668350
0.977744 0.076696 -0.195281 86.601395 -0.095055 0.991712 -0.086430 -26.170837 0.187034 0.103070 0.976931 249.418884
0.980092 0.076417 -0.183250 86.471382 -0.093748 0.991713 -0.087842 -26.247341 0.175018 0.103274 0.979134 250.171051
0.982283 0.076593 -0.171033 86.344414 -0.092787 0.991720 -0.088775 -26.326010 0.162818 0.103073 0.981257 250.931610
0.984202 0.077407 -0.159230 86.220581 -0.092460 0.991695 -0.089396 -26.408985 0.150988 0.102708 0.983185 251.696609
0.985997 0.077392 -0.147719 86.110260 -0.091370 0.991713 -0.090307 -26.488649 0.139507 0.102540 0.984898 252.476883
0.987391 0.076777 -0.138435 85.999435 -0.089871 0.991792 -0.090942 -26.574848 0.130317 0.102237 0.986187 253.263184
0.988404 0.077531 -0.130560 85.889153 -0.089947 0.991683 -0.092050 -26.669304 0.122338 0.102727 0.987158 254.064926
0.989269 0.077960 -0.123568 85.774757 -0.089860 0.991524 -0.093841 -26.759525 0.115204 0.103939 0.987889 254.880478
0.990006 0.077453 -0.117849 85.664848 -0.088859 0.991520 -0.094822 -26.850834 0.109505 0.104347 0.988494 255.700211
0.990565 0.076885 -0.113441 85.557228 -0.087863 0.991575 -0.095174 -26.938396 0.105168 0.104244 0.988976 256.533325
0.990966 0.075747 -0.110673 85.456108 -0.086434 0.991699 -0.095184 -27.025431 0.102545 0.103891 0.989288 257.377319
0.991138 0.074895 -0.109706 85.364777 -0.085419 0.991844 -0.094592 -27.114006 0.101727 0.103126 0.989452 258.225983
0.991243 0.074139 -0.109271 85.270401 -0.084437 0.992094 -0.092831 -27.200195 0.101526 0.101245 0.989668 259.081573
0.991254 0.073989 -0.109283 85.172897 -0.083927 0.992460 -0.089321 -27.287685 0.101850 0.097712 0.989989 259.945007
0.991162 0.075156 -0.109321 85.072701 -0.084481 0.992935 -0.083320 -27.376520 0.102286 0.091820 0.990508 260.815094
0.991020 0.076992 -0.109321 84.970055 -0.085684 0.993328 -0.077169 -27.464722 0.102651 0.085844 0.991006 261.687622
0.990940 0.077442 -0.109730 84.863792 -0.085999 0.993429 -0.075514 -27.550510 0.103161 0.084267 0.991088 262.553040
0.990837 0.077678 -0.110487 84.756752 -0.086376 0.993340 -0.076243 -27.634510 0.103829 0.085088 0.990948 263.416992
0.990658 0.077962 -0.111891 84.655319 -0.086973 0.993149 -0.078037 -27.710701 0.105040 0.087040 0.990652 264.270050
0.990413 0.079534 -0.112942 84.543037 -0.088645 0.992999 -0.078070 -27.793148 0.105943 0.087334 0.990529 265.130585
0.990335 0.080134 -0.113209 84.419388 -0.089145 0.993045 -0.076900 -27.876507 0.106260 0.086250 0.990591 265.998901
0.990042 0.081362 -0.114881 84.323212 -0.090412 0.993007 -0.075900 -27.958412 0.107903 0.085531 0.990475 266.874084
0.989802 0.082259 -0.116300 84.216637 -0.091425 0.992922 -0.075805 -28.040569 0.109241 0.085665 0.990317 267.727417
0.989608 0.083079 -0.117358 84.108795 -0.092397 0.992793 -0.076315 -28.122049 0.110173 0.086366 0.990153 268.579376
0.989635 0.082050 -0.117856 83.996323 -0.091540 0.992782 -0.077489 -28.210447 0.110647 0.087475 0.990002 269.415833
0.989463 0.082676 -0.118863 83.880127 -0.092329 0.992657 -0.078136 -28.299196 0.111530 0.088288 0.989831 270.251984
0.989130 0.086587 -0.118847 83.766205 -0.095993 0.992488 -0.075836 -28.378061 0.111389 0.086421 0.990012 271.094269
0.989074 0.087582 -0.118580 83.658180 -0.096499 0.992750 -0.071655 -28.463676 0.111445 0.082316 0.990355 271.941589
0.988970 0.088846 -0.118514 83.561584 -0.097669 0.992694 -0.070836 -28.556358 0.111355 0.081631 0.990423 272.762482
0.989110 0.090044 -0.116413 83.423050 -0.098983 0.992376 -0.073424 -28.613569 0.108915 0.084148 0.990483 273.623596
0.989116 0.090694 -0.115870 83.316139 -0.099779 0.992166 -0.075169 -28.676878 0.108146 0.085913 0.990416 274.458435
0.989271 0.090888 -0.114375 83.212662 -0.099776 0.992214 -0.074530 -28.748461 0.106712 0.085143 0.990638 275.264374
0.989420 0.091690 -0.112432 83.103004 -0.100322 0.992223 -0.073676 -28.823666 0.104802 0.084177 0.990924 276.062195
0.989506 0.093247 -0.110372 82.995163 -0.101661 0.992121 -0.073221 -28.897114 0.102676 0.083673 0.991189 276.840698
0.989704 0.093458 -0.108401 82.895866 -0.101689 0.992130 -0.073048 -28.965715 0.100722 0.083321 0.991420 277.596985
0.989899 0.093187 -0.106843 82.802170 -0.101283 0.992174 -0.073018 -29.034321 0.099203 0.083103 0.991591 278.340912
0.989913 0.094142 -0.105876 82.717529 -0.102135 0.992104 -0.072783 -29.107353 0.098188 0.082863 0.991712 279.062714
0.989943 0.094787 -0.105022 82.637047 -0.102710 0.992045 -0.072783 -29.179642 0.097288 0.082839 0.991803 279.768951
0.990036 0.094322 -0.104553 82.556625 -0.102232 0.992074 -0.073054 -29.248564 0.096833 0.083016 0.991832 280.462677
0.989987 0.094726 -0.104662 82.474846 -0.102675 0.992006 -0.073362 -29.315159 0.096876 0.083374 0.991799 281.140594
0.989993 0.094517 -0.104781 82.393425 -0.102598 0.991921 -0.074605 -29.380405 0.096884 0.084609 0.991693 281.802032
0.989859 0.095767 -0.104915 82.310966 -0.103980 0.991685 -0.075820 -29.442942 0.096782 0.085962 0.991586 282.445465
0.989873 0.095554 -0.104981 82.231628 -0.103968 0.991530 -0.077823 -29.504204 0.096656 0.087951 0.991424 283.071259
0.989977 0.094240 -0.105189 82.166451 -0.103117 0.991250 -0.082405 -29.562357 0.096503 0.092426 0.991032 283.653107
0.990099 0.092864 -0.105267 82.103455 -0.102111 0.991036 -0.086148 -29.618797 0.096324 0.096045 0.990705 284.219727
0.990140 0.092809 -0.104932 82.037743 -0.102366 0.990696 -0.089673 -29.676861 0.095633 0.099531 0.990428 284.782715
0.990137 0.093619 -0.104235 81.969978 -0.103443 0.990259 -0.093199 -29.734966 0.094494 0.103063 0.990176 285.341980
0.990253 0.093130 -0.103570 81.904091 -0.103054 0.990128 -0.094999 -29.794462 0.093701 0.104748 0.990074 285.898407
0.990649 0.090532 -0.102067 81.841248 -0.100270 0.990443 -0.094697 -29.854862 0.092518 0.104047 0.990260 286.452057
0.991081 0.087805 -0.100248 81.780632 -0.097268 0.990831 -0.093769 -29.915169 0.091096 0.102685 0.990534 286.998108
0.991278 0.087944 -0.098151 81.717888 -0.097135 0.990902 -0.093158 -29.975689 0.089065 0.101880 0.990801 287.531921
0.991372 0.090839 -0.094499 81.661209 -0.099603 0.990710 -0.092587 -30.037237 0.085210 0.101201 0.991210 288.022949
0.991568 0.092646 -0.090607 81.595032 -0.101019 0.990560 -0.092659 -30.097118 0.081167 0.101032 0.991567 288.531769
0.992171 0.091743 -0.084738 81.546074 -0.099557 0.990665 -0.093116 -30.152058 0.075405 0.100825 0.992042 289.012329
0.993085 0.088257 -0.077416 81.509392 -0.095489 0.990856 -0.095311 -30.205982 0.068296 0.102046 0.992432 289.479889
0.993950 0.086692 -0.067429 81.477058 -0.093005 0.990937 -0.096923 -30.257179 0.058416 0.102608 0.993005 289.924103
0.994448 0.089277 -0.055700 81.444962 -0.094397 0.990768 -0.097302 -30.308235 0.046499 0.102020 0.993695 290.354980
0.994854 0.091639 -0.043215 81.421318 -0.095507 0.990584 -0.098079 -30.358059 0.033820 0.101702 0.994239 290.765747
0.995370 0.091376 -0.029825 81.407280 -0.093924 0.990574 -0.099701 -30.406227 0.020435 0.102042 0.994570 291.164886
0.995932 0.088928 -0.014520 81.404015 -0.089950 0.990700 -0.102082 -30.454090 0.005307 0.102974 0.994670 291.549347
0.996182 0.087250 0.003079 81.405579 -0.086451 0.990743 -0.104652 -30.501459 -0.012182 0.103986 0.994504 291.922607
0.996057 0.085775 0.022675 81.415268 -0.082897 0.990831 -0.106679 -30.547583 -0.031618 0.104379 0.994035 292.283539
0.995538 0.083697 0.043596 81.430977 -0.078546 0.990954 -0.108811 -30.591887 -0.052308 0.104902 0.993105 292.634735
0.994582 0.080437 0.065847 81.452408 -0.072767 0.991086 -0.111597 -30.636086 -0.074236 0.106201 0.991569 292.978729
0.993101 0.076137 0.089181 81.484138 -0.065728 0.991263 -0.114351 -30.679455 -0.097108 0.107701 0.989429 293.308411
0.991112 0.070206 0.113002 81.520309 -0.056906 0.991511 -0.116905 -30.723101 -0.120249 0.109437 0.986693 293.632935
0.988306 0.066929 0.137013 81.578865 -0.050621 0.991574 -0.119235 -30.764154 -0.143838 0.110905 0.983367 293.915314
0.984978 0.062685 0.160897 81.640495 -0.043209 0.991612 -0.121812 -30.804825 -0.167184 0.113030 0.979425 294.192169
0.980853 0.060032 0.185265 81.703667 -0.037111 0.991488 -0.124799 -30.845181 -0.191180 0.115534 0.974732 294.465210
0.975727 0.059818 0.210660 81.767380 -0.033467 0.991401 -0.126504 -30.884186 -0.216416 0.116384 0.969339 294.736572
0.969738 0.061203 0.236354 81.832733 -0.031678 0.991427 -0.126754 -30.921835 -0.242085 0.115431 0.963364 295.006714
0.962832 0.061259 0.263062 81.903572 -0.028883 0.991707 -0.125225 -30.957897 -0.268552 0.112973 0.956617 295.274994
0.954988 0.058430 0.290834 81.981918 -0.023639 0.992281 -0.121732 -30.992659 -0.295702 0.109378 0.948998 295.540100
0.946428 0.053035 0.318529 82.073341 -0.015949 0.992894 -0.117929 -31.026207 -0.322519 0.106532 0.940549 295.792572
0.937220 0.047023 0.345554 82.165367 -0.007751 0.993431 -0.114164 -31.060936 -0.348653 0.104319 0.931428 296.045319
0.927285 0.040531 0.372157 82.260147 0.000819 0.993899 -0.110283 -31.094883 -0.374356 0.102569 0.921595 296.295288
0.916416 0.035418 0.398656 82.356613 0.008475 0.994135 -0.107807 -31.128433 -0.400136 0.102177 0.910742 296.542664
0.904711 0.031418 0.424868 82.465729 0.015174 0.994267 -0.105837 -31.162661 -0.425757 0.102199 0.899047 296.780853
0.892480 0.029393 0.450128 82.582443 0.019452 0.994439 -0.103503 -31.197771 -0.450668 0.101131 0.886945 297.020844
0.879597 0.028586 0.474861 82.695625 0.022229 0.994632 -0.101053 -31.233665 -0.475201 0.099442 0.874240 297.272705
0.866504 0.027257 0.498426 82.813324 0.025176 0.994850 -0.098174 -31.270184 -0.498534 0.097618 0.861356 297.526764
0.855207 0.024526 0.517707 82.934891 0.029233 0.995007 -0.095429 -31.305798 -0.517462 0.096746 0.850220 297.784027
0.848230 0.019370 0.529274 83.056412 0.035965 0.994917 -0.094050 -31.339775 -0.528406 0.098812 0.843222 298.043640
0.845831 0.014029 0.533268 83.170204 0.042521 0.994699 -0.093612 -31.373142 -0.531755 0.101856 0.840751 298.305481
0.846214 0.011915 0.532708 83.271454 0.043746 0.994821 -0.091743 -31.406975 -0.531042 0.100938 0.841311 298.570190
0.852158 0.012717 0.523130 83.437790 0.041480 0.994916 -0.091757 -31.427727 -0.521638 0.099892 0.847298 298.803711
0.858365 0.012820 0.512880 83.599266 0.039834 0.995004 -0.091537 -31.446041 -0.511491 0.099003 0.853566 299.028442
0.866579 0.013753 0.498850 83.750572 0.037697 0.994959 -0.092916 -31.464359 -0.497614 0.099326 0.861692 299.250183
0.874986 0.015094 0.483913 83.896568 0.035240 0.994877 -0.094752 -31.482639 -0.482864 0.099960 0.869971 299.470703
0.885201 0.014853 0.464972 84.037720 0.034233 0.994700 -0.096947 -31.500736 -0.463948 0.101737 0.880001 299.688995
0.897258 0.012431 0.441333 84.167213 0.034787 0.994505 -0.098735 -31.520695 -0.440135 0.103943 0.891895 299.909271
0.910797 0.009696 0.412740 84.278969 0.034670 0.994396 -0.099868 -31.541267 -0.411395 0.105271 0.905357 300.134125
0.925012 0.008831 0.379837 84.375542 0.031720 0.994444 -0.100367 -31.561558 -0.378613 0.104889 0.919593 300.361511
0.939923 0.008943 0.341271 84.456299 0.027043 0.994564 -0.100545 -31.581177 -0.340315 0.103733 0.934572 300.589813
0.954338 0.010522 0.298543 84.521790 0.020562 0.994695 -0.100788 -31.600933 -0.298019 0.102325 0.949060 300.817352
0.967089 0.013458 0.254086 84.536217 0.012415 0.994915 -0.099946 -31.624622 -0.254138 0.099811 0.962004 301.052185
0.978057 0.016777 0.207664 84.567039 0.003886 0.995109 -0.098700 -31.644085 -0.208303 0.097342 0.973208 301.277832
0.987005 0.019582 0.159490 84.587677 -0.004029 0.995251 -0.097259 -31.662453 -0.160636 0.095354 0.982397 301.500763
0.993560 0.021575 0.111239 84.599968 -0.010831 0.995293 -0.096300 -31.679600 -0.112792 0.094476 0.989117 301.720520
0.997714 0.022951 0.063557 84.604607 -0.016820 0.995298 -0.095380 -31.696072 -0.065448 0.094094 0.993410 301.938080
0.999574 0.024433 0.015998 84.600288 -0.022830 0.995335 -0.093733 -31.712246 -0.018213 0.093328 0.995469 302.153687
0.999151 0.026356 -0.031666 84.586502 -0.029132 0.995456 -0.090651 -31.727318 0.029133 0.091498 0.995379 302.367554
0.996457 0.028320 -0.079194 84.564041 -0.035134 0.995674 -0.086004 -31.740665 0.076416 0.088483 0.993142 302.580719
0.991508 0.029509 -0.126658 84.533714 -0.039869 0.995992 -0.080057 -31.752613 0.123788 0.084427 0.988710 302.793732
0.984092 0.029755 -0.175153 84.494873 -0.043314 0.996308 -0.074110 -31.764305 0.172303 0.080518 0.981747 303.007355
0.973983 0.029979 -0.224630 84.445274 -0.046447 0.996577 -0.068388 -31.776375 0.221811 0.077043 0.972041 303.222046
0.961322 0.032098 -0.273551 84.383156 -0.050841 0.996798 -0.061706 -31.788540 0.270694 0.073227 0.959876 303.438629
0.946607 0.036126 -0.320361 84.309799 -0.056243 0.996967 -0.053763 -31.800655 0.317447 0.068911 0.945768 303.656433
0.930616 0.041895 -0.363592 84.227814 -0.062710 0.996987 -0.045627 -31.812496 0.360585 0.065262 0.930441 303.873322
0.914806 0.047681 -0.401068 84.141693 -0.068887 0.996877 -0.038609 -31.823570 0.397975 0.062947 0.915234 304.090393
0.900501 0.052140 -0.431716 84.055138 -0.073338 0.996774 -0.032589 -31.834446 0.428624 0.061009 0.901420 304.310730
0.887963 0.054825 -0.456636 83.979637 -0.075387 0.996790 -0.026918 -31.844582 0.453695 0.058328 0.889246 304.530945
0.876751 0.055738 -0.477704 83.906456 -0.075058 0.996948 -0.021433 -31.854530 0.475052 0.054647 0.878259 304.754547
0.866694 0.057105 -0.495561 83.822197 -0.075448 0.997003 -0.017064 -31.865688 0.493102 0.052179 0.868405 304.983154
0.857144 0.061864 -0.511347 83.726944 -0.082386 0.996446 -0.017546 -31.878872 0.508445 0.057168 0.859195 305.208679
0.849512 0.066501 -0.523362 83.624840 -0.091205 0.995598 -0.021537 -31.892872 0.519628 0.066031 0.851838 305.439056
0.844738 0.069759 -0.530615 83.370743 -0.096861 0.995022 -0.023388 -31.913227 0.526343 0.071154 0.847290 305.753662
0.841679 0.066968 -0.535809 83.110291 -0.094331 0.995257 -0.023787 -31.933437 0.531675 0.070565 0.844004 306.098816
0.839811 0.062588 -0.539260 82.925972 -0.092150 0.995351 -0.027983 -31.952755 0.535002 0.073194 0.841674 306.418304
0.841082 0.061432 -0.537409 82.725662 -0.096540 0.994626 -0.037393 -31.976292 0.532224 0.083333 0.842493 306.749451
0.845377 0.063989 -0.530323 82.504837 -0.106444 0.993068 -0.049856 -32.001060 0.523457 0.098598 0.846328 307.096008
0.852825 0.062904 -0.518395 82.305153 -0.112918 0.991445 -0.065459 -32.019691 0.509843 0.114362 0.852631 307.416534
0.865814 0.058274 -0.496960 82.125084 -0.112727 0.990379 -0.080264 -32.048382 0.487502 0.125516 0.864053 307.720306
0.877794 0.059688 -0.475307 81.923820 -0.117365 0.988764 -0.092579 -32.086517 0.464440 0.137051 0.874936 308.063171
0.889254 0.063621 -0.452968 81.728294 -0.123043 0.987049 -0.102919 -32.121147 0.440555 0.147256 0.885566 308.435577
0.900257 0.063881 -0.430646 81.548531 -0.121450 0.986757 -0.107514 -32.156254 0.418075 0.149093 0.896094 308.809601
0.911146 0.063574 -0.407150 81.390846 -0.115435 0.987846 -0.104081 -32.196880 0.395586 0.141833 0.907411 309.359558
0.921129 0.069353 -0.383030 81.222359 -0.114386 0.988782 -0.096047 -32.249088 0.372072 0.132285 0.918729 309.844513
0.929002 0.078531 -0.361647 81.049622 -0.116483 0.989605 -0.084328 -32.310150 0.351266 0.120468 0.928493 310.349579
0.935540 0.082842 -0.343370 80.896729 -0.116410 0.990110 -0.078290 -32.365639 0.333488 0.113216 0.935932 310.780365
0.941736 0.084531 -0.325558 80.753677 -0.114733 0.990584 -0.074682 -32.415661 0.316179 0.107684 0.942568 311.210999
0.947435 0.082845 -0.309038 80.614304 -0.111260 0.990922 -0.075456 -32.463757 0.299982 0.105874 0.948052 311.658203
0.952572 0.080290 -0.293531 80.476128 -0.107787 0.991053 -0.078708 -32.510357 0.284585 0.106615 0.952704 312.121368
0.957458 0.076884 -0.278140 80.339165 -0.103952 0.991037 -0.083895 -32.556644 0.269197 0.109240 0.956869 312.601898
0.961931 0.074588 -0.262918 80.203941 -0.100726 0.991071 -0.087364 -32.604439 0.254054 0.110521 0.960855 313.095123
0.965877 0.074395 -0.248087 80.068939 -0.098209 0.991527 -0.085019 -32.654037 0.239661 0.106483 0.964999 313.639893
0.969607 0.073441 -0.233384 79.935394 -0.094746 0.992167 -0.081410 -32.705173 0.225578 0.101048 0.968970 314.197784
0.972330 0.072335 -0.222131 79.805305 -0.091477 0.992816 -0.077114 -32.764439 0.214957 0.095301 0.971963 314.783905
0.974529 0.068315 -0.213607 79.680023 -0.086581 0.993237 -0.077352 -32.821735 0.206878 0.093877 0.973852 315.389130
0.976565 0.062355 -0.205992 79.557808 -0.079874 0.993760 -0.077852 -32.878792 0.199853 0.092482 0.975452 316.004456
0.977933 0.055379 -0.201446 79.433685 -0.072856 0.994096 -0.080395 -32.935482 0.195805 0.093298 0.976195 316.628510
0.978804 0.051386 -0.198251 79.302856 -0.069342 0.993990 -0.084711 -32.993530 0.192706 0.096663 0.976483 317.260498
0.979329 0.057951 -0.193793 79.147110 -0.075469 0.993581 -0.084265 -33.053204 0.187666 0.097149 0.977417 317.941345
0.980138 0.061263 -0.188615 78.995132 -0.078396 0.993312 -0.084753 -33.117706 0.182161 0.097857 0.978387 318.628296
0.981175 0.064459 -0.182050 78.843384 -0.081071 0.993049 -0.085323 -33.183811 0.175285 0.098477 0.979580 319.335388
0.982342 0.069516 -0.173701 78.690849 -0.085068 0.992849 -0.083745 -33.250450 0.166636 0.097043 0.981231 320.069641
0.983901 0.070847 -0.164068 78.545036 -0.085298 0.992911 -0.082769 -33.317921 0.157041 0.095433 0.982970 320.820892
0.985436 0.071675 -0.154205 78.404228 -0.085035 0.993009 -0.081858 -33.389427 0.147260 0.093779 0.984642 321.586548
0.986435 0.078135 -0.144367 78.258377 -0.091309 0.992015 -0.086985 -33.459129 0.136418 0.098988 0.985693 322.381287
0.987381 0.082549 -0.135147 78.115150 -0.095544 0.991102 -0.092667 -33.527531 0.126295 0.104411 0.986483 323.208984
0.988591 0.081456 -0.126703 77.984566 -0.093837 0.991042 -0.095028 -33.598686 0.117827 0.105835 0.987378 324.055847
0.989747 0.080085 -0.118269 77.876839 -0.090964 0.991811 -0.089641 -33.686863 0.110121 0.099481 0.988927 324.910339
0.990518 0.081223 -0.110802 77.768486 -0.090928 0.992177 -0.085537 -33.783245 0.102989 0.094802 0.990154 325.775879
0.991099 0.082365 -0.104587 77.656738 -0.091379 0.992221 -0.084529 -33.877106 0.096811 0.093334 0.990917 326.650696
0.991511 0.082161 -0.100774 77.547997 -0.091239 0.991839 -0.089049 -33.968643 0.092635 0.097489 0.990916 327.530212
0.991876 0.081190 -0.097935 77.451103 -0.090270 0.991643 -0.092162 -34.063618 0.089634 0.100254 0.990916 328.422150
0.992387 0.078205 -0.095147 77.361526 -0.087240 0.991663 -0.094829 -34.165546 0.086938 0.102408 0.990936 329.324036
0.992787 0.075408 -0.093212 77.271629 -0.084396 0.991741 -0.096569 -34.269318 0.085160 0.103739 0.990952 330.237030
0.993310 0.070395 -0.091545 77.183372 -0.079228 0.992152 -0.096727 -34.370632 0.084018 0.103332 0.991092 331.159393
0.993630 0.066688 -0.090837 77.093964 -0.075032 0.992949 -0.091768 -34.472401 0.084077 0.098000 0.991628 332.095459
0.993889 0.063846 -0.090047 77.001541 -0.071541 0.993809 -0.084995 -34.573383 0.084064 0.090918 0.992304 333.040863
0.994132 0.060444 -0.089708 76.908630 -0.067928 0.994243 -0.082859 -34.674091 0.084183 0.088468 0.992515 333.989105
0.994032 0.062242 -0.089593 76.807739 -0.069838 0.993989 -0.084300 -34.773060 0.083807 0.090054 0.992405 334.941376
0.993791 0.065546 -0.089908 76.691193 -0.073496 0.993391 -0.088156 -34.869194 0.083536 0.094216 0.992040 335.935242
0.993399 0.069509 -0.091255 76.570580 -0.077774 0.992866 -0.090378 -34.967220 0.084322 0.096879 0.991718 336.943573
0.993228 0.070539 -0.092313 76.459412 -0.079068 0.992591 -0.092252 -35.069656 0.085122 0.098927 0.991447 337.932465
0.993166 0.070224 -0.093220 76.348083 -0.079027 0.992396 -0.094360 -35.168961 0.085885 0.101083 0.991163 338.943176
0.993109 0.070104 -0.093911 76.241135 -0.079008 0.992364 -0.094714 -35.271980 0.086555 0.101482 0.991065 339.935760
0.993120 0.068709 -0.094820 76.134453 -0.077524 0.992676 -0.092644 -35.375889 0.087761 0.099358 0.991174 340.933624
0.993029 0.068035 -0.096259 76.025826 -0.076672 0.993069 -0.089073 -35.479855 0.089532 0.095833 0.991362 341.934113
0.992983 0.066725 -0.097634 75.915787 -0.075236 0.993428 -0.086257 -35.583809 0.091237 0.092999 0.991477 342.934631
0.992975 0.065162 -0.098767 75.804245 -0.073868 0.993446 -0.087225 -35.687889 0.092435 0.093909 0.991280 343.932129
0.992866 0.065839 -0.099418 75.687653 -0.074930 0.993058 -0.090666 -35.792946 0.092758 0.097469 0.990907 344.929169
0.992672 0.067421 -0.100284 75.553238 -0.076858 0.992656 -0.093412 -35.899395 0.093250 0.100436 0.990564 345.960602
0.992511 0.067014 -0.102142 75.418335 -0.076655 0.992655 -0.093585 -36.007263 0.095120 0.100715 0.990358 347.000061
0.992383 0.065805 -0.104136 75.297585 -0.075443 0.992943 -0.091498 -36.107533 0.097381 0.098659 0.990345 347.992981
0.992291 0.063789 -0.106248 75.166077 -0.073287 0.993418 -0.088027 -36.217529 0.099934 0.095135 0.990435 349.035217
0.992239 0.061529 -0.108061 75.049187 -0.070833 0.993904 -0.084484 -36.320915 0.102203 0.091482 0.990548 350.013794
0.992255 0.057934 -0.109876 74.924759 -0.067355 0.994181 -0.084064 -36.421631 0.104366 0.090814 0.990384 351.013947
0.992211 0.054351 -0.112090 74.800835 -0.064271 0.994143 -0.086876 -36.523365 0.106713 0.093403 0.989893 352.001709
0.992148 0.049437 -0.114888 74.689644 -0.060228 0.993894 -0.092445 -36.610950 0.109616 0.098640 0.989068 352.945374
0.991973 0.047700 -0.117111 74.570869 -0.058892 0.993823 -0.094052 -36.714680 0.111902 0.100195 0.988655 353.877319
0.991965 0.043921 -0.118644 74.433197 -0.055389 0.993920 -0.095153 -36.808407 0.113744 0.100961 0.988366 354.817108
0.991748 0.043920 -0.120451 74.303085 -0.055097 0.994317 -0.091080 -36.905514 0.115767 0.096965 0.988532 355.744446
0.991485 0.045428 -0.122037 74.177788 -0.056187 0.994690 -0.086221 -37.013657 0.117472 0.092345 0.988773 356.668701
0.991215 0.047682 -0.123372 74.047455 -0.058114 0.994903 -0.082395 -37.118927 0.118814 0.088842 0.988934 357.585266
0.991071 0.047979 -0.124399 73.919327 -0.058327 0.995012 -0.080914 -37.220291 0.119898 0.087448 0.988928 358.492706
0.990955 0.048928 -0.124959 73.791298 -0.059348 0.994939 -0.081074 -37.319523 0.120359 0.087757 0.988844 359.388580
0.990823 0.051247 -0.125076 73.661766 -0.061892 0.994646 -0.082751 -37.418125 0.120166 0.089734 0.988690 360.269562
0.990824 0.050520 -0.125356 73.536453 -0.061461 0.994484 -0.084992 -37.514484 0.120371 0.091918 0.988464 361.137665
0.990918 0.048075 -0.125579 73.415962 -0.059214 0.994488 -0.086521 -37.607708 0.120728 0.093173 0.988303 361.992889
0.990967 0.047745 -0.125319 73.313164 -0.058712 0.994621 -0.085319 -37.674706 0.120572 0.091907 0.988441 362.771484
0.991008 0.048206 -0.124814 73.214577 -0.058871 0.994791 -0.083216 -37.733654 0.120152 0.089817 0.988684 363.525421
0.991181 0.047017 -0.123891 73.118683 -0.057444 0.994978 -0.081974 -37.794979 0.119415 0.088368 0.988904 364.268890
0.991455 0.044847 -0.122496 73.027748 -0.055431 0.994889 -0.084397 -37.854404 0.118085 0.090467 0.988874 364.991058
0.991734 0.045528 -0.119963 72.936310 -0.056445 0.994408 -0.089240 -37.915169 0.115229 0.095274 0.988759 365.693634
0.992073 0.048239 -0.116031 72.848877 -0.059096 0.994001 -0.092024 -37.985756 0.110896 0.098152 0.988973 366.349854
0.992579 0.048665 -0.111434 72.764908 -0.059467 0.993626 -0.095756 -38.060204 0.106064 0.101673 0.989148 366.979828
0.993096 0.047847 -0.107097 72.686409 -0.058565 0.993334 -0.099272 -38.130505 0.101633 0.104860 0.989280 367.591461
0.993677 0.047359 -0.101810 72.619774 -0.057589 0.993317 -0.100013 -38.203262 0.096393 0.105245 0.989764 368.167877
0.994185 0.048543 -0.096123 72.558456 -0.058288 0.993145 -0.101315 -38.276382 0.090546 0.106329 0.990200 368.710968
0.994875 0.050874 -0.087387 72.502724 -0.059855 0.992833 -0.103434 -38.345612 0.081499 0.108134 0.990790 369.231842
0.995682 0.052924 -0.076255 72.449890 -0.060824 0.992577 -0.105313 -38.405880 0.070116 0.109497 0.991511 369.738007
0.996640 0.052465 -0.062888 72.408440 -0.058936 0.992628 -0.105903 -38.463200 0.056869 0.109255 0.992386 370.230499
0.997485 0.051323 -0.048868 72.377731 -0.056366 0.992538 -0.108119 -38.520027 0.042954 0.110603 0.992936 370.704407
0.998170 0.050730 -0.032917 72.354904 -0.054117 0.992252 -0.111828 -38.577152 0.026990 0.113405 0.993182 371.161469
0.998631 0.050834 -0.012301 72.322426 -0.051909 0.992091 -0.114286 -38.621777 0.006394 0.114769 0.993372 371.593079
0.998656 0.051231 0.007858 72.294449 -0.049987 0.992084 -0.115200 -38.663448 -0.013697 0.114653 0.993311 372.013123
0.998359 0.048100 0.031069 72.277771 -0.044243 0.992409 -0.114746 -38.698654 -0.036353 0.113183 0.992909 372.417419
0.997301 0.046964 0.056426 72.277245 -0.040103 0.992310 -0.117096 -38.740044 -0.061491 0.114518 0.991516 372.817383
0.995298 0.047687 0.084317 72.288300 -0.037271 0.991943 -0.121068 -38.782566 -0.089410 0.117357 0.989057 373.207214
0.992239 0.050451 0.113653 72.310265 -0.036360 0.991764 -0.122811 -38.826126 -0.118913 0.117727 0.985900 373.592102
0.988127 0.051110 0.144891 72.373146 -0.033835 0.992283 -0.119283 -38.878376 -0.149869 0.112965 0.982231 373.940430
0.982870 0.052205 0.176751 72.455437 -0.031971 0.992798 -0.115451 -38.934963 -0.181505 0.107823 0.977461 374.275024
0.976115 0.052768 0.210748 72.548073 -0.029550 0.993286 -0.111842 -38.987446 -0.215235 0.102945 0.971121 374.601288
0.967902 0.051380 0.246023 72.650856 -0.024963 0.993693 -0.109319 -39.039131 -0.250088 0.099670 0.963079 374.920258
0.958033 0.047914 0.282627 72.762779 -0.018048 0.994057 -0.107348 -39.089764 -0.286091 0.097742 0.953204 375.232513
0.945093 0.044748 0.323725 72.902061 -0.012261 0.994739 -0.101708 -39.128941 -0.326572 0.092156 0.940669 375.539154
0.930469 0.044561 0.363650 73.042389 -0.010565 0.995426 -0.094945 -39.167797 -0.366218 0.084502 0.926685 375.844299
0.914217 0.044697 0.402752 73.187073 -0.011256 0.996315 -0.085020 -39.205826 -0.405067 0.073194 0.911352 376.147461
0.896885 0.042567 0.440211 73.339561 -0.009102 0.996923 -0.077854 -39.243584 -0.442171 0.065820 0.894512 376.441254
0.878593 0.036339 0.476188 73.501434 -0.000207 0.997129 -0.075711 -39.282829 -0.477572 0.066421 0.876078 376.722229
0.859049 0.027522 0.511152 73.672592 0.013548 0.996981 -0.076449 -39.322182 -0.511713 0.072599 0.856084 376.995026
0.837657 0.019047 0.545865 73.850143 0.028072 0.996569 -0.077854 -39.361065 -0.545474 0.080539 0.834248 377.264465
0.814651 0.019479 0.579625 74.032227 0.034570 0.996027 -0.082060 -39.400360 -0.578920 0.086889 0.810741 377.533844
0.789856 0.027667 0.612668 74.222450 0.032344 0.995712 -0.086664 -39.440765 -0.612438 0.088269 0.785574 377.809113
0.764553 0.037555 0.643467 74.470116 0.027990 0.995425 -0.091354 -39.473160 -0.643953 0.087856 0.760003 378.070923
0.738285 0.047529 0.672812 74.704803 0.023421 0.995106 -0.095997 -39.508022 -0.674082 0.086632 0.733559 378.347992
0.712686 0.050368 0.699673 74.964760 0.026011 0.994835 -0.098112 -39.542122 -0.701000 0.088123 0.707695 378.620636
0.687967 0.045450 0.724317 75.253250 0.037055 0.994535 -0.097601 -39.577164 -0.724795 0.093986 0.682524 378.886536
0.662360 0.037469 0.748249 75.551659 0.051720 0.994078 -0.095563 -39.615807 -0.747398 0.101997 0.656500 379.152954
0.636618 0.033622 0.770446 75.920784 0.064245 0.993264 -0.096431 -39.660801 -0.768498 0.110887 0.630170 379.424225
0.611188 0.035814 0.790674 76.312149 0.069669 0.992663 -0.098818 -39.702595 -0.788414 0.115483 0.604209 379.699158
0.585467 0.040327 0.809693 76.717964 0.069322 0.992613 -0.099563 -39.745274 -0.807726 0.114421 0.578347 379.981750
0.559518 0.046114 0.827535 77.131714 0.061454 0.993393 -0.096908 -39.791397 -0.826536 0.105078 0.552988 380.273254
0.533696 0.049063 0.844252 77.560196 0.054718 0.994220 -0.092369 -39.837639 -0.843904 0.095493 0.527927 380.562988
0.507642 0.048282 0.860214 78.004585 0.053859 0.994696 -0.087615 -39.882114 -0.859883 0.090808 0.502351 380.844330
0.480496 0.047148 0.875728 78.461937 0.055208 0.994946 -0.083859 -39.924126 -0.875257 0.088642 0.475466 381.120117
0.452399 0.049654 0.890433 78.926468 0.052575 0.995227 -0.082210 -39.967422 -0.890265 0.084007 0.447629 381.395813
0.423707 0.054009 0.904188 79.400208 0.045866 0.995661 -0.080966 -40.013962 -0.904637 0.075778 0.419392 381.671478
0.395921 0.057109 0.916507 79.886520 0.040852 0.995980 -0.079709 -40.060860 -0.917375 0.069000 0.391998 381.942566
0.368342 0.057782 0.927893 80.404793 0.040475 0.996123 -0.078099 -40.107464 -0.928809 0.066324 0.364576 382.196869
0.339501 0.059298 0.938735 80.943520 0.042842 0.996000 -0.078411 -40.152565 -0.939629 0.066838 0.335603 382.437164
0.309650 0.060341 0.948934 81.500282 0.044848 0.995946 -0.077965 -40.199024 -0.949792 0.066700 0.305689 382.667328
0.280347 0.060467 0.957992 82.075775 0.045956 0.996023 -0.076316 -40.247417 -0.958798 0.065422 0.276454 382.887970
0.252190 0.059586 0.965841 82.670044 0.049207 0.996020 -0.074297 -40.296070 -0.966426 0.066264 0.248255 383.095276
0.225378 0.057158 0.972593 83.283180 0.054218 0.995994 -0.071097 -40.343441 -0.972762 0.068755 0.221377 383.289062
0.199893 0.053200 0.978372 83.956802 0.059389 0.996030 -0.066294 -40.389927 -0.978016 0.071357 0.195941 383.456207
0.175958 0.049408 0.983157 84.656586 0.064562 0.996009 -0.061611 -40.436871 -0.982278 0.074317 0.172067 383.606537
0.155229 0.047792 0.986722 85.379021 0.072125 0.995615 -0.059570 -40.484421 -0.985241 0.080415 0.151102 383.738220
0.137898 0.048881 0.989240 86.123558 0.080492 0.994924 -0.060382 -40.530617 -0.987170 0.087953 0.133264 383.854095
0.123174 0.050067 0.991121 87.012375 0.087387 0.994299 -0.061088 -40.575657 -0.988530 0.094135 0.118097 383.909698
0.112186 0.049054 0.992476 87.870087 0.092126 0.993966 -0.059542 -40.627094 -0.989407 0.098113 0.106990 383.994568
0.102474 0.047545 0.993599 88.728409 0.096854 0.993634 -0.057536 -40.685234 -0.990009 0.102130 0.097217 384.081757
0.096630 0.046296 0.994243 89.613319 0.101332 0.993269 -0.056099 -40.739506 -0.990148 0.106169 0.091289 384.163788
0.093210 0.045100 0.994624 90.504807 0.104109 0.993055 -0.054785 -40.794487 -0.990188 0.108657 0.087867 384.245941
0.090913 0.043867 0.994892 91.412811 0.106686 0.992851 -0.053526 -40.853275 -0.990128 0.111008 0.085583 384.326508
0.088553 0.044570 0.995074 92.337494 0.108744 0.992594 -0.054137 -40.913628 -0.990118 0.113003 0.083052 384.420563
0.087272 0.046074 0.995119 93.273689 0.111444 0.992207 -0.055713 -40.970253 -0.989931 0.115763 0.081458 384.518005
0.086400 0.046057 0.995196 94.222198 0.114349 0.991870 -0.055831 -41.025528 -0.989677 0.118624 0.080431 384.610565
0.085982 0.044847 0.995287 95.185905 0.118200 0.991471 -0.054887 -41.081409 -0.989260 0.122363 0.079947 384.699097
0.086172 0.044457 0.995288 96.165878 0.121178 0.991119 -0.054763 -41.142811 -0.988883 0.125327 0.080020 384.776581
0.088455 0.042748 0.995162 97.156509 0.121741 0.991123 -0.053396 -41.194378 -0.988613 0.125876 0.082466 384.842407
0.089433 0.039314 0.995216 98.157455 0.124064 0.990998 -0.050297 -41.245823 -0.988235 0.127970 0.083751 384.906982
0.090665 0.033176 0.995329 99.166489 0.125379 0.991112 -0.044457 -41.295486 -0.987958 0.128825 0.085700 384.974457
0.091613 0.031309 0.995303 100.189514 0.126938 0.990984 -0.042857 -41.362915 -0.987671 0.130269 0.086813 385.076355
0.095023 0.031851 0.994966 101.221725 0.127677 0.990843 -0.043912 -41.419083 -0.987253 0.131208 0.090086 385.158600
0.097393 0.033225 0.994692 102.256828 0.130553 0.990379 -0.045863 -41.479160 -0.986646 0.134328 0.092119 385.236603
0.099403 0.035036 0.994431 103.302513 0.134059 0.989796 -0.048274 -41.538483 -0.985975 0.138112 0.093691 385.318787
0.102125 0.037212 0.994076 104.361908 0.137306 0.989207 -0.051136 -41.598278 -0.985250 0.141716 0.095913 385.407074
0.105162 0.036725 0.993777 105.433022 0.140184 0.988792 -0.051375 -41.659275 -0.984525 0.144714 0.098835 385.498413
0.107939 0.033738 0.993585 106.513931 0.142453 0.988585 -0.049044 -41.721436 -0.983898 0.146833 0.101902 385.595734
0.109895 0.031034 0.993459 107.603943 0.142702 0.988664 -0.046670 -41.784122 -0.983646 0.146898 0.104221 385.700470
0.110854 0.030743 0.993361 108.698822 0.141286 0.988882 -0.046372 -41.847946 -0.983742 0.145490 0.105278 385.809814
0.111454 0.032296 0.993244 109.799019 0.139776 0.989026 -0.047844 -41.911331 -0.983890 0.144164 0.105717 385.921783
0.113158 0.033817 0.993001 110.891396 0.138255 0.989161 -0.049441 -41.956532 -0.983911 0.142882 0.107256 386.025543
0.113016 0.034144 0.993007 111.988853 0.136271 0.989432 -0.049531 -41.994946 -0.984204 0.140916 0.107169 386.127716
0.112515 0.035710 0.993008 113.092270 0.135601 0.989452 -0.050947 -42.037807 -0.984353 0.140386 0.106486 386.229645
0.111619 0.036837 0.993068 114.240517 0.135077 0.989475 -0.051886 -42.110992 -0.984528 0.139933 0.105469 386.356079
0.111202 0.037437 0.993093 115.412422 0.135366 0.989405 -0.052457 -42.194798 -0.984535 0.140264 0.104957 386.493134
0.110343 0.035527 0.993259 116.595901 0.135415 0.989504 -0.050436 -42.278107 -0.984626 0.140068 0.104373 386.632599
0.109322 0.032839 0.993464 117.791878 0.135228 0.989670 -0.047595 -42.357643 -0.984765 0.139547 0.103752 386.773254
0.108136 0.030744 0.993661 118.990608 0.133364 0.990038 -0.045146 -42.429562 -0.985149 0.137402 0.102960 386.911133
0.106955 0.030257 0.993803 120.168449 0.130784 0.990423 -0.044229 -42.496197 -0.985624 0.134704 0.101974 387.036896
0.105933 0.029653 0.993931 121.339668 0.128129 0.990815 -0.043216 -42.562195 -0.986084 0.131930 0.101161 387.159332
0.105061 0.028004 0.994072 122.514542 0.126651 0.991086 -0.041307 -42.627136 -0.986368 0.130240 0.100578 387.279877
0.104403 0.027231 0.994162 123.692719 0.126790 0.991103 -0.040462 -42.691654 -0.986420 0.130275 0.100021 387.397430
0.103994 0.029240 0.994148 124.868103 0.128667 0.990772 -0.042600 -42.755775 -0.986220 0.132345 0.099272 387.511078
0.104407 0.031793 0.994026 126.009178 0.131264 0.990304 -0.045461 -42.824070 -0.985834 0.135227 0.099222 387.619690
0.104234 0.033488 0.993989 127.142715 0.134106 0.989831 -0.047411 -42.894463 -0.985469 0.138242 0.098683 387.725372
0.103945 0.032423 0.994054 128.288193 0.135964 0.989622 -0.046496 -42.966270 -0.985245 0.139990 0.098459 387.832306
0.103473 0.029444 0.994196 129.443115 0.137208 0.989582 -0.043587 -43.036160 -0.985123 0.140922 0.098356 387.940094
0.102797 0.025718 0.994370 130.605499 0.137371 0.989719 -0.039800 -43.104431 -0.985171 0.140690 0.098207 388.049408
0.102302 0.024594 0.994449 131.769989 0.138384 0.989621 -0.038710 -43.171188 -0.985081 0.141576 0.097837 388.170105
0.106029 0.025811 0.994028 132.859558 0.140501 0.989244 -0.040673 -43.248280 -0.984387 0.143974 0.101262 388.233826
0.106601 0.028627 0.993890 133.938660 0.141952 0.988907 -0.043709 -43.328083 -0.984117 0.145745 0.101356 388.282593
0.107390 0.031939 0.993704 135.019394 0.142717 0.988637 -0.047200 -43.409939 -0.983920 0.146888 0.101612 388.332245
0.107696 0.034604 0.993581 136.099564 0.142153 0.988589 -0.049838 -43.493668 -0.983969 0.146609 0.101548 388.380859
0.107136 0.034973 0.993629 137.227631 0.139998 0.988893 -0.049902 -43.576683 -0.984338 0.144454 0.101050 388.452728
0.106954 0.033488 0.993700 138.369064 0.137117 0.989386 -0.048102 -43.657032 -0.984763 0.141399 0.101228 388.535645
0.106991 0.033476 0.993697 139.522156 0.134333 0.989781 -0.047807 -43.735653 -0.985143 0.138601 0.101402 388.627991
0.107281 0.035694 0.993588 140.651642 0.132462 0.989932 -0.049865 -43.818348 -0.985365 0.136963 0.101473 388.704041
0.107416 0.036585 0.993540 141.819092 0.130379 0.990174 -0.050557 -43.896862 -0.985628 0.134968 0.101591 388.802673
0.107808 0.035574 0.993535 142.965424 0.128975 0.990413 -0.049458 -43.980534 -0.985770 0.133473 0.102186 388.885162
0.108216 0.034720 0.993521 144.146042 0.128006 0.990584 -0.048560 -44.058788 -0.985852 0.132433 0.102753 388.989716
0.108696 0.033914 0.993496 145.334930 0.127767 0.990652 -0.047795 -44.135136 -0.985830 0.132132 0.103347 389.098236
0.108908 0.031612 0.993549 146.533081 0.128149 0.990707 -0.045570 -44.209572 -0.985757 0.132285 0.103846 389.210846
0.109110 0.028561 0.993619 147.738953 0.129171 0.990704 -0.042662 -44.282036 -0.985601 0.133002 0.104407 389.326660
0.109332 0.027126 0.993635 148.950439 0.130224 0.990620 -0.041374 -44.352406 -0.985438 0.133920 0.104775 389.445465
0.109535 0.027454 0.993603 150.165878 0.131277 0.990462 -0.041839 -44.419628 -0.985276 0.135021 0.104887 389.567596
0.109392 0.027761 0.993611 151.391159 0.131967 0.990355 -0.042200 -44.486870 -0.985200 0.135741 0.104674 389.693329
0.109138 0.028646 0.993613 152.621033 0.132611 0.990229 -0.043115 -44.554111 -0.985141 0.136470 0.104274 389.821899
0.109010 0.029485 0.993603 153.857147 0.133055 0.990132 -0.043980 -44.620926 -0.985095 0.137000 0.104011 389.953308
0.108502 0.028739 0.993680 155.044281 0.134478 0.989968 -0.043315 -44.689796 -0.984958 0.138329 0.103549 390.085785
0.108182 0.028367 0.993726 156.242157 0.134921 0.989925 -0.042947 -44.762844 -0.984933 0.138721 0.103266 390.224426
0.108029 0.027896 0.993756 157.446274 0.135542 0.989858 -0.042521 -44.837471 -0.984864 0.139290 0.103152 390.358521
0.107904 0.027520 0.993780 158.651169 0.135267 0.989914 -0.042100 -44.908947 -0.984916 0.138969 0.103093 390.491974
0.107766 0.026667 0.993819 159.858429 0.133910 0.990140 -0.041090 -44.981003 -0.985116 0.137511 0.103134 390.625305
0.107547 0.027153 0.993829 161.062988 0.132892 0.990264 -0.041437 -45.052048 -0.985279 0.136529 0.102892 390.755066
0.107057 0.028459 0.993845 162.265732 0.130637 0.990521 -0.042437 -45.122551 -0.985633 0.134377 0.102325 390.885010
0.106111 0.029932 0.993904 163.468002 0.128977 0.990688 -0.043605 -45.194302 -0.985954 0.132818 0.101263 391.013275
0.105063 0.031566 0.993965 164.669205 0.128219 0.990723 -0.045017 -45.265766 -0.986165 0.132175 0.100041 391.138977
0.104112 0.030864 0.994087 165.869522 0.127607 0.990842 -0.044128 -45.337246 -0.986345 0.131447 0.099220 391.262878
0.103289 0.028875 0.994233 167.038315 0.127809 0.990906 -0.042057 -45.411797 -0.986405 0.131417 0.098659 391.383026
0.102349 0.027394 0.994371 168.200043 0.127058 0.991073 -0.040381 -45.486881 -0.986600 0.130477 0.097954 391.501923
0.101146 0.028308 0.994468 169.360565 0.126751 0.991082 -0.041103 -45.559368 -0.986764 0.130209 0.096657 391.624908
0.100770 0.030748 0.994434 170.519882 0.126910 0.990959 -0.043501 -45.625542 -0.986782 0.130587 0.095957 391.752930
0.101186 0.032068 0.994350 171.679428 0.127889 0.990768 -0.044967 -45.688683 -0.986613 0.131717 0.096151 391.880554
0.102245 0.030819 0.994282 172.839722 0.129069 0.990660 -0.043979 -45.752899 -0.986351 0.132828 0.097312 392.006042
0.103151 0.027741 0.994279 174.001678 0.130384 0.990608 -0.041166 -45.818081 -0.986083 0.133885 0.098566 392.130249
0.103925 0.025789 0.994251 175.160248 0.131603 0.990516 -0.039448 -45.882969 -0.985840 0.134947 0.099546 392.252869
0.104542 0.025931 0.994183 176.314575 0.131996 0.990454 -0.039714 -45.949173 -0.985722 0.135380 0.100121 392.374817
0.106695 0.028565 0.993881 177.424500 0.133662 0.990101 -0.042805 -46.003777 -0.985267 0.137413 0.101822 392.476685
0.107345 0.030279 0.993760 178.531555 0.133981 0.989977 -0.044636 -46.057476 -0.985152 0.137937 0.102213 392.569641
0.108422 0.031581 0.993603 179.653259 0.134943 0.989776 -0.046186 -46.116177 -0.984903 0.139088 0.103053 392.681335
0.108959 0.030940 0.993565 180.780746 0.136707 0.989551 -0.045807 -46.194214 -0.984600 0.140819 0.103591 392.800812
0.108940 0.030297 0.993587 181.908142 0.137764 0.989429 -0.045275 -46.278973 -0.984455 0.141814 0.103614 392.915741
0.109204 0.028528 0.993610 183.041779 0.138778 0.989360 -0.043659 -46.361469 -0.984284 0.142660 0.104084 393.037781
0.109515 0.025760 0.993651 184.180008 0.139268 0.989405 -0.040999 -46.440426 -0.984180 0.142874 0.104768 393.161072
0.109549 0.024504 0.993680 185.316223 0.139576 0.989411 -0.039787 -46.515079 -0.984133 0.143054 0.104969 393.282898
0.109807 0.024658 0.993647 186.452118 0.139573 0.989404 -0.039977 -46.585506 -0.984105 0.143077 0.105202 393.405182
0.110196 0.026273 0.993563 187.589798 0.140580 0.989188 -0.041750 -46.654247 -0.983917 0.144277 0.105312 393.526459
0.110665 0.028233 0.993456 188.727859 0.141649 0.988943 -0.043884 -46.722973 -0.983712 0.145579 0.105442 393.647491
0.111019 0.029216 0.993388 189.869156 0.142662 0.988746 -0.045023 -46.791634 -0.983525 0.146718 0.105602 393.768951
0.111422 0.028611 0.993362 191.014420 0.144151 0.988548 -0.044641 -46.860249 -0.983263 0.148170 0.106021 393.890289
0.111694 0.028587 0.993331 192.163132 0.144270 0.988529 -0.044671 -46.929436 -0.983215 0.148297 0.106289 394.013245
0.111385 0.030572 0.993307 193.311340 0.143499 0.988556 -0.046518 -46.999928 -0.983362 0.147721 0.105723 394.137238
0.110215 0.032470 0.993378 194.451675 0.142073 0.988687 -0.048079 -47.063313 -0.983701 0.146432 0.104355 394.269073
0.106653 0.032799 0.993755 195.645828 0.139580 0.989064 -0.047625 -47.102623 -0.984451 0.143787 0.100909 394.449707
0.103653 0.032393 0.994085 196.802032 0.138140 0.989313 -0.046642 -47.153873 -0.984974 0.142158 0.098070 394.602570
0.101967 0.031504 0.994289 197.947403 0.136187 0.989646 -0.045323 -47.206062 -0.985422 0.140031 0.096621 394.748383
0.100203 0.031486 0.994469 199.093628 0.133830 0.989989 -0.044830 -47.258003 -0.985925 0.137583 0.094987 394.894623
0.098967 0.032030 0.994575 200.241577 0.131217 0.990333 -0.044951 -47.310707 -0.986401 0.134954 0.093808 395.046539
0.097625 0.033175 0.994670 201.386353 0.129187 0.990565 -0.045718 -47.371311 -0.986803 0.132962 0.092419 395.181152
0.096585 0.034262 0.994735 202.536224 0.127678 0.990724 -0.046521 -47.433643 -0.987101 0.131499 0.091315 395.311981
0.095456 0.034118 0.994849 203.692841 0.127380 0.990777 -0.046200 -47.497707 -0.987250 0.131134 0.090229 395.435211
0.094765 0.033588 0.994933 204.850540 0.128406 0.990669 -0.045675 -47.561485 -0.987184 0.132084 0.089568 395.552551
0.094325 0.032456 0.995013 206.004272 0.129367 0.990594 -0.044576 -47.632702 -0.987100 0.132926 0.089239 395.664795
0.094561 0.031171 0.995030 207.158218 0.131405 0.990372 -0.043514 -47.705635 -0.986809 0.134868 0.089555 395.773041
0.094839 0.030893 0.995013 208.303528 0.132965 0.990169 -0.043417 -47.776806 -0.986572 0.136420 0.089799 395.872772
0.095086 0.031010 0.994985 209.450378 0.134588 0.989936 -0.043715 -47.846455 -0.986328 0.138070 0.089955 395.971069
0.095302 0.030451 0.994983 210.601044 0.135369 0.989850 -0.043260 -47.913929 -0.986201 0.138812 0.090212 396.073395
0.095365 0.028265 0.995041 211.758179 0.135236 0.989960 -0.041082 -47.980255 -0.986213 0.138484 0.090586 396.179932
0.095249 0.026689 0.995096 212.916580 0.135418 0.990000 -0.039514 -48.045841 -0.986199 0.138518 0.090683 396.287445
0.096091 0.029202 0.994944 214.063019 0.134968 0.989955 -0.042091 -48.103054 -0.986179 0.138331 0.091184 396.381073
0.095338 0.030961 0.994964 215.244781 0.134857 0.989900 -0.043726 -48.166264 -0.986267 0.138347 0.090200 396.486450
0.095901 0.032502 0.994860 216.392914 0.134257 0.989910 -0.045283 -48.231724 -0.986295 0.137911 0.090570 396.584686
0.095616 0.033026 0.994871 217.539200 0.133918 0.989936 -0.045733 -48.300442 -0.986369 0.137604 0.090231 396.683289
0.095466 0.031871 0.994923 218.689987 0.132981 0.990120 -0.044477 -48.370358 -0.986510 0.136552 0.090284 396.785706
0.095433 0.030236 0.994976 219.842056 0.131940 0.990334 -0.042750 -48.440617 -0.986653 0.135358 0.090522 396.890717
0.096639 0.030894 0.994840 220.971222 0.130728 0.990465 -0.043457 -48.511341 -0.986697 0.134254 0.091679 396.998474
0.097270 0.031992 0.994743 222.095001 0.129594 0.990566 -0.044531 -48.580784 -0.986785 0.133245 0.092207 397.106567
0.098666 0.032337 0.994595 223.214767 0.127838 0.990778 -0.044895 -48.652836 -0.986875 0.131577 0.093622 397.216064
0.099398 0.032235 0.994526 224.336655 0.126473 0.990959 -0.044760 -48.725998 -0.986977 0.130231 0.094423 397.323792
0.100285 0.031981 0.994445 225.460266 0.125369 0.991111 -0.044517 -48.798962 -0.987028 0.129137 0.095384 397.432861
0.101158 0.031744 0.994364 226.585419 0.125758 0.991064 -0.044433 -48.870689 -0.986890 0.129545 0.096261 397.541016
0.102101 0.031309 0.994282 227.711594 0.126573 0.990971 -0.044203 -48.941158 -0.986688 0.130363 0.097216 397.650085
0.103167 0.030143 0.994208 228.839539 0.127583 0.990882 -0.043281 -49.010738 -0.986448 0.131311 0.098380 397.760498
0.104415 0.028497 0.994125 229.968140 0.128837 0.990779 -0.041933 -49.078308 -0.986153 0.132459 0.099781 397.872559
0.105815 0.027577 0.994003 231.089325 0.129966 0.990657 -0.041320 -49.146828 -0.985856 0.133558 0.101242 397.988525
0.107199 0.028276 0.993836 232.205811 0.130333 0.990569 -0.042242 -49.213734 -0.985658 0.134058 0.102503 398.103455
0.108215 0.028416 0.993721 233.319061 0.131233 0.990434 -0.042614 -49.284237 -0.985428 0.135022 0.103452 398.223145
0.109210 0.028422 0.993613 234.422714 0.132592 0.990241 -0.042899 -49.360302 -0.985135 0.136430 0.104377 398.342682
0.110067 0.028994 0.993501 235.537231 0.135230 0.989842 -0.043869 -49.433743 -0.984682 0.139181 0.105028 398.462097
0.110878 0.030217 0.993375 236.651245 0.138166 0.989362 -0.045517 -49.505852 -0.984183 0.142298 0.105524 398.580322
0.111660 0.030203 0.993288 237.767807 0.140181 0.989064 -0.045834 -49.576664 -0.983809 0.144358 0.106205 398.700195
0.112231 0.029150 0.993254 238.888168 0.140357 0.989083 -0.044888 -49.647205 -0.983719 0.144449 0.106915 398.822540
0.112491 0.028518 0.993243 240.007904 0.139602 0.989220 -0.044213 -49.716965 -0.983797 0.143634 0.107297 398.946716
0.112373 0.028932 0.993245 241.128983 0.137306 0.989534 -0.044359 -49.786777 -0.984134 0.141363 0.107224 399.073273
0.111689 0.030473 0.993276 242.250168 0.135121 0.989780 -0.045560 -49.857632 -0.984514 0.139301 0.106429 399.199799
0.111020 0.031771 0.993310 243.372833 0.133802 0.989910 -0.046618 -49.927120 -0.984770 0.138084 0.105649 399.325104
0.110336 0.030498 0.993427 244.498245 0.133239 0.990052 -0.045193 -49.995758 -0.984922 0.137350 0.105175 399.448639
0.109632 0.028720 0.993558 245.626877 0.133482 0.990102 -0.043350 -50.063530 -0.984969 0.137375 0.104713 399.570435
0.108619 0.029313 0.993651 246.754517 0.133272 0.990112 -0.043777 -50.130955 -0.985109 0.137181 0.103639 399.690796
0.107330 0.031225 0.993733 247.880905 0.132378 0.990158 -0.045410 -50.198036 -0.985371 0.136423 0.102141 399.810303
0.106079 0.032901 0.993813 249.009598 0.130468 0.990351 -0.046713 -50.266319 -0.985762 0.134618 0.100763 399.929260
0.104882 0.032707 0.993947 250.138367 0.129840 0.990453 -0.046293 -50.335438 -0.985972 0.133910 0.099634 400.045044
0.103890 0.030384 0.994125 251.262909 0.130749 0.990441 -0.043936 -50.404434 -0.985957 0.134547 0.098925 400.158020
0.102745 0.028204 0.994308 252.386597 0.131764 0.990403 -0.041709 -50.473179 -0.985942 0.135300 0.098043 400.269440
0.101619 0.027790 0.994436 253.506943 0.133310 0.990213 -0.041295 -50.539196 -0.985851 0.136765 0.096920 400.378693
0.100810 0.027583 0.994523 254.610443 0.133574 0.990189 -0.041003 -50.607044 -0.985898 0.136977 0.096138 400.480621
0.098098 0.027117 0.994807 255.699982 0.133565 0.990225 -0.040164 -50.668701 -0.986173 0.136813 0.093517 400.600677
0.097073 0.026086 0.994936 256.791840 0.133847 0.990233 -0.039023 -50.734638 -0.986236 0.136957 0.092634 400.704407
0.096186 0.026576 0.995009 257.881165 0.135290 0.990017 -0.039521 -50.797230 -0.986126 0.138417 0.091631 400.800964
0.095328 0.028164 0.995047 258.966797 0.136735 0.989754 -0.041114 -50.855724 -0.986009 0.139978 0.090501 400.901703
0.094661 0.030563 0.995041 260.057648 0.138688 0.989376 -0.043583 -50.914753 -0.985801 0.142127 0.089417 401.000488
0.094110 0.031686 0.995058 261.152191 0.141023 0.988990 -0.044831 -50.976067 -0.985522 0.144546 0.088606 401.097595
0.093628 0.031476 0.995110 262.248230 0.141979 0.988862 -0.044637 -51.039722 -0.985431 0.145465 0.088116 401.196259
0.093230 0.030257 0.995185 263.347900 0.142161 0.988892 -0.043385 -51.104305 -0.985444 0.145521 0.087893 401.296448
0.093414 0.029092 0.995202 264.437195 0.140508 0.989183 -0.042105 -51.176193 -0.985663 0.143768 0.088316 401.391754
0.092678 0.028835 0.995279 265.522644 0.138955 0.989423 -0.041605 -51.250015 -0.985953 0.142156 0.087691 401.484741
0.091964 0.029141 0.995336 266.610291 0.136767 0.989729 -0.041614 -51.321491 -0.986325 0.139956 0.087034 401.580414
0.091359 0.029951 0.995368 267.696991 0.135132 0.989928 -0.042190 -51.391506 -0.986607 0.138361 0.086392 401.676178
0.090991 0.031359 0.995358 268.783997 0.134382 0.989975 -0.043474 -51.460609 -0.986743 0.137714 0.085865 401.771332
0.090627 0.032563 0.995353 269.873322 0.133902 0.989990 -0.044580 -51.528778 -0.986841 0.137321 0.085359 401.867188
0.090247 0.032445 0.995391 270.997650 0.133757 0.990018 -0.044397 -51.588535 -0.986896 0.137148 0.085007 401.977722
0.089934 0.030858 0.995469 272.129974 0.133456 0.990131 -0.042750 -51.648987 -0.986966 0.136696 0.084928 402.088287
0.089772 0.028905 0.995543 273.245209 0.132946 0.990285 -0.040740 -51.713909 -0.987049 0.136012 0.085059 402.189240
0.089643 0.026777 0.995614 274.341125 0.132134 0.990482 -0.038537 -51.777851 -0.987170 0.135010 0.085252 402.287201
0.089370 0.025248 0.995678 275.428345 0.131683 0.990603 -0.036939 -51.841125 -0.987255 0.134415 0.085206 402.385468
0.089143 0.026811 0.995658 276.513580 0.132426 0.990443 -0.038528 -51.903675 -0.987176 0.135286 0.084741 402.480011
0.089075 0.030125 0.995570 277.593414 0.133520 0.990159 -0.041908 -51.965694 -0.987034 0.136662 0.084176 402.573578
0.089129 0.031167 0.995532 278.669739 0.135434 0.989847 -0.043114 -52.028294 -0.986770 0.138672 0.084004 402.664978
0.089286 0.029794 0.995560 279.744110 0.137804 0.989569 -0.041973 -52.092739 -0.986426 0.140940 0.084249 402.754852
0.089257 0.028400 0.995603 280.815613 0.139205 0.989426 -0.040705 -52.156155 -0.986233 0.142228 0.084360 402.844666
0.089174 0.027187 0.995645 281.887329 0.139816 0.989387 -0.039540 -52.218071 -0.986154 0.142734 0.084425 402.936096
0.088932 0.026191 0.995693 282.953766 0.140949 0.989263 -0.038611 -52.280373 -0.986014 0.143776 0.084286 403.027161
0.088717 0.027117 0.995688 284.015167 0.141970 0.989079 -0.039588 -52.342228 -0.985887 0.144870 0.083899 403.117462
0.088974 0.028081 0.995638 285.064117 0.143907 0.988751 -0.040748 -52.395077 -0.985583 0.146906 0.083933 403.207275
0.089560 0.027406 0.995604 286.112183 0.145127 0.988593 -0.040269 -52.453808 -0.985352 0.148095 0.084561 403.294281
0.089758 0.027144 0.995594 287.150574 0.146282 0.988427 -0.040137 -52.513962 -0.985162 0.149241 0.084749 403.388184
0.090026 0.027038 0.995572 288.209076 0.146357 0.988419 -0.040079 -52.586475 -0.985127 0.149318 0.085026 403.476349
0.090931 0.027845 0.995467 289.252625 0.145891 0.988451 -0.040975 -52.647713 -0.985113 0.148957 0.085819 403.569366
0.092367 0.029114 0.995299 290.284363 0.144871 0.988543 -0.042360 -52.710983 -0.985129 0.148103 0.087090 403.665222
0.095326 0.030948 0.994965 291.312592 0.144643 0.988477 -0.044604 -52.775665 -0.984881 0.148167 0.089752 403.762970
0.100759 0.031776 0.994403 292.336334 0.145767 0.988232 -0.046349 -52.840073 -0.984175 0.149621 0.094942 403.864319
0.108923 0.030093 0.993595 293.355469 0.146576 0.988129 -0.045996 -52.905727 -0.983184 0.150647 0.103220 403.973907
0.119738 0.027814 0.992416 294.369751 0.147516 0.988013 -0.045489 -52.973251 -0.981784 0.151845 0.114200 404.093842
0.132944 0.027378 0.990745 295.376892 0.147100 0.988002 -0.047041 -53.041172 -0.980146 0.151993 0.127321 404.230194
0.148164 0.027759 0.988573 296.375763 0.146730 0.987925 -0.049732 -53.110172 -0.978017 0.152422 0.142302 404.383087
0.165847 0.027098 0.985779 297.350739 0.146111 0.987913 -0.051739 -53.178585 -0.975268 0.152615 0.159883 404.553497
0.185007 0.025532 0.982406 298.319702 0.145772 0.987890 -0.053126 -53.249371 -0.971865 0.153036 0.179045 404.739349
0.205925 0.023766 0.978279 299.290192 0.145223 0.987893 -0.054569 -53.322765 -0.967732 0.153306 0.199981 404.942566
0.227862 0.021861 0.973448 300.256989 0.143826 0.988025 -0.055855 -53.398121 -0.963013 0.152735 0.221990 405.166168
0.250245 0.020012 0.967976 301.209320 0.141446 0.988303 -0.057000 -53.473083 -0.957794 0.151181 0.244487 405.406708
0.273127 0.019488 0.961781 302.162170 0.139377 0.988443 -0.059609 -53.552525 -0.951828 0.150331 0.267254 405.664276
0.296920 0.020287 0.954687 303.103851 0.136659 0.988580 -0.063510 -53.633099 -0.945073 0.149324 0.290758 405.946411
0.321246 0.021304 0.946756 304.037079 0.134406 0.988600 -0.067851 -53.715908 -0.937408 0.149048 0.314721 406.251404
0.345366 0.020748 0.938239 304.958679 0.131323 0.988850 -0.070208 -53.799252 -0.929235 0.147461 0.338791 406.566833
0.369140 0.020104 0.929157 305.876587 0.127551 0.989209 -0.072078 -53.884869 -0.920579 0.145122 0.362593 406.908081
0.392299 0.018723 0.919647 306.785370 0.124572 0.989500 -0.073285 -53.971004 -0.911363 0.143312 0.385848 407.256714
0.415022 0.018355 0.909626 307.685760 0.122046 0.989636 -0.075654 -54.060192 -0.901588 0.142415 0.408481 407.629944
0.437108 0.019079 0.899207 308.577423 0.119027 0.989754 -0.078860 -54.151108 -0.891498 0.141500 0.430359 408.027283
0.457908 0.020272 0.888768 309.458649 0.115827 0.989857 -0.082254 -54.244633 -0.881421 0.140610 0.450916 408.443848
0.476787 0.021454 0.878757 310.331696 0.111743 0.990111 -0.084800 -54.340218 -0.871887 0.138628 0.469676 408.879883
0.493599 0.022276 0.869405 311.198608 0.107627 0.990422 -0.086482 -54.437489 -0.863005 0.136260 0.486473 409.333740
0.508629 0.021852 0.860708 312.058990 0.103994 0.990799 -0.086610 -54.536083 -0.854681 0.133562 0.501678 409.802582
0.522436 0.020242 0.852438 312.915436 0.100703 0.991256 -0.085256 -54.634693 -0.846711 0.130385 0.515829 410.287170
0.535344 0.018440 0.844433 313.766235 0.098085 0.991639 -0.083838 -54.733688 -0.838919 0.127710 0.529060 410.785095
0.547260 0.018625 0.836756 314.588989 0.095034 0.991903 -0.084234 -54.840687 -0.831550 0.125619 0.541059 411.360535
0.557316 0.021115 0.830031 315.420715 0.090999 0.992100 -0.086339 -54.941486 -0.825298 0.123651 0.550993 411.897766
0.564641 0.023750 0.824995 316.250153 0.086390 0.992393 -0.087697 -55.042656 -0.820802 0.120789 0.558295 412.446320
0.568880 0.025001 0.822040 317.079346 0.082842 0.992712 -0.087521 -55.145660 -0.818238 0.117889 0.562663 413.000397
0.570571 0.026467 0.820821 317.908997 0.079381 0.993023 -0.087199 -55.248913 -0.817402 0.114913 0.564490 413.558105
0.570685 0.027217 0.820719 318.740662 0.078392 0.993080 -0.087442 -55.350079 -0.817419 0.114240 0.564602 414.095032
0.570054 0.026696 0.821175 319.570892 0.078408 0.993142 -0.086717 -55.453732 -0.817858 0.113821 0.564051 414.649841
0.567809 0.027455 0.822702 320.396881 0.077707 0.993192 -0.086777 -55.558071 -0.819484 0.113203 0.561810 415.204498
0.563611 0.029711 0.825506 321.220764 0.075901 0.993262 -0.087570 -55.664074 -0.822545 0.112013 0.557559 415.759338
0.557253 0.031719 0.829737 322.045258 0.074124 0.993380 -0.087756 -55.769608 -0.827028 0.110406 0.551212 416.310577
0.548496 0.032928 0.835505 322.872101 0.071763 0.993683 -0.086274 -55.874817 -0.833068 0.107279 0.542668 416.855072
0.537218 0.032633 0.842812 323.704041 0.070842 0.993974 -0.083641 -55.979374 -0.840463 0.104641 0.531669 417.383026
0.523625 0.033109 0.851305 324.544373 0.070378 0.994147 -0.081954 -56.078976 -0.849036 0.102827 0.518232 417.882660
0.507799 0.033234 0.860835 325.391144 0.070376 0.994315 -0.079901 -56.175610 -0.858596 0.101157 0.502574 418.364746
0.491017 0.033546 0.870504 326.241516 0.070805 0.994415 -0.078259 -56.271030 -0.868267 0.100063 0.485900 418.828064
0.472588 0.037399 0.880489 327.048767 0.071818 0.994141 -0.080774 -56.369961 -0.878351 0.101409 0.467135 419.271149
0.454046 0.042496 0.889964 327.849396 0.073810 0.993634 -0.085103 -56.467670 -0.887915 0.104330 0.448019 419.701691
0.433885 0.048795 0.899646 328.660004 0.076425 0.992940 -0.090714 -56.565956 -0.897720 0.108116 0.427093 420.112518
0.412463 0.051994 0.909489 329.516907 0.079034 0.992562 -0.092587 -56.662598 -0.907540 0.110069 0.405286 420.498260
0.389663 0.048274 0.919691 330.406433 0.082679 0.992758 -0.087140 -56.756748 -0.917239 0.109995 0.382850 420.861328
0.366421 0.038174 0.929665 331.432861 0.088282 0.993224 -0.075579 -56.846584 -0.926251 0.109767 0.360569 421.166504
0.342757 0.030617 0.938925 332.366058 0.093505 0.993393 -0.066528 -56.935558 -0.934759 0.110597 0.337630 421.487213
0.318919 0.031465 0.947259 333.272827 0.097332 0.993077 -0.065756 -57.016029 -0.942770 0.113171 0.313649 421.778809
0.295037 0.035952 0.954809 334.182037 0.100701 0.992555 -0.068490 -57.093815 -0.950164 0.116359 0.289221 422.046417
0.270895 0.039813 0.961785 335.098206 0.103367 0.992164 -0.070184 -57.172131 -0.957043 0.118431 0.264657 422.293091
0.246357 0.041325 0.968298 336.023651 0.106541 0.991880 -0.069438 -57.251106 -0.963306 0.120270 0.239954 422.516846
0.222031 0.041177 0.974170 336.956329 0.109150 0.991777 -0.066799 -57.329792 -0.968911 0.121163 0.215711 422.718994
0.198179 0.041232 0.979298 337.896393 0.111860 0.991635 -0.064389 -57.406788 -0.973761 0.122305 0.191909 422.900330
0.175356 0.041745 0.983620 338.844238 0.116177 0.991241 -0.062781 -57.481750 -0.977626 0.125284 0.168971 423.060150
0.154014 0.043422 0.987114 339.799927 0.121492 0.990620 -0.062532 -57.555302 -0.980571 0.129557 0.147294 423.198212
0.134005 0.044848 0.989966 340.758362 0.126150 0.990076 -0.061930 -57.628044 -0.982918 0.133184 0.127017 423.328674
0.115353 0.044937 0.992308 341.721680 0.130215 0.989671 -0.059954 -57.699856 -0.984752 0.136130 0.108310 423.452515
0.097586 0.043665 0.994269 342.689667 0.132899 0.989518 -0.056500 -57.770950 -0.986313 0.137652 0.090759 423.570740
0.081661 0.044885 0.995649 343.644745 0.134080 0.989409 -0.055601 -57.838692 -0.987600 0.138038 0.074778 423.645966
0.065615 0.046131 0.996778 344.615570 0.134425 0.989416 -0.054640 -57.896599 -0.988748 0.137577 0.058719 423.717041
0.051043 0.046594 0.997609 345.604828 0.135865 0.989300 -0.053158 -57.952084 -0.989411 0.138255 0.044167 423.780945
0.038103 0.046155 0.998207 346.603668 0.138389 0.989063 -0.051014 -58.010494 -0.989644 0.140086 0.031299 423.829834
0.027099 0.046522 0.998550 347.611877 0.140396 0.988838 -0.049880 -58.069107 -0.989725 0.141545 0.020266 423.869415
0.017680 0.044505 0.998852 348.592926 0.144870 0.988352 -0.046601 -58.139614 -0.989293 0.145528 0.011026 423.888977
0.009825 0.043213 0.999018 349.576019 0.147913 0.988012 -0.044192 -58.217419 -0.988951 0.148203 0.003316 423.893250
0.002326 0.040848 0.999162 350.569824 0.149283 0.987955 -0.040738 -58.292198 -0.988791 0.149252 -0.003799 423.895721
-0.003603 0.038200 0.999263 351.579651 0.150647 0.987886 -0.037222 -58.339081 -0.988581 0.150403 -0.009313 423.891632
-0.009368 0.035356 0.999331 352.606842 0.151883 0.987829 -0.033526 -58.383415 -0.988353 0.151469 -0.014624 423.892242
-0.013718 0.032992 0.999361 353.641632 0.153703 0.987646 -0.030495 -58.431610 -0.988022 0.153187 -0.018619 423.895752
-0.017466 0.032522 0.999318 354.676270 0.157668 0.987055 -0.029368 -58.476475 -0.987337 0.157048 -0.022368 423.884796
-0.020531 0.032239 0.999269 355.728882 0.161841 0.986405 -0.028500 -58.523273 -0.986603 0.161138 -0.025469 423.867004
-0.022972 0.034415 0.999144 356.777008 0.164275 0.985952 -0.030185 -58.575352 -0.986147 0.163442 -0.028303 423.845337
-0.023785 0.037687 0.999006 357.816986 0.162244 0.986186 -0.033342 -58.628231 -0.986463 0.161291 -0.029571 423.805328
-0.026141 0.041558 0.998794 358.860352 0.157566 0.986817 -0.036936 -58.675312 -0.987162 0.156411 -0.032345 423.774597
-0.028967 0.043732 0.998623 359.907654 0.151039 0.987763 -0.038876 -58.722660 -0.988104 0.149706 -0.035216 423.756653
-0.032179 0.043353 0.998541 360.958832 0.142959 0.988985 -0.038332 -58.774044 -0.989206 0.141518 -0.038022 423.738953
-0.035880 0.041270 0.998504 362.013733 0.135085 0.990177 -0.036072 -58.827152 -0.990184 0.133589 -0.041102 423.720032
-0.039785 0.039165 0.998441 363.066467 0.129519 0.991003 -0.033713 -58.880737 -0.990779 0.127977 -0.044499 423.696014
-0.044433 0.040919 0.998174 364.114807 0.125658 0.991454 -0.035051 -58.934238 -0.991078 0.123871 -0.049195 423.666473
-0.049526 0.043278 0.997835 365.161865 0.122313 0.991803 -0.036945 -58.989624 -0.991255 0.120219 -0.054413 423.631989
-0.054496 0.045087 0.997495 366.208618 0.119044 0.992148 -0.038343 -59.046864 -0.991392 0.116656 -0.059435 423.593384
-0.059205 0.044531 0.997252 367.288391 0.117477 0.992372 -0.037339 -59.116192 -0.991309 0.114943 -0.063984 423.550781
-0.064724 0.040591 0.997077 368.329102 0.116003 0.992704 -0.032883 -59.172951 -0.991138 0.113536 -0.068961 423.499634
-0.072627 0.035427 0.996730 369.353638 0.112233 0.993311 -0.027128 -59.229366 -0.991024 0.109897 -0.076116 423.444916
-0.082908 0.033256 0.996003 370.352203 0.109854 0.993656 -0.024034 -59.282055 -0.990484 0.107423 -0.086035 423.381561
-0.096903 0.033270 0.994738 371.315277 0.108555 0.993831 -0.022665 -59.310410 -0.989356 0.105787 -0.099917 423.317078
-0.115123 0.030791 0.992874 372.215973 0.105655 0.994229 -0.018582 -59.346474 -0.987717 0.102763 -0.117711 423.212799
-0.137501 0.029854 0.990052 373.087189 0.104145 0.994440 -0.015522 -59.394459 -0.985012 0.100975 -0.139845 423.094849
-0.161622 0.029801 0.986402 373.935791 0.105833 0.994302 -0.012699 -59.443707 -0.981161 0.102343 -0.163856 422.966400
-0.193552 0.029836 0.980636 374.736176 0.108968 0.994006 -0.008735 -59.467381 -0.975020 0.105168 -0.195644 422.809387
-0.226391 0.029261 0.973597 375.510529 0.113070 0.993580 -0.003570 -59.483971 -0.967452 0.109277 -0.228245 422.636841
-0.262390 0.026080 0.964610 376.259705 0.116628 0.993163 0.004873 -59.497913 -0.957888 0.113780 -0.263637 422.445404
-0.300794 0.023116 0.953410 376.976135 0.120541 0.992610 0.013964 -59.506405 -0.946040 0.119126 -0.301356 422.232666
-0.339544 0.023520 0.940297 377.665558 0.122827 0.992235 0.019534 -59.520611 -0.932536 0.122127 -0.339796 421.978760
-0.380227 0.024943 0.924557 378.296814 0.124464 0.991923 0.024425 -59.527821 -0.916480 0.124362 -0.380260 421.703003
-0.422321 0.027999 0.906014 378.891144 0.121873 0.992201 0.026146 -59.525440 -0.898216 0.121462 -0.422439 421.424561
-0.465543 0.031150 0.884477 379.464691 0.115973 0.992910 0.026073 -59.517178 -0.877394 0.114714 -0.465855 421.124664
-0.509121 0.032782 0.860070 380.016785 0.110102 0.993544 0.027305 -59.508095 -0.853624 0.108598 -0.509443 420.802917
-0.552561 0.035104 0.832733 380.546509 0.108842 0.993596 0.030336 -59.497776 -0.826336 0.107400 -0.552842 420.452820
-0.595381 0.038037 0.802542 381.054077 0.109601 0.993386 0.034227 -59.484699 -0.795933 0.108339 -0.595612 420.075623
-0.637079 0.041185 0.769698 381.534027 0.110813 0.993092 0.038580 -59.467266 -0.762792 0.109871 -0.637242 419.674469
-0.676413 0.044325 0.735188 381.995941 0.113560 0.992527 0.044639 -59.446297 -0.727716 0.113683 -0.676391 419.258698
-0.713017 0.045850 0.699646 382.439209 0.116349 0.991761 0.053578 -59.421879 -0.691426 0.119607 -0.712478 418.825806
-0.747736 0.045895 0.662408 382.866974 0.117571 0.990996 0.064055 -59.393551 -0.653504 0.125777 -0.746400 418.382935
-0.780478 0.046370 0.623461 383.272522 0.117762 0.990297 0.073767 -59.363461 -0.613992 0.130994 -0.778366 417.925781
-0.810919 0.047934 0.583192 383.653046 0.116631 0.989882 0.080813 -59.329838 -0.573418 0.133551 -0.808305 417.452515
-0.839188 0.049032 0.541628 384.013123 0.113117 0.989882 0.085649 -59.292747 -0.531949 0.133144 -0.836244 416.966187
-0.865386 0.049190 0.498685 384.355408 0.107375 0.990258 0.088654 -59.252071 -0.489467 0.130268 -0.862237 416.466553
-0.888691 0.051080 0.455653 384.633911 0.104054 0.990314 0.091926 -59.201210 -0.446544 0.129107 -0.885398 415.910126
-0.909303 0.053670 0.412660 384.873352 0.102021 0.990136 0.096029 -59.144077 -0.403436 0.129420 -0.905809 415.324127
-0.927734 0.053666 0.369362 385.079803 0.097157 0.990215 0.100159 -59.083282 -0.360373 0.128808 -0.923872 414.713623
-0.943787 0.051283 0.326553 385.300659 0.089492 0.990640 0.103073 -59.027630 -0.318211 0.126503 -0.939542 414.122192
-0.957217 0.048831 0.285224 385.502319 0.081751 0.991140 0.104674 -58.970695 -0.277586 0.123514 -0.952727 413.520355
-0.967387 0.051365 0.248042 385.660797 0.079559 0.991283 0.105011 -58.903187 -0.240486 0.121321 -0.963041 412.875244
-0.975585 0.055714 0.212439 385.795746 0.079692 0.991163 0.106031 -58.831951 -0.204655 0.120372 -0.971405 412.215302
-0.981696 0.060338 0.180641 385.910309 0.081071 0.990654 0.109681 -58.759335 -0.172335 0.122319 -0.977414 411.547180
-0.986198 0.061676 0.153652 386.017700 0.079842 0.990150 0.115009 -58.689342 -0.145046 0.125689 -0.981409 410.881134
-0.989304 0.062334 0.131884 386.119537 0.078363 0.989668 0.120061 -58.620609 -0.123037 0.129112 -0.983967 410.219421
-0.991245 0.064454 0.115230 386.213684 0.078786 0.989087 0.124498 -58.551220 -0.105947 0.132486 -0.985506 409.561859
-0.992436 0.067080 0.102811 386.299652 0.079964 0.988697 0.126814 -58.480206 -0.093143 0.134077 -0.986584 408.908783
-0.993336 0.067935 0.093096 386.381134 0.079704 0.988414 0.129165 -58.409199 -0.083242 0.135725 -0.987243 408.258331
-0.994121 0.066841 0.085181 386.458832 0.077663 0.988359 0.130824 -58.339367 -0.075445 0.136672 -0.987739 407.610291
-0.994755 0.065080 0.078916 386.533051 0.075032 0.988602 0.130520 -58.268574 -0.069522 0.135757 -0.988300 406.953552
-0.995236 0.063682 0.073824 386.599884 0.072884 0.988892 0.129533 -58.199345 -0.064755 0.134297 -0.988823 406.324707
-0.995490 0.064669 0.069410 386.661224 0.073168 0.989088 0.127867 -58.127140 -0.060383 0.132369 -0.989359 405.682343
-0.995511 0.067194 0.066663 386.718536 0.075169 0.989254 0.125401 -58.056957 -0.057521 0.129850 -0.989864 405.041443
-0.995555 0.069845 0.063171 386.769318 0.077338 0.989110 0.125221 -57.987400 -0.053737 0.129550 -0.990116 404.389557
-0.995660 0.070422 0.060852 386.823090 0.077593 0.989135 0.124862 -57.917885 -0.051399 0.129043 -0.990306 403.738831
-0.995749 0.070546 0.059236 386.876862 0.077521 0.989104 0.125151 -57.847805 -0.049761 0.129211 -0.990367 403.095245
-0.995787 0.070859 0.058212 386.922119 0.077857 0.988661 0.128394 -57.782532 -0.048454 0.132386 -0.990013 402.453003
-0.995821 0.071418 0.056916 386.971161 0.078333 0.988370 0.130338 -57.714245 -0.046946 0.134252 -0.989834 401.811188
-0.995871 0.071044 0.056507 387.020935 0.077955 0.988265 0.131351 -57.642643 -0.046513 0.135214 -0.989724 401.176208
-0.995845 0.071373 0.056559 387.070160 0.078318 0.988154 0.131973 -57.570919 -0.046470 0.135855 -0.989638 400.546448
-0.995706 0.072811 0.057158 387.118530 0.079823 0.988043 0.131905 -57.498875 -0.046871 0.135902 -0.989613 399.919525
-0.995588 0.073019 0.058929 387.168427 0.080305 0.987909 0.132614 -57.426762 -0.048533 0.136762 -0.989414 399.287445
-0.995564 0.071823 0.060785 387.221741 0.079374 0.987980 0.132646 -57.355709 -0.050528 0.136883 -0.989298 398.663422
-0.995526 0.071311 0.061986 387.275452 0.078957 0.988204 0.131211 -57.286808 -0.051897 0.135519 -0.989415 398.043579
-0.995221 0.073262 0.064553 387.303864 0.081202 0.988122 0.130462 -57.211136 -0.054229 0.135080 -0.989349 397.409668
-0.994889 0.076747 0.065626 387.324188 0.084719 0.988034 0.128877 -57.134056 -0.054950 0.133779 -0.989487 396.777649
-0.994886 0.076996 0.065377 387.368378 0.084830 0.988267 0.127007 -57.063869 -0.054831 0.131904 -0.989745 396.160522
-0.994909 0.076171 0.065977 387.419586 0.084137 0.988219 0.127845 -57.000996 -0.055462 0.132746 -0.989597 395.542633
-0.994873 0.076224 0.066458 387.467346 0.084296 0.988106 0.128602 -56.938938 -0.055866 0.133546 -0.989467 394.923523
-0.994692 0.078101 0.066983 387.514343 0.086258 0.987876 0.129069 -56.872833 -0.056090 0.134163 -0.989371 394.308533
-0.994516 0.079740 0.067680 387.561035 0.088013 0.987644 0.129660 -56.808384 -0.056505 0.134907 -0.989246 393.697235
-0.994489 0.079821 0.067969 387.611847 0.088093 0.987730 0.128948 -56.745613 -0.056843 0.134226 -0.989319 393.090515
-0.994497 0.079590 0.068123 387.663483 0.087789 0.987969 0.127319 -56.680843 -0.057170 0.132600 -0.989520 392.485779
-0.994256 0.082030 0.068745 387.710785 0.090074 0.988247 0.123505 -56.613491 -0.057807 0.128988 -0.989960 391.881714
-0.993790 0.086588 0.069886 387.752258 0.094520 0.988315 0.119573 -56.549023 -0.058715 0.125437 -0.990363 391.271179
-0.993418 0.089477 0.071516 387.796875 0.097574 0.988066 0.119182 -56.483143 -0.059999 0.125376 -0.990293 390.655670
-0.993235 0.089217 0.074323 387.846466 0.097742 0.987913 0.120306 -56.416420 -0.062692 0.126757 -0.989950 390.038910
-0.993033 0.088705 0.077568 387.897705 0.097780 0.987665 0.122291 -56.349583 -0.065763 0.129024 -0.989458 389.419495
-0.992746 0.088851 0.080991 387.948853 0.098643 0.987085 0.126226 -56.280376 -0.068730 0.133300 -0.988689 388.798615
-0.992241 0.090691 0.085050 387.999939 0.101136 0.986624 0.127839 -56.210732 -0.072319 0.135449 -0.988141 388.178131
-0.991850 0.090961 0.089213 388.055206 0.101967 0.986549 0.127762 -56.143814 -0.076391 0.135818 -0.987784 387.559052
-0.991706 0.088557 0.093152 388.121307 0.100038 0.986866 0.126830 -56.078720 -0.080697 0.135098 -0.987541 386.936035
-0.991377 0.087387 0.097650 388.191193 0.099259 0.987281 0.124187 -55.995964 -0.085556 0.132809 -0.987442 386.296692
-0.990826 0.087671 0.102849 388.255066 0.100081 0.987415 0.122451 -55.910496 -0.090820 0.131620 -0.987130 385.652100
-0.990347 0.087397 0.107588 388.323486 0.100352 0.987498 0.121561 -55.838886 -0.095618 0.131185 -0.986735 385.005585
-0.988668 0.100719 0.111322 388.387970 0.114177 0.985942 0.121986 -55.814171 -0.097471 0.133315 -0.986269 384.334137
-0.987945 0.101047 0.117281 388.452972 0.115082 0.986104 0.119807 -55.742050 -0.103546 0.131861 -0.985846 383.674896
-0.987316 0.102105 0.121579 388.516876 0.116418 0.986271 0.117107 -55.668865 -0.107953 0.129776 -0.985649 383.015808
-0.986827 0.102226 0.125394 388.582336 0.116856 0.986413 0.115472 -55.595779 -0.111887 0.128604 -0.985364 382.353180
-0.986720 0.099916 0.128065 388.650177 0.114989 0.986538 0.116274 -55.524162 -0.114723 0.129456 -0.984926 381.685944
-0.987091 0.096961 0.127478 388.719055 0.112151 0.986667 0.117942 -55.451618 -0.114343 0.130718 -0.984803 381.018311
-0.987659 0.095555 0.124092 388.788696 0.110106 0.987099 0.116241 -55.381271 -0.111384 0.128470 -0.985438 380.350006
-0.988317 0.094386 0.119670 388.857758 0.108199 0.987485 0.114738 -55.310772 -0.107342 0.126346 -0.986162 379.676788
-0.989175 0.092475 0.113935 388.926331 0.105566 0.987762 0.114805 -55.237598 -0.101924 0.125591 -0.986832 378.995453
-0.990131 0.090598 0.106918 388.992432 0.102849 0.987996 0.115256 -55.163647 -0.095193 0.125116 -0.987565 378.306702
-0.991057 0.089808 0.098693 389.043335 0.101112 0.988061 0.116237 -55.088238 -0.087076 0.125178 -0.988306 377.605011
-0.992007 0.089189 0.089260 389.089905 0.099200 0.988418 0.114837 -55.012112 -0.077985 0.122775 -0.989366 376.899170
-0.992823 0.088666 0.080252 389.133179 0.097379 0.988912 0.112109 -54.936428 -0.069422 0.119120 -0.990450 376.188782
-0.993598 0.087152 0.071890 389.183929 0.094775 0.989348 0.110488 -54.861252 -0.061495 0.116594 -0.991274 375.470123
-0.994214 0.085861 0.064538 389.229462 0.092670 0.989466 0.111212 -54.784687 -0.054310 0.116551 -0.991699 374.733643
-0.994660 0.085426 0.057920 389.268860 0.091560 0.989348 0.113172 -54.707119 -0.047635 0.117872 -0.991885 373.981537
-0.995129 0.083920 0.051727 389.305084 0.089398 0.989367 0.114716 -54.627750 -0.041550 0.118782 -0.992050 373.216064
-0.995477 0.083277 0.045720 389.336273 0.088087 0.989346 0.115906 -54.545349 -0.035582 0.119410 -0.992207 372.438507
-0.995844 0.081965 0.039690 389.365601 0.086089 0.989427 0.116715 -54.460361 -0.029704 0.119648 -0.992372 371.618164
-0.996134 0.081148 0.033650 389.389618 0.084604 0.989311 0.118762 -54.369789 -0.023653 0.121150 -0.992352 370.771393
-0.996336 0.081101 0.027154 389.405701 0.083802 0.989167 0.120516 -54.279133 -0.017086 0.122351 -0.992340 369.938202
-0.996571 0.080201 0.020347 389.415009 0.082087 0.989196 0.121457 -54.188847 -0.010387 0.122713 -0.992388 369.098114
-0.996623 0.081200 0.012157 389.415497 0.082079 0.989077 0.122432 -54.096432 -0.002083 0.123017 -0.992403 368.255707
-0.996713 0.080928 0.003593 389.410065 0.080750 0.989034 0.123651 -54.002911 0.006452 0.123536 -0.992319 367.413788
-0.996738 0.080560 -0.005021 389.397552 0.079282 0.988808 0.126380 -53.908451 0.015146 0.125570 -0.991969 366.568420
-0.996644 0.080706 -0.013633 389.376740 0.078280 0.988512 0.129284 -53.813477 0.023910 0.127783 -0.991514 365.721863
-0.996425 0.081457 -0.022421 389.346527 0.077804 0.988151 0.132299 -53.716412 0.032932 0.130082 -0.990956 364.874542
-0.996301 0.080058 -0.031224 389.304291 0.075109 0.987831 0.136185 -53.618717 0.041746 0.133336 -0.990191 364.023315
-0.996078 0.077515 -0.042674 389.259125 0.070902 0.987724 0.139192 -53.511890 0.052939 0.135620 -0.989345 363.177368
-0.995643 0.074485 -0.056088 389.203339 0.065949 0.987794 0.141115 -53.408688 0.065915 0.136802 -0.988403 362.329926
-0.994818 0.070276 -0.073470 389.134399 0.059714 0.988742 0.137200 -53.306309 0.082284 0.132102 -0.987815 361.488953
-0.993465 0.064878 -0.093909 389.047211 0.052489 0.990272 0.128857 -53.206455 0.101355 0.123086 -0.987206 360.653473
-0.991091 0.063831 -0.116896 388.934326 0.049689 0.991513 0.120138 -53.109673 0.123572 0.113259 -0.985851 359.822968
-0.987795 0.066480 -0.140861 388.794342 0.050542 0.992211 0.113854 -53.017475 0.147332 0.105346 -0.983461 358.994110
-0.983720 0.068192 -0.166268 388.636292 0.049801 0.992416 0.112379 -52.929031 0.172670 0.102270 -0.979656 358.164154
-0.978993 0.070304 -0.191393 388.464661 0.048802 0.992185 0.114829 -52.842564 0.197969 0.103077 -0.974773 357.326202
-0.973680 0.072777 -0.215990 388.270142 0.047666 0.991715 0.119278 -52.756634 0.222881 0.105844 -0.969082 356.491211
-0.967900 0.073188 -0.240441 388.054626 0.043922 0.991196 0.124899 -52.667801 0.247465 0.110331 -0.962594 355.664124
-0.961489 0.072814 -0.265021 387.816650 0.039681 0.990940 0.128302 -52.577198 0.271961 0.112846 -0.955669 354.847717
-0.954557 0.071644 -0.289288 387.555054 0.035448 0.991077 0.128482 -52.485149 0.295912 0.112389 -0.948580 354.043457
-0.947019 0.069327 -0.313609 387.271515 0.030466 0.991412 0.127170 -52.390209 0.319732 0.110879 -0.940998 353.248047
-0.938802 0.068667 -0.337540 386.981995 0.026833 0.991529 0.127080 -52.296009 0.343408 0.110247 -0.932693 352.452789
-0.930240 0.071918 -0.359836 386.679810 0.026484 0.991207 0.129640 -52.199711 0.365995 0.111067 -0.923966 351.661865
-0.921891 0.076341 -0.379855 386.354309 0.026588 0.990550 0.134549 -52.099667 0.386537 0.113940 -0.915209 350.879364
-0.914317 0.079632 -0.397094 386.028778 0.025038 0.989718 0.140825 -51.996029 0.404225 0.118817 -0.906910 350.097137
-0.907483 0.083395 -0.411727 385.697815 0.023644 0.988683 0.148143 -51.890095 0.419421 0.124704 -0.899186 349.316101
-0.901415 0.087815 -0.423958 385.363617 0.024521 0.987997 0.152509 -51.784252 0.432261 0.127079 -0.892748 348.542938
-0.896157 0.088208 -0.434881 385.030670 0.024369 0.988346 0.150255 -51.681293 0.443067 0.124055 -0.887864 347.775543
-0.891458 0.086965 -0.444680 384.696472 0.023371 0.988926 0.146551 -51.579258 0.452500 0.120253 -0.883619 347.010345
-0.887371 0.086400 -0.452890 384.340240 0.021690 0.989019 0.146182 -51.473888 0.460546 0.119895 -0.879501 346.250946
-0.883462 0.086543 -0.460441 383.899109 0.018667 0.988512 0.149981 -51.364422 0.468131 0.123908 -0.874929 345.529694
-0.879211 0.085960 -0.468613 383.429413 0.015580 0.988249 0.152051 -51.249439 0.476177 0.126384 -0.870219 344.828644
-0.874630 0.084710 -0.477333 383.007294 0.014389 0.988717 0.149098 -51.138844 0.484577 0.123538 -0.865980 344.113495
-0.869108 0.080234 -0.488072 382.630890 0.011732 0.989821 0.141826 -51.007919 0.494483 0.117536 -0.861204 343.382690
-0.864683 0.074025 -0.496834 382.255737 0.007036 0.990769 0.135374 -50.871304 0.502269 0.113560 -0.857222 342.652710
-0.860630 0.065726 -0.504972 381.840546 0.000711 0.991789 0.127877 -50.768383 0.509230 0.109697 -0.853610 341.947845
-0.856331 0.060015 -0.512928 381.392059 -0.004531 0.992313 0.123668 -50.686794 0.516407 0.108225 -0.849476 341.254059
-0.851787 0.057359 -0.520738 380.924225 -0.008675 0.992307 0.123493 -50.626236 0.523815 0.109708 -0.844737 340.573914
-0.847242 0.058202 -0.528008 380.457123 -0.011010 0.991841 0.126998 -50.569820 0.531092 0.113413 -0.839689 339.898682
-0.843426 0.058116 -0.534093 380.011749 -0.014395 0.991329 0.130603 -50.481678 0.537052 0.117843 -0.835277 339.205841
-0.840285 0.058920 -0.538934 379.561005 -0.016060 0.990935 0.133377 -50.388237 0.541906 0.120730 -0.831722 338.512848
-0.838379 0.064803 -0.541222 379.090271 -0.011328 0.990621 0.136161 -50.300358 0.544969 0.120286 -0.829783 337.817047
-0.836792 0.069843 -0.543049 378.615906 -0.006542 0.990483 0.137469 -50.210636 0.547482 0.118586 -0.828372 337.123016
-0.836445 0.071420 -0.543376 378.149719 -0.003692 0.990715 0.135902 -50.116596 0.548038 0.115681 -0.828415 336.429260
-0.837920 0.070756 -0.541188 377.683044 -0.002645 0.991023 0.133663 -50.019474 0.545786 0.113431 -0.830211 335.732269
-0.839194 0.071295 -0.539140 377.216888 -0.000938 0.991178 0.132533 -49.920361 0.543832 0.111727 -0.831724 335.030670
-0.841079 0.075160 -0.535665 376.752502 0.002413 0.990810 0.135234 -49.818279 0.540906 0.112451 -0.833532 334.321259
-0.843535 0.081442 -0.530864 376.318481 0.006505 0.989912 0.141530 -49.700565 0.537035 0.115933 -0.835555 333.596375
-0.847110 0.087318 -0.524195 375.863586 0.010367 0.988935 0.147979 -49.595921 0.531316 0.119921 -0.838642 332.873108
-0.850991 0.091300 -0.517183 375.420624 0.013602 0.988274 0.152081 -49.489250 0.525003 0.122386 -0.842254 332.144531
-0.854938 0.093736 -0.510190 374.983032 0.018143 0.988338 0.151182 -49.379986 0.518412 0.119996 -0.846670 331.423859
-0.858589 0.095759 -0.503642 374.564941 0.023020 0.988610 0.148725 -49.274544 0.512147 0.116100 -0.851014 330.732697
-0.862032 0.097019 -0.497482 374.143921 0.027772 0.989075 0.144766 -49.172146 0.506092 0.110977 -0.855310 330.008484
-0.865668 0.097138 -0.491106 373.726044 0.030686 0.989444 0.141618 -49.070538 0.499679 0.107526 -0.859511 329.272247
-0.869286 0.098992 -0.484296 373.310028 0.033108 0.989202 0.142770 -48.967495 0.493199 0.108075 -0.863176 328.532867
-0.872746 0.102050 -0.477389 372.895508 0.035650 0.988618 0.146159 -48.862255 0.486871 0.110541 -0.866451 327.790161
-0.875828 0.104814 -0.471103 372.474152 0.037701 0.988007 0.149731 -48.744942 0.481147 0.113379 -0.869277 327.042084
-0.878410 0.104976 -0.466236 372.076752 0.037950 0.987818 0.150914 -48.639969 0.476398 0.114870 -0.871694 326.303192
-0.880452 0.102279 -0.462973 371.686218 0.036138 0.988091 0.149561 -48.535831 0.472756 0.114951 -0.873663 325.566681
-0.881914 0.098990 -0.460901 371.299866 0.033493 0.988390 0.148194 -48.429890 0.470220 0.115258 -0.874991 324.830475
-0.882690 0.097901 -0.459644 370.913025 0.032935 0.988542 0.147307 -48.323643 0.468799 0.114890 -0.875801 324.098145
-0.882888 0.100265 -0.458755 370.523193 0.035277 0.988340 0.148118 -48.220036 0.468256 0.114589 -0.876131 323.368347
-0.883339 0.099230 -0.458111 370.138184 0.035077 0.988588 0.146500 -48.118320 0.467420 0.113340 -0.876740 322.641052
-0.883945 0.093408 -0.458167 369.760925 0.031450 0.989501 0.141057 -48.019306 0.466533 0.110278 -0.877603 321.915680
-0.884290 0.088484 -0.458477 369.384705 0.028585 0.990297 0.135991 -47.921413 0.466062 0.107151 -0.878240 321.191437
-0.884117 0.087111 -0.459074 369.004547 0.028342 0.990656 0.133400 -47.823189 0.466406 0.104931 -0.878325 320.468262
-0.883748 0.086532 -0.459894 368.621338 0.026315 0.990389 0.135781 -47.726475 0.467224 0.107895 -0.877531 319.737213
-0.883685 0.084425 -0.460405 368.240631 0.022483 0.990119 0.138405 -47.631725 0.467541 0.111956 -0.876853 319.001587
-0.884764 0.082907 -0.458605 367.853821 0.021676 0.990304 0.137209 -47.532772 0.465534 0.111457 -0.877983 318.278717
-0.885493 0.081770 -0.457401 367.465668 0.021848 0.990631 0.134801 -47.432827 0.464138 0.109373 -0.878983 317.556885
-0.886917 0.081027 -0.454768 367.082733 0.022507 0.990905 0.132659 -47.335960 0.461381 0.107423 -0.880675 316.828278
-0.889126 0.080245 -0.450573 366.704742 0.022657 0.991018 0.131787 -47.241947 0.457102 0.106967 -0.882959 316.091919
-0.891716 0.079455 -0.445565 366.331848 0.022520 0.991039 0.131656 -47.149628 0.452034 0.107366 -0.885515 315.348999
-0.894175 0.078387 -0.440803 365.971558 0.021964 0.991048 0.131683 -47.059162 0.447180 0.108067 -0.887892 314.600220
-0.896575 0.077472 -0.436065 365.613861 0.021664 0.991074 0.131535 -46.969418 0.442363 0.108484 -0.890251 313.847473
-0.898934 0.077476 -0.431180 365.254364 0.022020 0.990984 0.132157 -46.878361 0.437532 0.109306 -0.892535 313.091919
-0.901056 0.078512 -0.426537 364.893311 0.023200 0.990795 0.133363 -46.786030 0.433081 0.110273 -0.894584 312.334503
-0.902686 0.078943 -0.422998 364.532288 0.023574 0.990622 0.134574 -46.693100 0.429655 0.111508 -0.896082 311.574738
-0.903537 0.078666 -0.421227 364.172760 0.023627 0.990654 0.134327 -46.600094 0.427857 0.111419 -0.896953 310.815735
-0.904019 0.077220 -0.420461 363.818237 0.022923 0.990890 0.132699 -46.506870 0.426879 0.110325 -0.897554 310.057892
-0.904247 0.076071 -0.420181 363.468719 0.021905 0.990971 0.132270 -46.410961 0.426449 0.110403 -0.897749 309.300964
-0.904284 0.075699 -0.420168 363.117096 0.021365 0.990945 0.132551 -46.315418 0.426397 0.110888 -0.897713 308.541626
-0.904052 0.078102 -0.420227 362.762329 0.022196 0.990415 0.136324 -46.216496 0.426846 0.113917 -0.897120 307.780518
-0.903760 0.081429 -0.420223 362.405853 0.022870 0.989521 0.142561 -46.114193 0.427427 0.119231 -0.896152 307.016052
-0.903541 0.083361 -0.420316 362.050293 0.022721 0.988834 0.147273 -46.011337 0.427899 0.123517 -0.895347 306.251495
-0.903343 0.083646 -0.420683 361.696014 0.022366 0.988651 0.148551 -45.908932 0.428335 0.124785 -0.894962 305.489929
-0.903179 0.081766 -0.421405 361.336639 0.021775 0.989153 0.145259 -45.803482 0.428712 0.122019 -0.895163 304.724365
-0.902990 0.080664 -0.422020 360.974548 0.021849 0.989568 0.142395 -45.697601 0.429105 0.119360 -0.895333 303.957733
-0.902705 0.078459 -0.423046 360.616089 0.019837 0.989776 0.141239 -45.591713 0.429802 0.119106 -0.895033 303.191071
-0.902232 0.077007 -0.424319 360.250549 0.018839 0.990025 0.139620 -45.495884 0.430839 0.117977 -0.894684 302.424988
-0.901532 0.077241 -0.425764 359.887634 0.019159 0.990099 0.139052 -45.404472 0.432289 0.117204 -0.894085 301.665558
-0.900766 0.077732 -0.427292 359.527252 0.019653 0.990140 0.138695 -45.308170 0.433860 0.116535 -0.893412 300.908478
-0.899822 0.077450 -0.429327 359.167328 0.019322 0.990223 0.138139 -45.213329 0.435829 0.116007 -0.892522 300.152802
-0.898591 0.076064 -0.432145 358.807434 0.018024 0.990427 0.136854 -45.118801 0.438418 0.115188 -0.891359 299.399292
-0.896924 0.074284 -0.435901 358.446442 0.016058 0.990609 0.135775 -45.024570 0.441893 0.114781 -0.889695 298.647675
-0.894614 0.073521 -0.440750 358.078308 0.014477 0.990622 0.135861 -44.925865 0.446605 0.115163 -0.887288 297.911621
-0.892289 0.073864 -0.445381 357.712097 0.013594 0.990473 0.137029 -44.833706 0.451259 0.116216 -0.884793 297.176941
-0.889797 0.073266 -0.450437 357.345245 0.011959 0.990432 0.137476 -44.741646 0.456200 0.116938 -0.882161 296.445435
-0.887387 0.072127 -0.455349 356.977722 0.010218 0.990520 0.136984 -44.650211 0.460913 0.116907 -0.879711 295.716980
-0.885037 0.071476 -0.460001 356.608917 0.009277 0.990654 0.136082 -44.559376 0.465428 0.116171 -0.877429 294.992432
-0.882673 0.071963 -0.464446 356.238373 0.008934 0.990598 0.136507 -44.468044 0.469902 0.116342 -0.875017 294.269318
-0.880184 0.073055 -0.468977 355.849274 0.008411 0.990329 0.138482 -44.370804 0.474558 0.117946 -0.872286 293.558228
-0.878334 0.074352 -0.472232 355.453461 0.008324 0.990059 0.140401 -44.275352 0.477976 0.119389 -0.870221 292.859558
-0.877021 0.076544 -0.474315 355.068207 0.009321 0.989752 0.142490 -44.180508 0.480360 0.120547 -0.868748 292.154297
-0.876102 0.078060 -0.475765 354.686432 0.010387 0.989632 0.143244 -44.086063 0.482014 0.120555 -0.867830 291.454163
-0.875222 0.078689 -0.477279 354.305786 0.011373 0.989754 0.142326 -43.991772 0.483589 0.119139 -0.867149 290.758453
-0.874552 0.079006 -0.478455 353.926147 0.012567 0.989999 0.140506 -43.897873 0.484770 0.116867 -0.866798 290.065460
-0.874396 0.079126 -0.478719 353.548645 0.013624 0.990228 0.138786 -43.801682 0.485023 0.114832 -0.866929 289.374969
-0.874385 0.078965 -0.478765 353.172211 0.014015 0.990367 0.137751 -43.710331 0.485031 0.113739 -0.867070 288.679077
-0.874497 0.078439 -0.478648 352.798370 0.013808 0.990462 0.137087 -43.619251 0.484835 0.113273 -0.867239 287.988831
-0.874670 0.077874 -0.478421 352.421692 0.013647 0.990574 0.136291 -43.527004 0.484526 0.112682 -0.867489 287.296417
-0.874494 0.077264 -0.478842 352.047211 0.012997 0.990609 0.136106 -43.436668 0.484860 0.112801 -0.867287 286.601166
-0.873856 0.076635 -0.480108 351.669769 0.011978 0.990592 0.136316 -43.345135 0.486038 0.113370 -0.866554 285.905792
-0.872897 0.076461 -0.481876 351.288483 0.011666 0.990632 0.136056 -43.253811 0.487764 0.113142 -0.865612 285.210815
-0.871976 0.076459 -0.483541 350.903473 0.011727 0.990707 0.135506 -43.162022 0.489408 0.112489 -0.864769 284.514709
-0.871103 0.077067 -0.485015 350.514587 0.012586 0.990788 0.134827 -43.068623 0.490938 0.111344 -0.864049 283.816101
-0.870536 0.077481 -0.485968 350.121979 0.013301 0.990870 0.134156 -42.974751 0.491926 0.110325 -0.863619 283.112122
-0.870280 0.076938 -0.486512 349.725433 0.013182 0.991009 0.133140 -42.880554 0.492381 0.109457 -0.863470 282.402954
-0.869790 0.076008 -0.487534 349.330353 0.012700 0.991185 0.131871 -42.787472 0.493259 0.108509 -0.863088 281.687531
-0.869403 0.075508 -0.488301 348.911102 0.012554 0.991311 0.130938 -42.683994 0.493944 0.107708 -0.862796 280.960754
-0.868846 0.075438 -0.489301 348.496521 0.012332 0.991313 0.130939 -42.585606 0.494928 0.107732 -0.862230 280.233459
-0.868135 0.074925 -0.490641 348.080139 0.011650 0.991343 0.130774 -42.487156 0.496191 0.107814 -0.861493 279.503723
-0.868038 0.074752 -0.490839 347.647430 0.011642 0.991394 0.130394 -42.385517 0.496362 0.107473 -0.861438 278.768524
-0.867368 0.075087 -0.491970 347.222198 0.011841 0.991386 0.130436 -42.280506 0.497527 0.107311 -0.860785 278.018311
-0.866314 0.075745 -0.493723 346.807007 0.012022 0.991311 0.130990 -42.187107 0.499354 0.107543 -0.859697 277.257172
-0.865436 0.075199 -0.495346 346.382782 0.011408 0.991373 0.130571 -42.089539 0.500891 0.107351 -0.858827 276.490540
-0.864816 0.074043 -0.496600 345.952118 0.010390 0.991494 0.129738 -41.989609 0.501981 0.107040 -0.858230 275.723236
-0.864394 0.073848 -0.497364 345.515503 0.009775 0.991436 0.130221 -41.891659 0.502720 0.107701 -0.857713 274.952942
-0.864277 0.075237 -0.497358 345.072388 0.010042 0.991134 0.132482 -41.794983 0.502917 0.109508 -0.857370 274.181732
-0.864945 0.077016 -0.495922 344.621735 0.010638 0.990746 0.135308 -41.690029 0.501754 0.111758 -0.857761 273.405182
-0.865723 0.077290 -0.494522 344.173279 0.010571 0.990608 0.136317 -41.584213 0.500412 0.112786 -0.858409 272.613800
-0.866780 0.076849 -0.492734 343.722015 0.011167 0.990798 0.134886 -41.476601 0.498566 0.111415 -0.859662 271.823608
-0.868276 0.075981 -0.490228 343.271881 0.012186 0.991168 0.132042 -41.369850 0.495932 0.108676 -0.861534 271.031769
-0.870279 0.076214 -0.486627 342.821594 0.012660 0.991091 0.132581 -41.255905 0.492397 0.109222 -0.863491 270.230927
-0.872415 0.078490 -0.482422 342.370514 0.013384 0.990488 0.136948 -41.143124 0.488582 0.113019 -0.865167 269.427460
-0.874000 0.081239 -0.479088 341.918549 0.014365 0.989814 0.141636 -41.030231 0.485714 0.116909 -0.866264 268.621552
-0.875397 0.083352 -0.476164 341.483185 0.015655 0.989394 0.144412 -40.923176 0.483150 0.118964 -0.867417 267.809784
-0.876936 0.083941 -0.473219 341.036957 0.016690 0.989354 0.144565 -40.808151 0.480316 0.118877 -0.869003 266.998169
-0.878089 0.083134 -0.471220 340.607697 0.017769 0.989777 0.141510 -40.700008 0.478166 0.115886 -0.870590 266.177094
-0.879191 0.082709 -0.469237 340.181763 0.019037 0.990130 0.138853 -40.589695 0.476090 0.113146 -0.872087 265.345764
-0.880208 0.081883 -0.467471 339.758362 0.018952 0.990282 0.137773 -40.477192 0.474209 0.112410 -0.873207 264.504700
-0.881030 0.081627 -0.465965 339.332642 0.018194 0.990118 0.139046 -40.363026 0.472710 0.114027 -0.873809 263.657776
-0.881653 0.081918 -0.464734 338.888428 0.017954 0.989927 0.140432 -40.249508 0.471557 0.115469 -0.874243 262.817505
-0.881486 0.080310 -0.465331 338.455231 0.016412 0.990046 0.139778 -40.133205 0.471925 0.115576 -0.874030 261.969543
-0.880830 0.076761 -0.467170 338.021027 0.014243 0.990617 0.135914 -40.020287 0.473220 0.113065 -0.873658 261.122284
-0.879799 0.072712 -0.469753 337.572906 0.011990 0.991311 0.130987 -39.904736 0.475195 0.109610 -0.873027 260.278076
-0.878274 0.069621 -0.473062 337.125610 0.009425 0.991670 0.128450 -39.792934 0.478064 0.108357 -0.871615 259.426514
-0.876544 0.068275 -0.476454 336.674652 0.006332 0.991438 0.130422 -39.685074 0.481280 0.111305 -0.869471 258.564667
-0.874442 0.067555 -0.480403 336.211090 0.004272 0.991291 0.131621 -39.574566 0.485111 0.113044 -0.867115 257.702179
-0.872219 0.065571 -0.484699 335.742126 0.002007 0.991444 0.130513 -39.461567 0.489110 0.112864 -0.864889 256.840576
-0.870026 0.064011 -0.488832 335.266724 -0.000443 0.991432 0.130615 -39.347378 0.493005 0.113856 -0.862544 255.977615
-0.867779 0.065303 -0.492641 334.781799 -0.001106 0.991072 0.133322 -39.232876 0.496948 0.116240 -0.859960 255.109146
-0.865611 0.067172 -0.496190 334.290039 -0.000947 0.990739 0.135774 -39.115501 0.500715 0.117998 -0.857531 254.239502
-0.863610 0.067993 -0.499557 333.793182 -0.001004 0.990630 0.136566 -38.995716 0.504160 0.118442 -0.855449 253.367996
-0.861957 0.069494 -0.502195 333.289368 -0.000101 0.990537 0.137246 -38.874294 0.506980 0.118352 -0.853794 252.494720
-0.860731 0.072328 -0.503896 332.779907 0.002040 0.990336 0.138667 -38.750984 0.509056 0.118327 -0.852561 251.619125
-0.859838 0.075159 -0.505004 332.265961 0.003763 0.990011 0.140936 -38.626297 0.510552 0.119282 -0.851533 250.737045
-0.858999 0.077082 -0.506140 331.748016 0.005473 0.989927 0.141473 -38.500183 0.511947 0.118756 -0.850769 249.849518
-0.858412 0.077857 -0.507018 331.224976 0.007326 0.990173 0.139646 -38.371815 0.512908 0.116160 -0.850548 248.959320
-0.858357 0.075376 -0.507485 330.698059 0.005883 0.990529 0.137172 -38.243820 0.513019 0.114757 -0.850672 248.058029
-0.858244 0.073956 -0.507886 330.168152 0.005637 0.990862 0.134760 -38.116623 0.513212 0.112794 -0.850818 247.153122
-0.858101 0.074213 -0.508089 329.643005 0.006939 0.991086 0.133043 -37.992657 0.513433 0.110639 -0.850967 246.249786
-0.858243 0.074056 -0.507873 329.119415 0.007295 0.991195 0.132204 -37.872425 0.513192 0.109758 -0.851227 245.340622
-0.858733 0.072692 -0.507241 328.588989 0.006339 0.991318 0.131332 -37.750885 0.512384 0.109565 -0.851738 244.421066
-0.859360 0.071192 -0.506390 328.055542 0.005845 0.991564 0.129483 -37.629589 0.511336 0.108314 -0.852528 243.496185
-0.860113 0.069983 -0.505280 327.520111 0.005510 0.991761 0.127983 -37.508007 0.510074 0.107296 -0.853411 242.566055
-0.860839 0.070530 -0.503965 326.983124 0.005635 0.991608 0.129154 -37.386223 0.508845 0.108342 -0.854013 241.628693
-0.861667 0.071107 -0.502467 326.444763 0.005214 0.991322 0.131346 -37.265072 0.507446 0.110557 -0.854562 240.686142
-0.862551 0.070470 -0.501039 325.908142 0.004723 0.991331 0.131299 -37.142960 0.505948 0.110886 -0.855407 239.742279
-0.863610 0.068608 -0.499470 325.374695 0.003490 0.991486 0.130158 -37.020145 0.504147 0.110664 -0.856498 238.797943
-0.864630 0.067194 -0.497896 324.844299 0.001751 0.991412 0.130756 -36.898228 0.502406 0.112184 -0.857322 237.851440
-0.865622 0.066898 -0.496209 324.315521 0.000055 0.991046 0.133514 -36.775967 0.500698 0.115546 -0.857876 236.901657
-0.866547 0.068589 -0.494360 323.786926 -0.000162 0.990473 0.137706 -36.650948 0.499096 0.119409 -0.858280 235.950958
-0.867537 0.069907 -0.492436 323.261047 -0.000244 0.990013 0.140974 -36.523518 0.497374 0.122421 -0.858856 234.999954
-0.868191 0.072121 -0.490960 322.733337 0.001965 0.989874 0.141937 -36.392521 0.496226 0.122264 -0.859541 234.051987
-0.868620 0.073892 -0.489940 322.206909 0.004702 0.990002 0.140977 -36.260624 0.495458 0.120151 -0.860281 233.105347
-0.868960 0.074712 -0.489209 321.683441 0.007268 0.990358 0.138338 -36.130856 0.494827 0.116656 -0.861125 232.160034
-0.869500 0.075231 -0.488170 321.160431 0.009930 0.990795 0.135002 -36.002686 0.493832 0.112537 -0.862244 231.213837
-0.870295 0.074905 -0.486804 320.639923 0.010508 0.990966 0.133696 -35.876305 0.492420 0.111240 -0.863220 230.262512
-0.871022 0.074854 -0.485508 320.122192 0.010488 0.990931 0.133961 -35.752365 0.491132 0.111592 -0.863907 229.309677
-0.871740 0.073605 -0.484410 319.607788 0.009387 0.990979 0.133686 -35.628757 0.489880 0.111994 -0.864567 228.355942
-0.872366 0.071078 -0.483658 319.096069 0.007502 0.991203 0.132137 -35.504581 0.488796 0.111644 -0.865225 227.400269
-0.872950 0.069553 -0.482825 318.584259 0.006209 0.991287 0.131574 -35.380814 0.487769 0.111860 -0.865776 226.443741
-0.873677 0.070078 -0.481433 318.066620 0.006385 0.991137 0.132684 -35.256668 0.486465 0.112850 -0.866381 225.488922
-0.874278 0.070719 -0.480246 317.556580 0.007040 0.991073 0.133126 -35.135204 0.485374 0.113009 -0.866973 224.527878
-0.875048 0.071054 -0.478793 317.044342 0.007947 0.991142 0.132563 -35.012295 0.483971 0.112195 -0.867862 223.569794
-0.875841 0.071715 -0.477241 316.533142 0.008717 0.991086 0.132935 -34.887844 0.482520 0.112271 -0.868660 222.609283
-0.876810 0.072766 -0.475299 316.008942 0.008946 0.990780 0.135183 -34.757420 0.480753 0.114279 -0.869377 221.644791
-0.877999 0.073315 -0.473014 315.475830 0.009524 0.990680 0.135873 -34.619591 0.478568 0.114792 -0.870515 220.679688
-0.879489 0.073913 -0.470144 314.935516 0.011249 0.990818 0.134730 -34.481785 0.475785 0.113206 -0.872246 219.719818
-0.880087 0.074816 -0.468881 314.395020 0.012538 0.990825 0.134565 -34.343296 0.474647 0.112551 -0.872950 218.761185
-0.880624 0.075892 -0.467699 313.854462 0.013406 0.990684 0.135513 -34.203930 0.473627 0.113067 -0.873437 217.799911
-0.881173 0.076852 -0.466504 313.315582 0.014150 0.990545 0.136456 -34.064842 0.472580 0.113642 -0.873929 216.840042
-0.881341 0.077757 -0.466038 312.794098 0.015306 0.990545 0.136324 -33.932781 0.472232 0.113015 -0.874199 215.875137
-0.881667 0.077369 -0.465486 312.289368 0.015335 0.990642 0.135612 -33.813358 0.471622 0.112427 -0.874604 214.907974
-0.881787 0.076966 -0.465326 311.802002 0.015209 0.990722 0.135048 -33.695900 0.471402 0.112007 -0.874776 213.941559
-0.881853 0.076400 -0.465294 311.320129 0.014844 0.990795 0.134553 -33.575794 0.471291 0.111750 -0.874870 212.975662
-0.881871 0.076622 -0.465222 310.843231 0.014777 0.990713 0.135161 -33.454117 0.471258 0.112320 -0.874814 212.014587
-0.881777 0.077336 -0.465282 310.371796 0.014954 0.990553 0.136306 -33.330853 0.471428 0.113235 -0.874604 211.061630
-0.881910 0.076834 -0.465113 309.889374 0.014309 0.990536 0.136501 -33.212212 0.471200 0.113727 -0.874664 210.126221
-0.882042 0.076267 -0.464959 309.416687 0.014092 0.990641 0.135763 -33.094524 0.470961 0.113197 -0.874861 209.205185
-0.882242 0.075099 -0.464769 308.953369 0.013310 0.990779 0.134829 -32.982014 0.470609 0.112766 -0.875106 208.306183
-0.882589 0.073275 -0.464399 308.500946 0.011648 0.990884 0.134209 -32.872974 0.470000 0.113042 -0.875398 207.424927
-0.882919 0.072502 -0.463893 308.061005 0.010360 0.990773 0.135129 -32.767307 0.469411 0.114503 -0.875525 206.563934
-0.883291 0.072639 -0.463164 307.631409 0.009311 0.990447 0.137581 -32.664062 0.468733 0.117212 -0.875529 205.723679
-0.883440 0.074412 -0.462598 307.209900 0.009280 0.989893 0.141510 -32.557529 0.468453 0.120723 -0.875201 204.909607
-0.883529 0.076527 -0.462082 306.797394 0.009764 0.989356 0.145182 -32.454784 0.468275 0.123762 -0.874873 204.107941
-0.883568 0.077503 -0.461845 306.392670 0.009906 0.989082 0.147029 -32.350555 0.468197 0.125337 -0.874690 203.323334
-0.882318 0.074708 -0.464687 306.000946 0.007194 0.989347 0.145399 -32.249355 0.470598 0.124946 -0.873456 202.558945
-0.880987 0.072995 -0.467476 305.608002 0.005981 0.989666 0.143264 -32.147346 0.473102 0.123418 -0.872320 201.796570
-0.879172 0.073075 -0.470868 305.215698 0.006242 0.989851 0.141963 -32.046387 0.476464 0.121872 -0.870706 201.040680
-0.876880 0.073561 -0.475049 304.811890 0.006057 0.989834 0.142097 -31.942837 0.480671 0.121725 -0.868411 200.293488
-0.874303 0.074318 -0.479657 304.410278 0.006262 0.989852 0.141955 -31.839947 0.485340 0.121109 -0.865897 199.551575
-0.871805 0.075191 -0.484048 304.003693 0.007023 0.989965 0.141132 -31.737148 0.489802 0.119641 -0.863585 198.810287
-0.869971 0.076378 -0.487151 303.592651 0.008459 0.990096 0.140128 -31.634300 0.493029 0.117788 -0.862003 198.070801
-0.869038 0.077632 -0.488615 303.181122 0.009972 0.990160 0.139581 -31.532757 0.494644 0.116429 -0.861262 197.334274
-0.870420 0.078588 -0.485998 302.750702 0.012366 0.990354 0.137998 -31.425694 0.492155 0.114107 -0.862997 196.594437
-0.872918 0.076643 -0.481809 302.335327 0.012742 0.990827 0.134532 -31.325424 0.487700 0.111296 -0.865887 195.866745
-0.874670 0.075119 -0.478864 301.920624 0.013363 0.991280 0.131094 -31.224716 0.484536 0.108266 -0.868046 195.140076
-0.876790 0.073680 -0.475195 301.516785 0.013848 0.991650 0.128205 -31.126526 0.480673 0.105829 -0.870490 194.405701
-0.878196 0.073087 -0.472684 301.123749 0.014125 0.991787 0.127109 -31.029917 0.478093 0.104952 -0.872016 193.657898
-0.879017 0.072860 -0.471192 300.733002 0.013667 0.991699 0.127850 -30.935423 0.476595 0.105943 -0.872715 192.904129
-0.879884 0.071388 -0.469795 300.350159 0.012060 0.991686 0.128105 -30.841631 0.475034 0.107053 -0.873430 192.146667
-0.880605 0.071423 -0.468438 299.967560 0.011914 0.991600 0.128792 -30.748974 0.473700 0.107835 -0.874059 191.387863
-0.880883 0.071784 -0.467858 299.584290 0.011937 0.991488 0.129652 -30.657745 0.473182 0.108624 -0.874242 190.627014
-0.880297 0.070673 -0.469129 299.191589 0.010278 0.991451 0.130072 -30.562189 0.474310 0.109682 -0.873498 189.860565
-0.879402 0.069593 -0.470967 298.795807 0.008667 0.991434 0.130319 -30.466690 0.476002 0.110521 -0.872472 189.095642
-0.878335 0.068646 -0.473091 298.380463 0.007585 0.991512 0.129787 -30.367043 0.477985 0.110410 -0.871401 188.320679
-0.877078 0.067573 -0.475571 297.964020 0.006788 0.991700 0.128391 -30.268135 0.480299 0.109383 -0.870257 187.545502
-0.875961 0.069179 -0.477396 297.546539 0.008832 0.991796 0.127516 -30.168751 0.482300 0.107484 -0.869386 186.771667
-0.875277 0.069950 -0.478536 297.131348 0.009487 0.991777 0.127622 -30.070194 0.483528 0.107165 -0.868744 185.997528
-0.874490 0.070304 -0.479922 296.716217 0.008982 0.991617 0.128896 -29.972513 0.484960 0.108408 -0.867791 185.218704
-0.873670 0.072071 -0.481153 296.295349 0.010728 0.991580 0.129045 -29.872837 0.486402 0.107582 -0.867086 184.437515
-0.873146 0.072521 -0.482034 295.867279 0.011135 0.991580 0.129011 -29.770912 0.487331 0.107279 -0.866602 183.648880
-0.873134 0.072480 -0.482062 295.427765 0.011334 0.991635 0.128568 -29.661846 0.487348 0.106793 -0.866652 182.838989
-0.873473 0.072051 -0.481512 294.985718 0.011050 0.991668 0.128344 -29.557915 0.486748 0.106785 -0.866991 182.031296
-0.873863 0.071805 -0.480842 294.540161 0.010911 0.991680 0.128261 -29.454582 0.486050 0.106838 -0.867375 181.221024
-0.874100 0.071815 -0.480407 294.101959 0.010790 0.991636 0.128605 -29.352585 0.485625 0.107230 -0.867566 180.414719
-0.874249 0.072046 -0.480101 293.663483 0.010549 0.991512 0.129579 -29.248772 0.485362 0.108220 -0.867589 179.599548
-0.874207 0.072116 -0.480169 293.227905 0.009760 0.991319 0.131115 -29.142614 0.485455 0.109935 -0.867321 178.779526
-0.873855 0.072684 -0.480723 292.788147 0.009380 0.991097 0.132801 -29.033712 0.486096 0.111542 -0.866758 177.950531
-0.873391 0.072955 -0.481525 292.334503 0.009302 0.991035 0.133278 -28.923414 0.486931 0.111926 -0.866240 177.115570
-0.872774 0.072711 -0.482678 291.874207 0.009197 0.991116 0.132675 -28.810184 0.488037 0.111357 -0.865690 176.273193
-0.871679 0.072100 -0.484745 291.410675 0.008314 0.991151 0.132473 -28.695627 0.490008 0.111445 -0.864565 175.427231
-0.869950 0.071678 -0.487903 290.939850 0.007080 0.991093 0.132978 -28.580868 0.493089 0.112232 -0.862710 174.574493
-0.868034 0.071973 -0.491261 290.462708 0.006610 0.991024 0.133514 -28.465643 0.496461 0.112649 -0.860719 173.720810
-0.866320 0.072958 -0.494133 289.978607 0.007092 0.990971 0.133883 -28.348696 0.499440 0.112482 -0.859016 172.863846
-0.864876 0.074375 -0.496447 289.487793 0.008029 0.990885 0.134461 -28.231192 0.501923 0.112307 -0.857590 172.001892
-0.864153 0.074943 -0.497619 288.975555 0.009026 0.990997 0.133573 -28.101353 0.503150 0.110937 -0.857049 171.127991
-0.864113 0.074871 -0.497698 288.450134 0.009516 0.991126 0.132580 -27.967718 0.503208 0.109829 -0.857158 170.244095
-0.864613 0.075029 -0.496805 287.918457 0.010186 0.991201 0.131968 -27.833208 0.502335 0.109042 -0.857770 169.366440
-0.864180 0.076146 -0.497389 287.382996 0.011142 0.991137 0.132377 -27.697193 0.503059 0.108857 -0.857369 168.488098
-0.864341 0.077070 -0.496967 286.877441 0.012637 0.991203 0.131739 -27.564556 0.502748 0.107587 -0.857711 167.612778
-0.864812 0.078713 -0.495889 286.359924 0.014327 0.991101 0.132332 -27.444294 0.501892 0.107339 -0.858244 166.724045
-0.864307 0.079938 -0.496572 285.835754 0.015067 0.990960 0.133300 -27.336206 0.502739 0.107731 -0.857699 165.831787
-0.864064 0.080211 -0.496951 285.318726 0.014998 0.990886 0.133860 -27.222952 0.503159 0.108211 -0.857392 164.929916
-0.863933 0.079967 -0.497216 284.808014 0.014664 0.990887 0.133886 -27.101534 0.503392 0.108378 -0.857234 164.013733
-0.863974 0.079751 -0.497181 284.294342 0.014881 0.990990 0.133104 -26.975218 0.503316 0.107602 -0.857377 163.094315
-0.864189 0.079751 -0.496806 283.778381 0.015499 0.991109 0.132140 -26.846531 0.502927 0.106495 -0.857743 162.177017
-0.864485 0.080372 -0.496190 283.258484 0.016608 0.991162 0.131610 -26.716583 0.502382 0.105535 -0.858181 161.257584
-0.864997 0.080592 -0.495264 282.735687 0.017092 0.991176 0.131438 -26.586906 0.501487 0.105229 -0.858742 160.335526
-0.865548 0.080591 -0.494300 282.210114 0.017654 0.991263 0.130704 -26.459085 0.500515 0.104406 -0.859409 159.410080
-0.866270 0.079496 -0.493210 281.680756 0.017665 0.991514 0.128788 -26.332418 0.499264 0.102854 -0.860324 158.472015
-0.866993 0.077974 -0.492182 281.153381 0.017103 0.991756 0.126993 -26.211809 0.498026 0.101685 -0.861179 157.530289
-0.867743 0.076147 -0.491146 280.625946 0.016293 0.992021 0.125016 -26.092316 0.496747 0.100480 -0.862059 156.583771
-0.868519 0.074087 -0.490089 280.095886 0.015194 0.992280 0.123078 -25.973404 0.495423 0.099449 -0.862940 155.629807
-0.869332 0.072393 -0.488899 279.561127 0.013969 0.992418 0.122111 -25.855982 0.494032 0.099327 -0.863752 154.664688
-0.870219 0.072631 -0.487283 279.016602 0.014025 0.992324 0.122861 -25.736103 0.492466 0.100082 -0.864557 153.695816
-0.870707 0.073755 -0.486240 278.475586 0.013940 0.991994 0.125506 -25.615250 0.491604 0.102502 -0.864765 152.723801
-0.871084 0.075969 -0.485222 277.937439 0.013458 0.991285 0.131041 -25.494568 0.490949 0.107618 -0.864516 151.740570
-0.871369 0.076781 -0.484583 277.395996 0.013115 0.990970 0.133432 -25.365362 0.490453 0.109914 -0.864509 150.756332
-0.871545 0.076933 -0.484241 276.856323 0.013024 0.990897 0.133988 -25.230682 0.490141 0.110471 -0.864614 149.775681
-0.871772 0.076379 -0.483921 276.319458 0.012146 0.990838 0.134506 -25.095631 0.489761 0.111382 -0.864713 148.793823
-0.871998 0.076792 -0.483448 275.782898 0.011514 0.990562 0.136574 -24.960648 0.489374 0.113526 -0.864654 147.810486
-0.872196 0.078041 -0.482891 275.241821 0.011473 0.990183 0.139303 -24.824745 0.489021 0.115960 -0.864530 146.820984
-0.872209 0.079755 -0.482586 274.695862 0.012346 0.989892 0.141282 -24.686754 0.488976 0.117270 -0.864379 145.829453
-0.872123 0.080287 -0.482654 274.146088 0.012793 0.989849 0.141542 -24.546776 0.489119 0.117268 -0.864298 144.835861
-0.871853 0.080045 -0.483182 273.601105 0.013133 0.990020 0.140313 -24.407833 0.489591 0.115988 -0.864204 143.845367
-0.871637 0.078299 -0.483860 273.055786 0.012893 0.990479 0.137055 -24.271336 0.489984 0.113224 -0.864347 142.858093
-0.871371 0.075951 -0.484711 272.507111 0.011972 0.990941 0.133753 -24.137676 0.490478 0.110746 -0.864388 141.869019
-0.871028 0.074727 -0.485516 271.957581 0.011271 0.991141 0.132330 -24.007244 0.491104 0.109792 -0.864154 140.881180
-0.870645 0.074998 -0.486161 271.407745 0.011094 0.991050 0.133019 -23.878830 0.491786 0.110420 -0.863687 139.893616
-0.870223 0.075698 -0.486808 270.858063 0.011384 0.990950 0.133740 -23.751656 0.492528 0.110842 -0.863210 138.910355
-0.869775 0.075674 -0.487612 270.309570 0.011902 0.991100 0.132583 -23.625147 0.493306 0.109515 -0.862934 137.931931
-0.869414 0.074604 -0.488418 269.764648 0.011743 0.991375 0.130526 -23.500069 0.493943 0.107748 -0.862792 136.958603
-0.869147 0.073828 -0.489012 269.220764 0.011414 0.991525 0.129408 -23.376766 0.494421 0.106894 -0.862624 135.988022
-0.869052 0.073723 -0.489197 268.678131 0.011026 0.991474 0.129831 -23.255035 0.494598 0.107437 -0.862456 135.020142
-0.869976 0.074736 -0.487399 268.116791 0.011729 0.991304 0.131068 -23.126831 0.492955 0.108309 -0.863287 134.054001
-0.870858 0.075834 -0.485650 267.558258 0.013041 0.991243 0.131398 -22.998785 0.491361 0.108096 -0.864221 133.088699
-0.871026 0.076533 -0.485239 267.000763 0.013639 0.991175 0.131848 -22.870228 0.491048 0.108225 -0.864384 132.127716
-0.871898 0.075904 -0.483769 266.451111 0.013600 0.991286 0.131020 -22.747948 0.489498 0.107658 -0.865333 131.162964
-0.872073 0.074997 -0.483595 265.902039 0.013533 0.991505 0.129362 -22.626726 0.489188 0.106269 -0.865680 130.202332
-0.872170 0.074277 -0.483530 265.353943 0.013697 0.991725 0.127639 -22.506680 0.489009 0.104701 -0.865972 129.244080
-0.872117 0.074827 -0.483544 264.828827 0.013885 0.991624 0.128407 -22.383926 0.489101 0.105272 -0.865851 128.285080
-0.872056 0.075685 -0.483519 264.311005 0.014012 0.991425 0.129918 -22.262779 0.489206 0.106522 -0.865639 127.331528
-0.871697 0.076679 -0.484011 263.794281 0.014522 0.991290 0.130892 -22.142563 0.489831 0.107071 -0.865217 126.389359
-0.871491 0.076164 -0.484460 263.278961 0.013886 0.991302 0.130868 -22.028839 0.490214 0.107324 -0.864969 125.460960
-0.871043 0.075660 -0.485345 262.770813 0.013661 0.991415 0.130033 -21.915489 0.491017 0.106635 -0.864599 124.538620
-0.870765 0.073600 -0.486160 262.259888 0.011305 0.991468 0.129851 -21.795164 0.491570 0.107574 -0.864168 123.615562
-0.870241 0.073336 -0.487138 261.750397 0.010080 0.991300 0.131228 -21.680134 0.492524 0.109291 -0.863410 122.700523
-0.868908 0.072401 -0.489648 261.275909 0.008073 0.991185 0.132233 -21.560081 0.494906 0.110946 -0.861834 121.782784
-0.867746 0.072740 -0.491657 260.779846 0.006880 0.990895 0.134459 -21.436266 0.496961 0.113294 -0.860345 120.861847
-0.866892 0.073912 -0.492986 260.265656 0.006704 0.990585 0.136725 -21.314575 0.498450 0.115221 -0.859227 119.946732
-0.866680 0.073700 -0.493389 259.738892 0.005887 0.990468 0.137612 -21.191322 0.498828 0.116361 -0.858854 119.050552
-0.865852 0.074093 -0.494783 259.206848 0.005848 0.990403 0.138078 -21.063286 0.500266 0.116663 -0.857977 118.158615
-0.865301 0.074542 -0.495680 258.679169 0.006060 0.990363 0.138357 -20.938904 0.501216 0.116717 -0.857414 117.271057
-0.864864 0.075931 -0.496230 258.164825 0.006062 0.990002 0.140922 -20.818130 0.501969 0.118872 -0.856677 116.382637
-0.864322 0.078120 -0.496833 257.646881 0.006926 0.989617 0.143554 -20.696133 0.502890 0.120637 -0.855890 115.490570
-0.864681 0.079382 -0.496009 257.136017 0.008302 0.989557 0.143899 -20.575212 0.502252 0.120310 -0.856311 114.616447
-0.864737 0.079514 -0.495891 256.628601 0.009200 0.989729 0.142656 -20.453098 0.502141 0.118799 -0.856587 113.752197
-0.865114 0.078263 -0.495432 256.128387 0.009193 0.990059 0.140346 -20.331791 0.501491 0.116861 -0.857233 112.891304
-0.865692 0.078116 -0.494444 255.634079 0.009607 0.990159 0.139614 -20.214306 0.500485 0.116114 -0.857923 112.023537
-0.866284 0.077561 -0.493494 255.147034 0.008901 0.990113 0.139988 -20.092184 0.499473 0.116876 -0.858410 111.158356
-0.866870 0.077159 -0.492526 254.660217 0.008774 0.990157 0.139677 -19.973106 0.498456 0.116762 -0.859015 110.295395
-0.867333 0.077238 -0.491698 254.176498 0.009633 0.990305 0.138569 -19.856857 0.497634 0.115451 -0.859669 109.435410
-0.867900 0.079074 -0.490406 253.685562 0.011774 0.990245 0.138834 -19.739254 0.496601 0.114721 -0.860364 108.573418
-0.868346 0.080684 -0.489352 253.196548 0.013167 0.990080 0.139878 -19.623003 0.495784 0.115020 -0.860796 107.713112
-0.868687 0.081876 -0.488549 252.725876 0.013586 0.989812 0.141727 -19.507397 0.495176 0.116480 -0.860949 106.860069
-0.869003 0.082062 -0.487955 252.260620 0.013738 0.989772 0.141991 -19.388470 0.494617 0.116687 -0.861242 106.012253
-0.869439 0.081293 -0.487305 251.783371 0.013952 0.990016 0.140265 -19.266045 0.493842 0.115153 -0.861893 105.167534
-0.869763 0.079645 -0.486999 251.309540 0.013192 0.990289 0.138393 -19.150047 0.493292 0.113945 -0.862368 104.320557
-0.869963 0.078290 -0.486862 250.837250 0.012477 0.990494 0.136984 -19.034046 0.492959 0.113098 -0.862670 103.476341
-0.870429 0.077227 -0.486200 250.369553 0.011330 0.990500 0.137045 -18.913818 0.492164 0.113780 -0.863034 102.636909
-0.871022 0.076423 -0.485264 249.898132 0.010370 0.990464 0.137374 -18.794586 0.491134 0.114624 -0.863509 101.798164
-0.871136 0.076664 -0.485020 249.427063 0.010325 0.990378 0.137997 -18.675011 0.490932 0.115207 -0.863546 100.963295
-0.871178 0.077953 -0.484739 248.964050 0.011300 0.990237 0.138935 -18.561039 0.490836 0.115560 -0.863554 100.138458
-0.871178 0.079412 -0.484503 248.505798 0.012258 0.990043 0.140230 -18.450077 0.490814 0.116226 -0.863476 99.317245
-0.871374 0.080615 -0.483951 248.044266 0.013328 0.989934 0.140902 -18.337082 0.490438 0.116329 -0.863677 98.492920
-0.871563 0.082049 -0.483370 247.590714 0.015122 0.989927 0.140767 -18.227177 0.490050 0.115378 -0.864024 97.680008
-0.872008 0.082644 -0.482464 247.135300 0.016703 0.990093 0.139410 -18.115601 0.489206 0.113509 -0.864751 96.864761
-0.872557 0.082922 -0.481425 246.688629 0.017574 0.990177 0.138701 -18.004908 0.488198 0.112565 -0.865443 96.058228
-0.873368 0.083399 -0.479867 246.247467 0.018628 0.990229 0.138197 -17.895618 0.486704 0.111759 -0.866389 95.256477
-0.874814 0.084624 -0.477011 245.811417 0.020665 0.990248 0.137775 -17.787725 0.484017 0.110670 -0.868032 94.458244
-0.877856 0.085713 -0.471191 245.388992 0.023242 0.990319 0.136844 -17.682753 0.478360 0.109179 -0.871351 93.663681
-0.882273 0.087446 -0.462545 244.957718 0.027323 0.990449 0.135134 -17.573072 0.469945 0.106587 -0.876237 92.866898
-0.886778 0.089842 -0.453379 244.531570 0.032330 0.990580 0.133060 -17.464228 0.461063 0.103338 -0.881330 92.071564
-0.892600 0.090419 -0.441691 244.125015 0.035742 0.990790 0.130596 -17.360823 0.449431 0.100784 -0.887612 91.275124
-0.899647 0.090533 -0.427129 243.737595 0.039082 0.991037 0.127741 -17.261089 0.434865 0.098230 -0.895121 90.475876
-0.907583 0.091784 -0.409719 243.412125 0.043392 0.991093 0.125903 -17.176739 0.417624 0.096490 -0.903482 89.678131
-0.916660 0.093682 -0.388534 243.118286 0.047971 0.990902 0.125747 -17.095764 0.396779 0.096629 -0.912813 88.879654
-0.926273 0.094747 -0.364749 242.810562 0.051400 0.990597 0.126786 -17.005262 0.373331 0.098691 -0.922433 88.064484
-0.935958 0.094693 -0.339139 242.527679 0.054292 0.990452 0.126714 -16.915545 0.347901 0.100186 -0.932163 87.241943
-0.945271 0.094726 -0.312233 242.270691 0.057738 0.990390 0.125668 -16.826054 0.321138 0.100764 -0.941657 86.416893
-0.954038 0.094778 -0.284304 242.039948 0.061493 0.990397 0.123819 -16.737503 0.293308 0.100647 -0.950705 85.587616
-0.962133 0.094095 -0.255824 241.834152 0.064602 0.990504 0.121356 -16.652082 0.264814 0.100235 -0.959075 84.757294
-0.969395 0.093719 -0.226914 241.642029 0.067821 0.990530 0.119368 -16.566910 0.235952 0.100326 -0.966572 83.926178
-0.975848 0.093137 -0.197599 241.463928 0.070691 0.990522 0.117764 -16.482908 0.206694 0.100952 -0.973183 83.094788
-0.981394 0.092789 -0.168098 241.306442 0.073562 0.990379 0.117206 -16.399796 0.177356 0.102661 -0.978778 82.259445
-0.986023 0.092446 -0.138613 241.182526 0.076358 0.990167 0.117209 -16.318192 0.148085 0.104988 -0.983386 81.423843
-0.989773 0.091622 -0.109342 241.087769 0.078613 0.989911 0.117874 -16.237541 0.119039 0.108073 -0.986990 80.588333
-0.992548 0.090690 -0.081386 241.019775 0.080705 0.989660 0.118564 -16.158375 0.091297 0.111113 -0.989605 79.753021
-0.994450 0.089156 -0.055862 240.975616 0.082079 0.989588 0.118226 -16.081013 0.065821 0.112986 -0.991414 78.922432
-0.995693 0.086453 -0.033492 240.953506 0.081976 0.989676 0.117564 -16.003891 0.043310 0.114313 -0.992500 78.097282
-0.996360 0.084029 -0.014404 240.948410 0.081788 0.989793 0.116700 -15.927279 0.024063 0.115098 -0.993062 77.277908
-0.996563 0.082820 0.001821 240.956665 0.082470 0.989800 0.116165 -15.852671 0.007817 0.115917 -0.993228 76.465958
-0.996517 0.081992 0.015222 240.977402 0.083201 0.989894 0.114825 -15.780081 -0.005653 0.115692 -0.993269 75.663147
-0.996398 0.080831 0.025655 241.009064 0.083227 0.990119 0.112851 -15.709488 -0.016281 0.114580 -0.993281 74.872704
-0.996359 0.078669 0.032840 241.051346 0.081877 0.990362 0.111712 -15.640484 -0.023735 0.113995 -0.993198 74.091377
-0.996343 0.077079 0.036868 241.099564 0.080750 0.990486 0.111431 -15.573387 -0.027928 0.114000 -0.993088 73.322540
-0.996392 0.075999 0.037802 241.149872 0.079809 0.990459 0.112337 -15.508438 -0.028904 0.114949 -0.992951 72.564835
-0.996674 0.073518 0.035143 241.188492 0.077060 0.990581 0.113179 -15.444073 -0.026492 0.115511 -0.992953 71.816154
-0.997094 0.070764 0.028194 241.209000 0.073533 0.990779 0.113788 -15.378830 -0.019883 0.115531 -0.993105 71.077049
-0.997607 0.067222 0.016210 241.225418 0.068638 0.991080 0.114227 -15.313564 -0.008387 0.115066 -0.993322 70.351921
-0.997961 0.063818 -0.001452 241.221527 0.063230 0.991376 0.114781 -15.248568 0.008764 0.114456 -0.993390 69.638016
-0.997865 0.060495 -0.024639 241.200211 0.057244 0.991572 0.116214 -15.184006 0.031462 0.114556 -0.992918 68.934914
-0.996945 0.057920 -0.052411 241.155945 0.051438 0.991733 0.117548 -15.119980 0.058786 0.114493 -0.991683 68.246864
-0.994916 0.057235 -0.082862 241.083954 0.047209 0.991858 0.118274 -15.056057 0.088957 0.113762 -0.989518 67.570732
-0.991680 0.056629 -0.115604 240.985992 0.042789 0.991985 0.118880 -14.992073 0.121409 0.112945 -0.986155 66.906067
-0.986995 0.055039 -0.151039 240.862640 0.037017 0.992127 0.119638 -14.927341 0.156434 0.112492 -0.981261 66.248688
-0.980393 0.053974 -0.189514 240.725937 0.030641 0.991814 0.123962 -14.857555 0.194654 0.115725 -0.974021 65.584114
-0.971966 0.054332 -0.228756 240.558426 0.025199 0.991401 0.128402 -14.782182 0.233765 0.119039 -0.964978 64.930893
-0.961879 0.054486 -0.267994 240.378525 0.019279 0.991023 0.132290 -14.707304 0.272796 0.122081 -0.954295 64.285110
-0.949648 0.054298 -0.308577 240.185867 0.012786 0.990764 0.134990 -14.633956 0.313057 0.124248 -0.941572 63.649738
-0.934930 0.052688 -0.350898 239.980316 0.005309 0.990880 0.134637 -14.561604 0.354792 0.124014 -0.926684 63.025982
-0.917572 0.051293 -0.394247 239.759811 -0.001707 0.991124 0.132922 -14.489225 0.397566 0.122640 -0.909341 62.413120
-0.897775 0.051445 -0.437440 239.534729 -0.006896 0.991391 0.130747 -14.418622 0.440401 0.120399 -0.889692 61.808857
-0.875346 0.055042 -0.480354 239.270187 -0.008704 0.991543 0.129480 -14.349739 0.483418 0.117521 -0.867465 61.231464
-0.850948 0.058427 -0.521990 238.981323 -0.011658 0.991448 0.129981 -14.281767 0.525121 0.116693 -0.842989 60.670765
-0.824668 0.059339 -0.562495 238.627747 -0.016623 0.991509 0.128967 -14.216219 0.565372 0.115706 -0.816680 60.160969
-0.796733 0.058364 -0.601507 238.242218 -0.023408 0.991597 0.127220 -14.152920 0.603878 0.115441 -0.788673 59.679943
-0.767064 0.058035 -0.638940 237.678741 -0.029123 0.991723 0.125042 -14.099023 0.640908 0.114523 -0.759027 59.335262
-0.735101 0.058155 -0.675458 237.199722 -0.034704 0.991780 0.123157 -14.040118 0.677068 0.113975 -0.727040 58.936943
-0.700431 0.058765 -0.711297 236.739380 -0.039729 0.991848 0.121068 -13.978634 0.712613 0.113059 -0.692386 58.531078
-0.663215 0.059586 -0.746053 236.276077 -0.044982 0.991849 0.119205 -13.919397 0.747076 0.112619 -0.655129 58.139263
-0.624037 0.059713 -0.779110 235.806656 -0.050849 0.991858 0.116746 -13.861938 0.779738 0.112472 -0.615921 57.762272
-0.583390 0.058991 -0.810047 235.332352 -0.056793 0.991954 0.113141 -13.806802 0.810205 0.112010 -0.575346 57.400364
-0.541816 0.059475 -0.838390 234.851822 -0.060970 0.992083 0.109781 -13.751408 0.838282 0.110599 -0.533901 57.054630
-0.500060 0.061810 -0.863782 234.371002 -0.062791 0.992236 0.107353 -13.695887 0.863711 0.107922 -0.492296 56.723316
-0.458176 0.065130 -0.886471 233.881622 -0.064000 0.992305 0.105985 -13.644837 0.886554 0.105294 -0.450483 56.429356
-0.416662 0.068219 -0.906498 233.397232 -0.066291 0.992244 0.105141 -13.598122 0.906641 0.103902 -0.408909 56.161964
-0.375242 0.070994 -0.924204 232.921463 -0.068477 0.992214 0.104021 -13.554384 0.924394 0.102320 -0.367459 55.921204
-0.333654 0.072727 -0.939886 232.457794 -0.070528 0.992299 0.101820 -13.513472 0.940053 0.100262 -0.325956 55.706825
-0.292294 0.073477 -0.953501 232.007172 -0.072642 0.992457 0.098748 -13.475080 0.953565 0.098129 -0.284753 55.516220
-0.251469 0.074160 -0.965020 231.546082 -0.075365 0.992532 0.095913 -13.443482 0.964926 0.096849 -0.244002 55.393215
-0.210621 0.075042 -0.974684 231.124222 -0.079573 0.992424 0.093603 -13.411232 0.974324 0.097274 -0.203054 55.255070
-0.169200 0.075669 -0.982673 230.697906 -0.085784 0.992133 0.091169 -13.386042 0.981841 0.099724 -0.161378 55.179329
-0.127199 0.076841 -0.988897 230.287323 -0.090692 0.991917 0.088741 -13.363861 0.987722 0.100973 -0.119202 55.134792
-0.084528 0.077543 -0.993400 229.891541 -0.093813 0.991919 0.085410 -13.345364 0.991995 0.100413 -0.076571 55.120510
-0.040493 0.076863 -0.996219 229.515930 -0.096478 0.992076 0.080465 -13.326147 0.994511 0.099373 -0.032757 55.086823
0.005088 0.076070 -0.997089 229.135727 -0.100836 0.992059 0.075172 -13.313354 0.994890 0.100161 0.012719 55.110443
0.052736 0.076168 -0.995699 228.767715 -0.106959 0.991781 0.070204 -13.298136 0.992864 0.102797 0.060449 55.114346
0.103408 0.078022 -0.991574 228.400574 -0.113318 0.991351 0.066187 -13.287792 0.988163 0.105519 0.111354 55.179752
0.157017 0.080624 -0.984299 228.040955 -0.118401 0.991009 0.062286 -13.279533 0.980472 0.106763 0.165152 55.275509
0.212529 0.082754 -0.973644 227.695297 -0.122043 0.990853 0.057577 -13.270391 0.969503 0.106591 0.220684 55.357754
0.269030 0.083804 -0.959478 227.360825 -0.124253 0.990902 0.051710 -13.264158 0.955083 0.105307 0.276995 55.457340
0.325627 0.084022 -0.941757 227.037292 -0.125323 0.991090 0.045091 -13.260611 0.937156 0.103342 0.333255 55.573151
0.381205 0.083952 -0.920670 226.724960 -0.125844 0.991311 0.038287 -13.259154 0.915885 0.101266 0.388458 55.703114
0.434967 0.083914 -0.896528 226.422440 -0.127538 0.991351 0.030913 -13.260160 0.891369 0.100896 0.441906 55.844112
0.486836 0.084592 -0.869388 226.129608 -0.131919 0.991003 0.022554 -13.263783 0.863474 0.103710 0.493616 55.993088
0.537988 0.085485 -0.838608 225.845566 -0.136480 0.990551 0.013419 -13.268625 0.831831 0.107235 0.544571 56.155022
0.587923 0.085994 -0.804333 225.570358 -0.139740 0.990180 0.003722 -13.274694 0.796756 0.110210 0.594167 56.333466
0.636144 0.085325 -0.766838 225.304382 -0.140146 0.990111 -0.006092 -13.283015 0.758736 0.111346 0.641812 56.529766
0.682298 0.083480 -0.726293 225.047745 -0.137624 0.990363 -0.015456 -13.294006 0.718004 0.110501 0.687212 56.744122
0.725283 0.081332 -0.683629 224.799942 -0.133050 0.990835 -0.023275 -13.306826 0.675471 0.107838 0.729458 56.975883
0.764413 0.080549 -0.639675 224.558197 -0.128954 0.991217 -0.029283 -13.321095 0.631699 0.104874 0.768087 57.222511
0.799497 0.082906 -0.594921 224.328781 -0.127730 0.991242 -0.033518 -13.341938 0.586932 0.102788 0.803085 57.521832
0.830496 0.086040 -0.550339 224.098511 -0.127081 0.991209 -0.036808 -13.359724 0.542334 0.100507 0.834129 57.807621
0.857452 0.086276 -0.507280 223.879227 -0.123435 0.991545 -0.040002 -13.379250 0.499540 0.096917 0.860852 58.109131
0.880591 0.087875 -0.465658 223.665604 -0.120950 0.991788 -0.041564 -13.402832 0.458182 0.092922 0.883988 58.424431
0.899380 0.092987 -0.427164 223.485703 -0.123149 0.991435 -0.043466 -13.434362 0.419464 0.091698 0.903128 58.825428
0.915592 0.102230 -0.388898 223.311813 -0.129861 0.990493 -0.045364 -13.456394 0.380563 0.092039 0.920163 59.251266
0.930388 0.104201 -0.351455 223.160843 -0.128490 0.990622 -0.046439 -13.480901 0.343321 0.088365 0.935052 59.698994
0.942996 0.100608 -0.317232 223.036392 -0.121824 0.991404 -0.047712 -13.510592 0.309706 0.083639 0.947147 60.163769
0.953624 0.092831 -0.286327 222.925156 -0.111907 0.992411 -0.050956 -13.543438 0.279424 0.080635 0.956775 60.647270
0.961616 0.095220 -0.257346 222.805939 -0.113004 0.992060 -0.055185 -13.579624 0.250047 0.082149 0.964742 61.140297
0.968256 0.100383 -0.228919 222.684357 -0.116514 0.991492 -0.058042 -13.618796 0.221146 0.082872 0.971713 61.639755
0.972227 0.105426 -0.208949 222.570358 -0.121271 0.990521 -0.064492 -13.659618 0.200171 0.088041 0.975797 62.161846
0.975875 0.108942 -0.189210 222.464493 -0.124275 0.989694 -0.071124 -13.701542 0.179511 0.092924 0.979358 62.692005
0.979202 0.103251 -0.174651 222.377243 -0.117619 0.990297 -0.073995 -13.750120 0.165315 0.092999 0.981846 63.249554
0.981652 0.101575 -0.161372 222.290924 -0.114607 0.990681 -0.073590 -13.797190 0.152394 0.090736 0.984146 63.819042
0.983473 0.103849 -0.148311 222.187302 -0.115529 0.990660 -0.072418 -13.845352 0.139406 0.088357 0.986285 64.403862
0.984671 0.108454 -0.136606 222.075989 -0.118910 0.990374 -0.070842 -13.896364 0.127608 0.086001 0.988089 65.004745
0.985296 0.116026 -0.125419 221.912567 -0.125392 0.989667 -0.069536 -13.942570 0.116056 0.084240 0.989664 65.638222
0.985685 0.120359 -0.118069 221.782074 -0.129535 0.988856 -0.073370 -13.998533 0.107923 0.087615 0.990291 66.278564
0.985903 0.123630 -0.112740 221.677994 -0.133134 0.987779 -0.081040 -14.055168 0.101344 0.094908 0.990314 66.923859
0.986161 0.124143 -0.109890 221.599197 -0.133882 0.987244 -0.086171 -14.116056 0.097791 0.099691 0.990201 67.575317
0.986467 0.123619 -0.107709 221.514664 -0.133538 0.986919 -0.090319 -14.173718 0.095135 0.103480 0.990071 68.249397
0.986333 0.126688 -0.105347 221.412384 -0.136492 0.986385 -0.091717 -14.234642 0.092293 0.104844 0.990196 68.942101
0.985664 0.133034 -0.103773 221.306732 -0.142713 0.985461 -0.092193 -14.305273 0.090000 0.105682 0.990319 69.645363
0.984987 0.138695 -0.102780 221.204697 -0.148234 0.984678 -0.091834 -14.376745 0.088467 0.105691 0.990456 70.361229
0.984576 0.142515 -0.101485 221.102890 -0.151864 0.984180 -0.091241 -14.449594 0.086877 0.105247 0.990643 71.089684
0.984629 0.143658 -0.099341 221.008087 -0.152630 0.984221 -0.089513 -14.526510 0.084915 0.103300 0.991018 71.837387
0.984501 0.146341 -0.096657 220.909256 -0.154833 0.984093 -0.087105 -14.605179 0.082373 0.100721 0.991499 72.596428
0.984271 0.149671 -0.093859 220.805161 -0.157779 0.983733 -0.085880 -14.682533 0.079479 0.099338 0.991875 73.362709
0.984323 0.150664 -0.091705 220.720306 -0.158478 0.983705 -0.084900 -14.760359 0.077420 0.098104 0.992160 74.131973
0.984214 0.151616 -0.091294 220.638153 -0.159601 0.983285 -0.087621 -14.843392 0.076483 0.100809 0.991962 74.907341
0.984125 0.152344 -0.091047 220.559967 -0.160521 0.982878 -0.090465 -14.920586 0.075706 0.103645 0.991729 75.693619
0.983803 0.154379 -0.091101 220.476501 -0.162654 0.982412 -0.091707 -14.998997 0.075342 0.105040 0.991610 76.490540
0.983780 0.155651 -0.089163 220.399689 -0.163188 0.982961 -0.084593 -15.086197 0.074477 0.097772 0.992418 77.307114
0.983917 0.156342 -0.086393 220.316040 -0.163148 0.983490 -0.078283 -15.168869 0.072729 0.091120 0.993181 78.134499
0.983811 0.158499 -0.083622 220.231277 -0.164660 0.983662 -0.072766 -15.250683 0.070723 0.085358 0.993838 78.967148
0.983915 0.158612 -0.082172 220.144363 -0.164827 0.983442 -0.075328 -15.320702 0.068864 0.087661 0.993767 79.810806
0.983925 0.158914 -0.081482 220.057755 -0.165174 0.983262 -0.076882 -15.389668 0.067901 0.089105 0.993705 80.662018
0.984138 0.157619 -0.081418 219.978256 -0.163960 0.983368 -0.078130 -15.464417 0.067749 0.090240 0.993613 81.525467
0.984046 0.158098 -0.081603 219.897751 -0.164507 0.983216 -0.078890 -15.542068 0.067761 0.091057 0.993538 82.391235
0.983587 0.161031 -0.081402 219.810150 -0.167290 0.982896 -0.076994 -15.618866 0.067611 0.089349 0.993703 83.271828
0.983688 0.160118 -0.081978 219.726425 -0.166411 0.983066 -0.076728 -15.695234 0.068304 0.089120 0.993676 84.156876
0.983461 0.160422 -0.084079 219.630722 -0.167243 0.982535 -0.081560 -15.778185 0.069528 0.094273 0.993115 85.057495
0.983874 0.156212 -0.087116 219.548523 -0.163256 0.983284 -0.080617 -15.854450 0.073067 0.093540 0.992930 85.975128
0.984490 0.150656 -0.089906 219.462936 -0.157481 0.984719 -0.074345 -15.930313 0.077332 0.087351 0.993171 86.899933
0.985220 0.144398 -0.092146 219.372208 -0.150352 0.986730 -0.061289 -16.014603 0.082073 0.074238 0.993857 87.844063
0.986502 0.133910 -0.094239 219.279678 -0.139125 0.988954 -0.051102 -16.101236 0.086355 0.063524 0.994237 88.803703
0.987622 0.123261 -0.097012 219.190125 -0.128177 0.990675 -0.046172 -16.156273 0.090416 0.058036 0.994212 89.757355
0.988086 0.116280 -0.100819 219.097244 -0.121514 0.991456 -0.047418 -16.220276 0.094445 0.059106 0.993774 90.707878
0.988427 0.109718 -0.104756 219.006622 -0.115489 0.992014 -0.050692 -16.285669 0.098358 0.062204 0.993205 91.681114
0.988381 0.106373 -0.108570 218.891129 -0.113310 0.991755 -0.059842 -16.360954 0.101311 0.071449 0.992286 92.646240
0.987892 0.107914 -0.111466 218.744598 -0.115848 0.990983 -0.067321 -16.443321 0.103196 0.079419 0.991485 93.662544
0.987109 0.113546 -0.112794 218.613205 -0.122206 0.989811 -0.073067 -16.519608 0.103348 0.085909 0.990928 94.627724
0.986792 0.116606 -0.112453 218.491776 -0.125362 0.989332 -0.074195 -16.604130 0.102601 0.087314 0.990883 95.607780
0.987060 0.116103 -0.110606 218.368896 -0.124281 0.989764 -0.070147 -16.687538 0.101330 0.082987 0.991385 96.604065
0.987435 0.115098 -0.108286 218.245926 -0.122502 0.990377 -0.064382 -16.773548 0.099833 0.076839 0.992033 97.606888
0.987967 0.111946 -0.106720 218.123383 -0.119069 0.990893 -0.062866 -16.854631 0.098712 0.074818 0.992299 98.605133
0.988536 0.107559 -0.105962 218.015305 -0.114832 0.991250 -0.065090 -16.933430 0.098034 0.076512 0.992237 99.597511
0.988852 0.105457 -0.105120 217.906952 -0.112646 0.991509 -0.064961 -17.014793 0.097376 0.076079 0.992335 100.592079
0.989097 0.102088 -0.106137 217.800217 -0.109294 0.991919 -0.064431 -17.098490 0.098702 0.075330 0.992261 101.577248
0.989336 0.098081 -0.107677 217.696548 -0.105480 0.992275 -0.065297 -17.180021 0.100442 0.075959 0.992039 102.560364
0.989876 0.091086 -0.108852 217.580399 -0.098152 0.993274 -0.061415 -17.242577 0.102526 0.071478 0.992159 103.563080
0.990195 0.087012 -0.109289 217.444443 -0.093716 0.993921 -0.057772 -17.313145 0.103598 0.067448 0.992329 104.581566
0.990408 0.084461 -0.109360 217.315933 -0.091432 0.993979 -0.060380 -17.390869 0.103602 0.069801 0.992167 105.583351
0.990497 0.085230 -0.107946 217.185150 -0.092837 0.993389 -0.067512 -17.462805 0.101479 0.076893 0.991862 106.582581
0.990586 0.086401 -0.106187 217.065506 -0.094351 0.992911 -0.072274 -17.546732 0.099190 0.081613 0.991716 107.581520
0.990658 0.087463 -0.104626 216.948334 -0.095228 0.992871 -0.071675 -17.634720 0.097612 0.080969 0.991925 108.583519
0.990727 0.088728 -0.102892 216.832520 -0.096058 0.993007 -0.068618 -17.714836 0.096084 0.077866 0.992323 109.595863
0.990954 0.088161 -0.101184 216.723389 -0.095049 0.993322 -0.065389 -17.794220 0.094745 0.074416 0.992716 110.607742
0.990940 0.089366 -0.100258 216.609558 -0.096421 0.993024 -0.067870 -17.870468 0.093494 0.076923 0.992644 111.616051
0.990719 0.092221 -0.099857 216.493988 -0.099565 0.992476 -0.071244 -17.927773 0.092535 0.080526 0.992448 112.621063
0.990604 0.093726 -0.099594 216.381607 -0.100982 0.992388 -0.070485 -17.981579 0.092229 0.079880 0.992528 113.629044
0.990702 0.093518 -0.098814 216.265427 -0.100462 0.992627 -0.067802 -18.053387 0.091744 0.077099 0.992793 114.632713
0.990718 0.093811 -0.098366 216.148346 -0.100624 0.992682 -0.066750 -18.142784 0.091385 0.076029 0.992909 115.630714
0.990927 0.091212 -0.098714 216.047348 -0.098287 0.992738 -0.069342 -18.223305 0.091673 0.078416 0.992697 116.622124
0.991616 0.083942 -0.098241 215.959442 -0.091101 0.993321 -0.070807 -18.299683 0.091641 0.079164 0.992641 117.614334
0.991780 0.083230 -0.097188 215.844055 -0.090509 0.993212 -0.073051 -18.389259 0.090448 0.081247 0.992582 118.609138
0.991339 0.087724 -0.097735 215.726318 -0.095722 0.992155 -0.080401 -18.488075 0.089916 0.089060 0.991959 119.598038
0.990826 0.093717 -0.097377 215.608551 -0.102263 0.990961 -0.086829 -18.586140 0.088359 0.095991 0.991453 120.555000
0.990016 0.101230 -0.098087 215.483917 -0.110325 0.989608 -0.092218 -18.687717 0.087732 0.102119 0.990896 121.505707
0.988725 0.114067 -0.097005 215.345459 -0.122928 0.988245 -0.090878 -18.789379 0.085499 0.101779 0.991126 122.486198
0.987222 0.125901 -0.097679 215.205429 -0.134851 0.986662 -0.091169 -18.889349 0.084898 0.103176 0.991034 123.478851
0.986193 0.132197 -0.099730 215.090240 -0.141370 0.985736 -0.091310 -18.980444 0.086237 0.104149 0.990816 124.491455
0.986329 0.129475 -0.101930 214.998062 -0.138728 0.986269 -0.089601 -19.077494 0.088930 0.102517 0.990748 125.499245
0.986845 0.125669 -0.101709 214.884964 -0.134092 0.987677 -0.080696 -19.174271 0.090315 0.093274 0.991536 126.496979
0.987411 0.119848 -0.103234 214.790817 -0.127589 0.989214 -0.071945 -19.269106 0.093499 0.084212 0.992052 127.512741
0.988064 0.112743 -0.104971 214.693954 -0.120626 0.990081 -0.072029 -19.353760 0.095809 0.083831 0.991863 128.520279
0.988400 0.107954 -0.106830 214.593674 -0.116892 0.989814 -0.081266 -19.440371 0.096969 0.092811 0.990950 129.514526
0.988562 0.105638 -0.107645 214.474243 -0.115787 0.988924 -0.092851 -19.533882 0.096644 0.104254 0.989844 130.522324
0.988565 0.105914 -0.107336 214.357895 -0.116666 0.988185 -0.099391 -19.636127 0.095542 0.110778 0.989242 131.531906
0.988635 0.106731 -0.105877 214.248306 -0.117237 0.988204 -0.098529 -19.751064 0.094112 0.109823 0.989486 132.545456
0.988776 0.107360 -0.103897 214.141571 -0.117184 0.988691 -0.093574 -19.863379 0.092676 0.104699 0.990176 133.586090
0.988935 0.107758 -0.101957 214.032394 -0.116958 0.989138 -0.089022 -19.973204 0.091256 0.099962 0.990797 134.608841
0.989294 0.105059 -0.101287 213.922394 -0.114132 0.989527 -0.088371 -20.076517 0.090943 0.098987 0.990924 135.646179
0.989649 0.100677 -0.102276 213.818680 -0.110033 0.989811 -0.090367 -20.182299 0.092136 0.100687 0.990643 136.678253
0.989874 0.096503 -0.104101 213.707855 -0.106208 0.990069 -0.092098 -20.286854 0.094180 0.102222 0.990293 137.707474
0.989863 0.095064 -0.105522 213.592911 -0.104652 0.990484 -0.089378 -20.390255 0.096022 0.099516 0.990391 138.745117
0.989920 0.093570 -0.106315 213.480301 -0.102728 0.991139 -0.084199 -20.504580 0.097494 0.094273 0.990761 139.792831
0.990053 0.090637 -0.107612 213.363098 -0.100015 0.991331 -0.085197 -20.607492 0.098957 0.095113 0.990536 140.834183
0.990422 0.085801 -0.108174 213.249420 -0.095129 0.991893 -0.084239 -20.711527 0.100070 0.093723 0.990556 141.875381
0.990943 0.079603 -0.108153 213.138840 -0.088794 0.992585 -0.083001 -20.821968 0.100745 0.091854 0.990663 142.919159
0.991489 0.074069 -0.107070 213.018143 -0.083778 0.992482 -0.089220 -20.923828 0.099657 0.097432 0.990240 143.959839
0.991673 0.071553 -0.107073 212.899155 -0.082093 0.991842 -0.097514 -21.031164 0.099223 0.105493 0.989458 144.993820
0.991935 0.069532 -0.105968 212.784027 -0.080348 0.991588 -0.101474 -21.144388 0.098021 0.109171 0.989178 146.021805
0.992100 0.069990 -0.104109 212.655991 -0.080209 0.992004 -0.097440 -21.270264 0.096457 0.105022 0.989781 147.070236
0.992016 0.071830 -0.103652 212.545074 -0.081668 0.992215 -0.094008 -21.386639 0.096093 0.101724 0.990160 148.127411
0.991755 0.076392 -0.102892 212.434906 -0.085801 0.992206 -0.090351 -21.499466 0.095189 0.098435 0.990581 149.179764
0.991431 0.081124 -0.102389 212.312561 -0.090443 0.991835 -0.089905 -21.600115 0.094260 0.098396 0.990673 150.209763
0.991021 0.086852 -0.101655 212.183624 -0.095840 0.991574 -0.087137 -21.696022 0.093231 0.096099 0.990996 151.239365
0.990594 0.092195 -0.101115 212.055557 -0.100772 0.991418 -0.083268 -21.793528 0.092571 0.092676 0.991384 152.271011
0.990184 0.095073 -0.102461 211.936951 -0.103737 0.991148 -0.082837 -21.899265 0.093678 0.092654 0.991282 153.294449
0.990258 0.093046 -0.103590 211.817841 -0.101953 0.991211 -0.084293 -22.003407 0.094836 0.094034 0.991042 154.315811
0.990052 0.093004 -0.105586 211.697617 -0.102451 0.990847 -0.087885 -22.107639 0.096446 0.097829 0.990518 155.334686
0.989708 0.094904 -0.107105 211.577103 -0.104791 0.990340 -0.090800 -22.213634 0.097453 0.101091 0.990093 156.352997
0.989320 0.099202 -0.106794 211.450089 -0.109066 0.989872 -0.090864 -22.325834 0.096699 0.101542 0.990120 157.362961
0.988980 0.103586 -0.105775 211.321198 -0.113222 0.989524 -0.089559 -22.440437 0.095391 0.100549 0.990349 158.372482
0.988757 0.107127 -0.104319 211.202209 -0.116287 0.989478 -0.086071 -22.548679 0.094002 0.097235 0.990812 159.372620
0.988979 0.106169 -0.103197 211.082886 -0.115044 0.989783 -0.084223 -22.652082 0.093201 0.095167 0.991089 160.380173
0.989094 0.105944 -0.102319 210.960205 -0.114855 0.989694 -0.085518 -22.748241 0.092205 0.096338 0.991069 161.380966
0.988913 0.107656 -0.102283 210.838120 -0.116852 0.989187 -0.088620 -22.848911 0.091638 0.099589 0.990800 162.378494
0.988821 0.108288 -0.102511 210.717728 -0.117750 0.988842 -0.091247 -22.950848 0.091487 0.102297 0.990538 163.372406
0.988736 0.108565 -0.103033 210.597992 -0.118196 0.988674 -0.092478 -23.053749 0.091826 0.103615 0.990369 164.364182
0.988640 0.109435 -0.103023 210.479340 -0.118783 0.988883 -0.089448 -23.155882 0.092089 0.100669 0.990649 165.357742
0.988862 0.108030 -0.102386 210.369705 -0.116211 0.990187 -0.077620 -23.258747 0.092995 0.088654 0.991712 166.352371
0.988608 0.107234 -0.105614 210.279907 -0.114752 0.991072 -0.067872 -23.359394 0.097393 0.079220 0.992088 167.343399
0.989039 0.104646 -0.104166 210.181091 -0.111635 0.991707 -0.063673 -23.441164 0.096640 0.074604 0.992520 168.371170
0.989409 0.097512 -0.107529 210.078354 -0.105875 0.991546 -0.075000 -23.528324 0.099306 0.085591 0.991369 169.351486
0.989295 0.095884 -0.110003 209.967026 -0.106213 0.990056 -0.092232 -23.621853 0.100065 0.102930 0.989642 170.314041
0.988841 0.100154 -0.110289 209.846283 -0.111719 0.988258 -0.104225 -23.725719 0.098556 0.115384 0.988419 171.274948
0.988331 0.105745 -0.109639 209.723694 -0.117326 0.987506 -0.105191 -23.834591 0.097146 0.116828 0.988390 172.243546
0.987987 0.110702 -0.107826 209.604431 -0.121110 0.988054 -0.095289 -23.944807 0.095990 0.107204 0.989592 173.218460
0.988016 0.112460 -0.105725 209.489944 -0.121611 0.988975 -0.084481 -24.052700 0.095059 0.096327 0.990800 174.194565
0.988015 0.113822 -0.104264 209.368561 -0.122737 0.988921 -0.083485 -24.151115 0.093606 0.095282 0.991039 175.151398
0.988206 0.112898 -0.103457 209.258347 -0.121626 0.989155 -0.082328 -24.244652 0.093042 0.093941 0.991220 176.108002
0.988522 0.110513 -0.103009 209.158401 -0.119193 0.989454 -0.082294 -24.342171 0.092828 0.093629 0.991270 177.061432
0.988975 0.106397 -0.103002 209.057602 -0.115286 0.989726 -0.084565 -24.439354 0.092946 0.095508 0.991080 178.008011
0.989096 0.105230 -0.103031 208.954590 -0.114393 0.989576 -0.087468 -24.537226 0.092753 0.098301 0.990825 178.950882
0.989422 0.102538 -0.102621 208.853226 -0.111841 0.989693 -0.089432 -24.635242 0.092393 0.099964 0.990692 179.892349
0.989896 0.098015 -0.102461 208.755661 -0.107246 0.990254 -0.088845 -24.732262 0.092754 0.098936 0.990761 180.832077
0.990139 0.096303 -0.101743 208.654800 -0.105137 0.990788 -0.085350 -24.826214 0.092586 0.095207 0.991143 181.762314
0.990445 0.093880 -0.101026 208.560822 -0.102249 0.991445 -0.081115 -24.923450 0.092547 0.090670 0.991571 182.686478
0.990710 0.092392 -0.099789 208.464706 -0.100683 0.991574 -0.081508 -25.019876 0.091418 0.090798 0.991664 183.601257
0.990894 0.092903 -0.097452 208.359802 -0.101258 0.991255 -0.084617 -25.110966 0.088739 0.093715 0.991636 184.507874
0.991015 0.092191 -0.096908 208.270081 -0.101157 0.990599 -0.092084 -25.200745 0.087508 0.101061 0.991024 185.397430
0.991169 0.090069 -0.097323 208.175400 -0.099636 0.990147 -0.098385 -25.296560 0.087502 0.107214 0.990378 186.291275
0.991179 0.087342 -0.099681 208.084885 -0.097200 0.990355 -0.098732 -25.396795 0.090097 0.107550 0.990108 187.180206
0.990866 0.087375 -0.102711 207.994980 -0.097139 0.990798 -0.094246 -25.497589 0.093531 0.103364 0.990237 188.068314
0.990499 0.088299 -0.105426 207.885010 -0.097499 0.991551 -0.085549 -25.605177 0.096982 0.095016 0.990740 188.974915
0.990392 0.086557 -0.107852 207.772522 -0.095365 0.992272 -0.079380 -25.708141 0.100148 0.088903 0.990993 189.887711
0.990232 0.086689 -0.109205 207.660049 -0.095403 0.992435 -0.077263 -25.805101 0.101681 0.086927 0.991011 190.794693
0.990084 0.088704 -0.108930 207.554413 -0.097348 0.992284 -0.076774 -25.890205 0.101280 0.086618 0.991080 191.678177
0.990114 0.088313 -0.108974 207.450348 -0.097207 0.992108 -0.079194 -25.972652 0.101120 0.089004 0.990884 192.560013
0.990305 0.086753 -0.108483 207.339813 -0.095606 0.992258 -0.079259 -26.055281 0.100768 0.088864 0.990934 193.447403
0.990386 0.086731 -0.107771 207.222855 -0.095428 0.992348 -0.078345 -26.128790 0.100151 0.087878 0.991084 194.341003
0.990546 0.086943 -0.106118 207.084091 -0.095707 0.992149 -0.080493 -26.196302 0.098287 0.089889 0.991090 195.237991
0.990191 0.089593 -0.107222 206.965927 -0.098887 0.991483 -0.084741 -26.282063 0.098718 0.094513 0.990617 196.114822
0.989833 0.092122 -0.108371 206.858215 -0.101844 0.990910 -0.087885 -26.364180 0.099290 0.098029 0.990218 196.982086
0.989717 0.093360 -0.108368 206.744278 -0.102714 0.991142 -0.084190 -26.450699 0.099549 0.094456 0.990540 197.860184
0.989455 0.096383 -0.108116 206.626556 -0.105090 0.991402 -0.077954 -26.540834 0.099673 0.088495 0.991077 198.740448
0.989222 0.098879 -0.107995 206.517014 -0.107468 0.991236 -0.076824 -26.626705 0.099453 0.087602 0.991178 199.611557
0.989147 0.099099 -0.108480 206.406204 -0.108256 0.990730 -0.082052 -26.708418 0.099343 0.092906 0.990706 200.485657
0.989182 0.097760 -0.109368 206.295166 -0.107682 0.990209 -0.088821 -26.786747 0.099615 0.099637 0.990025 201.365906
0.989143 0.097567 -0.109899 206.185852 -0.108044 0.989711 -0.093794 -26.868645 0.099617 0.104651 0.989507 202.248962
0.989059 0.098957 -0.109404 206.074722 -0.109451 0.989491 -0.094479 -26.954273 0.098905 0.105421 0.989497 203.137085
0.989177 0.099093 -0.108210 205.964111 -0.109118 0.989853 -0.091013 -27.045448 0.098094 0.101836 0.989953 204.034897
0.989166 0.099708 -0.107751 205.859344 -0.109268 0.990216 -0.086787 -27.142965 0.098044 0.097620 0.990382 204.932404
0.988844 0.102441 -0.108134 205.751572 -0.111730 0.990211 -0.083647 -27.241016 0.098507 0.094796 0.990611 205.836899
0.988952 0.100413 -0.109050 205.645233 -0.110043 0.990182 -0.086187 -27.339617 0.099325 0.097236 0.990293 206.744934
0.989070 0.097580 -0.110543 205.543625 -0.107799 0.990038 -0.090568 -27.432461 0.100605 0.101495 0.989736 207.650726
0.989277 0.094894 -0.111020 205.441025 -0.105617 0.989853 -0.095049 -27.521505 0.100875 0.105756 0.989262 208.554626
0.989317 0.094491 -0.111010 205.333618 -0.105014 0.990102 -0.093102 -27.613323 0.101115 0.103766 0.989449 209.466385
0.989452 0.092989 -0.111074 205.225937 -0.103048 0.990728 -0.088536 -27.706244 0.101812 0.099048 0.989860 210.379913
0.989605 0.092132 -0.110426 205.111984 -0.101903 0.991038 -0.086367 -27.796982 0.101481 0.096723 0.990124 211.282990
0.989607 0.093039 -0.109638 204.996506 -0.102746 0.990941 -0.086481 -27.890324 0.100599 0.096848 0.990202 212.181778
0.989627 0.094234 -0.108440 204.882645 -0.103929 0.990726 -0.087522 -27.985050 0.099187 0.097884 0.990242 213.079712
0.989522 0.096448 -0.107440 204.770447 -0.106224 0.990324 -0.089303 -28.077608 0.097788 0.099781 0.990192 213.965500
0.989444 0.097856 -0.106885 204.657608 -0.107654 0.990097 -0.090102 -28.173628 0.097010 0.100658 0.990180 214.854599
0.989528 0.096867 -0.107010 204.553802 -0.106732 0.990145 -0.090667 -28.270424 0.097173 0.101140 0.990115 215.746078
0.989660 0.095881 -0.106677 204.453033 -0.105757 0.990208 -0.091123 -28.365423 0.096895 0.101463 0.990109 216.635361
0.989742 0.096057 -0.105755 204.342087 -0.106073 0.989949 -0.093537 -28.464193 0.095708 0.103796 0.989983 217.518982
0.989437 0.099587 -0.105344 204.244034 -0.109697 0.989417 -0.094971 -28.556734 0.094771 0.105525 0.989890 218.381042
0.989159 0.103124 -0.104552 204.144226 -0.113174 0.988999 -0.095237 -28.648212 0.093581 0.106038 0.989949 219.246902
0.988986 0.106520 -0.102762 204.039780 -0.115687 0.989398 -0.087795 -28.742819 0.092321 0.098718 0.990824 220.125580
0.988635 0.110835 -0.101579 203.932617 -0.119275 0.989539 -0.081146 -28.839491 0.091523 0.092341 0.991512 221.006165
0.988486 0.112560 -0.101127 203.813065 -0.120793 0.989501 -0.079340 -28.924231 0.091135 0.090642 0.991705 221.903366
0.988462 0.112362 -0.101582 203.697403 -0.120880 0.989276 -0.081982 -29.003176 0.091281 0.093317 0.991443 222.796814
0.988338 0.113224 -0.101821 203.592453 -0.121907 0.989021 -0.083518 -29.090637 0.091247 0.094957 0.991291 223.701279
0.988570 0.111247 -0.101746 203.494797 -0.120111 0.989064 -0.085589 -29.179796 0.091113 0.096832 0.991122 224.579758
0.989145 0.105603 -0.102176 203.405685 -0.114977 0.989222 -0.090665 -29.271502 0.091500 0.101429 0.990626 225.453781
0.989711 0.100718 -0.101631 203.315674 -0.110243 0.989553 -0.092903 -29.359127 0.091213 0.103151 0.990475 226.321457
0.989991 0.098956 -0.100622 203.221863 -0.108011 0.990167 -0.088901 -29.450281 0.090835 0.098880 0.990945 227.193878
0.990335 0.097002 -0.099141 203.116196 -0.105431 0.990902 -0.083638 -29.539520 0.090126 0.093283 0.991552 228.081100
0.990467 0.095698 -0.099078 203.029633 -0.103677 0.991486 -0.078777 -29.630953 0.090696 0.088299 0.991957 228.953140
0.990546 0.096440 -0.097567 202.925903 -0.104075 0.991627 -0.076440 -29.712955 0.089379 0.085872 0.992289 229.826736
0.990527 0.096921 -0.097276 202.836533 -0.104568 0.991543 -0.076852 -29.795506 0.089005 0.086296 0.992286 230.681473
0.990521 0.097740 -0.096525 202.739685 -0.105450 0.991337 -0.078293 -29.881947 0.088036 0.087730 0.992247 231.543381
0.990685 0.096725 -0.095849 202.633377 -0.104684 0.991136 -0.081791 -29.965549 0.087088 0.091064 0.992029 232.414276
0.990741 0.096063 -0.095939 202.543289 -0.104525 0.990670 -0.087447 -30.049507 0.086644 0.096666 0.991538 233.266190
0.990863 0.095017 -0.095718 202.459778 -0.103807 0.990382 -0.091464 -30.138420 0.086107 0.100565 0.991197 234.114838
0.990928 0.094873 -0.095184 202.372559 -0.103662 0.990341 -0.092077 -30.228867 0.085529 0.101109 0.991192 234.967651
0.990612 0.099213 -0.094055 202.275925 -0.107599 0.990227 -0.088725 -30.322182 0.084333 0.098014 0.991605 235.823898
0.990504 0.100817 -0.093486 202.181778 -0.109043 0.990178 -0.087501 -30.416571 0.083746 0.096864 0.991768 236.675201
0.990204 0.103719 -0.093482 202.080978 -0.112158 0.989600 -0.090061 -30.503750 0.083170 0.099664 0.991539 237.518417
0.990179 0.103911 -0.093536 201.984299 -0.112578 0.989308 -0.092708 -30.590052 0.082903 0.102327 0.991291 238.354904
0.990385 0.101825 -0.093639 201.893967 -0.110414 0.989653 -0.091633 -30.677052 0.083340 0.101092 0.991380 239.192017
0.990629 0.100329 -0.092681 201.803772 -0.108059 0.990712 -0.082533 -30.770447 0.083540 0.091776 0.992269 240.035751
0.990807 0.100263 -0.090821 201.708969 -0.107176 0.991426 -0.074732 -30.857052 0.082550 0.083780 0.993059 240.878113
0.991073 0.098746 -0.089576 201.616028 -0.105216 0.991937 -0.070631 -30.935221 0.081879 0.079426 0.993472 241.717361
0.991304 0.096915 -0.089012 201.533783 -0.103734 0.991738 -0.075465 -31.021276 0.080963 0.084044 0.993167 242.544510
0.991580 0.093993 -0.089074 201.467575 -0.101538 0.991250 -0.084340 -31.097296 0.080367 0.092675 0.992448 243.373474
0.991573 0.094110 -0.089032 201.393921 -0.102429 0.990287 -0.094015 -31.177025 0.079320 0.102343 0.991582 244.183075
0.991577 0.094941 -0.088093 201.316879 -0.103740 0.989426 -0.101355 -31.256668 0.077539 0.109640 0.990942 244.994843
0.991273 0.099540 -0.086425 201.229645 -0.107737 0.989531 -0.096019 -31.346085 0.075963 0.104493 0.991620 245.820831
0.990961 0.103648 -0.085171 201.135483 -0.111164 0.989823 -0.088827 -31.438538 0.075097 0.097493 0.992399 246.651123
0.990685 0.106920 -0.084328 201.041367 -0.113973 0.989944 -0.083783 -31.529236 0.074521 0.092614 0.992909 247.483444
0.990452 0.108709 -0.084777 200.946686 -0.116002 0.989480 -0.086443 -31.621349 0.074488 0.095452 0.992643 248.329712
0.990421 0.108813 -0.085011 200.859680 -0.116509 0.988962 -0.091527 -31.704838 0.074113 0.100555 0.992167 249.170486
0.990664 0.106555 -0.085042 200.776993 -0.114320 0.989141 -0.092359 -31.790016 0.074277 0.101219 0.992087 250.019547
0.990850 0.104492 -0.085436 200.694916 -0.112043 0.989712 -0.088960 -31.880547 0.075261 0.097719 0.992364 250.875000
0.990911 0.102990 -0.086534 200.610565 -0.110472 0.990094 -0.086648 -31.970524 0.076753 0.095421 0.992474 251.732635
0.991010 0.100101 -0.088757 200.526459 -0.107835 0.990345 -0.087103 -32.058205 0.079182 0.095892 0.992238 252.591904
0.991096 0.097570 -0.090597 200.449692 -0.105283 0.990833 -0.084646 -32.144169 0.081507 0.093431 0.992284 253.447571
0.990848 0.099477 -0.091239 200.358963 -0.107099 0.990791 -0.082838 -32.231083 0.082159 0.091852 0.992377 254.313431
0.990797 0.099734 -0.091521 200.252853 -0.107642 0.990464 -0.085974 -32.309391 0.082073 0.095035 0.992085 255.179886
0.990870 0.096230 -0.094427 200.158066 -0.105070 0.990049 -0.093601 -32.394394 0.084481 0.102669 0.991121 256.049774
0.991006 0.091502 -0.097642 200.069962 -0.101265 0.989800 -0.100209 -32.484997 0.087477 0.109196 0.990164 256.928070
0.991156 0.084989 -0.101910 199.977264 -0.095355 0.990246 -0.101578 -32.583656 0.092284 0.110398 0.989593 257.814697
0.991076 0.081650 -0.105366 199.878494 -0.092033 0.990944 -0.097773 -32.683464 0.096428 0.106599 0.989615 258.703522
0.990880 0.079512 -0.108788 199.776520 -0.089598 0.991794 -0.091190 -32.774990 0.100645 0.100106 0.989873 259.609558
0.990449 0.081002 -0.111585 199.662430 -0.090488 0.992454 -0.082742 -32.867428 0.104040 0.092049 0.990304 260.523621
0.990100 0.081647 -0.114181 199.542511 -0.090680 0.992953 -0.076290 -32.958923 0.107148 0.085889 0.990526 261.439148
0.989896 0.081534 -0.116005 199.420776 -0.091366 0.992425 -0.082127 -33.049919 0.108430 0.091897 0.989847 262.350250
0.989537 0.083391 -0.117742 199.305466 -0.094644 0.991114 -0.093454 -33.139690 0.108902 0.103621 0.988637 263.256165
0.989516 0.082656 -0.118437 199.177689 -0.094978 0.990191 -0.102473 -33.237877 0.108805 0.112648 0.987660 264.191833
0.989452 0.084063 -0.117978 199.059174 -0.096238 0.990159 -0.101594 -33.337505 0.108277 0.111876 0.987806 265.123962
0.989550 0.086439 -0.115407 198.936417 -0.097462 0.990831 -0.093560 -33.445381 0.106262 0.103831 0.988902 266.065491
0.989549 0.089769 -0.112850 198.813736 -0.099504 0.991501 -0.083804 -33.550156 0.104369 0.094158 0.990071 267.007538
0.989763 0.089631 -0.111067 198.692062 -0.098797 0.991890 -0.079959 -33.645157 0.103000 0.090114 0.990591 267.945435
0.990035 0.088025 -0.109920 198.572021 -0.096819 0.992287 -0.077405 -33.733776 0.102259 0.087276 0.990921 268.883270
0.989813 0.089982 -0.110338 198.451965 -0.099277 0.991688 -0.081837 -33.825127 0.102057 0.091958 0.990519 269.807983
0.989574 0.092300 -0.110571 198.331696 -0.102002 0.991098 -0.085556 -33.914852 0.101690 0.095943 0.990179 270.730377
0.989575 0.092247 -0.110600 198.211273 -0.102034 0.991026 -0.086348 -34.008282 0.101642 0.096733 0.990106 271.655212
0.989359 0.095737 -0.109564 198.096573 -0.105009 0.991065 -0.082228 -34.101830 0.100713 0.092859 0.990572 272.577972
0.988894 0.102615 -0.107507 197.973129 -0.111311 0.990699 -0.078265 -34.190762 0.098476 0.089363 0.991119 273.495789
0.988552 0.107283 -0.106095 197.848312 -0.115572 0.990438 -0.075324 -34.275887 0.097000 0.086724 0.991499 274.413635
0.988734 0.104735 -0.106936 197.749054 -0.113589 0.990273 -0.080343 -34.364014 0.097482 0.091586 0.991014 275.319000
0.989334 0.099887 -0.106021 197.641037 -0.109495 0.989991 -0.089030 -34.455482 0.096068 0.099690 0.990370 276.220459
0.989602 0.096902 -0.106295 197.521530 -0.107296 0.989498 -0.096857 -34.548290 0.095794 0.107256 0.989606 277.122711
0.989658 0.096494 -0.106145 197.401901 -0.107044 0.989348 -0.098646 -34.644352 0.095496 0.108989 0.989446 278.029816
0.989892 0.094158 -0.106063 197.287552 -0.104293 0.990051 -0.094457 -34.742004 0.096114 0.104565 0.989863 278.939697
0.990387 0.090211 -0.104861 197.182312 -0.099683 0.991039 -0.088897 -34.839844 0.095903 0.098496 0.990506 279.833771
0.990677 0.087741 -0.104207 197.074295 -0.096993 0.991448 -0.087302 -34.931217 0.095656 0.096596 0.990716 280.730438
0.990895 0.084731 -0.104630 196.983185 -0.093949 0.991806 -0.086567 -35.026089 0.096438 0.095609 0.990736 281.618073
0.991332 0.079350 -0.104717 196.901901 -0.088537 0.992334 -0.086219 -35.123867 0.097073 0.094744 0.990757 282.500549
0.991689 0.074707 -0.104751 196.808258 -0.083641 0.992978 -0.083658 -35.212143 0.097765 0.091726 0.990973 283.385345
0.991971 0.071161 -0.104539 196.705017 -0.079788 0.993532 -0.080790 -35.295792 0.098115 0.088483 0.991234 284.273804
0.992038 0.070312 -0.104483 196.598709 -0.078686 0.993818 -0.078316 -35.379272 0.098331 0.085914 0.991438 285.159973
0.991494 0.077467 -0.104584 196.497894 -0.086225 0.992895 -0.081992 -35.468056 0.097490 0.090313 0.991130 286.014130
0.991364 0.080145 -0.103806 196.396500 -0.089462 0.992054 -0.088453 -35.545055 0.095893 0.096976 0.990656 286.870819
0.991311 0.083707 -0.101473 196.275894 -0.093119 0.991408 -0.091863 -35.630188 0.092912 0.100515 0.990588 287.732697
0.991201 0.087058 -0.099708 196.167389 -0.096039 0.991379 -0.089124 -35.724701 0.091090 0.097917 0.991017 288.598450
0.991176 0.089158 -0.098089 196.071289 -0.097668 0.991524 -0.085677 -35.820629 0.089618 0.094502 0.991483 289.465118
0.990935 0.092336 -0.097570 195.973450 -0.100346 0.991679 -0.080632 -35.908321 0.089313 0.089692 0.991957 290.331177
0.991143 0.090750 -0.096951 195.879120 -0.098556 0.991991 -0.078994 -35.993950 0.089005 0.087849 0.992149 291.195679
0.991880 0.082877 -0.096467 195.790421 -0.091021 0.992357 -0.083320 -36.056995 0.088825 0.091424 0.991842 292.048187
0.991773 0.083890 -0.096684 195.699829 -0.092224 0.992084 -0.085216 -36.121746 0.088770 0.093432 0.991660 292.886749
0.991033 0.091347 -0.097512 195.581039 -0.099596 0.991530 -0.083355 -36.201000 0.089073 0.092321 0.991737 293.754486
0.990819 0.093093 -0.098044 195.478394 -0.100729 0.992004 -0.076034 -36.296886 0.090182 0.085212 0.992273 294.622314
0.990550 0.094986 -0.098931 195.381561 -0.102095 0.992347 -0.069448 -36.384247 0.091578 0.078892 0.992668 295.479340
0.990375 0.096313 -0.099413 195.281387 -0.103400 0.992259 -0.068776 -36.463436 0.092020 0.078394 0.992667 296.306854
0.989526 0.103526 -0.100597 195.185760 -0.111150 0.991090 -0.073384 -36.533947 0.092104 0.083798 0.992217 297.086609
0.988783 0.110126 -0.100906 195.079300 -0.118202 0.989931 -0.077877 -36.602150 0.091314 0.088931 0.991843 297.868164
0.988408 0.114577 -0.099609 194.987900 -0.122693 0.989249 -0.079565 -36.679207 0.089421 0.090865 0.991841 298.618683
0.988371 0.116951 -0.097183 194.902374 -0.124863 0.988962 -0.079756 -36.756344 0.086783 0.090963 0.992066 299.354889
0.988292 0.120390 -0.093733 194.819290 -0.127955 0.988598 -0.079372 -36.822479 0.083109 0.090437 0.992428 300.070923
0.988376 0.122869 -0.089535 194.742767 -0.129847 0.988555 -0.076791 -36.887028 0.079075 0.087525 0.993018 300.764587
0.988307 0.126361 -0.085329 194.675995 -0.132581 0.988580 -0.071634 -36.952187 0.075304 0.082110 0.993774 301.443970
0.989187 0.123851 -0.078539 194.617035 -0.129748 0.988703 -0.075035 -37.017467 0.068360 0.084415 0.994083 302.080383
0.990552 0.117320 -0.071014 194.575150 -0.123050 0.988960 -0.082560 -37.089329 0.060544 0.090519 0.994052 302.694244
0.991749 0.110980 -0.064165 194.536957 -0.116483 0.989145 -0.089565 -37.159698 0.053529 0.096300 0.993912 303.301544
0.992839 0.105560 -0.055942 194.504669 -0.110502 0.989399 -0.094215 -37.226532 0.045403 0.099723 0.993979 303.900940
0.993576 0.103135 -0.046583 194.474045 -0.107190 0.989677 -0.095118 -37.290947 0.036293 0.099502 0.994375 304.487732
0.994192 0.100646 -0.038117 194.449417 -0.103804 0.990267 -0.092713 -37.353210 0.028414 0.096132 0.994962 305.059784
0.994784 0.097355 -0.030434 194.442535 -0.099670 0.991202 -0.087084 -37.401207 0.021689 0.089664 0.995736 305.607544
0.995578 0.091391 -0.021770 194.439423 -0.092922 0.992057 -0.084784 -37.456867 0.013848 0.086433 0.996162 306.136322
0.995892 0.089448 -0.014082 194.434402 -0.090328 0.992250 -0.085314 -37.513111 0.006342 0.086236 0.996254 306.654724
0.995919 0.090002 -0.006681 194.427597 -0.090243 0.992117 -0.086944 -37.570431 -0.001197 0.087193 0.996191 307.166931
0.996262 0.086392 0.000375 194.428345 -0.086014 0.992293 -0.089200 -37.626801 -0.008078 0.088835 0.996014 307.671600
0.996923 0.078241 0.004766 194.434814 -0.077454 0.992600 -0.093521 -37.681995 -0.012048 0.092865 0.995605 308.169678
0.997598 0.069004 0.006174 194.440704 -0.068034 0.992587 -0.100704 -37.737953 -0.013078 0.100043 0.994897 308.660400
0.997810 0.065888 0.005774 194.435333 -0.064900 0.992185 -0.106566 -37.796089 -0.012749 0.105959 0.994289 309.144745
0.997497 0.070591 0.004221 194.418747 -0.069714 0.991613 -0.108822 -37.852962 -0.011868 0.108256 0.994052 309.627411
0.997023 0.077100 0.000016 194.399811 -0.076642 0.991111 -0.108739 -37.904640 -0.008398 0.108415 0.994070 310.104095
0.997215 0.074309 -0.006315 194.390823 -0.074556 0.991368 -0.107845 -37.953884 -0.001754 0.108016 0.994147 310.568726
0.997828 0.064419 -0.013757 194.388535 -0.065500 0.992488 -0.103330 -38.004330 0.006997 0.104007 0.994551 311.025085
0.998053 0.058112 -0.022654 194.376022 -0.060077 0.993303 -0.098691 -38.056164 0.016768 0.099861 0.994860 311.466858
0.997813 0.056863 -0.033693 194.349426 -0.059858 0.993600 -0.095784 -38.107548 0.028032 0.097592 0.994831 311.895844
0.996769 0.061445 -0.051728 194.353012 -0.066211 0.993165 -0.096118 -38.134979 0.045469 0.099234 0.994025 312.260590
0.995519 0.066000 -0.067712 194.313278 -0.072339 0.992758 -0.095899 -38.178104 0.060892 0.100368 0.993085 312.638062
0.994041 0.069668 -0.083841 194.260498 -0.077661 0.992329 -0.096182 -38.225334 0.076498 0.102121 0.991826 313.015015
0.992492 0.067567 -0.101955 194.211243 -0.077689 0.992070 -0.098797 -38.272865 0.094472 0.105977 0.989871 313.385681
0.990603 0.062598 -0.121607 194.159302 -0.075135 0.992003 -0.101405 -38.320621 0.114287 0.109590 0.987384 313.751862
0.988047 0.058853 -0.142472 194.100174 -0.073706 0.992119 -0.101323 -38.365433 0.135386 0.110614 0.984599 314.115814
0.984184 0.059110 -0.166995 194.030212 -0.076296 0.992213 -0.098444 -38.407001 0.159876 0.109629 0.981031 314.476959
0.979075 0.058411 -0.194939 193.943726 -0.078051 0.992447 -0.094633 -38.441914 0.187939 0.107868 0.976239 314.834015
0.972697 0.056949 -0.224983 193.844604 -0.079134 0.992715 -0.090846 -38.475250 0.218171 0.106170 0.970118 315.179413
0.964601 0.058624 -0.257119 193.729660 -0.083351 0.992772 -0.086342 -38.507862 0.250199 0.104717 0.962514 315.514893
0.954863 0.064246 -0.290013 193.598007 -0.091640 0.992420 -0.081871 -38.539696 0.282555 0.104754 0.953514 315.838776
0.944089 0.068992 -0.322391 193.457443 -0.098537 0.992209 -0.076221 -38.572102 0.314621 0.103728 0.943532 316.154907
0.932807 0.068415 -0.353822 193.327576 -0.099797 0.992456 -0.071204 -38.605099 0.346282 0.101731 0.932598 316.472290
0.920888 0.064160 -0.384510 193.197403 -0.097098 0.993027 -0.066846 -38.636063 0.377541 0.098894 0.920697 316.786713
0.907689 0.063065 -0.414877 193.058899 -0.097120 0.993371 -0.061483 -38.664387 0.408250 0.096101 0.907798 317.097229
0.893638 0.064937 -0.444066 192.912491 -0.100419 0.993320 -0.056827 -38.691402 0.437410 0.095376 0.894190 317.400909
0.878365 0.068411 -0.473070 192.760208 -0.105061 0.993133 -0.051451 -38.718357 0.466303 0.094895 0.879521 317.702026
0.861857 0.070807 -0.502185 192.591644 -0.108394 0.993042 -0.046009 -38.742207 0.495434 0.094088 0.863535 317.997101
0.844528 0.072176 -0.530625 192.421616 -0.109974 0.993131 -0.039943 -38.768223 0.524098 0.092089 0.846665 318.298035
0.825786 0.072010 -0.559369 192.233551 -0.109631 0.993391 -0.033963 -38.789379 0.553227 0.089371 0.828222 318.593048
0.805459 0.070611 -0.588431 192.031281 -0.107838 0.993763 -0.028360 -38.807755 0.582758 0.086299 0.808051 318.887787
0.783738 0.070221 -0.617108 191.813110 -0.106648 0.994045 -0.022332 -38.825035 0.611866 0.083316 0.786561 319.180878
0.760457 0.072015 -0.645383 191.576263 -0.108215 0.993988 -0.016594 -38.841667 0.640309 0.082459 0.763679 319.469391
0.735968 0.073269 -0.673038 191.324295 -0.110513 0.993793 -0.012658 -38.856613 0.667934 0.083697 0.739498 319.752625
0.710073 0.072281 -0.700409 191.059509 -0.111027 0.993767 -0.010004 -38.869507 0.695319 0.084869 0.713672 320.033844
0.682185 0.068937 -0.727923 190.782043 -0.108564 0.994060 -0.007601 -38.879669 0.723075 0.084213 0.685617 320.313507
0.652378 0.064985 -0.755102 190.440628 -0.104636 0.994499 -0.004814 -38.878372 0.750636 0.082153 0.655589 320.576782
0.620644 0.063095 -0.781550 190.116806 -0.100997 0.994886 0.000114 -38.882824 0.777561 0.078865 0.623842 320.843781
0.587182 0.063763 -0.806940 189.774170 -0.098458 0.995116 0.006989 -38.884884 0.803445 0.075346 0.590592 321.102966
0.551728 0.065420 -0.831454 189.413391 -0.096967 0.995189 0.013958 -38.884571 0.828368 0.072923 0.555417 321.351929
0.513967 0.065831 -0.855280 189.037872 -0.094335 0.995341 0.019923 -38.882820 0.852607 0.070443 0.517782 321.590942
0.474108 0.065504 -0.878026 188.646759 -0.090448 0.995575 0.025435 -38.880325 0.875808 0.067358 0.477935 321.819946
0.432243 0.066131 -0.899329 188.191101 -0.086620 0.995740 0.031589 -38.869400 0.897587 0.064246 0.436130 322.021240
0.387969 0.065972 -0.919309 187.750900 -0.081673 0.995972 0.037006 -38.860428 0.918047 0.060727 0.391794 322.219788
0.341136 0.064584 -0.937792 187.248718 -0.075617 0.996289 0.041106 -38.840317 0.936968 0.056891 0.344754 322.387146
0.292662 0.063209 -0.954125 186.758453 -0.071007 0.996493 0.044236 -38.820908 0.953576 0.054804 0.296125 322.547852
0.243689 0.063180 -0.967794 186.247925 -0.068368 0.996512 0.047840 -38.799469 0.967441 0.054508 0.247158 322.689850
0.195337 0.064388 -0.978621 185.716797 -0.066407 0.996421 0.052305 -38.776264 0.978485 0.054771 0.198913 322.814667
0.148261 0.065873 -0.986752 185.166855 -0.064209 0.996315 0.056864 -38.751175 0.986861 0.054929 0.151945 322.923065
0.103206 0.066781 -0.992415 184.598526 -0.061691 0.996252 0.060624 -38.723324 0.992745 0.054967 0.106939 323.015503
0.061607 0.067159 -0.995838 184.012604 -0.059557 0.996202 0.063499 -38.692589 0.996322 0.055397 0.065372 323.091736
0.024271 0.067259 -0.997440 183.370163 -0.059447 0.996065 0.065719 -38.654732 0.997936 0.057701 0.028173 323.128998
-0.008197 0.066896 -0.997727 182.737045 -0.060928 0.995872 0.067272 -38.618774 0.998108 0.061341 -0.004088 323.164612
-0.035368 0.065990 -0.997193 182.086319 -0.062269 0.995733 0.068102 -38.581314 0.997432 0.064503 -0.031109 323.189941
-0.057348 0.065202 -0.996223 181.418304 -0.063537 0.995604 0.068819 -38.542133 0.996330 0.067244 -0.052954 323.207123
-0.074494 0.065004 -0.995100 180.731873 -0.065721 0.995383 0.069943 -38.501392 0.995053 0.070610 -0.069878 323.216125
-0.086084 0.064940 -0.994169 180.028305 -0.067714 0.995184 0.070871 -38.459717 0.993984 0.073420 -0.081272 323.220581
-0.092721 0.065041 -0.993565 179.307144 -0.069855 0.994980 0.071653 -38.416931 0.993239 0.076050 -0.087713 323.222748
-0.095343 0.064815 -0.993332 178.568649 -0.071992 0.994816 0.071822 -38.373249 0.992837 0.078361 -0.090182 323.224091
-0.094804 0.064175 -0.993425 177.730682 -0.073792 0.994721 0.071301 -38.311970 0.992757 0.080067 -0.089569 323.155853
-0.093439 0.064289 -0.993547 176.867065 -0.075174 0.994608 0.071427 -38.246681 0.992782 0.081363 -0.088103 323.079437
-0.091763 0.063669 -0.993743 175.992264 -0.074497 0.994717 0.070610 -38.181576 0.992990 0.080512 -0.086535 323.005768
-0.090452 0.059958 -0.994095 175.107697 -0.073448 0.995065 0.066700 -38.119129 0.993189 0.079048 -0.085602 322.932617
-0.089120 0.054701 -0.994518 174.202591 -0.073228 0.995428 0.061313 -38.056938 0.993325 0.078292 -0.084707 322.859406
-0.087755 0.050977 -0.994837 173.282715 -0.073378 0.995645 0.057491 -37.992500 0.993435 0.078045 -0.083633 322.785583
-0.086564 0.051847 -0.994896 172.330551 -0.073674 0.995577 0.058293 -37.932255 0.993519 0.078344 -0.082363 322.720551
-0.085304 0.054698 -0.994853 171.355194 -0.073740 0.995406 0.061051 -37.870926 0.993622 0.078569 -0.080879 322.655518
-0.084115 0.056263 -0.994867 170.362778 -0.073098 0.995366 0.062471 -37.808010 0.993772 0.077978 -0.079613 322.591217
-0.083914 0.056132 -0.994891 169.351791 -0.072593 0.995414 0.062285 -37.744640 0.993825 0.077449 -0.079454 322.525940
-0.084731 0.055258 -0.994871 168.323959 -0.071942 0.995515 0.061422 -37.680164 0.993803 0.076778 -0.080376 322.459076
-0.086074 0.055768 -0.994727 167.243210 -0.071288 0.995528 0.061983 -37.617599 0.993735 0.076248 -0.081713 322.403412
-0.087405 0.057410 -0.994518 166.133560 -0.071285 0.995418 0.063728 -37.553848 0.993619 0.076465 -0.082912 322.343933
-0.089023 0.059265 -0.994265 164.999725 -0.071080 0.995305 0.065691 -37.488567 0.993490 0.076522 -0.084393 322.281738
-0.091129 0.060925 -0.993973 163.846603 -0.071003 0.995189 0.067510 -37.421230 0.993305 0.076728 -0.086364 322.215607
-0.093256 0.061600 -0.993735 162.672577 -0.071484 0.995094 0.068392 -37.352310 0.993073 0.077415 -0.088395 322.146362
-0.094731 0.062017 -0.993570 161.478821 -0.071452 0.995059 0.068924 -37.280560 0.992935 0.077523 -0.089832 322.071808
-0.095913 0.062081 -0.993452 160.273819 -0.074389 0.994814 0.069349 -37.208977 0.992606 0.080555 -0.090797 321.968506
-0.097130 0.061141 -0.993392 159.056976 -0.074448 0.994869 0.068510 -37.137196 0.992483 0.080611 -0.092079 321.872070
-0.097761 0.060521 -0.993368 157.823013 -0.075802 0.994796 0.068069 -37.064026 0.992319 0.081955 -0.092664 321.779297
-0.098226 0.061287 -0.993275 156.579498 -0.075962 0.994727 0.068889 -36.989544 0.992261 0.082219 -0.093053 321.686218
-0.099005 0.062467 -0.993124 155.325623 -0.075446 0.994683 0.070086 -36.914280 0.992223 0.081867 -0.093766 321.593475
-0.100169 0.064332 -0.992889 154.068375 -0.074105 0.994653 0.071923 -36.838207 0.992207 0.080784 -0.094866 321.501068
-0.101959 0.066701 -0.992550 152.807312 -0.072494 0.994598 0.074286 -36.761562 0.992144 0.079529 -0.096573 321.405090
-0.104043 0.070257 -0.992088 151.546677 -0.071653 0.994380 0.077935 -36.683529 0.991988 0.079195 -0.098425 321.305176
-0.105839 0.074760 -0.991569 150.286270 -0.072222 0.993958 0.082649 -36.603802 0.991757 0.080361 -0.099800 321.200928
-0.106982 0.077540 -0.991233 149.029099 -0.073351 0.993622 0.085643 -36.522099 0.991552 0.081871 -0.100613 321.094299
-0.107422 0.077580 -0.991183 147.775650 -0.075714 0.993416 0.085961 -36.435619 0.991326 0.084281 -0.100842 320.968597
-0.106977 0.077042 -0.991272 146.525421 -0.077270 0.993333 0.085541 -36.347168 0.991254 0.085747 -0.100310 320.839996
-0.106346 0.075721 -0.991442 145.276428 -0.078162 0.993374 0.084253 -36.258518 0.991252 0.086454 -0.099723 320.717407
-0.105963 0.075622 -0.991490 144.026855 -0.078183 0.993383 0.084122 -36.170582 0.991291 0.086432 -0.099349 320.601013
-0.106072 0.076768 -0.991391 142.776993 -0.076869 0.993398 0.085149 -36.083443 0.991383 0.085239 -0.099470 320.490326
-0.107152 0.076597 -0.991288 141.542191 -0.076263 0.993457 0.085008 -35.996441 0.991314 0.084708 -0.100609 320.371246
-0.108015 0.076280 -0.991219 140.311646 -0.076305 0.993474 0.084768 -35.908920 0.991216 0.084792 -0.101490 320.251465
-0.108737 0.076069 -0.991156 139.082413 -0.076233 0.993493 0.084612 -35.821690 0.991143 0.084760 -0.102231 320.131470
-0.109328 0.075774 -0.991114 137.851654 -0.076669 0.993477 0.084411 -35.735298 0.991044 0.085217 -0.102806 320.010956
-0.109652 0.075435 -0.991103 136.620651 -0.076614 0.993507 0.084095 -35.649002 0.991013 0.085155 -0.103161 319.890930
-0.109796 0.075345 -0.991094 135.390656 -0.075835 0.993580 0.083935 -35.563271 0.991057 0.084377 -0.103378 319.773193
-0.109762 0.075270 -0.991104 134.161179 -0.075573 0.993610 0.083830 -35.476658 0.991081 0.084103 -0.103373 319.655212
-0.109275 0.076827 -0.991038 132.929443 -0.074333 0.993585 0.085221 -35.388683 0.991228 0.082981 -0.102864 319.538330
-0.108788 0.077597 -0.991031 131.700882 -0.076300 0.993355 0.086155 -35.301067 0.991132 0.084989 -0.102145 319.418243
-0.108033 0.075261 -0.991294 130.474640 -0.076673 0.993529 0.083787 -35.214191 0.991186 0.085059 -0.101564 319.300262
-0.107691 0.072504 -0.991537 129.251190 -0.078015 0.993645 0.081132 -35.128689 0.991118 0.086092 -0.101350 319.181763
-0.107197 0.072990 -0.991555 128.024521 -0.079717 0.993459 0.081749 -35.043678 0.991036 0.087807 -0.100678 319.062469
-0.106970 0.075132 -0.991419 126.800888 -0.079775 0.993277 0.083880 -34.959507 0.991057 0.088064 -0.100258 318.943451
-0.106571 0.075669 -0.991421 125.571419 -0.079371 0.993270 0.084342 -34.875172 0.991132 0.087679 -0.099848 318.829987
-0.106326 0.071038 -0.991791 124.353729 -0.078488 0.993732 0.079592 -34.789215 0.991228 0.086307 -0.100085 318.723572
-0.105978 0.067165 -0.992097 123.146820 -0.078212 0.994062 0.075653 -34.707340 0.991288 0.085613 -0.100095 318.603973
-0.105674 0.067226 -0.992126 121.929581 -0.078599 0.994025 0.075727 -34.630581 0.991290 0.085984 -0.099760 318.487000
-0.105434 0.068251 -0.992082 120.719521 -0.078518 0.993955 0.076724 -34.553276 0.991322 0.085986 -0.099438 318.371063
-0.105305 0.068590 -0.992072 119.511314 -0.078456 0.993935 0.077047 -34.476002 0.991341 0.085948 -0.099285 318.255829
-0.105464 0.068406 -0.992068 118.320381 -0.079471 0.993860 0.076978 -34.392406 0.991243 0.086959 -0.099380 318.137115
-0.104553 0.067602 -0.992219 117.155052 -0.082212 0.993684 0.076364 -34.293182 0.991115 0.089558 -0.098335 317.999207
-0.104654 0.069086 -0.992106 115.973175 -0.081546 0.993628 0.077794 -34.204845 0.991159 0.089044 -0.098353 317.871948
-0.104606 0.069572 -0.992077 114.783325 -0.080385 0.993694 0.078163 -34.142181 0.991260 0.087926 -0.098354 317.763123
-0.104775 0.069459 -0.992067 113.603668 -0.080370 0.993703 0.078062 -34.071865 0.991243 0.087912 -0.098534 317.647919
-0.104959 0.069328 -0.992057 112.423889 -0.079955 0.993749 0.077906 -34.000771 0.991257 0.087498 -0.098760 317.533722
-0.105305 0.069046 -0.992040 111.245148 -0.079614 0.993799 0.077620 -33.929531 0.991248 0.087155 -0.099155 317.419800
-0.105828 0.068911 -0.991994 110.067543 -0.079233 0.993840 0.077492 -33.856724 0.991223 0.086800 -0.099716 317.305115
-0.106685 0.068604 -0.991924 108.893188 -0.078962 0.993881 0.077232 -33.783005 0.991152 0.086564 -0.100615 317.188995
-0.107909 0.068399 -0.991805 107.719116 -0.077660 0.994001 0.077000 -33.708740 0.991122 0.085334 -0.101950 317.072540
-0.109784 0.069423 -0.991528 106.545326 -0.076537 0.994005 0.078071 -33.633167 0.991004 0.084461 -0.103813 316.953918
-0.112131 0.073380 -0.990981 105.371964 -0.075565 0.993752 0.082136 -33.554710 0.990816 0.084094 -0.105885 316.832764
-0.115262 0.078207 -0.990252 104.197983 -0.074779 0.993384 0.087158 -33.473316 0.990517 0.084096 -0.108651 316.708038
-0.119663 0.079942 -0.989591 103.053421 -0.073828 0.993276 0.089168 -33.395458 0.990066 0.083730 -0.112956 316.568878
-0.125002 0.080400 -0.988894 101.916115 -0.073833 0.993193 0.090082 -33.315838 0.989405 0.084274 -0.118216 316.421173
-0.131297 0.079085 -0.988183 100.780724 -0.075073 0.993156 0.089458 -33.234928 0.988497 0.085932 -0.124463 316.266602
-0.137994 0.076616 -0.987466 99.647919 -0.075950 0.993249 0.087679 -33.153622 0.987517 0.087098 -0.131243 316.107605
-0.144947 0.074623 -0.986621 98.515755 -0.077396 0.993240 0.086495 -33.072033 0.986408 0.088898 -0.138192 315.942200
-0.152556 0.074264 -0.985501 97.384117 -0.078023 0.993155 0.086918 -32.990192 0.985210 0.090153 -0.145717 315.771393
-0.161028 0.075361 -0.984069 96.252090 -0.077556 0.993031 0.088739 -32.907124 0.983898 0.090611 -0.154061 315.594147
-0.169212 0.076147 -0.982634 95.136086 -0.076471 0.992990 0.090119 -32.830414 0.982609 0.090393 -0.162202 315.403046
-0.177425 0.075792 -0.981211 94.026215 -0.075641 0.993030 0.090382 -32.754192 0.981223 0.090257 -0.170456 315.201935
-0.185072 0.074481 -0.979898 92.920540 -0.076970 0.992962 0.090011 -32.675953 0.979706 0.092083 -0.178036 314.992950
-0.191418 0.074712 -0.978660 91.816055 -0.079852 0.992607 0.091395 -32.594944 0.978255 0.095643 -0.184038 314.777405
-0.195308 0.073242 -0.978003 90.719971 -0.083414 0.992353 0.090975 -32.509693 0.977188 0.099347 -0.187704 314.557739
-0.198452 0.068529 -0.977712 89.631088 -0.085316 0.992558 0.086887 -32.422535 0.976390 0.100658 -0.191129 314.337891
-0.201258 0.059323 -0.977740 88.547981 -0.085771 0.993262 0.077920 -32.339287 0.975776 0.099544 -0.194814 314.119568
-0.204498 0.052799 -0.977442 87.466637 -0.084359 0.993878 0.071336 -32.279137 0.975225 0.097044 -0.198793 313.913086
-0.206666 0.049739 -0.977146 86.379868 -0.082827 0.994232 0.068127 -32.229687 0.974900 0.095015 -0.201354 313.710083
-0.208351 0.052608 -0.976638 85.291267 -0.083753 0.993925 0.071407 -32.176399 0.974461 0.096674 -0.202680 313.498993
-0.209307 0.058785 -0.976081 84.186577 -0.085199 0.993299 0.078091 -32.102379 0.974131 0.099506 -0.202896 313.266724
-0.209919 0.058870 -0.975944 83.107254 -0.087151 0.993085 0.078650 -32.038040 0.973826 0.101566 -0.203337 313.046509
-0.209234 0.054537 -0.976343 82.044762 -0.089972 0.993134 0.074756 -31.948868 0.973718 0.103486 -0.202890 312.797272
-0.207608 0.054243 -0.976707 80.988945 -0.092782 0.992868 0.074863 -31.869465 0.973801 0.106163 -0.201095 312.555817
-0.203709 0.059570 -0.977218 79.926842 -0.092529 0.992508 0.079792 -31.789623 0.974649 0.106676 -0.196671 312.324554
-0.198601 0.068553 -0.977680 78.859894 -0.095531 0.991446 0.088924 -31.706814 0.975413 0.111060 -0.190353 312.098358
-0.191797 0.076379 -0.978458 77.792053 -0.098433 0.990443 0.096609 -31.620953 0.976486 0.114843 -0.182447 311.880859
-0.182655 0.074629 -0.980341 76.737068 -0.101725 0.990328 0.094343 -31.524086 0.977900 0.116959 -0.173297 311.662933
-0.174109 0.071868 -0.982101 75.691162 -0.108126 0.989907 0.091608 -31.434586 0.978772 0.122141 -0.164582 311.461517
-0.166575 0.070523 -0.983503 74.640717 -0.114606 0.989293 0.090349 -31.352253 0.979345 0.127767 -0.156710 311.276337
-0.159296 0.070430 -0.984715 73.581757 -0.119642 0.988723 0.090071 -31.270370 0.979954 0.132162 -0.149073 311.098511
-0.151913 0.069896 -0.985919 72.517975 -0.123785 0.988297 0.089137 -31.186680 0.980612 0.135584 -0.141483 310.927185
-0.144034 0.069324 -0.987142 71.447433 -0.128851 0.987736 0.088167 -31.095478 0.981148 0.139894 -0.133337 310.756897
-0.136146 0.068810 -0.988296 70.370277 -0.133884 0.987155 0.087174 -31.008373 0.981601 0.144187 -0.125185 310.591522
-0.128579 0.067490 -0.989400 69.290947 -0.138147 0.986734 0.085262 -30.927561 0.982030 0.147646 -0.117550 310.440521
-0.121419 0.064590 -0.990498 68.209023 -0.141867 0.986506 0.081720 -30.848955 0.982411 0.150442 -0.110618 310.299042
-0.113892 0.060918 -0.991623 67.122978 -0.142448 0.986803 0.076983 -30.771561 0.983228 0.150023 -0.103712 310.168884
-0.107748 0.058701 -0.992444 66.032921 -0.141998 0.987111 0.073802 -30.696724 0.983985 0.148878 -0.098024 310.053131
-0.102970 0.061418 -0.992787 64.933388 -0.138905 0.987423 0.075494 -30.622818 0.984938 0.145677 -0.093144 309.948853
-0.099115 0.065572 -0.992913 63.827950 -0.136327 0.987523 0.078825 -30.550936 0.985694 0.143174 -0.088939 309.847900
-0.097265 0.068071 -0.992928 62.717777 -0.134629 0.987588 0.080894 -30.476831 0.986111 0.141546 -0.086895 309.745514
-0.096434 0.067217 -0.993067 61.606312 -0.133980 0.987760 0.079868 -30.401115 0.986281 0.140755 -0.086248 309.641174
-0.096765 0.065991 -0.993117 60.491409 -0.134828 0.987733 0.078771 -30.329317 0.986133 0.141522 -0.086681 309.542389
-0.096927 0.065028 -0.993165 59.367203 -0.136214 0.987607 0.077957 -30.256054 0.985926 0.142841 -0.086868 309.437714
-0.096463 0.064485 -0.993245 58.229416 -0.135307 0.987785 0.077272 -30.177652 0.986096 0.141847 -0.086560 309.318909
-0.096971 0.064523 -0.993193 57.091339 -0.134062 0.987955 0.077272 -30.102507 0.986217 0.140644 -0.087153 309.209991
-0.097038 0.064629 -0.993181 55.952137 -0.133105 0.988082 0.077302 -30.029116 0.986340 0.139699 -0.087280 309.108521
-0.097405 0.065374 -0.993095 54.804512 -0.132797 0.988063 0.078068 -29.954571 0.986345 0.139485 -0.087561 309.003143
-0.098750 0.065760 -0.992937 53.661129 -0.131913 0.988143 0.078563 -29.879930 0.986330 0.138740 -0.088905 308.898193
-0.099422 0.066133 -0.992845 52.520084 -0.131426 0.988174 0.078982 -29.804482 0.986327 0.138340 -0.089556 308.794861
-0.100031 0.066666 -0.992749 51.370487 -0.131433 0.988124 0.079598 -29.730762 0.986266 0.138443 -0.090081 308.665558
-0.100964 0.067238 -0.992616 50.209957 -0.130953 0.988134 0.080255 -29.656597 0.986234 0.138090 -0.090962 308.524078
-0.101961 0.067930 -0.992466 49.051414 -0.130209 0.988171 0.081013 -29.581766 0.986230 0.137488 -0.091910 308.383179
-0.102885 0.068365 -0.992342 47.903164 -0.130053 0.988146 0.081560 -29.504845 0.986155 0.137448 -0.092775 308.255188
-0.103938 0.068761 -0.992204 46.756374 -0.130062 0.988100 0.082102 -29.426105 0.986043 0.137582 -0.093758 308.132477
-0.104844 0.069050 -0.992088 45.611492 -0.131603 0.987849 0.082663 -29.346729 0.985742 0.139230 -0.094483 308.007263
-0.105610 0.067677 -0.992102 44.475426 -0.132515 0.987824 0.081492 -29.275896 0.985539 0.140076 -0.095355 307.894165
-0.104778 0.063788 -0.992448 43.351799 -0.134084 0.987922 0.077652 -29.196665 0.985415 0.141208 -0.094959 307.767700
-0.104464 0.062595 -0.992557 42.224815 -0.134246 0.987995 0.076436 -29.118464 0.985427 0.141232 -0.094806 307.637268
-0.104561 0.063977 -0.992458 41.101597 -0.133651 0.987972 0.077769 -29.049004 0.985496 0.140775 -0.094753 307.518738
-0.103963 0.065249 -0.992439 39.989704 -0.132311 0.988069 0.078823 -28.979980 0.985741 0.139505 -0.094090 307.397522
-0.104160 0.064814 -0.992446 38.880299 -0.131729 0.988183 0.078361 -28.910465 0.985798 0.138898 -0.094391 307.281708
-0.103865 0.064613 -0.992491 37.766933 -0.131765 0.988198 0.078123 -28.832138 0.985824 0.138891 -0.094126 307.155487
-0.103968 0.065703 -0.992409 36.647682 -0.131516 0.988145 0.079199 -28.750244 0.985846 0.138753 -0.094095 307.021698
-0.103620 0.065747 -0.992442 35.530846 -0.131829 0.988101 0.079224 -28.675533 0.985842 0.139043 -0.093719 306.893097
-0.103502 0.064791 -0.992516 34.416695 -0.131911 0.988167 0.078263 -28.602457 0.985843 0.139025 -0.093731 306.767700
-0.103131 0.064293 -0.992588 33.314106 -0.132268 0.988159 0.077748 -28.531672 0.985835 0.139307 -0.093406 306.641846
-0.102812 0.064757 -0.992591 32.217243 -0.132532 0.988089 0.078192 -28.459797 0.985831 0.139590 -0.093005 306.518066
-0.102816 0.065758 -0.992524 31.129894 -0.132619 0.987997 0.079197 -28.386307 0.985820 0.139771 -0.092861 306.396271
-0.102654 0.066408 -0.992498 30.045382 -0.132141 0.988014 0.079775 -28.312897 0.985901 0.139340 -0.092648 306.275360
-0.102519 0.066299 -0.992519 28.964008 -0.132206 0.988016 0.079654 -28.239838 0.985906 0.139383 -0.092525 306.153931
-0.103547 0.065498 -0.992466 27.898279 -0.132619 0.988010 0.079041 -28.175659 0.985744 0.139804 -0.093619 306.048889
-0.103499 0.064902 -0.992510 26.837667 -0.132888 0.988019 0.078466 -28.107794 0.985712 0.140015 -0.093635 305.944855
-0.103414 0.063003 -0.992641 25.785067 -0.131944 0.988303 0.076474 -28.031677 0.985848 0.138883 -0.093891 305.853638
-0.103222 0.060712 -0.992804 24.731050 -0.131725 0.988509 0.074145 -27.960581 0.985897 0.138430 -0.094039 305.766327
-0.101660 0.059724 -0.993025 23.673864 -0.132136 0.988541 0.072982 -27.893362 0.986005 0.138635 -0.092603 305.679230
-0.100077 0.060753 -0.993123 22.615276 -0.130568 0.988700 0.073640 -27.826307 0.986375 0.137041 -0.091014 305.591736
-0.099147 0.063851 -0.993022 21.553328 -0.131023 0.988412 0.076637 -27.757954 0.986409 0.137708 -0.089633 305.500702
-0.098570 0.067810 -0.992817 20.492451 -0.131760 0.988002 0.080563 -27.688343 0.986368 0.138755 -0.088453 305.404877
-0.098765 0.069007 -0.992716 19.436165 -0.132432 0.987807 0.081841 -27.619417 0.986260 0.139551 -0.088422 305.294159
-0.098524 0.067857 -0.992819 18.381153 -0.133360 0.987772 0.080747 -27.551880 0.986158 0.140358 -0.088269 305.173370
-0.099618 0.066577 -0.992796 17.344135 -0.134074 0.987761 0.079694 -27.488094 0.985951 0.141049 -0.089472 305.075012
-0.099336 0.063992 -0.992994 16.294151 -0.133617 0.988033 0.077040 -27.389240 0.986041 0.140335 -0.089597 304.964325
-0.100031 0.063654 -0.992946 15.245543 -0.132898 0.988154 0.076735 -27.313004 0.986069 0.139638 -0.090387 304.862885
-0.100875 0.062507 -0.992934 14.208364 -0.132403 0.988303 0.075666 -27.248764 0.986050 0.139101 -0.091419 304.772186
-0.102965 0.062170 -0.992740 13.179649 -0.133035 0.988217 0.075686 -27.186243 0.985748 0.139863 -0.093482 304.679718
-0.103832 0.062894 -0.992604 12.148093 -0.131736 0.988335 0.076404 -27.122614 0.985832 0.138695 -0.094335 304.575653
-0.103785 0.064161 -0.992528 11.116611 -0.130732 0.988379 0.077563 -27.058914 0.985970 0.137806 -0.094192 304.473175
-0.104915 0.063063 -0.992480 10.086157 -0.131037 0.988408 0.076657 -26.996130 0.985811 0.138094 -0.095435 304.372162
-0.103971 0.062715 -0.992601 9.052464 -0.131451 0.988388 0.076218 -26.929365 0.985856 0.138403 -0.094520 304.268524
-0.105861 0.063051 -0.992380 8.065723 -0.128672 0.988728 0.076545 -26.874403 0.986021 0.135796 -0.096554 304.219879
-0.105780 0.064520 -0.992294 7.047027 -0.129457 0.988506 0.078075 -26.818392 0.985927 0.136719 -0.096212 304.125061
-0.104421 0.065291 -0.992387 6.021536 -0.129852 0.988405 0.078693 -26.756950 0.986020 0.137081 -0.094733 304.012848
-0.103012 0.063047 -0.992680 5.004671 -0.129642 0.988624 0.076242 -26.671448 0.986195 0.136548 -0.093667 303.904053
-0.100563 0.061987 -0.992997 3.990490 -0.129764 0.988714 0.074861 -26.571676 0.986432 0.136384 -0.091385 303.807068
-0.098162 0.061123 -0.993291 2.976789 -0.128233 0.989014 0.073532 -26.482027 0.986874 0.134591 -0.089246 303.696411
-0.096835 0.060579 -0.993455 1.982407 -0.125172 0.989479 0.072538 -26.399849 0.987398 0.131378 -0.088234 303.604889
-0.095842 0.062447 -0.993436 0.997290 -0.125865 0.989258 0.074328 -26.320213 0.987406 0.132163 -0.086953 303.524109
-0.095735 0.064500 -0.993315 0.003326 -0.127825 0.988840 0.076529 -26.259314 0.987165 0.134297 -0.086423 303.428314
-0.096123 0.064945 -0.993249 -0.992397 -0.129789 0.988532 0.077197 -26.202358 0.986871 0.136334 -0.086592 303.307739
-0.096198 0.063284 -0.993348 -1.957898 -0.129179 0.988742 0.075501 -26.148731 0.986943 0.135584 -0.086941 303.211334
-0.096624 0.061913 -0.993393 -2.905624 -0.128557 0.988927 0.074138 -26.090391 0.986984 0.134873 -0.087595 303.116669
-0.097229 0.063090 -0.993261 -3.842238 -0.127828 0.988931 0.075328 -26.031998 0.987018 0.134291 -0.088089 303.022644
-0.097997 0.065203 -0.993048 -4.767268 -0.127372 0.988823 0.077496 -25.973745 0.987002 0.134082 -0.088596 302.929077
-0.098642 0.066591 -0.992892 -5.680035 -0.126817 0.988782 0.078915 -25.916803 0.987009 0.133701 -0.089091 302.835266
-0.099741 0.063155 -0.993007 -6.563248 -0.126006 0.989146 0.075567 -25.856977 0.987003 0.132663 -0.090701 302.746490
-0.100093 0.061228 -0.993092 -7.443762 -0.126460 0.989227 0.073736 -25.796560 0.986909 0.132967 -0.091272 302.654572
-0.099914 0.062379 -0.993039 -8.316664 -0.128899 0.988810 0.075083 -25.750214 0.986611 0.135505 -0.090756 302.546112
-0.100075 0.063434 -0.992955 -9.165000 -0.129404 0.988659 0.076201 -25.711617 0.986528 0.136118 -0.090732 302.450836
-0.099810 0.063483 -0.992980 -9.997500 -0.129983 0.988578 0.076267 -25.671612 0.986479 0.136683 -0.090418 302.364563
-0.099765 0.063262 -0.992998 -10.813945 -0.131219 0.988424 0.076154 -25.630600 0.986320 0.137898 -0.090309 302.278259
-0.100243 0.064390 -0.992877 -11.621141 -0.132539 0.988146 0.077465 -25.589703 0.986095 0.139362 -0.090521 302.199127
-0.100759 0.066377 -0.992694 -12.410826 -0.133716 0.987815 0.079623 -25.553156 0.985884 0.140762 -0.090655 302.125031
-0.099394 0.066820 -0.992802 -13.191491 -0.134978 0.987614 0.079984 -25.507109 0.985851 0.141956 -0.089144 302.041260
-0.097595 0.066610 -0.992995 -13.946048 -0.136228 0.987472 0.079629 -25.465458 0.985858 0.143047 -0.087299 301.972931
-0.093762 0.066110 -0.993398 -14.696457 -0.137152 0.987422 0.078658 -25.422817 0.986102 0.143622 -0.083516 301.907288
-0.087999 0.065535 -0.993963 -15.434965 -0.138503 0.987335 0.077361 -25.379690 0.986444 0.144476 -0.077808 301.845123
-0.080804 0.066360 -0.994518 -16.162527 -0.139933 0.987144 0.077237 -25.337324 0.986858 0.145407 -0.070480 301.787537
-0.072474 0.067760 -0.995065 -16.876509 -0.140735 0.987012 0.077462 -25.297478 0.987391 0.145655 -0.061997 301.736603
-0.063264 0.068296 -0.995658 -17.573055 -0.140352 0.987131 0.076630 -25.261164 0.988078 0.144592 -0.052865 301.693268
-0.053356 0.068062 -0.996254 -18.252399 -0.140911 0.987178 0.074989 -25.226711 0.988584 0.144385 -0.043082 301.657715
-0.042494 0.066507 -0.996881 -18.920635 -0.140949 0.987403 0.071883 -25.192915 0.989104 0.143565 -0.032585 301.625702
-0.030938 0.063006 -0.997533 -19.561365 -0.141004 0.987755 0.066762 -25.135803 0.989525 0.142723 -0.021675 301.596985
-0.019658 0.061816 -0.997894 -20.184538 -0.141279 0.987899 0.063980 -25.069883 0.989774 0.142241 -0.010687 301.572113
-0.007889 0.061923 -0.998050 -20.800192 -0.140568 0.988101 0.062417 -25.009109 0.990039 0.140787 0.000909 301.555817
0.003245 0.061723 -0.998088 -21.394346 -0.138802 0.988459 0.060676 -24.982651 0.990315 0.138341 0.011775 301.572144
0.014051 0.061117 -0.998032 -21.974672 -0.136219 0.988941 0.058642 -24.965118 0.990579 0.135128 0.022220 301.598358
0.024674 0.060689 -0.997852 -22.549723 -0.133537 0.989410 0.056875 -24.944736 0.990737 0.131847 0.032516 301.622925
0.034686 0.060597 -0.997560 -23.121008 -0.131193 0.989798 0.055564 -24.928440 0.990750 0.128946 0.042282 301.649323
0.043720 0.060470 -0.997212 -23.685373 -0.127779 0.990306 0.054450 -24.909134 0.990838 0.125043 0.051023 301.680664
0.051630 0.060683 -0.996821 -24.247284 -0.123591 0.990866 0.053920 -24.889580 0.990989 0.120415 0.058659 301.713928
0.058848 0.061996 -0.996340 -24.809587 -0.119131 0.991373 0.054651 -24.873220 0.991133 0.115481 0.065726 301.748657
0.065521 0.062283 -0.995906 -25.368225 -0.115633 0.991800 0.054419 -24.857132 0.991128 0.111595 0.072185 301.783478
0.071951 0.062729 -0.995434 -25.920465 -0.112689 0.992141 0.054377 -24.841137 0.991022 0.108262 0.078454 301.820618
0.078304 0.063695 -0.994892 -26.467506 -0.109142 0.992506 0.054952 -24.826153 0.990937 0.104283 0.084669 301.860168
0.084611 0.064184 -0.994345 -27.009344 -0.105682 0.992872 0.055097 -24.809731 0.990793 0.100423 0.090791 301.902313
0.091081 0.063652 -0.993807 -27.544254 -0.102468 0.993257 0.054226 -24.794447 0.990558 0.096896 0.096988 301.945557
0.098049 0.063204 -0.993172 -28.075842 -0.100404 0.993517 0.053314 -24.779690 0.990104 0.094493 0.103759 301.989227
0.105935 0.063084 -0.992370 -28.600195 -0.098122 0.993777 0.052700 -24.763908 0.989520 0.091791 0.111466 302.037415
0.113924 0.062801 -0.991503 -29.114332 -0.095571 0.994064 0.051983 -24.748804 0.988882 0.088838 0.119249 302.090027
0.122159 0.062497 -0.990541 -29.620474 -0.093535 0.994298 0.051200 -24.734158 0.988094 0.086397 0.127307 302.145233
0.131144 0.062423 -0.989396 -30.116159 -0.091843 0.994488 0.050571 -24.719543 0.987100 0.084238 0.136154 302.203186
0.140962 0.063219 -0.987995 -30.603077 -0.090948 0.994565 0.050664 -24.704504 0.985829 0.082715 0.145946 302.263763
0.151359 0.064161 -0.986394 -31.078444 -0.090013 0.994639 0.050885 -24.689863 0.984372 0.081087 0.156323 302.327515
0.162481 0.063464 -0.984668 -31.539274 -0.087587 0.994917 0.049672 -24.677757 0.982816 0.078175 0.167214 302.396606
0.174793 0.061720 -0.982669 -31.987349 -0.085579 0.995208 0.047285 -24.668129 0.980878 0.075831 0.179238 302.468353
0.188748 0.059705 -0.980209 -32.420227 -0.084884 0.995405 0.044286 -24.659380 0.978350 0.074845 0.192948 302.541656
0.204739 0.058492 -0.977067 -32.835697 -0.086957 0.995352 0.041366 -24.644688 0.974947 0.076495 0.208873 302.616791
0.221137 0.056578 -0.973601 -33.238590 -0.088584 0.995353 0.037723 -24.627146 0.971211 0.077904 0.225121 302.696808
0.239054 0.053324 -0.969540 -33.633240 -0.089996 0.995410 0.032557 -24.611183 0.966826 0.079473 0.242756 302.783142
0.258751 0.050219 -0.964638 -34.020447 -0.090122 0.995546 0.027656 -24.597694 0.961731 0.079779 0.262125 302.878326
0.280411 0.049135 -0.958621 -34.409092 -0.090772 0.995571 0.024476 -24.585569 0.955578 0.080154 0.283629 302.976898
0.304045 0.050479 -0.951320 -34.782722 -0.090955 0.995571 0.023757 -24.574520 0.948305 0.079305 0.307290 303.082092
0.328884 0.053005 -0.942882 -35.133614 -0.090987 0.995557 0.024230 -24.562950 0.939977 0.077822 0.332245 303.185730
0.353428 0.052862 -0.933967 -35.460995 -0.088249 0.995833 0.022969 -24.553312 0.931290 0.074305 0.356620 303.291809
0.376039 0.051390 -0.925178 -35.759499 -0.084656 0.996190 0.020926 -24.541866 0.922729 0.070453 0.378956 303.389343
0.396366 0.051138 -0.916667 -36.041653 -0.085123 0.996193 0.018768 -24.530605 0.914138 0.070591 0.399210 303.474884
0.413987 0.050219 -0.908896 -36.306114 -0.086273 0.996147 0.015744 -24.520880 0.906186 0.071896 0.416725 303.550507
0.428162 0.048661 -0.902391 -36.553612 -0.086115 0.996201 0.012861 -24.511686 0.899590 0.072204 0.430727 303.617981
0.439097 0.047590 -0.897179 -36.788086 -0.083318 0.996449 0.012078 -24.500565 0.894568 0.069448 0.441503 303.679016
0.446155 0.046914 -0.893725 -36.991798 -0.081444 0.996609 0.011658 -24.489985 0.891242 0.067587 0.448463 303.724640
0.449488 0.045887 -0.892107 -37.176147 -0.080424 0.996702 0.010746 -24.478962 0.889659 0.066917 0.451696 303.753998
0.448710 0.045831 -0.892502 -37.192459 -0.083191 0.996489 0.009348 -24.479851 0.889798 0.070054 0.450946 303.747742
0.448534 0.044151 -0.892674 -37.149685 -0.086376 0.996245 0.005874 -24.486286 0.889582 0.074473 0.450663 303.731750
0.448527 0.040157 -0.892867 -37.143837 -0.086699 0.996233 0.001254 -24.491354 0.889555 0.076849 0.450319 303.730316
0.448141 0.038792 -0.893120 -37.143990 -0.085650 0.996324 0.000299 -24.494747 0.889850 0.076363 0.449817 303.733887
0.448595 0.038722 -0.892896 -37.110104 -0.084542 0.996419 0.000737 -24.498072 0.889728 0.075157 0.450262 303.733276
0.449070 0.038965 -0.892646 -37.070583 -0.084303 0.996439 0.001086 -24.499924 0.889511 0.074765 0.450756 303.732025
0.449229 0.039264 -0.892553 -37.032265 -0.084554 0.996418 0.001276 -24.503391 0.889406 0.074898 0.450940 303.732147
0.449547 0.039713 -0.892374 -37.030235 -0.084822 0.996394 0.001612 -24.505539 0.889221 0.074969 0.451293 303.733215
0.449612 0.039376 -0.892355 -37.029621 -0.084572 0.996416 0.001356 -24.507347 0.889211 0.074860 0.451331 303.733856
0.449736 0.039400 -0.892292 -37.030727 -0.084407 0.996430 0.001455 -24.508900 0.889164 0.074662 0.451456 303.734863
0.449884 0.040039 -0.892189 -37.029682 -0.084686 0.996405 0.002013 -24.510719 0.889063 0.074651 0.451657 303.735535
0.449870 0.039820 -0.892205 -37.029667 -0.084660 0.996408 0.001784 -24.510860 0.889073 0.074732 0.451625 303.734955
0.449834 0.039638 -0.892232 -37.028683 -0.084521 0.996420 0.001654 -24.511246 0.889104 0.074669 0.451574 303.736237
0.450166 0.039696 -0.892062 -37.018063 -0.084507 0.996420 0.001694 -24.511898 0.888937 0.074624 0.451910 303.737823
0.452468 0.039898 -0.890888 -36.774170 -0.085788 0.996313 0.001049 -24.517193 0.887644 0.075954 0.454222 303.789307
0.453541 0.039145 -0.890375 -36.747337 -0.086078 0.996288 -0.000044 -24.517775 0.887069 0.076662 0.455227 303.797150
0.455039 0.038207 -0.889652 -36.722107 -0.085852 0.996307 -0.001125 -24.514545 0.886323 0.076891 0.456639 303.807190
0.456164 0.037418 -0.889109 -36.702572 -0.085429 0.996342 -0.001898 -24.518822 0.885785 0.076822 0.457692 303.825623
0.458835 0.037704 -0.887722 -36.707359 -0.085861 0.996305 -0.002063 -24.522068 0.884363 0.077168 0.460377 303.838165
0.462158 0.037763 -0.885994 -36.718842 -0.086168 0.996276 -0.002484 -24.521318 0.882602 0.077493 0.463691 303.851196
0.466046 0.037367 -0.883971 -36.736977 -0.086017 0.996288 -0.003235 -24.516176 0.880570 0.077545 0.467530 303.863678
0.470239 0.037201 -0.881755 -36.758984 -0.085883 0.996297 -0.003768 -24.510263 0.878351 0.077499 0.471693 303.877747
0.476068 0.036995 -0.878630 -36.789299 -0.086609 0.996230 -0.004980 -24.504299 0.875133 0.078470 0.477477 303.892090
0.483637 0.035958 -0.874530 -36.821873 -0.087708 0.996117 -0.007547 -24.500568 0.870863 0.080354 0.484912 303.914520
0.494156 0.034343 -0.868695 -36.873978 -0.087908 0.996071 -0.010626 -24.500526 0.864918 0.081617 0.495234 303.957184
0.505871 0.033132 -0.861973 -36.937988 -0.088239 0.996007 -0.013501 -24.502579 0.858084 0.082891 0.506774 304.011292
0.519915 0.032540 -0.853598 -37.009487 -0.087894 0.996007 -0.015565 -24.505074 0.849685 0.083119 0.520699 304.075470
0.535851 0.032722 -0.843677 -37.090389 -0.087622 0.996008 -0.017021 -24.506775 0.839753 0.083046 0.536580 304.146057
0.553502 0.033119 -0.832189 -37.176052 -0.087522 0.995989 -0.018575 -24.508820 0.828237 0.083116 0.554181 304.223328
0.572530 0.033417 -0.819203 -37.265762 -0.087392 0.995963 -0.020448 -24.511564 0.815213 0.083299 0.573139 304.307495
0.592613 0.033716 -0.804782 -37.359329 -0.087070 0.995950 -0.022389 -24.515070 0.800768 0.083342 0.593148 304.398834
0.613112 0.033941 -0.789267 -37.457279 -0.086227 0.995982 -0.024152 -24.519108 0.785276 0.082865 0.613576 304.498016
0.633100 0.033762 -0.773333 -37.560249 -0.084723 0.996068 -0.025875 -24.523645 0.769419 0.081901 0.633471 304.604858
0.652080 0.033241 -0.757421 -37.669209 -0.082762 0.996188 -0.027532 -24.528603 0.753620 0.080639 0.652346 304.719177
0.669324 0.033091 -0.742234 -37.786198 -0.082157 0.996177 -0.029673 -24.533394 0.738414 0.080841 0.669483 304.839264
0.684586 0.034057 -0.728136 -37.913471 -0.084572 0.995872 -0.032933 -24.538586 0.724010 0.084125 0.684641 304.964142
0.699004 0.035446 -0.714239 -38.048275 -0.088572 0.995371 -0.037283 -24.546112 0.709612 0.089323 0.698907 305.097382
0.714648 0.037290 -0.698489 -38.188366 -0.091280 0.995010 -0.040271 -24.555767 0.693503 0.092539 0.714486 305.244293
0.732062 0.041060 -0.679999 -38.333569 -0.093867 0.994740 -0.040987 -24.564613 0.674740 0.093835 0.732066 305.406067
0.750411 0.044579 -0.659466 -38.481155 -0.096356 0.994442 -0.042421 -24.573975 0.653910 0.095377 0.750536 305.580933
0.769648 0.045505 -0.636844 -38.627853 -0.096727 0.994253 -0.045855 -24.586025 0.631098 0.096893 0.769628 305.767670
0.789616 0.044333 -0.611998 -38.779800 -0.094900 0.994209 -0.050420 -24.600203 0.606220 0.097891 0.789250 305.984314
0.809754 0.041728 -0.585284 -38.932003 -0.091918 0.994174 -0.056291 -24.617022 0.579526 0.099380 0.808872 306.221985
0.829848 0.039192 -0.556612 -39.084858 -0.089125 0.994033 -0.062883 -24.637003 0.550827 0.101792 0.828389 306.479340
0.849708 0.038983 -0.525810 -39.256332 -0.087679 0.993824 -0.068005 -24.662243 0.519911 0.103888 0.847879 306.787292
0.868745 0.040505 -0.493602 -39.413013 -0.087496 0.993525 -0.072466 -24.688150 0.487471 0.106143 0.866664 307.094696
0.885985 0.042334 -0.461777 -39.567158 -0.087204 0.993267 -0.076255 -24.716316 0.455440 0.107831 0.883712 307.422852
0.901231 0.042318 -0.431269 -39.715168 -0.084298 0.993328 -0.078687 -24.745760 0.425062 0.107271 0.898785 307.770813
0.914645 0.040898 -0.402185 -39.857174 -0.079497 0.993639 -0.079747 -24.778454 0.396366 0.104913 0.912079 308.137177
0.926301 0.039169 -0.374743 -39.995502 -0.074516 0.993981 -0.080296 -24.813892 0.369343 0.102304 0.923644 308.520691
0.936116 0.039099 -0.349509 -40.132965 -0.071183 0.994295 -0.079423 -24.849884 0.344410 0.099229 0.933560 308.921448
0.944423 0.039295 -0.326375 -40.268440 -0.068919 0.994433 -0.079700 -24.888222 0.321427 0.097764 0.941874 309.337646
0.951488 0.039489 -0.305140 -40.411198 -0.068209 0.994125 -0.084039 -24.935421 0.300029 0.100776 0.948592 309.799072
0.957690 0.039350 -0.285099 -40.549320 -0.067416 0.993719 -0.089304 -24.986450 0.279795 0.104746 0.954328 310.284943
0.963444 0.038582 -0.265116 -40.708714 -0.065364 0.993522 -0.092950 -25.047089 0.259813 0.106883 0.959726 310.898743
0.968805 0.037190 -0.245018 -40.960377 -0.062310 0.993469 -0.095581 -25.138390 0.239863 0.107867 0.964796 311.851532
0.973667 0.038261 -0.224739 -41.095257 -0.060760 0.993710 -0.094064 -25.201599 0.219727 0.105243 0.969868 312.474823
0.978002 0.040352 -0.204656 -41.225605 -0.060498 0.993811 -0.093157 -25.270548 0.199631 0.103490 0.974391 313.112061
0.981711 0.038973 -0.186345 -41.346451 -0.058184 0.993408 -0.098764 -25.339445 0.181268 0.107800 0.977507 313.759216
0.984750 0.035237 -0.170365 -41.466183 -0.053817 0.992939 -0.105705 -25.411488 0.165438 0.113263 0.979695 314.450439
0.986948 0.033869 -0.157439 -41.578018 -0.051271 0.992847 -0.107815 -25.485790 0.152662 0.114480 0.981626 315.137939
0.988397 0.035340 -0.147728 -41.691528 -0.051278 0.993095 -0.105513 -25.563951 0.142979 0.111864 0.983383 315.843109
0.989395 0.037124 -0.140423 -41.804825 -0.051719 0.993464 -0.101755 -25.643894 0.135728 0.107939 0.984849 316.562439
0.990112 0.036757 -0.135378 -41.915001 -0.050672 0.993613 -0.100822 -25.723797 0.130807 0.106686 0.985650 317.294281
0.990611 0.036242 -0.131821 -42.024414 -0.049729 0.993694 -0.100498 -25.803627 0.127348 0.106110 0.986166 318.038879
