-0.013366 -0.999898 0.005047 -0.240323 -0.055098 -0.004304 -0.998472 0.795571 0.998391 -0.013624 -0.055035 -1.035730
-0.011939 -0.999916 0.004918 -0.160731 -0.053786 -0.004270 -0.998543 0.792522 0.998481 -0.012186 -0.053731 -1.031002
-0.011943 -0.999915 0.005317 -0.082066 -0.052602 -0.004682 -0.998604 0.794389 0.998544 -0.012207 -0.052542 -1.034188
-0.010888 -0.999924 0.005688 0.003320 -0.053604 -0.005096 -0.998549 0.792979 0.998503 -0.011177 -0.053544 -1.032966
-0.009445 -0.999943 0.004876 0.089452 -0.053448 -0.004363 -0.998561 0.800648 0.998526 -0.009692 -0.053403 -1.035113
-0.008823 -0.999944 0.005873 0.171007 -0.053885 -0.005390 -0.998533 0.806691 0.998508 -0.009127 -0.053834 -1.036802
-0.007673 -0.999941 0.007666 0.243391 -0.053650 -0.007243 -0.998533 0.805137 0.998531 -0.008073 -0.053591 -1.030428
-0.006142 -0.999943 0.008741 0.310997 -0.052505 -0.008407 -0.998586 0.806615 0.998602 -0.006592 -0.052450 -1.028332
-0.005511 -0.999916 0.011736 0.374390 -0.050812 -0.011441 -0.998643 0.803682 0.998693 -0.006100 -0.050745 -1.029374
-0.004969 -0.999862 0.015871 0.429580 -0.050047 -0.015603 -0.998625 0.795493 0.998734 -0.005756 -0.049963 -1.024086
-0.005085 -0.999770 0.020818 0.478732 -0.050302 -0.020537 -0.998523 0.778204 0.998721 -0.006125 -0.050186 -1.025210
-0.004861 -0.999688 0.024504 0.523273 -0.050080 -0.024230 -0.998451 0.759524 0.998733 -0.006080 -0.049947 -1.025875
-0.003327 -0.999618 0.027445 0.564068 -0.049408 -0.027247 -0.998407 0.762218 0.998773 -0.004676 -0.049297 -1.025473
-0.001802 -0.999555 0.029766 0.599830 -0.048880 -0.029643 -0.998364 0.765825 0.998803 -0.003254 -0.048805 -1.021704
-0.001136 -0.999465 0.032676 0.630916 -0.050019 -0.032579 -0.998217 0.765839 0.998747 -0.002768 -0.049956 -1.015764
-0.002013 -0.999358 0.035767 0.669847 -0.051357 -0.035617 -0.998045 0.770725 0.998678 -0.003846 -0.051252 -1.015866
-0.003196 -0.999238 0.038908 0.713970 -0.052203 -0.038688 -0.997887 0.773131 0.998632 -0.005220 -0.052041 -1.017246
-0.002801 -0.999071 0.042991 0.763674 -0.051607 -0.042789 -0.997751 0.774073 0.998663 -0.005014 -0.051439 -1.014645
-0.002595 -0.998846 0.047954 0.814358 -0.051112 -0.047759 -0.997550 0.773755 0.998689 -0.005039 -0.050929 -1.011784
-0.001877 -0.998556 0.053688 0.865085 -0.050518 -0.053525 -0.997288 0.772299 0.998722 -0.004584 -0.050345 -1.008915
-0.000817 -0.998229 0.059478 0.916381 -0.049329 -0.059365 -0.997016 0.769919 0.998782 -0.003748 -0.049193 -1.006156
0.000360 -0.997837 0.065748 0.968247 -0.047518 -0.065691 -0.996708 0.766032 0.998870 -0.002765 -0.047439 -1.003868
0.001358 -0.997404 0.071995 1.021307 -0.045865 -0.071981 -0.996351 0.762074 0.998947 -0.001949 -0.045843 -1.001589
0.001610 -0.996944 0.078106 1.076290 -0.044183 -0.078100 -0.995966 0.757558 0.999022 -0.001848 -0.044174 -1.000143
0.001009 -0.996423 0.084498 1.133233 -0.042801 -0.084464 -0.995507 0.752551 0.999083 -0.002611 -0.042732 -0.999275
0.000329 -0.995869 0.090807 1.191949 -0.041207 -0.090743 -0.995022 0.746953 0.999150 -0.003414 -0.041066 -0.998220
-0.000377 -0.995307 0.096768 1.253168 -0.039937 -0.096675 -0.994514 0.740956 0.999202 -0.004239 -0.039714 -0.996114
-0.000875 -0.994768 0.102161 1.317551 -0.039330 -0.102048 -0.994002 0.735370 0.999226 -0.004888 -0.039035 -0.992645
-0.001272 -0.994277 0.106825 1.386169 -0.039341 -0.106692 -0.993513 0.730680 0.999225 -0.005467 -0.038980 -0.988599
-0.001485 -0.993780 0.111346 1.458983 -0.039467 -0.111201 -0.993014 0.725610 0.999220 -0.005869 -0.039057 -0.983890
-0.000632 -0.993190 0.116500 1.535115 -0.040593 -0.116379 -0.992375 0.720813 0.999175 -0.005356 -0.040244 -0.977190
0.000289 -0.992596 0.121464 1.616006 -0.041403 -0.121372 -0.991743 0.716720 0.999142 -0.004743 -0.041132 -0.970921
0.000382 -0.991985 0.126357 1.702264 -0.042031 -0.126261 -0.991107 0.712944 0.999116 -0.004932 -0.041742 -0.965724
-0.000079 -0.991384 0.130986 1.819683 -0.042139 -0.130866 -0.990504 0.729103 0.999112 -0.005597 -0.041765 -0.967402
-0.000611 -0.990679 0.136218 1.935392 -0.041769 -0.136075 -0.989817 0.731166 0.999127 -0.006295 -0.041297 -0.968741
0.006813 -0.990190 0.139565 2.130521 -0.053775 -0.139729 -0.988729 0.800012 0.998530 -0.000769 -0.054200 -0.817896
0.005180 -0.989234 0.146251 2.385562 -0.053730 -0.146317 -0.987778 0.876155 0.998542 -0.002742 -0.053909 -0.645790
0.006564 -0.988181 0.153152 2.720120 -0.050495 -0.153288 -0.986891 0.957106 0.998703 -0.001255 -0.050904 -0.554108
0.005064 -0.985935 0.167055 3.169040 -0.052471 -0.167088 -0.984544 0.909080 0.998610 -0.003780 -0.052578 -0.531814
0.000343 -0.984859 0.173356 3.676345 -0.051131 -0.173146 -0.983567 0.832931 0.998692 -0.008527 -0.050417 -0.544320
0.003403 -0.984115 0.177501 4.169538 -0.048979 -0.177453 -0.982910 0.773471 0.998794 -0.005349 -0.048805 -0.589325
0.010627 -0.982885 0.183912 4.501203 -0.049764 -0.184214 -0.981626 0.812144 0.998704 0.001280 -0.050871 -0.615457
0.018057 -0.981640 0.189885 4.786938 -0.049531 -0.190561 -0.980425 0.885278 0.998610 0.008299 -0.052063 -0.641154
0.022785 -0.980465 0.195369 5.081478 -0.051403 -0.196311 -0.979194 0.952439 0.998418 0.012269 -0.054872 -0.637683
0.025884 -0.979438 0.200076 5.377539 -0.052459 -0.201198 -0.978145 1.021667 0.998287 0.014822 -0.056588 -0.638198
0.027816 -0.978713 0.203343 5.680790 -0.054021 -0.204596 -0.977355 1.090676 0.998153 0.016201 -0.058562 -0.640360
0.027526 -0.978494 0.204432 5.997807 -0.054190 -0.205669 -0.977120 1.162783 0.998151 0.015818 -0.058686 -0.641521
0.027026 -0.978391 0.204990 6.323408 -0.053437 -0.206186 -0.977053 1.238276 0.998205 0.015452 -0.057856 -0.645539
0.027017 -0.978646 0.203770 6.648162 -0.051373 -0.204934 -0.977427 1.314863 0.998314 0.015938 -0.055813 -0.650141
0.025552 -0.979528 0.199678 6.980074 -0.051129 -0.200763 -0.978305 1.394257 0.998365 0.014788 -0.055212 -0.656959
0.023152 -0.980693 0.194174 7.322612 -0.049156 -0.195108 -0.979549 1.470182 0.998522 0.013134 -0.052724 -0.668854
0.022101 -0.981927 0.187961 7.671016 -0.045425 -0.188799 -0.980964 1.537085 0.998723 0.013143 -0.048777 -0.679701
0.021808 -0.983204 0.181201 8.027432 -0.043340 -0.182004 -0.982342 1.598255 0.998822 0.013569 -0.046581 -0.686983
0.022505 -0.984283 0.175157 8.380345 -0.045710 -0.176031 -0.983323 1.667727 0.998701 0.014123 -0.048952 -0.684018
0.023623 -0.985355 0.168873 8.732969 -0.050723 -0.169884 -0.984158 1.737239 0.998433 0.014683 -0.053994 -0.679336
0.024201 -0.986410 0.162509 9.086620 -0.053572 -0.163604 -0.985071 1.804806 0.998270 0.015134 -0.056804 -0.677548
0.023813 -0.987510 0.155751 9.440909 -0.053009 -0.156823 -0.986203 1.869208 0.998310 0.015228 -0.056080 -0.678708
0.023245 -0.988466 0.149646 9.795574 -0.050127 -0.150650 -0.987315 1.928965 0.998473 0.015449 -0.053051 -0.681801
0.022776 -0.989300 0.144108 10.149508 -0.048179 -0.145064 -0.988249 1.987042 0.998579 0.015565 -0.050968 -0.683955
0.023198 -0.990069 0.138660 10.502444 -0.047824 -0.139637 -0.989047 2.044191 0.998586 0.016313 -0.050588 -0.683391
0.023959 -0.990724 0.133763 10.854506 -0.048562 -0.134797 -0.989682 2.099638 0.998533 0.017217 -0.051340 -0.681886
0.024651 -0.991225 0.129872 11.205231 -0.051190 -0.130992 -0.990061 2.153547 0.998384 0.017758 -0.053970 -0.679394
0.025120 -0.991645 0.126526 11.555892 -0.054462 -0.127736 -0.990312 2.206877 0.998199 0.017985 -0.057216 -0.676907
0.026747 -0.991958 0.123709 11.919387 -0.056617 -0.125058 -0.990533 2.250776 0.998037 0.019490 -0.059506 -0.671056
0.025930 -0.992399 0.120298 12.272178 -0.056180 -0.121595 -0.990989 2.304857 0.998083 0.018938 -0.058907 -0.675134
0.026155 -0.992939 0.115710 12.616342 -0.054877 -0.117001 -0.991614 2.356162 0.998151 0.019586 -0.057550 -0.667966
0.024939 -0.993345 0.112451 12.953025 -0.052114 -0.113624 -0.992157 2.404314 0.998330 0.018882 -0.054601 -0.662414
0.023539 -0.993755 0.109070 13.282218 -0.050156 -0.110137 -0.992650 2.450593 0.998464 0.017896 -0.052435 -0.656298
0.022667 -0.994207 0.105068 13.602618 -0.049499 -0.106083 -0.993124 2.495646 0.998517 0.017310 -0.051617 -0.648937
0.021831 -0.994767 0.099815 13.915955 -0.050141 -0.100802 -0.993642 2.535154 0.998504 0.016687 -0.052079 -0.645396
0.020987 -0.995254 0.095027 14.211959 -0.051312 -0.095995 -0.994059 2.568824 0.998463 0.015986 -0.053084 -0.643226
0.020284 -0.995652 0.090910 14.493477 -0.053612 -0.091881 -0.994326 2.605482 0.998355 0.015296 -0.055242 -0.635617
0.018596 -0.996032 0.087025 14.765985 -0.055639 -0.087936 -0.994571 2.640642 0.998277 0.013653 -0.057054 -0.629099
0.017220 -0.996400 0.083014 15.028467 -0.055431 -0.083851 -0.994936 2.673328 0.998314 0.012531 -0.056676 -0.622791
0.016702 -0.996645 0.080115 15.276069 -0.053170 -0.080897 -0.995303 2.699472 0.998445 0.012363 -0.054343 -0.621280
0.016644 -0.996840 0.077664 15.503803 -0.052128 -0.078434 -0.995555 2.722840 0.998502 0.012522 -0.053269 -0.618640
0.016303 -0.997025 0.075331 15.653678 -0.052296 -0.076089 -0.995729 2.733943 0.998499 0.012293 -0.053381 -0.618066
0.016779 -0.997168 0.073312 15.771430 -0.051510 -0.074087 -0.995921 2.742353 0.998531 0.012934 -0.052608 -0.616965
0.017229 -0.997290 0.071523 15.868148 -0.049514 -0.072296 -0.996153 2.747744 0.998624 0.013621 -0.050626 -0.617265
0.011952 -0.997264 0.072951 16.216299 -0.076812 -0.073657 -0.994321 2.728273 0.996974 0.006281 -0.077483 -0.671847
0.007377 -0.997193 0.074514 16.573805 -0.103784 -0.074877 -0.991778 2.701683 0.994572 -0.000416 -0.104046 -0.714206
0.005665 -0.996838 0.079254 16.923538 -0.123683 -0.079346 -0.989144 2.636142 0.992306 -0.004200 -0.123742 -0.730749
0.003944 -0.996862 0.079054 17.276947 -0.124813 -0.078928 -0.989036 2.546190 0.992172 -0.005966 -0.124732 -0.759677
0.003348 -0.996854 0.079181 17.628923 -0.125578 -0.078973 -0.988936 2.451453 0.992078 -0.006633 -0.125447 -0.788170
0.003239 -0.996792 0.079979 17.979429 -0.125601 -0.079752 -0.988870 2.351357 0.992076 -0.006843 -0.125456 -0.817273
0.003862 -0.997483 0.070808 17.918169 -0.126022 -0.070729 -0.989503 2.497526 0.992020 -0.005102 -0.125977 -0.780156
0.003884 -0.997270 0.073735 17.794228 -0.125740 -0.073638 -0.989327 2.667581 0.992056 -0.005430 -0.125683 -0.735851
0.003964 -0.996983 0.077513 17.670561 -0.125708 -0.077396 -0.989044 2.831888 0.992059 -0.005824 -0.125635 -0.691904
0.003599 -0.996663 0.081545 17.732973 -0.125797 -0.081349 -0.988715 2.859586 0.992050 -0.006700 -0.125670 -0.685834
0.003327 -0.996328 0.085556 17.839737 -0.126206 -0.085292 -0.988330 2.849757 0.991999 -0.007510 -0.126026 -0.688055
0.003039 -0.995999 0.089311 17.944042 -0.125792 -0.088983 -0.988057 2.852083 0.992052 -0.008231 -0.125559 -0.689041
0.002879 -0.995483 0.094897 18.044159 -0.125244 -0.094510 -0.987614 2.862231 0.992122 -0.009043 -0.124951 -0.688328
0.002436 -0.994842 0.101406 18.144651 -0.124918 -0.100916 -0.987022 2.868574 0.992164 -0.010263 -0.124519 -0.687140
0.001779 -0.994069 0.108735 18.247900 -0.124891 -0.108106 -0.986264 2.869833 0.992169 -0.011825 -0.124342 -0.685883
0.001287 -0.993213 0.116300 18.361103 -0.125124 -0.115546 -0.985390 2.862940 0.992140 -0.013283 -0.124424 -0.685088
0.001161 -0.992237 0.124360 18.482918 -0.125407 -0.123522 -0.984386 2.849340 0.992105 -0.014453 -0.124577 -0.684824
0.001069 -0.991102 0.133101 18.609732 -0.124758 -0.132194 -0.983341 2.830550 0.992187 -0.015554 -0.123789 -0.685051
0.000857 -0.989926 0.141579 18.741098 -0.124239 -0.140588 -0.982242 2.808314 0.992252 -0.016748 -0.123107 -0.683561
0.000719 -0.988595 0.150595 18.874741 -0.124037 -0.149520 -0.980948 2.784903 0.992277 -0.017974 -0.122731 -0.681807
0.001182 -0.987220 0.159355 19.019558 -0.124047 -0.158269 -0.979573 2.754416 0.992276 -0.018610 -0.122649 -0.680228
0.002269 -0.985760 0.168141 19.166805 -0.121243 -0.167172 -0.978444 2.726282 0.992620 -0.018166 -0.119895 -0.679559
0.003481 -0.984453 0.175612 19.365671 -0.120408 -0.174749 -0.977223 2.753220 0.992719 -0.017744 -0.119144 -0.672659
0.004490 -0.983053 0.183266 19.576481 -0.120275 -0.182469 -0.975827 2.791225 0.992731 -0.017661 -0.119056 -0.664141
0.005146 -0.981835 0.189667 19.798618 -0.118259 -0.188936 -0.974842 2.838963 0.992969 -0.017414 -0.117083 -0.659668
0.005556 -0.980608 0.195900 20.029947 -0.114687 -0.195235 -0.974028 2.888878 0.993386 -0.017055 -0.113548 -0.657709
0.005711 -0.979388 0.201907 20.269863 -0.110489 -0.201292 -0.973280 2.936365 0.993861 -0.016750 -0.109361 -0.657229
0.005797 -0.978608 0.205654 20.535294 -0.107594 -0.205074 -0.972814 2.985848 0.994178 -0.016488 -0.106480 -0.654448
0.006067 -0.978179 0.207672 20.811747 -0.103616 -0.207173 -0.972802 3.041515 0.994599 -0.015615 -0.102611 -0.650196
0.005974 -0.978224 0.207468 21.102455 -0.099665 -0.207021 -0.973247 3.104367 0.995003 -0.014863 -0.098731 -0.650597
0.004851 -0.978672 0.205371 21.416965 -0.099764 -0.204823 -0.973702 3.174522 0.994999 -0.015766 -0.098630 -0.646277
0.003887 -0.978954 0.204045 21.737696 -0.100391 -0.203398 -0.973936 3.241686 0.994941 -0.016697 -0.099069 -0.642204
0.003050 -0.979156 0.203089 22.065226 -0.102104 -0.202334 -0.973979 3.307384 0.994769 -0.017765 -0.100593 -0.638024
0.004446 -0.979560 0.201106 22.418604 -0.102172 -0.200501 -0.974351 3.391663 0.994757 -0.016216 -0.100975 -0.629117
0.006054 -0.979738 0.200189 22.776760 -0.101411 -0.199762 -0.974582 3.473026 0.994826 -0.014401 -0.100566 -0.619562
0.008771 -0.979898 0.199309 23.138626 -0.100077 -0.199176 -0.974840 3.550755 0.994941 -0.011396 -0.099812 -0.609270
0.012506 -0.980012 0.198545 23.503407 -0.099749 -0.198793 -0.974952 3.626109 0.994934 -0.007612 -0.100241 -0.597261
0.016472 -0.980148 0.197581 23.869923 -0.099068 -0.198235 -0.975135 3.698520 0.994944 -0.003511 -0.100367 -0.585170
0.020204 -0.980293 0.196514 24.237438 -0.098590 -0.197549 -0.975322 3.767510 0.994923 0.000331 -0.100638 -0.572473
0.022882 -0.980409 0.195636 24.607288 -0.098889 -0.196947 -0.975414 3.833519 0.994836 0.002974 -0.101458 -0.560936
0.023795 -0.980583 0.194657 24.979773 -0.098833 -0.196066 -0.975598 3.896932 0.994820 0.003975 -0.101578 -0.552272
0.023153 -0.980770 0.193788 25.354897 -0.098633 -0.195135 -0.975804 3.957107 0.994854 0.003479 -0.101255 -0.546614
0.021988 -0.980933 0.193097 25.731449 -0.098514 -0.194330 -0.975977 4.013485 0.994892 0.002436 -0.100910 -0.542018
0.020770 -0.981214 0.191800 26.133095 -0.098994 -0.192918 -0.976209 4.092140 0.994872 0.001289 -0.101141 -0.542997
0.019758 -0.981452 0.190691 26.534954 -0.099333 -0.191712 -0.976412 4.167735 0.994858 0.000350 -0.101279 -0.543344
0.019291 -0.981726 0.189322 26.936808 -0.099562 -0.190302 -0.976664 4.241542 0.994845 -0.000009 -0.101413 -0.542598
0.019442 -0.982159 0.187045 27.347805 -0.096344 -0.188051 -0.977423 4.316516 0.995158 0.000982 -0.098281 -0.545075
0.020271 -0.982662 0.184292 27.758598 -0.096270 -0.185391 -0.977938 4.391423 0.995148 0.002082 -0.098359 -0.539341
0.021266 -0.983189 0.181348 28.168867 -0.096305 -0.182560 -0.978467 4.462170 0.995124 0.003343 -0.098568 -0.534417
0.021504 -0.983712 0.178460 28.579937 -0.096746 -0.179712 -0.978951 4.529571 0.995076 0.003786 -0.099035 -0.530294
0.021167 -0.984262 0.175447 28.990742 -0.096785 -0.176680 -0.979498 4.593219 0.995080 0.003752 -0.099002 -0.527084
0.020366 -0.984838 0.172279 29.400229 -0.096190 -0.173445 -0.980135 4.652351 0.995155 0.003390 -0.098264 -0.524362
0.019578 -0.985365 0.169327 29.808712 -0.095677 -0.170429 -0.980714 4.706976 0.995220 0.002999 -0.097613 -0.520793
0.019339 -0.985871 0.166382 30.215031 -0.095443 -0.167474 -0.981245 4.757597 0.995247 0.003097 -0.097334 -0.517222
0.019072 -0.986417 0.163149 30.620771 -0.095367 -0.164229 -0.981801 4.804732 0.995259 0.003166 -0.097204 -0.514430
0.017986 -0.987016 0.159611 31.025993 -0.095880 -0.160603 -0.982351 4.848217 0.995230 0.002366 -0.097524 -0.511701
0.015991 -0.987642 0.155912 31.430338 -0.095967 -0.156728 -0.982968 4.887453 0.995256 0.000756 -0.097288 -0.509759
0.014926 -0.988296 0.151812 31.833101 -0.096031 -0.152544 -0.983620 4.922592 0.995266 0.000102 -0.097184 -0.506640
0.014619 -0.988930 0.147667 32.233337 -0.092902 -0.148386 -0.984556 4.960936 0.995568 0.000676 -0.094043 -0.509789
0.014260 -0.989469 0.144037 32.628445 -0.089960 -0.144737 -0.985372 5.010747 0.995843 0.001094 -0.091078 -0.510389
0.013526 -0.990049 0.140067 33.020184 -0.085792 -0.140713 -0.986326 5.065351 0.996221 0.001325 -0.086841 -0.513289
0.013346 -0.990536 0.136600 33.397045 -0.082486 -0.137237 -0.987098 5.126259 0.996503 0.001906 -0.083536 -0.515901
0.014204 -0.990877 0.134018 33.781464 -0.084238 -0.134741 -0.987294 5.179738 0.996345 0.002734 -0.085384 -0.515850
0.015303 -0.991207 0.131435 34.165012 -0.084940 -0.132264 -0.987568 5.229604 0.996269 0.003948 -0.086217 -0.516597
0.015546 -0.991518 0.129034 34.550285 -0.085734 -0.129896 -0.987814 5.276443 0.996197 0.004294 -0.087025 -0.518345
0.015481 -0.991654 0.127995 34.940926 -0.086220 -0.128857 -0.987908 5.318183 0.996155 0.004258 -0.087495 -0.514637
0.015236 -0.991878 0.126282 35.332443 -0.085219 -0.127125 -0.988219 5.356807 0.996246 0.004296 -0.086464 -0.511653
0.014543 -0.992124 0.124410 35.725346 -0.082171 -0.125188 -0.988724 5.391709 0.996512 0.004157 -0.083343 -0.510658
0.012912 -0.992367 0.122635 36.119667 -0.078834 -0.123273 -0.989237 5.423028 0.996804 0.003106 -0.079823 -0.511422
0.010559 -0.992577 0.121162 36.518929 -0.079127 -0.121619 -0.989418 5.469724 0.996808 0.000860 -0.079823 -0.517423
0.008219 -0.992756 0.119870 36.918575 -0.078545 -0.120144 -0.989645 5.511940 0.996877 -0.001282 -0.078963 -0.524633
0.008015 -0.992772 0.119749 37.317265 -0.081940 -0.120002 -0.989386 5.555893 0.996605 -0.001882 -0.082309 -0.524115
0.009306 -0.992783 0.119562 37.715961 -0.084123 -0.119921 -0.989213 5.594939 0.996412 -0.000852 -0.084632 -0.522823
0.013485 -0.992777 0.119213 38.111809 -0.084931 -0.119930 -0.989143 5.631101 0.996295 0.003214 -0.085934 -0.520206
0.019830 -0.992774 0.118347 38.506374 -0.085317 -0.119619 -0.989147 5.664111 0.996156 0.009518 -0.087072 -0.516612
0.025418 -0.992690 0.117991 38.899918 -0.083919 -0.119731 -0.989253 5.692254 0.996149 0.015243 -0.086348 -0.514793
0.027014 -0.992641 0.118044 39.291996 -0.082517 -0.119899 -0.989351 5.735463 0.996223 0.016985 -0.085149 -0.509613
0.029627 -0.992618 0.117609 39.684872 -0.080671 -0.119652 -0.989533 5.777109 0.996300 0.019830 -0.083619 -0.501897
0.031187 -0.992586 0.117471 40.079140 -0.082923 -0.119692 -0.989342 5.815728 0.996067 0.021113 -0.086041 -0.498218
0.031658 -0.992754 0.115921 40.466915 -0.086224 -0.118261 -0.989232 5.864505 0.995773 0.021322 -0.089343 -0.494391
0.031332 -0.992898 0.114775 40.854259 -0.089379 -0.117156 -0.989083 5.909935 0.995504 0.020731 -0.092414 -0.492771
0.029005 -0.993071 0.113877 41.242477 -0.092859 -0.116108 -0.988887 5.951549 0.995257 0.018109 -0.095583 -0.493163
0.028753 -0.993407 0.110978 41.634705 -0.094232 -0.113224 -0.989091 5.994462 0.995135 0.017981 -0.096866 -0.495711
0.029368 -0.993690 0.108252 42.025066 -0.093816 -0.110562 -0.989431 6.032974 0.995156 0.018902 -0.096471 -0.497004
0.030224 -0.993936 0.105726 42.413963 -0.092066 -0.108093 -0.989869 6.066259 0.995294 0.020185 -0.094775 -0.499897
0.028375 -0.994373 0.102067 42.795364 -0.092427 -0.104281 -0.990243 6.112206 0.995315 0.018664 -0.094866 -0.504754
0.027057 -0.994508 0.101102 43.188244 -0.095569 -0.103250 -0.990054 6.131411 0.995055 0.017125 -0.097838 -0.512695
0.026251 -0.994814 0.098269 43.580929 -0.097452 -0.100381 -0.990165 6.146392 0.994894 0.016416 -0.099582 -0.521161
0.025995 -0.995114 0.095250 43.971645 -0.097872 -0.097357 -0.990426 6.157039 0.994859 0.016425 -0.099925 -0.530276
0.025691 -0.995377 0.092547 44.361500 -0.097424 -0.094630 -0.990734 6.162602 0.994911 0.016437 -0.099405 -0.540367
0.029617 -0.994478 0.100682 44.730354 -0.098063 -0.103132 -0.989822 6.062027 0.994739 0.019443 -0.100576 -0.500956
0.028973 -0.995008 0.095495 45.114521 -0.098050 -0.097904 -0.990354 6.120182 0.994760 0.019330 -0.100397 -0.496744
0.027969 -0.995310 0.092603 45.496559 -0.098312 -0.094928 -0.990617 6.188037 0.994762 0.018603 -0.100506 -0.494978
0.026808 -0.995561 0.090224 45.876934 -0.098014 -0.092439 -0.990883 6.251032 0.994824 0.017721 -0.100058 -0.493424
0.025485 -0.995742 0.088587 46.255299 -0.097565 -0.090670 -0.991090 6.309554 0.994903 0.016615 -0.099460 -0.492636
0.022961 -0.995905 0.087445 46.620335 -0.097062 -0.089276 -0.991266 6.355327 0.995013 0.014273 -0.098714 -0.505054
0.021334 -0.995960 0.087232 46.977238 -0.096943 -0.088901 -0.991312 6.393938 0.995062 0.012691 -0.098449 -0.520327
0.019924 -0.996012 0.086965 47.332809 -0.097838 -0.088507 -0.991259 6.429520 0.995003 0.011242 -0.099211 -0.534163
0.019651 -0.996042 0.086678 47.685692 -0.099302 -0.088210 -0.991139 6.461873 0.994864 0.010870 -0.100642 -0.546699
0.020246 -0.996057 0.086364 48.035942 -0.100429 -0.087970 -0.991048 6.490869 0.994738 0.011391 -0.101815 -0.558836
0.020853 -0.996073 0.086037 48.383942 -0.100669 -0.087710 -0.991047 6.516013 0.994702 0.012005 -0.102102 -0.571163
0.021186 -0.996050 0.086232 48.717789 -0.099283 -0.087921 -0.991168 6.546717 0.994833 0.012437 -0.100754 -0.567801
0.021429 -0.995986 0.086911 49.048504 -0.098145 -0.088607 -0.991220 6.574148 0.994941 0.012711 -0.099650 -0.564492
0.021512 -0.995915 0.087697 49.366280 -0.097459 -0.089388 -0.991217 6.601608 0.995007 0.012777 -0.098984 -0.561404
0.021155 -0.995837 0.088660 49.681999 -0.097220 -0.090308 -0.991158 6.625703 0.995038 0.012348 -0.098725 -0.558324
0.020646 -0.995754 0.089713 49.995296 -0.097666 -0.091312 -0.991021 6.646961 0.995005 0.011698 -0.099136 -0.555007
0.019622 -0.995673 0.090826 50.307449 -0.098297 -0.092325 -0.990865 6.665398 0.994964 0.010514 -0.099682 -0.552343
0.017822 -0.995551 0.092520 50.618031 -0.099122 -0.093838 -0.990641 6.680495 0.994915 0.008484 -0.100354 -0.550560
0.016255 -0.995357 0.094868 50.925751 -0.100013 -0.096024 -0.990341 6.692084 0.994853 0.006610 -0.101110 -0.548258
0.015657 -0.995135 0.097269 51.231140 -0.100676 -0.098356 -0.990046 6.700699 0.994796 0.005710 -0.101726 -0.545107
0.015622 -0.994933 0.099319 51.533962 -0.100387 -0.100389 -0.989871 6.705901 0.994826 0.005493 -0.101447 -0.542222
0.015579 -0.994734 0.101295 51.835159 -0.099519 -0.102347 -0.989758 6.707439 0.994914 0.005338 -0.100590 -0.539886
0.015432 -0.994554 0.103074 52.134113 -0.098755 -0.104099 -0.989652 6.705873 0.994992 0.005092 -0.099823 -0.537595
0.015475 -0.994410 0.104446 52.430969 -0.095319 -0.105451 -0.989846 6.708788 0.995326 0.005362 -0.096418 -0.541083
0.015930 -0.994264 0.105756 52.721565 -0.092103 -0.106778 -0.990008 6.708725 0.995622 0.006030 -0.093277 -0.544533
0.017121 -0.994099 0.107118 53.008167 -0.089189 -0.108225 -0.990118 6.707056 0.995867 0.007399 -0.090515 -0.547156
0.019803 -0.993820 0.109221 53.276638 -0.088206 -0.110553 -0.989948 6.723284 0.995906 0.009971 -0.089850 -0.539403
0.021844 -0.993581 0.110997 53.537243 -0.086749 -0.112488 -0.989859 6.750531 0.995990 0.011994 -0.088648 -0.530516
0.023539 -0.993248 0.113594 53.796261 -0.085599 -0.115211 -0.989646 6.773591 0.996051 0.013572 -0.087733 -0.522895
0.024655 -0.992843 0.116859 54.054523 -0.084143 -0.118540 -0.989378 6.793438 0.996149 0.014561 -0.086463 -0.517789
0.025559 -0.992363 0.120675 54.311146 -0.081634 -0.122382 -0.989120 6.810469 0.996335 0.015430 -0.084139 -0.515259
0.026543 -0.991822 0.124835 54.566792 -0.078469 -0.126561 -0.988850 6.826555 0.996563 0.016451 -0.081187 -0.514660
0.027750 -0.991248 0.129059 54.821239 -0.075237 -0.130814 -0.988548 6.840873 0.996779 0.017722 -0.078208 -0.514384
0.029198 -0.990676 0.133071 55.075386 -0.072574 -0.134877 -0.988200 6.854578 0.996935 0.019196 -0.075836 -0.513851
0.029629 -0.990151 0.136837 55.328060 -0.071624 -0.138649 -0.987748 6.893101 0.996992 0.019464 -0.075027 -0.519694
0.029991 -0.989600 0.140685 55.579262 -0.070060 -0.142484 -0.987314 6.941483 0.997092 0.019754 -0.073605 -0.530874
0.029709 -0.989030 0.144700 55.830528 -0.068228 -0.146433 -0.986865 6.987440 0.997227 0.019446 -0.071830 -0.545039
0.029129 -0.988493 0.148433 56.081615 -0.066091 -0.150076 -0.986463 7.030449 0.997389 0.018925 -0.069703 -0.560005
0.028692 -0.987992 0.151817 56.333111 -0.063398 -0.153372 -0.986132 7.072083 0.997576 0.018669 -0.067037 -0.574953
0.028747 -0.987546 0.154683 56.584686 -0.060944 -0.156190 -0.985845 7.111063 0.997727 0.018913 -0.064675 -0.587721
0.029116 -0.987181 0.156926 56.836243 -0.058815 -0.158413 -0.985620 7.149765 0.997844 0.019467 -0.062673 -0.599097
0.029561 -0.986954 0.158262 57.088882 -0.056832 -0.159735 -0.985523 7.187047 0.997946 0.020138 -0.060813 -0.609504
0.029927 -0.986839 0.158916 57.342316 -0.054805 -0.160368 -0.985535 7.224516 0.998048 0.020785 -0.058884 -0.619965
0.030079 -0.986822 0.158988 57.596634 -0.053312 -0.160417 -0.985609 7.261658 0.998124 0.021169 -0.057434 -0.629817
0.030193 -0.986817 0.159002 57.851231 -0.052529 -0.160421 -0.985650 7.299343 0.998163 0.021407 -0.056680 -0.638772
0.030789 -0.986705 0.159575 58.104370 -0.052033 -0.161016 -0.985579 7.336698 0.998170 0.022042 -0.056298 -0.645585
0.031576 -0.986485 0.160782 58.356953 -0.051655 -0.162259 -0.985395 7.374449 0.998165 0.022810 -0.056080 -0.651001
0.032060 -0.986164 0.162646 58.608120 -0.050601 -0.164122 -0.985142 7.411713 0.998204 0.023354 -0.055163 -0.655805
0.032012 -0.985782 0.164954 58.858498 -0.049351 -0.166396 -0.984823 7.449421 0.998269 0.023385 -0.053976 -0.661046
0.031718 -0.985382 0.167384 59.108871 -0.047830 -0.168773 -0.984494 7.487772 0.998352 0.023220 -0.052484 -0.666376
0.031563 -0.984995 0.169669 59.358704 -0.046531 -0.171018 -0.984168 7.526755 0.998418 0.023167 -0.051231 -0.671672
0.031326 -0.984580 0.172110 59.607082 -0.045381 -0.173418 -0.983802 7.566143 0.998478 0.023007 -0.050113 -0.676691
0.031291 -0.984183 0.174367 59.855274 -0.044194 -0.175644 -0.983461 7.606655 0.998533 0.023068 -0.048992 -0.682070
0.031373 -0.983827 0.176356 60.102455 -0.043449 -0.177618 -0.983139 7.648238 0.998562 0.023182 -0.048319 -0.687105
0.031117 -0.983524 0.178076 60.350101 -0.044012 -0.179337 -0.982803 7.683999 0.998546 0.022744 -0.048868 -0.692608
0.030502 -0.983321 0.179306 60.598690 -0.044976 -0.180558 -0.982536 7.720359 0.998522 0.021905 -0.049733 -0.697966
0.029893 -0.983166 0.180248 60.847694 -0.045691 -0.181484 -0.982331 7.756667 0.998509 0.021129 -0.050347 -0.703296
0.029449 -0.983025 0.181088 61.096252 -0.045901 -0.182305 -0.982170 7.792384 0.998512 0.020613 -0.050491 -0.708670
0.029271 -0.982973 0.181400 61.345249 -0.045630 -0.182603 -0.982127 7.828018 0.998529 0.020470 -0.050198 -0.713865
0.029629 -0.983063 0.180856 61.594204 -0.045417 -0.182072 -0.982235 7.863660 0.998529 0.020888 -0.050042 -0.718450
0.030110 -0.983255 0.179731 61.843845 -0.045561 -0.180975 -0.982432 7.899307 0.998508 0.021392 -0.050247 -0.722537
0.030600 -0.983511 0.178240 62.093658 -0.045434 -0.179508 -0.982707 7.934616 0.998499 0.021972 -0.050178 -0.727008
0.030837 -0.983862 0.176252 62.344513 -0.044824 -0.177520 -0.983096 7.969646 0.998518 0.022415 -0.049575 -0.732402
0.029919 -0.984296 0.173968 62.596794 -0.044296 -0.175181 -0.983539 8.004122 0.998570 0.021721 -0.048842 -0.738944
0.028332 -0.984868 0.170973 62.848595 -0.043776 -0.172101 -0.984106 8.047451 0.998640 0.020398 -0.047989 -0.744113
0.027090 -0.985563 0.167131 63.100502 -0.043781 -0.168203 -0.984780 8.090794 0.998674 0.019361 -0.047705 -0.748002
0.025985 -0.986305 0.162872 63.352638 -0.043537 -0.163889 -0.985517 8.133383 0.998714 0.018517 -0.047200 -0.751144
0.024627 -0.987026 0.158658 63.604225 -0.043230 -0.159609 -0.986233 8.174990 0.998761 0.017429 -0.046600 -0.753919
0.023119 -0.987695 0.154674 63.856052 -0.042629 -0.155548 -0.986908 8.215365 0.998824 0.016223 -0.045701 -0.756985
0.021720 -0.988298 0.150974 64.107819 -0.042248 -0.151782 -0.987511 8.255059 0.998871 0.015071 -0.045050 -0.760204
0.020202 -0.988803 0.147854 64.360252 -0.042723 -0.148602 -0.987974 8.294118 0.998882 0.013642 -0.045247 -0.763546
0.018712 -0.989177 0.145527 64.612534 -0.043848 -0.146224 -0.988279 8.332435 0.998863 0.012112 -0.046109 -0.766147
0.017060 -0.989414 0.144112 64.864594 -0.044692 -0.144744 -0.988460 8.370215 0.998855 0.010423 -0.046688 -0.769220
0.015695 -0.989490 0.143742 65.117393 -0.044647 -0.144310 -0.988525 8.402236 0.998880 0.009097 -0.046442 -0.773304
0.014654 -0.989425 0.144301 65.367607 -0.043982 -0.144815 -0.988481 8.437830 0.998925 0.008138 -0.045640 -0.776175
0.013669 -0.989263 0.145511 65.617188 -0.043233 -0.145973 -0.988343 8.472858 0.998972 0.007219 -0.044764 -0.778139
0.013597 -0.989003 0.147267 65.865417 -0.042714 -0.147720 -0.988107 8.508109 0.998995 0.007145 -0.044253 -0.778866
0.015054 -0.988613 0.149729 66.112991 -0.043406 -0.150251 -0.987695 8.543617 0.998944 0.008370 -0.045174 -0.776983
0.016367 -0.988039 0.153331 66.358757 -0.045237 -0.153927 -0.987046 8.579031 0.998842 0.009219 -0.047216 -0.772871
0.016180 -0.987281 0.158157 66.603767 -0.046467 -0.158750 -0.986225 8.614416 0.998788 0.008607 -0.048444 -0.769799
0.015503 -0.986447 0.163346 66.847977 -0.045193 -0.163890 -0.985443 8.650340 0.998858 0.007895 -0.047121 -0.769579
0.014600 -0.985606 0.168431 67.091728 -0.042752 -0.168910 -0.984704 8.687568 0.998979 0.007177 -0.044603 -0.770898
0.013739 -0.984784 0.173240 67.334656 -0.040773 -0.173664 -0.983961 8.725348 0.999074 0.006455 -0.042539 -0.771856
0.012700 -0.984036 0.177515 67.577774 -0.037955 -0.177875 -0.983321 8.763698 0.999198 0.005750 -0.039608 -0.773356
0.011544 -0.983443 0.180848 67.823479 -0.034329 -0.181143 -0.982857 8.801163 0.999344 0.005138 -0.035853 -0.776251
0.012405 -0.983090 0.182705 68.063835 -0.032810 -0.183020 -0.982561 8.844815 0.999385 0.006193 -0.034525 -0.775840
0.013139 -0.982820 0.184099 68.305115 -0.033222 -0.184443 -0.982282 8.888680 0.999361 0.006790 -0.035075 -0.773876
0.013412 -0.982702 0.184709 68.548157 -0.035674 -0.185079 -0.982076 8.934397 0.999273 0.006582 -0.037540 -0.771807
0.013374 -0.982749 0.184456 68.792786 -0.039564 -0.184848 -0.981971 8.981873 0.999128 0.005835 -0.041353 -0.769697
0.013897 -0.982805 0.184121 69.037041 -0.040651 -0.184542 -0.981984 9.027567 0.999077 0.006162 -0.042516 -0.767321
0.015611 -0.982950 0.183213 69.280830 -0.039044 -0.183695 -0.982208 9.072267 0.999115 0.008181 -0.041246 -0.765311
0.016186 -0.983090 0.182405 69.525513 -0.036888 -0.182892 -0.982441 9.115733 0.999188 0.009173 -0.039224 -0.764377
0.015824 -0.983227 0.181700 69.771095 -0.037023 -0.182174 -0.982568 9.159635 0.999189 0.008821 -0.039286 -0.762285
0.015873 -0.983391 0.180803 70.017448 -0.038526 -0.181292 -0.982674 9.205153 0.999131 0.008632 -0.040764 -0.759591
0.016666 -0.983623 0.179468 70.263771 -0.037930 -0.179985 -0.982938 9.250296 0.999141 0.009575 -0.040309 -0.758103
0.017589 -0.983753 0.178663 70.510590 -0.034754 -0.179185 -0.983201 9.292654 0.999241 0.011084 -0.037341 -0.759181
0.018076 -0.983829 0.178195 70.758858 -0.032194 -0.178704 -0.983376 9.334610 0.999318 0.012039 -0.034903 -0.760549
0.019017 -0.983896 0.177728 71.006935 -0.031367 -0.178260 -0.983484 9.377262 0.999327 0.013128 -0.034251 -0.759635
0.018367 -0.984028 0.177063 71.257721 -0.029989 -0.177555 -0.983654 9.420527 0.999382 0.012756 -0.032771 -0.760638
0.016809 -0.984126 0.176675 71.509323 -0.027961 -0.177093 -0.983797 9.463055 0.999468 0.011597 -0.030494 -0.762617
0.014528 -0.984256 0.176148 71.762550 -0.027065 -0.176489 -0.983931 9.506381 0.999528 0.009527 -0.029203 -0.764370
0.011385 -0.984405 0.175547 72.016907 -0.027840 -0.175802 -0.984031 9.550241 0.999548 0.006316 -0.029407 -0.764502
0.011135 -0.984416 0.175506 72.269157 -0.030202 -0.175767 -0.983969 9.593949 0.999482 0.005656 -0.031689 -0.759858
0.012118 -0.984439 0.175311 72.519890 -0.034141 -0.175629 -0.983864 9.639181 0.999344 0.005937 -0.035739 -0.753892
0.010944 -0.984574 0.174623 72.773582 -0.038679 -0.174919 -0.983822 9.685591 0.999192 0.004012 -0.039996 -0.750368
0.010129 -0.984665 0.174163 73.027702 -0.042516 -0.174437 -0.983750 9.731365 0.999045 0.002560 -0.043630 -0.747880
0.009425 -0.984704 0.173977 73.299942 -0.043064 -0.174224 -0.983764 9.780335 0.999028 0.001780 -0.044048 -0.764937
0.007732 -0.984684 0.174173 73.576752 -0.038464 -0.174342 -0.983934 9.813161 0.999230 0.000909 -0.039223 -0.783527
0.007526 -0.984812 0.173462 73.853142 -0.032935 -0.173617 -0.984263 9.847064 0.999429 0.001695 -0.033741 -0.800500
0.007992 -0.984358 0.175996 74.128059 -0.028388 -0.176154 -0.983953 9.861219 0.999565 0.002868 -0.029351 -0.794167
0.012315 -0.983814 0.178769 74.407219 -0.030618 -0.179069 -0.983359 9.871426 0.999455 0.006636 -0.032328 -0.776277
0.027068 -0.981672 0.188646 74.754204 -0.034868 -0.189528 -0.981256 9.839066 0.999025 0.019983 -0.039360 -0.696713
0.036304 -0.978378 0.203613 75.121582 -0.037349 -0.204932 -0.978063 9.756912 0.998643 0.027903 -0.043981 -0.672545
0.040619 -0.978060 0.204329 75.504326 -0.036058 -0.205799 -0.977930 9.678047 0.998524 0.032355 -0.043627 -0.652248
0.045685 -0.977981 0.203633 75.878723 -0.033388 -0.205227 -0.978145 9.614103 0.998398 0.037889 -0.042029 -0.634079
0.046956 -0.978271 0.201943 76.158661 -0.035773 -0.203683 -0.978383 9.650614 0.998257 0.038718 -0.044560 -0.643499
0.047329 -0.978615 0.200185 76.420815 -0.038615 -0.202052 -0.978613 9.721366 0.998132 0.038587 -0.047352 -0.669541
0.050057 -0.979404 0.195611 76.715317 -0.039319 -0.197637 -0.979486 9.744191 0.997972 0.041339 -0.048402 -0.692457
0.043683 -0.978343 0.202327 77.015739 -0.036867 -0.203961 -0.978284 9.635658 0.998365 0.035276 -0.044978 -0.810168
0.041124 -0.978447 0.202364 77.305046 -0.033543 -0.203773 -0.978444 9.560121 0.998591 0.033450 -0.041200 -0.916609
0.044706 -0.979572 0.196063 77.590065 -0.031143 -0.197530 -0.979802 9.498285 0.998515 0.037697 -0.039338 -1.006133
0.044798 -0.979915 0.194319 77.831764 -0.032519 -0.195841 -0.980096 9.541232 0.998467 0.037586 -0.040640 -1.016464
0.045603 -0.980795 0.189640 78.070190 -0.034104 -0.191255 -0.980948 9.594772 0.998377 0.038267 -0.042171 -1.025266
0.043887 -0.981719 0.185207 78.307678 -0.033907 -0.186743 -0.981824 9.659319 0.998461 0.036810 -0.041483 -1.035673
0.042617 -0.982264 0.182600 78.545113 -0.033586 -0.184071 -0.982339 9.728025 0.998526 0.035732 -0.040836 -1.032949
0.040714 -0.982579 0.181330 78.787605 -0.033594 -0.182724 -0.982591 9.777505 0.998606 0.033914 -0.040448 -1.043725
0.038698 -0.983017 0.179387 79.031212 -0.034945 -0.180743 -0.982910 9.823291 0.998640 0.031767 -0.041346 -1.052144
0.035168 -0.983305 0.178539 79.274696 -0.035051 -0.179752 -0.983087 9.872276 0.998767 0.028315 -0.040788 -1.061229
0.030544 -0.983455 0.178558 79.517044 -0.033994 -0.179559 -0.983159 9.923867 0.998955 0.023960 -0.038916 -1.070851
0.026460 -0.983743 0.177620 79.759842 -0.033253 -0.178450 -0.983386 9.969861 0.999097 0.020113 -0.037435 -1.084976
0.023394 -0.983560 0.179061 80.004196 -0.036494 -0.179832 -0.983021 10.027254 0.999060 0.016462 -0.040101 -1.092800
0.020321 -0.983198 0.181405 80.250740 -0.039647 -0.182093 -0.982481 10.089518 0.999007 0.012773 -0.042682 -1.103835
0.018151 -0.982709 0.184264 80.492165 -0.039506 -0.184857 -0.981971 10.148550 0.999054 0.010544 -0.042178 -1.111763
0.015339 -0.982025 0.188131 80.732628 -0.040394 -0.188608 -0.981221 10.199752 0.999066 0.007452 -0.042562 -1.121855
0.013245 -0.981396 0.191538 80.969505 -0.042865 -0.191937 -0.980471 10.243666 0.998993 0.004776 -0.044610 -1.126698
0.010895 -0.980871 0.194355 81.206230 -0.044720 -0.194650 -0.979853 10.287979 0.998940 0.001985 -0.045985 -1.131878
0.018600 -0.980217 0.197052 81.365135 -0.055959 -0.197798 -0.978645 10.281447 0.998260 0.007176 -0.058532 -1.104313
0.020705 -0.980241 0.196722 81.593201 -0.055366 -0.197586 -0.978721 10.333478 0.998252 0.009373 -0.058363 -1.097362
0.020520 -0.980831 0.193778 81.816681 -0.051614 -0.194599 -0.979524 10.390238 0.998457 0.010099 -0.054617 -1.107181
0.022555 -0.981159 0.191880 82.030823 -0.049035 -0.192784 -0.980015 10.445453 0.998542 0.012695 -0.052459 -1.114880
0.024578 -0.981265 0.191091 82.220337 -0.049832 -0.192114 -0.980107 10.476561 0.998455 0.014567 -0.053620 -1.106143
0.026336 -0.981615 0.189044 82.400513 -0.052106 -0.190200 -0.980362 10.506261 0.998294 0.015968 -0.056157 -1.096165
0.028042 -0.982123 0.186137 82.572586 -0.054245 -0.187431 -0.980779 10.533987 0.998134 0.017406 -0.058531 -1.085474
0.029154 -0.982467 0.184145 82.738708 -0.054854 -0.185518 -0.981109 10.558416 0.998069 0.018502 -0.059300 -1.076870
0.029368 -0.982855 0.182024 82.899704 -0.054316 -0.183403 -0.981536 10.579322 0.998092 0.018938 -0.058770 -1.070471
0.029548 -0.983390 0.179082 83.056725 -0.053835 -0.180467 -0.982106 10.598750 0.998112 0.019378 -0.058273 -1.064606
0.029963 -0.983811 0.176684 83.204544 -0.053870 -0.178096 -0.982538 10.611397 0.998098 0.019921 -0.058334 -1.057776
0.030259 -0.984131 0.174843 83.347694 -0.054283 -0.176283 -0.982842 10.623028 0.998067 0.020248 -0.058756 -1.050846
0.030325 -0.984463 0.172955 83.481010 -0.053960 -0.174395 -0.983196 10.635469 0.998082 0.020483 -0.058410 -1.045916
0.028679 -0.984811 0.171241 83.566582 -0.052034 -0.172550 -0.983625 10.650589 0.998233 0.019299 -0.056192 -1.049474
0.028518 -0.985178 0.169152 83.651642 -0.051808 -0.170451 -0.984003 10.663608 0.998250 0.019298 -0.055902 -1.049730
0.028241 -0.985571 0.166892 83.732521 -0.051875 -0.168178 -0.984391 10.674973 0.998254 0.019143 -0.055876 -1.050249
0.028675 -0.985941 0.164613 83.801910 -0.051382 -0.165917 -0.984800 10.686314 0.998267 0.019781 -0.055417 -1.046340
0.029402 -0.986277 0.162461 83.862709 -0.051794 -0.163815 -0.985131 10.695869 0.998225 0.020551 -0.055900 -1.042563
0.029247 -0.986737 0.159667 83.926369 -0.050920 -0.160999 -0.985641 10.712220 0.998275 0.020698 -0.054953 -1.042119
0.028775 -0.987288 0.156320 83.991409 -0.050077 -0.157612 -0.986230 10.736914 0.998331 0.020551 -0.053975 -1.043383
0.028517 -0.987666 0.153956 84.058647 -0.047734 -0.155189 -0.986731 10.751080 0.998453 0.020789 -0.051570 -1.039120
0.028513 -0.988029 0.151609 84.132866 -0.048392 -0.152857 -0.987063 10.767537 0.998421 0.020808 -0.052171 -1.043447
0.028443 -0.988416 0.149079 84.207916 -0.048600 -0.150330 -0.987440 10.784064 0.998413 0.020841 -0.052313 -1.054547
0.028691 -0.988840 0.146193 84.269249 -0.048277 -0.147454 -0.987890 10.798302 0.998422 0.021285 -0.051968 -1.053445
0.028314 -0.989203 0.143791 84.326027 -0.048018 -0.145029 -0.988262 10.811390 0.998445 0.021077 -0.051607 -1.049325
0.028826 -0.989660 0.140508 84.394188 -0.047390 -0.141761 -0.988766 10.831387 0.998460 0.021843 -0.050986 -1.048654
0.029280 -0.990075 0.137457 84.462692 -0.046429 -0.138715 -0.989243 10.851345 0.998492 0.022584 -0.050030 -1.047716
0.029277 -0.990391 0.135160 84.532547 -0.046349 -0.136417 -0.989567 10.869436 0.998496 0.022706 -0.049897 -1.045343
0.029531 -0.990737 0.132543 84.606239 -0.046478 -0.133818 -0.989916 10.889793 0.998483 0.023073 -0.049999 -1.038921
0.029836 -0.991069 0.129969 84.679108 -0.046524 -0.131263 -0.990256 10.909629 0.998471 0.023499 -0.050025 -1.032584
0.029702 -0.991363 0.127741 84.748329 -0.046162 -0.129021 -0.990567 10.923675 0.998492 0.023525 -0.049596 -1.031509
0.029442 -0.991662 0.125455 84.816299 -0.045916 -0.126719 -0.990875 10.935965 0.998511 0.023414 -0.049264 -1.031242
0.029317 -0.991953 0.123166 84.884766 -0.045843 -0.124424 -0.991170 10.946873 0.998518 0.023412 -0.049122 -1.031285
0.029506 -0.992251 0.120697 84.957039 -0.046012 -0.121970 -0.991467 10.962633 0.998505 0.023700 -0.049254 -1.026026
0.029665 -0.992518 0.118435 85.026321 -0.046224 -0.119723 -0.991731 10.971745 0.998491 0.023945 -0.049430 -1.025769
0.029927 -0.992765 0.116280 85.091713 -0.046420 -0.117587 -0.991977 10.976142 0.998474 0.024289 -0.049603 -1.026777
0.030180 -0.992989 0.114291 85.155121 -0.046537 -0.115616 -0.992204 10.978200 0.998460 0.024626 -0.049700 -1.028412
0.029877 -0.993249 0.112084 85.214607 -0.046572 -0.113396 -0.992457 10.976825 0.998468 0.024432 -0.049646 -1.035557
0.029560 -0.993478 0.110127 85.273788 -0.046535 -0.111423 -0.992683 10.974856 0.998480 0.024220 -0.049524 -1.043864
0.029013 -0.993729 0.107986 85.338989 -0.046286 -0.109252 -0.992936 10.976118 0.998507 0.023810 -0.049166 -1.050270
0.028635 -0.993991 0.105648 85.409660 -0.046228 -0.106896 -0.993195 10.986011 0.998521 0.023556 -0.049011 -1.051454
0.028557 -0.994313 0.102595 85.479485 -0.046787 -0.103854 -0.993492 10.993137 0.998496 0.023571 -0.049487 -1.052158
0.028533 -0.994586 0.099927 85.550995 -0.046829 -0.101188 -0.993764 10.999352 0.998495 0.023675 -0.049463 -1.053207
0.028541 -0.994866 0.097097 85.624786 -0.047017 -0.098365 -0.994039 11.005685 0.998487 0.023806 -0.049583 -1.054217
0.028408 -0.995157 0.094109 85.700943 -0.047202 -0.095377 -0.994321 11.012000 0.998481 0.023804 -0.049683 -1.055412
0.029000 -0.995451 0.090757 85.803619 -0.047746 -0.092071 -0.994608 11.019731 0.998438 0.024511 -0.050198 -1.051555
0.028784 -0.995751 0.087474 85.909119 -0.048027 -0.088787 -0.994892 11.027035 0.998431 0.024437 -0.050378 -1.048180
0.028586 -0.996056 0.084000 86.016647 -0.048272 -0.085312 -0.995184 11.034185 0.998426 0.024392 -0.050520 -1.044772
0.028251 -0.996347 0.080594 86.124695 -0.048363 -0.081894 -0.995466 11.040936 0.998431 0.024225 -0.050500 -1.042336
0.028086 -0.996638 0.076967 86.236427 -0.048763 -0.078272 -0.995739 11.047477 0.998415 0.024213 -0.050797 -1.038910
0.027905 -0.996913 0.073383 86.347145 -0.049041 -0.074689 -0.996000 11.054388 0.998407 0.024195 -0.050974 -1.037702
0.027567 -0.997192 0.069617 86.460670 -0.049378 -0.070917 -0.996260 11.061088 0.998400 0.024026 -0.051193 -1.037168
0.028748 -0.997463 0.065125 86.578880 -0.050010 -0.066505 -0.996532 11.072219 0.998334 0.025392 -0.051795 -1.026117
0.028025 -0.997733 0.061192 86.697716 -0.050590 -0.062553 -0.996759 11.082661 0.998326 0.024839 -0.052228 -1.019981
0.027299 -0.997994 0.057116 86.825142 -0.051334 -0.058462 -0.996969 11.092884 0.998308 0.024283 -0.052827 -1.011031
0.026494 -0.998231 0.053229 86.956116 -0.051956 -0.054551 -0.997158 11.102691 0.998298 0.023653 -0.053309 -1.002255
0.025381 -0.998439 0.049746 87.088791 -0.052668 -0.051029 -0.997307 11.110832 0.998289 0.022692 -0.053881 -0.999399
0.024399 -0.998616 0.046589 87.228958 -0.053622 -0.047844 -0.997414 11.119436 0.998263 0.021838 -0.054715 -0.991104
0.023662 -0.998747 0.044075 87.371475 -0.054200 -0.045304 -0.997501 11.127537 0.998250 0.021214 -0.055204 -0.982839
0.023372 -0.998834 0.042228 87.517982 -0.054082 -0.043441 -0.997591 11.132977 0.998262 0.021032 -0.055035 -0.981097
0.023222 -0.998897 0.040801 87.669891 -0.053750 -0.042001 -0.997671 11.137696 0.998285 0.020975 -0.054666 -0.979900
0.022894 -0.998950 0.039667 87.823082 -0.053462 -0.040844 -0.997734 11.143538 0.998308 0.020721 -0.054341 -0.973457
0.022282 -0.998998 0.038799 87.983353 -0.053747 -0.039949 -0.997755 11.147938 0.998306 0.020147 -0.054582 -0.972690
0.021842 -0.999037 0.038069 88.150009 -0.054746 -0.039216 -0.997730 11.151941 0.998261 0.019708 -0.055549 -0.971993
0.021399 -0.999065 0.037560 88.321404 -0.055059 -0.038689 -0.997734 11.155770 0.998254 0.019283 -0.055835 -0.971065
0.020994 -0.999076 0.037518 88.498932 -0.054449 -0.038612 -0.997770 11.159027 0.998295 0.018905 -0.055210 -0.971482
0.020825 -0.999065 0.037879 88.681206 -0.054028 -0.038956 -0.997779 11.162392 0.998323 0.018733 -0.054789 -0.971365
0.020589 -0.999046 0.038501 88.868607 -0.053984 -0.039564 -0.997758 11.165873 0.998329 0.018465 -0.054748 -0.970813
0.020462 -0.999018 0.039319 89.061401 -0.053982 -0.040374 -0.997725 11.169672 0.998332 0.018293 -0.054755 -0.970215
0.020821 -0.998968 0.040357 89.258301 -0.053951 -0.041430 -0.997683 11.173741 0.998326 0.018596 -0.054758 -0.968777
0.022343 -0.998872 0.041914 89.461258 -0.053371 -0.043057 -0.997646 11.176689 0.998325 0.020054 -0.054272 -0.958109
0.022361 -0.998812 0.043301 89.673637 -0.054578 -0.044467 -0.997519 11.181219 0.998259 0.019942 -0.055507 -0.943947
0.022524 -0.998727 0.045145 89.888908 -0.056177 -0.046350 -0.997344 11.185983 0.998167 0.019928 -0.057149 -0.929694
0.023067 -0.998635 0.046864 90.106522 -0.057514 -0.048124 -0.997184 11.191742 0.998078 0.020307 -0.058546 -0.916441
0.023712 -0.998562 0.048076 90.327583 -0.057967 -0.049383 -0.997096 11.198065 0.998037 0.020857 -0.059054 -0.905397
0.023632 -0.998534 0.048685 90.553001 -0.057398 -0.049974 -0.997099 11.204773 0.998071 0.020769 -0.058496 -0.897122
0.022255 -0.998555 0.048920 90.783180 -0.056418 -0.050108 -0.997149 11.211427 0.998159 0.019432 -0.057452 -0.891233
0.023958 -0.998410 0.051026 91.029892 -0.056461 -0.052310 -0.997034 11.143364 0.998117 0.021006 -0.057624 -0.870809
0.025417 -0.998272 0.052974 91.276100 -0.057538 -0.054364 -0.996862 11.042612 0.998019 0.022289 -0.058820 -0.862652
0.022945 -0.998407 0.051543 91.526558 -0.055323 -0.052746 -0.997075 10.994421 0.998205 0.020026 -0.056444 -0.923515
0.022893 -0.998649 0.046649 91.776993 -0.055755 -0.047864 -0.997296 10.962008 0.998182 0.020231 -0.056776 -0.992982
0.022688 -0.998905 0.040919 92.028519 -0.055959 -0.042134 -0.997543 10.929156 0.998175 0.020343 -0.056853 -1.063244
0.023132 -0.999157 0.033916 92.284103 -0.056922 -0.035186 -0.997758 10.917207 0.998110 0.021149 -0.057688 -1.121236
0.023135 -0.999392 0.026081 92.538956 -0.058912 -0.027406 -0.997887 10.927553 0.997995 0.021550 -0.059509 -1.136977
0.023462 -0.999579 0.017105 92.803444 -0.061362 -0.018517 -0.997944 10.951982 0.997840 0.022364 -0.061770 -1.132548
0.023038 -0.999697 0.008652 93.067406 -0.063936 -0.010110 -0.997903 10.961956 0.997688 0.022437 -0.064149 -1.140423
0.023225 -0.999730 -0.000143 93.331711 -0.065265 -0.001373 -0.997867 10.973708 0.997597 0.023185 -0.065279 -1.152000
0.024214 -0.999674 -0.008063 93.594017 -0.065441 0.006463 -0.997835 10.985234 0.997563 0.024690 -0.065263 -1.159768
0.025582 -0.999563 -0.014811 93.853722 -0.066087 0.013093 -0.997728 10.991896 0.997485 0.026501 -0.065723 -1.163247
0.026713 -0.999441 -0.020082 94.111145 -0.068052 0.018224 -0.997515 10.995291 0.997324 0.028013 -0.067527 -1.163651
0.027529 -0.999334 -0.023959 94.366760 -0.071035 0.021952 -0.997232 10.996529 0.997094 0.029155 -0.070384 -1.163973
0.028020 -0.999264 -0.026180 94.620239 -0.072991 0.024075 -0.997042 10.996462 0.996939 0.029848 -0.072263 -1.165190
0.028225 -0.999241 -0.026856 94.871536 -0.073865 0.024709 -0.996962 10.993987 0.996869 0.030122 -0.073112 -1.166667
0.028464 -0.999282 -0.025002 95.119759 -0.073834 0.022842 -0.997009 10.990732 0.996864 0.030225 -0.073131 -1.168538
0.028511 -0.999366 -0.021323 95.366264 -0.074233 0.019157 -0.997057 10.985443 0.996833 0.030010 -0.073640 -1.172897
0.028063 -0.999481 -0.015773 95.609436 -0.074968 0.013630 -0.997093 10.980359 0.996791 0.029164 -0.074546 -1.174942
0.027194 -0.999599 -0.007953 95.850594 -0.074222 0.005915 -0.997225 10.972764 0.996871 0.027709 -0.074032 -1.179402
0.025552 -0.999673 0.001033 96.089241 -0.072567 -0.002885 -0.997360 10.966564 0.997037 0.025409 -0.072617 -1.183636
0.024163 -0.999648 0.010921 96.326935 -0.070987 -0.012611 -0.997397 10.961437 0.997184 0.023324 -0.071267 -1.188994
0.024045 -0.999468 0.022038 96.546532 -0.072533 -0.023730 -0.997084 10.965968 0.997076 0.022377 -0.073065 -1.182106
0.023785 -0.999123 0.034442 96.760376 -0.074501 -0.036127 -0.996566 10.970160 0.996937 0.021138 -0.075296 -1.173581
0.023141 -0.998603 0.047506 96.974800 -0.075987 -0.049138 -0.995897 10.974229 0.996840 0.019437 -0.077018 -1.166721
0.022544 -0.997866 0.061282 97.191643 -0.075238 -0.062816 -0.995185 10.981532 0.996910 0.017825 -0.076494 -1.167943
0.022677 -0.996875 0.075670 97.407059 -0.073697 -0.077150 -0.994291 10.989243 0.997023 0.016971 -0.075216 -1.169129
0.022244 -0.995605 0.090978 97.622574 -0.074001 -0.092390 -0.992970 10.997987 0.997010 0.015355 -0.075732 -1.170166
0.020956 -0.994042 0.106966 97.840073 -0.077064 -0.108277 -0.991129 11.010132 0.996806 0.012526 -0.078873 -1.170314
0.019051 -0.992218 0.123045 98.061531 -0.080047 -0.124186 -0.989025 11.024899 0.996609 0.008992 -0.081789 -1.170664
0.017046 -0.990120 0.139184 98.287270 -0.080348 -0.140110 -0.986870 11.040793 0.996621 0.005639 -0.081942 -1.171523
0.016441 -0.987721 0.155366 98.515312 -0.077187 -0.156177 -0.984708 11.056389 0.996881 0.004197 -0.078807 -1.172319
0.016656 -0.984948 0.172049 98.745781 -0.073695 -0.172814 -0.982194 11.073292 0.997142 0.003680 -0.075463 -1.172470
0.017111 -0.981851 0.188884 98.979004 -0.070642 -0.189627 -0.979311 11.092689 0.997355 0.003414 -0.072604 -1.172680
0.017637 -0.978826 0.203932 99.233650 -0.068726 -0.204668 -0.976415 11.139571 0.997480 0.003205 -0.070880 -1.172761
0.018145 -0.975649 0.218588 99.491943 -0.066687 -0.219318 -0.973372 11.189302 0.997609 0.003085 -0.069042 -1.172708
0.018369 -0.972671 0.231462 99.754784 -0.064687 -0.232172 -0.970521 11.242069 0.997736 0.002854 -0.067184 -1.172699
0.018687 -0.970135 0.241846 100.021835 -0.062094 -0.242548 -0.968150 11.297940 0.997895 0.003075 -0.064773 -1.172757
0.019172 -0.968220 0.249366 100.293282 -0.059865 -0.250077 -0.966373 11.357588 0.998023 0.003600 -0.062757 -1.172216
0.019452 -0.966924 0.254319 100.566940 -0.058067 -0.255030 -0.965188 11.418561 0.998123 0.004007 -0.061107 -1.171842
0.019985 -0.966098 0.257403 100.854370 -0.056851 -0.258136 -0.964435 11.489529 0.998182 0.004640 -0.060082 -1.168214
0.020668 -0.965477 0.259666 101.142548 -0.055737 -0.260430 -0.963882 11.558128 0.998231 0.005449 -0.059196 -1.166499
0.020245 -0.965113 0.261049 101.442451 -0.054869 -0.261781 -0.963566 11.633775 0.998289 0.005183 -0.058254 -1.163392
0.019327 -0.965260 0.260576 101.752220 -0.054366 -0.261253 -0.963738 11.713588 0.998333 0.004459 -0.057526 -1.160517
0.018899 -0.965747 0.258794 102.067871 -0.053409 -0.259446 -0.964280 11.794775 0.998394 0.004402 -0.056483 -1.157526
0.018431 -0.966566 0.255751 102.391479 -0.052127 -0.256376 -0.965171 11.878016 0.998471 0.004457 -0.055109 -1.154159
0.017297 -0.967662 0.251658 102.723404 -0.050797 -0.252220 -0.966335 11.963712 0.998559 0.003932 -0.053517 -1.150705
0.016469 -0.968656 0.247859 103.060333 -0.049506 -0.248378 -0.967397 12.049253 0.998638 0.003662 -0.052045 -1.147102
0.016119 -0.969572 0.244273 103.396172 -0.048769 -0.244777 -0.968353 12.130579 0.998680 0.003695 -0.051231 -1.145335
0.015509 -0.970562 0.240349 103.736115 -0.047758 -0.240823 -0.969394 12.212539 0.998738 0.003555 -0.050087 -1.144002
0.014640 -0.971518 0.236513 104.079971 -0.046744 -0.236944 -0.970398 12.294161 0.998800 0.003152 -0.048882 -1.141959
0.014456 -0.972452 0.232654 104.427345 -0.046498 -0.233080 -0.971345 12.376301 0.998814 0.003224 -0.048586 -1.139158
0.014578 -0.973474 0.228334 104.778313 -0.046207 -0.228770 -0.972383 12.458772 0.998826 0.003626 -0.048317 -1.135779
0.014782 -0.974431 0.224200 105.132301 -0.045140 -0.224646 -0.973394 12.540382 0.998871 0.004268 -0.047307 -1.131841
0.015542 -0.975287 0.220392 105.541588 -0.043118 -0.220867 -0.974351 12.629291 0.998949 0.005641 -0.045485 -1.128132
0.015273 -0.976079 0.216879 105.957970 -0.043856 -0.217349 -0.975108 12.718225 0.998921 0.005381 -0.046126 -1.128453
0.015988 -0.976803 0.213541 106.380135 -0.043341 -0.214046 -0.975862 12.807851 0.998933 0.006347 -0.045758 -1.128331
0.017149 -0.977578 0.209872 106.805801 -0.043560 -0.210435 -0.976637 12.897802 0.998903 0.007606 -0.046193 -1.127387
0.017412 -0.978288 0.206518 107.236023 -0.045715 -0.207112 -0.977249 12.988607 0.998803 0.007575 -0.048328 -1.126155
0.018527 -0.978990 0.203066 107.668358 -0.047610 -0.203734 -0.977868 13.079514 0.998694 0.008449 -0.050384 -1.123517
0.020366 -0.979677 0.199545 108.103943 -0.048522 -0.200320 -0.978528 13.169847 0.998614 0.010246 -0.051616 -1.121060
0.022481 -0.980282 0.196320 108.542534 -0.049079 -0.197215 -0.979131 13.259157 0.998541 0.012378 -0.052545 -1.118230
0.025065 -0.980762 0.193593 108.983009 -0.050529 -0.194649 -0.979571 13.347982 0.998407 0.014771 -0.054436 -1.115360
0.026508 -0.981244 0.190940 109.425026 -0.053033 -0.192119 -0.979937 13.437219 0.998241 0.015850 -0.057131 -1.112585
0.027417 -0.981704 0.188435 109.868690 -0.054891 -0.189700 -0.980307 13.525608 0.998116 0.016533 -0.059088 -1.110682
0.028386 -0.982079 0.186320 110.311600 -0.057238 -0.187686 -0.980560 13.613281 0.997957 0.017169 -0.061540 -1.109139
0.028466 -0.982293 0.185178 110.754494 -0.060113 -0.186599 -0.980595 13.700006 0.997786 0.016781 -0.064360 -1.107787
0.027571 -0.982372 0.184894 111.197784 -0.063789 -0.186316 -0.980416 13.786993 0.997582 0.015236 -0.067801 -1.107268
0.027327 -0.982348 0.185060 111.639458 -0.066147 -0.186500 -0.980226 13.872951 0.997435 0.014545 -0.070076 -1.106947
0.029079 -0.982246 0.185332 112.078072 -0.066956 -0.186908 -0.980093 13.957630 0.997332 0.016090 -0.071202 -1.105304
0.031474 -0.982106 0.185680 112.515900 -0.067522 -0.187437 -0.979953 14.041807 0.997221 0.018306 -0.072214 -1.103468
0.034102 -0.981936 0.186111 112.952148 -0.069556 -0.188099 -0.979684 14.126186 0.996995 0.020464 -0.074715 -1.100702
0.035569 -0.981778 0.186673 113.387566 -0.069502 -0.188769 -0.979559 14.209330 0.996948 0.021867 -0.074950 -1.099251
0.034778 -0.981744 0.187001 113.823853 -0.067703 -0.188999 -0.979641 14.292297 0.997099 0.021410 -0.073040 -1.101291
0.032017 -0.981618 0.188151 114.270622 -0.068042 -0.189952 -0.979432 14.373694 0.997169 0.018556 -0.072872 -1.108554
0.031102 -0.981651 0.188131 114.709473 -0.071293 -0.189920 -0.979208 14.467462 0.996971 0.017043 -0.075891 -1.110927
0.030212 -0.981515 0.188988 115.147591 -0.075037 -0.190768 -0.978763 14.560349 0.996723 0.015389 -0.079414 -1.113647
0.028048 -0.981498 0.189405 115.583870 -0.073174 -0.190986 -0.978861 14.646832 0.996925 0.013596 -0.077177 -1.117027
0.025576 -0.981505 0.189722 116.019196 -0.069805 -0.191075 -0.979090 14.735228 0.997233 0.011797 -0.073401 -1.118216
0.024000 -0.981537 0.189756 116.452065 -0.064702 -0.190938 -0.979467 14.820781 0.997616 0.011229 -0.068090 -1.119509
0.023331 -0.981506 0.190005 116.883858 -0.062591 -0.191118 -0.979569 14.906769 0.997767 0.010963 -0.065892 -1.118687
0.024322 -0.981559 0.189603 117.313400 -0.064152 -0.190800 -0.979530 14.994898 0.997644 0.011661 -0.067610 -1.114456
0.025228 -0.981832 0.188064 117.742378 -0.065928 -0.189349 -0.979694 15.083848 0.997506 0.012317 -0.069507 -1.110395
0.024941 -0.982382 0.185212 118.171829 -0.065104 -0.186472 -0.980301 15.171953 0.997567 0.012391 -0.068608 -1.108385
0.024837 -0.983092 0.181422 118.600243 -0.061407 -0.182635 -0.981261 15.257084 0.997804 0.013231 -0.064904 -1.107072
0.024966 -0.983921 0.176851 119.027664 -0.059325 -0.178052 -0.982231 15.341228 0.997926 0.014030 -0.062817 -1.104616
0.024923 -0.984927 0.171165 119.455460 -0.059209 -0.172372 -0.983251 15.425986 0.997934 0.014371 -0.062612 -1.101927
0.024067 -0.986030 0.164823 119.878548 -0.060383 -0.166003 -0.984275 15.507344 0.997885 0.013735 -0.063534 -1.098096
0.023064 -0.987134 0.158224 120.302773 -0.061975 -0.159374 -0.985271 15.588436 0.997811 0.012919 -0.064854 -1.095720
0.023167 -0.988156 0.151693 120.718811 -0.062740 -0.152873 -0.986253 15.662486 0.997761 0.013331 -0.065537 -1.090221
0.023938 -0.989123 0.145125 121.128845 -0.062437 -0.146363 -0.987258 15.732534 0.997762 0.014571 -0.065261 -1.084648
0.024797 -0.990022 0.138709 121.539703 -0.062028 -0.140009 -0.988205 15.803986 0.997766 0.015901 -0.064882 -1.080548
0.025788 -0.990870 0.132329 121.946999 -0.061846 -0.133700 -0.989090 15.873720 0.997753 0.017322 -0.064729 -1.076075
0.026234 -0.991683 0.126001 122.352081 -0.062168 -0.127418 -0.989899 15.942154 0.997721 0.018136 -0.064994 -1.072121
0.026724 -0.992409 0.120041 122.753265 -0.062795 -0.121514 -0.990602 16.008707 0.997669 0.018935 -0.065566 -1.067892
0.027278 -0.993056 0.114444 123.151070 -0.063668 -0.115980 -0.991209 16.073805 0.997598 0.019752 -0.066390 -1.063830
0.027262 -0.993662 0.109046 123.546349 -0.063845 -0.110595 -0.991813 16.137354 0.997588 0.020077 -0.066456 -1.061427
0.027177 -0.994212 0.103941 123.938652 -0.063582 -0.105488 -0.992385 16.199301 0.997606 0.020362 -0.066081 -1.059612
0.027270 -0.994663 0.099507 124.327148 -0.063388 -0.101064 -0.992858 16.259352 0.997616 0.020768 -0.065806 -1.057324
0.027010 -0.995049 0.095643 124.712074 -0.064018 -0.097203 -0.993204 16.318766 0.997583 0.020703 -0.066327 -1.054334
0.026896 -0.995352 0.092478 125.092461 -0.064401 -0.094045 -0.993482 16.376690 0.997562 0.020764 -0.066631 -1.051197
0.027156 -0.995575 0.089955 125.469002 -0.064325 -0.091542 -0.993722 16.433468 0.997559 0.021199 -0.066526 -1.048239
0.027383 -0.995735 0.088101 125.841713 -0.064086 -0.089702 -0.993904 16.489227 0.997568 0.021569 -0.066269 -1.045548
0.027268 -0.995839 0.086956 126.210472 -0.064143 -0.088552 -0.994004 16.544048 0.997568 0.021527 -0.066291 -1.042932
0.026511 -0.995889 0.086608 126.576431 -0.063770 -0.088147 -0.994064 16.598116 0.997613 0.020830 -0.065845 -1.041421
0.025710 -0.995890 0.086846 126.932335 -0.063007 -0.088316 -0.994097 16.646467 0.997682 0.020087 -0.065018 -1.040083
0.024784 -0.995826 0.087843 127.281197 -0.062370 -0.089239 -0.994056 16.693380 0.997746 0.019158 -0.064322 -1.038906
0.023842 -0.995711 0.089395 127.622215 -0.062644 -0.090732 -0.993903 16.738813 0.997752 0.018096 -0.064538 -1.036179
0.023039 -0.995548 0.091401 127.957748 -0.063231 -0.092693 -0.993685 16.783911 0.997733 0.017115 -0.065084 -1.032317
0.022412 -0.995321 0.093986 128.286255 -0.063204 -0.095233 -0.993447 16.828075 0.997749 0.016325 -0.065042 -1.028727
0.021981 -0.995014 0.097282 128.609055 -0.062486 -0.098483 -0.993175 16.871601 0.997804 0.015752 -0.064339 -1.026071
0.021632 -0.994604 0.101465 128.893967 -0.062103 -0.102630 -0.992779 16.896610 0.997836 0.015175 -0.063988 -1.022553
0.021287 -0.994114 0.106229 129.202621 -0.062383 -0.107367 -0.992261 16.938490 0.997825 0.014496 -0.064301 -1.019356
0.021515 -0.993545 0.111382 129.474075 -0.062127 -0.112521 -0.991705 16.964321 0.997836 0.014417 -0.064147 -1.014697
0.021792 -0.992931 0.116673 129.629501 -0.061219 -0.117807 -0.991148 16.940531 0.997886 0.014457 -0.063353 -1.007170
0.022025 -0.992302 0.121868 129.913055 -0.060013 -0.122991 -0.990592 16.979565 0.997954 0.014504 -0.062260 -1.003277
0.020950 -0.991641 0.127322 130.147308 -0.058916 -0.128353 -0.989977 16.991886 0.998043 0.013239 -0.061111 -1.026389
0.020787 -0.990970 0.132464 130.382523 -0.058543 -0.133472 -0.989322 17.004471 0.998068 0.012810 -0.060789 -1.059850
0.021108 -0.990284 0.137449 130.587784 -0.058578 -0.138468 -0.988633 17.012327 0.998059 0.012817 -0.060932 -1.078860
0.022247 -0.989573 0.142304 130.772766 -0.058446 -0.143383 -0.987940 17.020048 0.998042 0.013661 -0.061026 -1.088605
0.023887 -0.988855 0.146953 130.955048 -0.058238 -0.148122 -0.987252 17.032436 0.998017 0.015023 -0.061127 -1.089843
0.024996 -0.988119 0.151639 131.142090 -0.058565 -0.152873 -0.986509 17.046038 0.997971 0.015778 -0.061690 -1.074689
0.025583 -0.987359 0.156421 131.324341 -0.059392 -0.157697 -0.985700 17.064606 0.997907 0.015928 -0.062675 -1.055643
0.025953 -0.986612 0.161012 131.543381 -0.059986 -0.162313 -0.984914 17.088970 0.997862 0.015902 -0.063395 -1.052237
0.026203 -0.985869 0.165452 131.763428 -0.059956 -0.166761 -0.984173 17.115608 0.997857 0.015868 -0.063479 -1.049169
0.026120 -0.985118 0.169880 131.981064 -0.059491 -0.171169 -0.983444 17.143305 0.997887 0.015582 -0.063076 -1.045867
0.026058 -0.984350 0.174290 132.196777 -0.059126 -0.175562 -0.982691 17.172396 0.997910 0.015302 -0.062776 -1.041586
0.025912 -0.983585 0.178575 132.413437 -0.059102 -0.179829 -0.981920 17.203583 0.997915 0.014889 -0.062791 -1.036726
0.025483 -0.982826 0.182766 132.627274 -0.059276 -0.183989 -0.981140 17.236427 0.997917 0.014168 -0.062947 -1.030336
0.025555 -0.982044 0.186914 132.834763 -0.058891 -0.188129 -0.980377 17.270466 0.997937 0.014046 -0.062642 -1.021220
0.026027 -0.981224 0.191108 133.048447 -0.058387 -0.192338 -0.979590 17.301224 0.997955 0.014337 -0.062297 -1.020057
0.025703 -0.980429 0.195185 133.261734 -0.058273 -0.196388 -0.978794 17.332659 0.997970 0.013784 -0.062181 -1.019769
0.024858 -0.979686 0.198995 133.474686 -0.058327 -0.200138 -0.978030 17.364632 0.997988 0.012704 -0.062117 -1.020347
0.024143 -0.979024 0.202309 133.686935 -0.058307 -0.203402 -0.977357 17.397110 0.998007 0.011800 -0.061994 -1.021048
0.023350 -0.978474 0.205046 133.898773 -0.058245 -0.206085 -0.976799 17.430006 0.998029 0.010866 -0.061804 -1.021673
0.022832 -0.977981 0.207441 134.109558 -0.058291 -0.208445 -0.976295 17.462980 0.998039 0.010198 -0.061767 -1.021356
0.022478 -0.977526 0.209610 134.319199 -0.058774 -0.210593 -0.975806 17.496264 0.998018 0.009615 -0.062187 -1.020126
0.022107 -0.977145 0.211419 134.527878 -0.059266 -0.212380 -0.975388 17.529881 0.997997 0.009033 -0.062607 -1.018765
0.021898 -0.976878 0.212672 134.736023 -0.059005 -0.213615 -0.975134 17.563419 0.998018 0.008805 -0.062318 -1.018006
0.021499 -0.976786 0.213137 134.943741 -0.058111 -0.214046 -0.975093 17.596840 0.998079 0.008578 -0.061364 -1.018005
0.020858 -0.976930 0.212540 135.151901 -0.057374 -0.213406 -0.975278 17.630678 0.998135 0.008147 -0.060501 -1.017741
0.020642 -0.977286 0.210918 135.359390 -0.057268 -0.211772 -0.975640 17.664904 0.998145 0.008060 -0.060339 -1.016181
0.020734 -0.977831 0.208366 135.566696 -0.057621 -0.209234 -0.976166 17.699614 0.998123 0.008234 -0.060681 -1.014028
0.020689 -0.978517 0.205124 135.773758 -0.058003 -0.205998 -0.976832 17.734409 0.998102 0.008311 -0.061019 -1.012124
0.020199 -0.979271 0.201550 135.980667 -0.058082 -0.202399 -0.977579 17.768686 0.998107 0.008039 -0.060967 -1.010798
0.019711 -0.980053 0.197756 136.186783 -0.057997 -0.198581 -0.978367 17.802460 0.998122 0.007815 -0.060754 -1.009710
0.019250 -0.980815 0.193986 136.384064 -0.058235 -0.194793 -0.979114 17.839756 0.998117 0.007552 -0.060867 -1.003412
0.018609 -0.981545 0.190322 136.587906 -0.058905 -0.191100 -0.979802 17.872578 0.998090 0.007023 -0.061374 -1.001780
0.018072 -0.982263 0.186633 136.790924 -0.059433 -0.187389 -0.980486 17.905046 0.998069 0.006627 -0.061766 -1.000375
0.017842 -0.982956 0.182971 136.993149 -0.059557 -0.183719 -0.981172 17.936798 0.998066 0.006610 -0.061821 -0.999032
0.017774 -0.983605 0.179461 137.176910 -0.059861 -0.180213 -0.981804 17.969294 0.998049 0.006708 -0.062083 -0.992250
0.018246 -0.984222 0.175994 137.374329 -0.060666 -0.176789 -0.982378 17.999619 0.997991 0.007248 -0.062935 -0.988801
0.018960 -0.984815 0.172574 137.569931 -0.061489 -0.173427 -0.982925 18.029491 0.997927 0.008025 -0.063844 -0.985304
0.019399 -0.985382 0.169248 137.764084 -0.061846 -0.170139 -0.983477 18.058662 0.997897 0.008612 -0.064243 -0.982564
0.019548 -0.985919 0.166073 137.937836 -0.061739 -0.166978 -0.984026 18.086578 0.997901 0.008983 -0.064134 -0.976285
0.019714 -0.986453 0.162853 138.107178 -0.061496 -0.163773 -0.984579 18.113148 0.997913 0.009395 -0.063892 -0.970117
0.020014 -0.986946 0.159807 138.272980 -0.061435 -0.160751 -0.985081 18.138554 0.997910 0.009899 -0.063850 -0.963479
0.020289 -0.987415 0.156846 138.436966 -0.061689 -0.157816 -0.985540 18.163069 0.997889 0.010321 -0.064115 -0.956657
0.020759 -0.987862 0.153938 138.596909 -0.062150 -0.154949 -0.985965 18.186609 0.997850 0.010901 -0.064613 -0.949272
0.021294 -0.988296 0.151059 138.753448 -0.062660 -0.152116 -0.986374 18.209213 0.997808 0.011539 -0.065166 -0.941618
0.021692 -0.988704 0.148297 138.907028 -0.062876 -0.149387 -0.986778 18.230808 0.997786 0.012081 -0.065406 -0.934069
0.022000 -0.989098 0.145601 139.059723 -0.062617 -0.146714 -0.987195 18.251358 0.997795 0.012601 -0.065161 -0.927379
0.022206 -0.989459 0.143099 139.209442 -0.061879 -0.144220 -0.987609 18.270693 0.997836 0.013076 -0.064430 -0.921194
0.022525 -0.989808 0.140610 139.357483 -0.061440 -0.141750 -0.987994 18.289387 0.997856 0.013615 -0.064006 -0.914378
0.023044 -0.990130 0.138241 139.517426 -0.061607 -0.139421 -0.988315 18.309059 0.997835 0.014258 -0.064211 -0.909805
0.023319 -0.990403 0.136228 139.643265 -0.061903 -0.137434 -0.988575 18.325510 0.997810 0.014619 -0.064514 -0.908865
0.023656 -0.990673 0.134189 139.763168 -0.061539 -0.135415 -0.988876 18.344156 0.997824 0.015135 -0.064169 -0.906768
0.023935 -0.990900 0.132454 139.884537 -0.061147 -0.133696 -0.989134 18.364340 0.997842 0.015575 -0.063792 -0.903031
0.024265 -0.991088 0.130979 140.005569 -0.061268 -0.132245 -0.989321 18.384205 0.997826 0.015981 -0.063931 -0.898544
0.024619 -0.991234 0.129807 140.140778 -0.062169 -0.131114 -0.989416 18.403969 0.997762 0.016288 -0.064852 -0.896682
0.024835 -0.991332 0.129010 140.275635 -0.063051 -0.130347 -0.989462 18.423702 0.997701 0.016439 -0.065741 -0.894883
0.023704 -0.991125 0.130799 140.404694 -0.063407 -0.132063 -0.989211 18.416361 0.997706 0.015155 -0.065974 -0.907311
0.023576 -0.991157 0.130588 140.533722 -0.063316 -0.131842 -0.989246 18.409315 0.997715 0.015055 -0.065865 -0.919725
0.023613 -0.991170 0.130475 140.662415 -0.063356 -0.131733 -0.989259 18.402210 0.997711 0.015093 -0.065907 -0.932008
0.024144 -0.991164 0.130428 140.776672 -0.063604 -0.131725 -0.989243 18.398552 0.997683 0.015588 -0.066223 -0.937607
0.024629 -0.991158 0.130382 140.892319 -0.064092 -0.131719 -0.989213 18.394331 0.997640 0.016008 -0.066769 -0.941213
0.024887 -0.991148 0.130405 141.006714 -0.064356 -0.131763 -0.989190 18.390675 0.997616 0.016225 -0.067065 -0.943032
0.025306 -0.991112 0.130603 141.121307 -0.064619 -0.131993 -0.989142 18.388725 0.997589 0.016592 -0.067386 -0.943125
0.025482 -0.991088 0.130743 141.233597 -0.064500 -0.132142 -0.989130 18.388323 0.997592 0.016771 -0.067293 -0.942054
0.025492 -0.990966 0.131671 141.349258 -0.064483 -0.133069 -0.989007 18.386024 0.997593 0.016720 -0.067293 -0.942005
0.026390 -0.990945 0.131652 141.466354 -0.064207 -0.133106 -0.989020 18.383661 0.997588 0.017647 -0.067139 -0.941275
0.027358 -0.990934 0.131534 141.576401 -0.064125 -0.133052 -0.989033 18.382494 0.997567 0.018624 -0.067183 -0.937843
0.028088 -0.990963 0.131163 141.687515 -0.063692 -0.132723 -0.989105 18.382233 0.997574 0.019428 -0.066844 -0.933429
0.028480 -0.991015 0.130683 141.798935 -0.062704 -0.132250 -0.989231 18.382858 0.997626 0.019979 -0.065906 -0.928676
0.028563 -0.991060 0.130326 141.909470 -0.061871 -0.131883 -0.989333 18.385853 0.997675 0.020195 -0.065084 -0.922778
0.028751 -0.991110 0.129897 142.022888 -0.061743 -0.131463 -0.989396 18.402431 0.997678 0.020425 -0.064973 -0.912361
0.028893 -0.991150 0.129567 142.134094 -0.061677 -0.131143 -0.989443 18.421936 0.997678 0.020597 -0.064921 -0.899467
0.029106 -0.991151 0.129506 142.249161 -0.061176 -0.131084 -0.989482 18.445868 0.997702 0.020877 -0.064450 -0.886376
0.029264 -0.991150 0.129479 142.367035 -0.060506 -0.131054 -0.989527 18.472906 0.997738 0.021122 -0.063805 -0.873891
0.028879 -0.991155 0.129528 142.478104 -0.060325 -0.131075 -0.989536 18.493158 0.997760 0.020763 -0.063577 -0.862692
0.028651 -0.991156 0.129567 142.606735 -0.060131 -0.131095 -0.989545 18.508760 0.997779 0.020561 -0.063355 -0.860554
0.028985 -0.991141 0.129610 142.734451 -0.059468 -0.131144 -0.989578 18.523983 0.997810 0.020974 -0.062742 -0.858257
0.029431 -0.991127 0.129623 142.861618 -0.059011 -0.131176 -0.989601 18.539047 0.997824 0.021476 -0.062348 -0.855517
0.029264 -0.991201 0.129093 142.990356 -0.060320 -0.130665 -0.989590 18.555206 0.997750 0.021173 -0.063613 -0.858222
0.029307 -0.991284 0.128438 143.118073 -0.061610 -0.130041 -0.989592 18.570871 0.997670 0.021090 -0.064885 -0.861298
0.029772 -0.991436 0.127160 143.243393 -0.063343 -0.128832 -0.989641 18.582678 0.997547 0.021409 -0.066637 -0.860914
0.030178 -0.991663 0.125274 143.367889 -0.064943 -0.127010 -0.989773 18.594585 0.997432 0.021733 -0.068234 -0.860602
0.030512 -0.991959 0.122832 143.491791 -0.065676 -0.124612 -0.990030 18.605949 0.997375 0.022141 -0.068950 -0.860983
0.030331 -0.992316 0.119951 143.606964 -0.065337 -0.121718 -0.990412 18.621429 0.997402 0.022203 -0.068527 -0.864256
0.030208 -0.992653 0.117166 143.721176 -0.064171 -0.118904 -0.990830 18.636372 0.997481 0.022412 -0.067290 -0.868124
0.029349 -0.992972 0.114650 143.836639 -0.063556 -0.116320 -0.991176 18.648842 0.997547 0.021803 -0.066523 -0.872607
0.028543 -0.993274 0.112214 143.951279 -0.062710 -0.113818 -0.991520 18.660088 0.997624 0.021265 -0.065537 -0.877586
0.027752 -0.993584 0.109635 144.065414 -0.062560 -0.111189 -0.991829 18.671637 0.997656 0.020666 -0.065244 -0.882252
0.027302 -0.993885 0.106991 144.178955 -0.062959 -0.108527 -0.992097 18.683342 0.997643 0.020350 -0.065537 -0.886355
0.027221 -0.994168 0.104349 144.292831 -0.064021 -0.105908 -0.992312 18.695168 0.997577 0.020331 -0.066531 -0.889435
0.027360 -0.994418 0.101895 144.406479 -0.064906 -0.103486 -0.992511 18.706865 0.997516 0.020542 -0.067375 -0.892155
0.026822 -0.994659 0.099671 144.520294 -0.063100 -0.101193 -0.992864 18.716827 0.997646 0.020342 -0.065478 -0.897188
0.026357 -0.994846 0.097908 144.635086 -0.060923 -0.099359 -0.993185 18.728033 0.997794 0.020213 -0.063228 -0.897709
0.025906 -0.995046 0.095983 144.751129 -0.058614 -0.097362 -0.993521 18.738329 0.997944 0.020112 -0.060845 -0.898327
0.025761 -0.995239 0.094004 144.867844 -0.058137 -0.095367 -0.993743 18.749537 0.997977 0.020135 -0.060317 -0.897207
0.025838 -0.995405 0.092208 144.985428 -0.058802 -0.093593 -0.993873 18.761168 0.997935 0.020259 -0.060950 -0.895109
0.026071 -0.995523 0.090860 145.103409 -0.059489 -0.092275 -0.993955 18.772812 0.997889 0.020508 -0.061629 -0.892607
0.026382 -0.995657 0.089278 145.222412 -0.058489 -0.090693 -0.994160 18.783752 0.997939 0.021006 -0.060628 -0.891326
0.027236 -0.995765 0.087804 145.342163 -0.056572 -0.089232 -0.994403 18.793713 0.998026 0.022116 -0.058763 -0.890806
0.028341 -0.995820 0.086825 145.462494 -0.054443 -0.088268 -0.994608 18.802845 0.998114 0.023461 -0.056718 -0.890582
0.029937 -0.995949 0.084786 145.595947 -0.055376 -0.086347 -0.994725 18.824512 0.998017 0.025083 -0.057737 -0.895144
0.031972 -0.995951 0.084017 145.728836 -0.057212 -0.085746 -0.994673 18.844812 0.997850 0.026995 -0.059722 -0.898240
0.032675 -0.995920 0.084123 145.859222 -0.060620 -0.085988 -0.994450 18.856236 0.997625 0.027393 -0.063183 -0.897053
0.033225 -0.995854 0.084674 145.989685 -0.062681 -0.086631 -0.994267 18.867607 0.997481 0.027727 -0.065299 -0.897764
0.032908 -0.995753 0.085984 146.120453 -0.061591 -0.087888 -0.994224 18.876823 0.997559 0.027422 -0.064221 -0.902117
0.031913 -0.995593 0.088187 146.250824 -0.059337 -0.089964 -0.994175 18.884466 0.997728 0.026495 -0.061946 -0.907464
0.031069 -0.995450 0.090076 146.381454 -0.057154 -0.091741 -0.994141 18.892361 0.997882 0.025738 -0.059744 -0.912226
0.030968 -0.995286 0.091900 146.511108 -0.056189 -0.093532 -0.994029 18.900278 0.997939 0.025619 -0.058820 -0.915135
0.031665 -0.995053 0.094166 146.639587 -0.055963 -0.095830 -0.993823 18.908192 0.997931 0.026200 -0.058721 -0.916687
0.032148 -0.994898 0.095630 146.768707 -0.055775 -0.097317 -0.993690 18.916771 0.997926 0.026611 -0.058618 -0.918539
0.031987 -0.994818 0.096515 146.898865 -0.056044 -0.098198 -0.993588 18.925379 0.997916 0.026373 -0.058894 -0.921210
0.031811 -0.994808 0.096668 147.028259 -0.057273 -0.098373 -0.993500 18.935148 0.997851 0.026068 -0.060105 -0.923102
0.032881 -0.994901 0.095346 147.153076 -0.056767 -0.097103 -0.993654 18.944128 0.997846 0.027260 -0.059670 -0.924160
0.034128 -0.994945 0.094441 147.272842 -0.056055 -0.096253 -0.993778 18.950733 0.997844 0.028622 -0.059057 -0.925761
0.034599 -0.995025 0.093424 147.388611 -0.056551 -0.095280 -0.993843 18.957859 0.997800 0.029103 -0.059567 -0.927500
0.034679 -0.995194 0.091583 147.500198 -0.057702 -0.093480 -0.993948 18.964979 0.997731 0.029185 -0.060666 -0.929071
0.034568 -0.995301 0.090450 147.605682 -0.059487 -0.092394 -0.993944 18.970839 0.997631 0.028978 -0.062402 -0.930514
0.034391 -0.995393 0.089504 147.704788 -0.061144 -0.091484 -0.993927 18.976336 0.997536 0.028710 -0.064008 -0.931907
0.034846 -0.995508 0.088035 147.796860 -0.062418 -0.090084 -0.993976 18.981239 0.997442 0.029141 -0.065277 -0.932623
0.035383 -0.995586 0.086921 147.843994 -0.063546 -0.089041 -0.993999 18.991409 0.997351 0.029647 -0.066416 -0.935015
0.035692 -0.995601 0.086630 147.863205 -0.064660 -0.088805 -0.993948 18.989571 0.997268 0.029874 -0.067544 -0.932462
0.035987 -0.995643 0.086018 147.868652 -0.064223 -0.088200 -0.994030 18.990982 0.997286 0.030248 -0.067117 -0.931993
0.035664 -0.995621 0.086416 147.860382 -0.064328 -0.088579 -0.993990 18.990166 0.997291 0.029890 -0.067205 -0.930568
0.033943 -0.995650 0.086767 147.855698 -0.064560 -0.088820 -0.993954 18.983358 0.997336 0.028136 -0.067295 -0.926892
0.032768 -0.995699 0.086659 147.858856 -0.064815 -0.088640 -0.993953 18.983126 0.997359 0.026954 -0.067441 -0.922994
0.033945 -0.995636 0.086931 147.854691 -0.065046 -0.088997 -0.993905 18.980665 0.997305 0.028084 -0.067782 -0.919536
0.034109 -0.995647 0.086732 147.851395 -0.065359 -0.088819 -0.993901 18.980528 0.997279 0.028233 -0.068104 -0.921106
0.034023 -0.995656 0.086674 147.851974 -0.065616 -0.088763 -0.993890 18.981262 0.997265 0.028128 -0.068350 -0.918681
0.034696 -0.995652 0.086453 147.851944 -0.065560 -0.088587 -0.993908 18.983442 0.997245 0.028818 -0.068349 -0.917147
0.034979 -0.995660 0.086239 147.848663 -0.065754 -0.088398 -0.993912 18.984215 0.997223 0.029096 -0.068561 -0.914566
0.034929 -0.995641 0.086491 147.844879 -0.065886 -0.088650 -0.993882 18.981375 0.997215 0.029017 -0.068695 -0.911254
0.035796 -0.995597 0.086632 147.836823 -0.065986 -0.088854 -0.993856 18.976528 0.997179 0.029859 -0.068876 -0.904688
0.036069 -0.995584 0.086670 147.833832 -0.066402 -0.088922 -0.993823 18.974552 0.997141 0.030090 -0.069316 -0.901414
0.036104 -0.995590 0.086593 147.830353 -0.066912 -0.088863 -0.993794 18.974930 0.997106 0.030086 -0.069825 -0.898956
0.036158 -0.995685 0.085471 147.845581 -0.067137 -0.087753 -0.993877 18.985941 0.997088 0.030198 -0.070021 -0.901088
0.036639 -0.995708 0.084993 147.844574 -0.067093 -0.087309 -0.993919 18.989723 0.997073 0.030714 -0.070005 -0.895960
0.036786 -0.995718 0.084817 147.843155 -0.067305 -0.087150 -0.993918 18.990559 0.997054 0.030854 -0.070223 -0.893944
0.036955 -0.995724 0.084656 147.840881 -0.067202 -0.086998 -0.993940 18.991346 0.997055 0.031042 -0.070130 -0.891139
0.037177 -0.995710 0.084731 147.839233 -0.067376 -0.087094 -0.993919 18.990250 0.997035 0.031242 -0.070324 -0.889159
0.037472 -0.995673 0.085031 147.815903 -0.066877 -0.087399 -0.993926 18.977629 0.997057 0.031557 -0.069863 -0.873345
0.037553 -0.995657 0.085193 147.814240 -0.067131 -0.087573 -0.993894 18.976336 0.997038 0.031604 -0.070128 -0.871137
0.037944 -0.995625 0.085387 147.813492 -0.067270 -0.087800 -0.993864 18.974455 0.997013 0.031967 -0.070308 -0.867861
0.038170 -0.995597 0.085621 147.810944 -0.067319 -0.088051 -0.993839 18.972099 0.997001 0.032171 -0.070383 -0.866113
0.038265 -0.995628 0.085207 147.810333 -0.067392 -0.087647 -0.993869 18.975912 0.996992 0.032287 -0.070452 -0.864469
0.038358 -0.995663 0.084759 147.810669 -0.067482 -0.087209 -0.993901 18.980227 0.996983 0.032405 -0.070535 -0.863321
0.038850 -0.995643 0.084768 147.809769 -0.067501 -0.087253 -0.993897 18.979719 0.996962 0.032891 -0.070597 -0.859565
0.038952 -0.995700 0.084054 147.812607 -0.067474 -0.086546 -0.993960 18.986423 0.996960 0.033045 -0.070555 -0.857931
0.039173 -0.995695 0.084014 147.812485 -0.067444 -0.086522 -0.993964 18.986454 0.996954 0.033270 -0.070543 -0.855779
0.039593 -0.995697 0.083784 147.811813 -0.067557 -0.086326 -0.993973 18.988188 0.996929 0.033694 -0.070684 -0.852353
0.039601 -0.995733 0.083355 147.812866 -0.067508 -0.085897 -0.994015 18.992466 0.996932 0.033737 -0.070621 -0.851470
0.039814 -0.995781 0.082674 147.814072 -0.067423 -0.085228 -0.994078 18.999107 0.996930 0.034004 -0.070532 -0.849543
0.039765 -0.995794 0.082540 147.814819 -0.067461 -0.085093 -0.994087 19.000362 0.996929 0.033962 -0.070560 -0.850082
0.039506 -0.995786 0.082767 147.814529 -0.067547 -0.085304 -0.994063 18.998337 0.996933 0.033681 -0.070633 -0.852817
0.039850 -0.995777 0.082710 147.814865 -0.067626 -0.085274 -0.994059 18.998842 0.996915 0.034020 -0.070738 -0.849748
0.039883 -0.995757 0.082930 147.812988 -0.067755 -0.085500 -0.994032 18.995039 0.996904 0.034026 -0.070877 -0.849176
0.040223 -0.995757 0.082769 147.811142 -0.067967 -0.085371 -0.994028 18.994999 0.996876 0.034358 -0.071113 -0.846509
0.039623 -0.995767 0.082923 147.810287 -0.068128 -0.085488 -0.994007 18.993692 0.996889 0.033736 -0.071227 -0.851199
0.039392 -0.995783 0.082850 147.810699 -0.068192 -0.085401 -0.994010 18.994865 0.996894 0.033507 -0.071268 -0.853548
0.039012 -0.995823 0.082548 147.810333 -0.068220 -0.085072 -0.994036 18.997364 0.996907 0.033148 -0.071254 -0.857230
0.038717 -0.995856 0.082294 147.810776 -0.068306 -0.084800 -0.994054 19.000174 0.996913 0.032865 -0.071307 -0.859187
0.038226 -0.995875 0.082291 147.810364 -0.068485 -0.084768 -0.994044 19.000624 0.996920 0.032362 -0.071443 -0.863472
0.037911 -0.995876 0.082425 147.809494 -0.068477 -0.084878 -0.994036 18.999426 0.996933 0.032041 -0.071412 -0.866105
0.037514 -0.995884 0.082515 147.809296 -0.068600 -0.084945 -0.994021 18.998547 0.996938 0.031629 -0.071505 -0.869711
0.037111 -0.995902 0.082469 147.809311 -0.068669 -0.084871 -0.994023 18.997932 0.996949 0.031226 -0.071536 -0.873926
0.036883 -0.995916 0.082411 147.809448 -0.068728 -0.084800 -0.994025 18.998301 0.996954 0.030998 -0.071574 -0.875978
0.036754 -0.995912 0.082507 147.809448 -0.068754 -0.084887 -0.994015 18.996611 0.996956 0.030861 -0.071593 -0.877204
0.036180 -0.995911 0.082777 147.808395 -0.068880 -0.085119 -0.993987 18.993681 0.996968 0.030261 -0.071679 -0.882044
0.035834 -0.995908 0.082962 147.807083 -0.069192 -0.085288 -0.993950 18.990870 0.996960 0.029876 -0.071965 -0.884298
0.035147 -0.995907 0.083263 147.805542 -0.069444 -0.085546 -0.993911 18.987911 0.996966 0.029152 -0.072166 -0.889472
0.034623 -0.995905 0.083507 147.804672 -0.069844 -0.085764 -0.993864 18.985292 0.996956 0.028578 -0.072528 -0.893446
0.033643 -0.995931 0.083594 147.805557 -0.070265 -0.085792 -0.993832 18.984028 0.996961 0.027562 -0.072866 -0.900945
0.033572 -0.995897 0.084040 147.783859 -0.069622 -0.086213 -0.993841 18.975998 0.997008 0.027515 -0.072232 -0.895782
0.032781 -0.995900 0.084305 147.782913 -0.070214 -0.086436 -0.993780 18.972425 0.996993 0.026658 -0.072759 -0.902052
0.032051 -0.995899 0.084600 147.782867 -0.070898 -0.086697 -0.993709 18.968117 0.996968 0.025851 -0.073386 -0.906994
0.031554 -0.995911 0.084648 147.783981 -0.071441 -0.086721 -0.993667 18.968012 0.996946 0.025307 -0.073886 -0.911277
0.030552 -0.995953 0.084525 147.784241 -0.072075 -0.086540 -0.993638 18.969309 0.996931 0.024265 -0.074427 -0.917710
0.030285 -0.995970 0.084424 147.784729 -0.072415 -0.086428 -0.993623 18.970198 0.996915 0.023979 -0.074741 -0.918936
0.030033 -0.995997 0.084191 147.785934 -0.072887 -0.086186 -0.993609 18.973272 0.996888 0.023704 -0.075185 -0.919862
0.029708 -0.996044 0.083748 147.785599 -0.073098 -0.085725 -0.993634 18.976645 0.996882 0.023397 -0.075356 -0.921449
0.029447 -0.996042 0.083872 147.786331 -0.073502 -0.085840 -0.993594 18.975798 0.996860 0.023094 -0.075739 -0.923561
0.029160 -0.996069 0.083646 147.788681 -0.073323 -0.085588 -0.993629 18.977978 0.996882 0.022841 -0.075530 -0.926719
0.029237 -0.996071 0.083598 147.788284 -0.073398 -0.085547 -0.993627 18.978804 0.996874 0.022914 -0.075611 -0.925868
0.029179 -0.996079 0.083521 147.788483 -0.073695 -0.085474 -0.993611 18.979548 0.996853 0.022838 -0.075900 -0.925599
0.029630 -0.996045 0.083766 147.759354 -0.072856 -0.085732 -0.993651 18.972530 0.996902 0.023339 -0.075108 -0.912826
0.030146 -0.996016 0.083934 147.731613 -0.072024 -0.085919 -0.993696 18.965900 0.996947 0.023911 -0.074327 -0.899442
0.030634 -0.995989 0.084067 147.702240 -0.071306 -0.086069 -0.993735 18.960787 0.996984 0.024447 -0.073655 -0.884445
0.031020 -0.995941 0.084495 147.673386 -0.070546 -0.086506 -0.993751 18.952604 0.997026 0.024866 -0.072943 -0.871851
0.031288 -0.995917 0.084671 147.642044 -0.069787 -0.086683 -0.993789 18.947330 0.997071 0.025185 -0.072215 -0.861090
0.031219 -0.995917 0.084704 147.643433 -0.069656 -0.086706 -0.993795 18.946280 0.997082 0.025126 -0.072078 -0.862746
0.031987 -0.995881 0.084840 147.644211 -0.071391 -0.086943 -0.993652 18.943388 0.996935 0.025727 -0.073878 -0.846794
0.031951 -0.995884 0.084821 147.647552 -0.071433 -0.086922 -0.993651 18.941545 0.996933 0.025689 -0.073917 -0.847779
0.031856 -0.995887 0.084809 147.651505 -0.071726 -0.086911 -0.993630 18.939867 0.996916 0.025570 -0.074200 -0.848181
0.031822 -0.995887 0.084834 147.651733 -0.071722 -0.086934 -0.993629 18.939528 0.996917 0.025535 -0.074193 -0.848257
0.031929 -0.995882 0.084857 147.652908 -0.071883 -0.086968 -0.993614 18.938534 0.996902 0.025624 -0.074364 -0.847268
0.031934 -0.995881 0.084861 147.653000 -0.071983 -0.086975 -0.993607 18.938126 0.996894 0.025621 -0.074464 -0.845916
0.031953 -0.995879 0.084880 147.652542 -0.071840 -0.086992 -0.993615 18.937843 0.996905 0.025652 -0.074324 -0.846814
0.031737 -0.995889 0.084844 147.654602 -0.071764 -0.086938 -0.993626 18.937157 0.996916 0.025446 -0.074228 -0.849380
0.031571 -0.995893 0.084863 147.658951 -0.071657 -0.086942 -0.993633 18.935024 0.996930 0.025290 -0.074107 -0.852334
0.031516 -0.995904 0.084756 147.666840 -0.071533 -0.086828 -0.993651 18.932812 0.996941 0.025252 -0.073976 -0.855381
0.031827 -0.995876 0.084957 147.638062 -0.070773 -0.087033 -0.993688 18.928371 0.996984 0.025613 -0.073251 -0.844268
0.031971 -0.995872 0.084946 147.640076 -0.070751 -0.087031 -0.993690 18.926746 0.996981 0.025760 -0.073242 -0.843779
0.032252 -0.995830 0.085331 147.610153 -0.069962 -0.087415 -0.993712 18.918652 0.997028 0.026080 -0.072489 -0.833140
0.032462 -0.995816 0.085428 147.583679 -0.069221 -0.087508 -0.993756 18.914438 0.997073 0.026346 -0.071771 -0.824085
0.032629 -0.995792 0.085635 147.562317 -0.068549 -0.087709 -0.993785 18.909323 0.997114 0.026557 -0.071121 -0.816978
0.032400 -0.995792 0.085730 147.569855 -0.068379 -0.087783 -0.993789 18.905294 0.997133 0.026336 -0.070936 -0.821362
0.032347 -0.995796 0.085692 147.574585 -0.068303 -0.087739 -0.993799 18.903322 0.997140 0.026293 -0.070854 -0.823968
0.032166 -0.995807 0.085632 147.581909 -0.068482 -0.087670 -0.993792 18.899982 0.997134 0.026101 -0.071015 -0.823120
0.031626 -0.995824 0.085641 147.562592 -0.068045 -0.087631 -0.993826 18.898584 0.997181 0.025602 -0.070533 -0.815506
0.031179 -0.995855 0.085454 147.550888 -0.067512 -0.087397 -0.993883 18.900932 0.997231 0.025219 -0.069957 -0.808838
0.030988 -0.995883 0.085188 147.544128 -0.067290 -0.087114 -0.993923 18.903322 0.997252 0.025067 -0.069712 -0.800911
0.030654 -0.995947 0.084558 147.568054 -0.067576 -0.086468 -0.993960 18.907864 0.997243 0.024754 -0.069953 -0.799743
0.030401 -0.995969 0.084385 147.575348 -0.066785 -0.086259 -0.994032 18.911497 0.997304 0.024585 -0.069138 -0.792551
0.029692 -0.996039 0.083824 147.595520 -0.065956 -0.085630 -0.994141 18.917336 0.997381 0.023990 -0.068237 -0.787371
0.027474 -0.996125 0.083549 147.630508 -0.065044 -0.085185 -0.994240 18.922871 0.997504 0.021882 -0.067131 -0.785253
0.024481 -0.996232 0.083195 147.678024 -0.064137 -0.084614 -0.994348 18.928658 0.997641 0.019007 -0.065966 -0.784011
0.020753 -0.996359 0.082692 147.757202 -0.062719 -0.083845 -0.994503 18.934307 0.997815 0.015453 -0.064231 -0.792471
0.016923 -0.996423 0.082782 147.845718 -0.060304 -0.083661 -0.994668 18.939259 0.998037 0.011841 -0.061505 -0.801842
0.013056 -0.996459 0.083064 147.943924 -0.058609 -0.083691 -0.994766 18.945011 0.998196 0.008119 -0.059493 -0.810685
0.010199 -0.996467 0.083367 148.050781 -0.058755 -0.083825 -0.994747 18.952290 0.998221 0.005247 -0.059402 -0.816774
0.008305 -0.996430 0.084011 148.165070 -0.058949 -0.084356 -0.994690 18.960424 0.998226 0.003308 -0.059439 -0.821462
0.006549 -0.996364 0.084944 148.287033 -0.056397 -0.085178 -0.994769 18.967903 0.998387 0.001725 -0.056750 -0.828616
0.005455 -0.996220 0.086697 148.384857 -0.052503 -0.086864 -0.994835 18.974848 0.998606 0.000875 -0.052778 -0.819095
0.005445 -0.995937 0.089883 148.495453 -0.049723 -0.090043 -0.994696 18.982254 0.998748 0.000947 -0.050011 -0.805537
0.005916 -0.995609 0.093423 148.616470 -0.050304 -0.093604 -0.994337 18.987747 0.998717 0.001183 -0.050637 -0.787718
0.007202 -0.995322 0.096352 148.748718 -0.053863 -0.096600 -0.993864 18.996578 0.998523 0.001968 -0.054306 -0.768185
0.008991 -0.994965 0.099819 148.890671 -0.058304 -0.100175 -0.993261 19.006237 0.998258 0.003110 -0.058910 -0.745846
0.011396 -0.994490 0.104217 149.027710 -0.062788 -0.104730 -0.992516 19.013914 0.997962 0.004767 -0.063636 -0.720062
0.013407 -0.994054 0.108063 149.155914 -0.066050 -0.108717 -0.991876 19.009724 0.997726 0.006161 -0.067115 -0.693410
0.014884 -0.993606 0.111912 149.270859 -0.070626 -0.112689 -0.991117 19.002567 0.997391 0.006848 -0.071852 -0.665476
0.017861 -0.993110 0.115818 149.498871 -0.072268 -0.116816 -0.990521 19.013384 0.997225 0.009322 -0.073857 -0.666005
0.023956 -0.992675 0.118411 149.672440 -0.070602 -0.119829 -0.990281 19.002359 0.997217 0.015364 -0.072956 -0.646980
0.031480 -0.992138 0.121125 149.829147 -0.064108 -0.122940 -0.990341 18.993410 0.997446 0.023411 -0.067473 -0.626836
0.035710 -0.991657 0.123859 149.971634 -0.057349 -0.125767 -0.990401 18.984879 0.997715 0.028265 -0.061362 -0.609812
0.037072 -0.991405 0.125463 150.140091 -0.051472 -0.127277 -0.990531 18.989916 0.997986 0.030263 -0.055748 -0.613141
0.037102 -0.991110 0.127768 150.280685 -0.049279 -0.129516 -0.990352 18.989985 0.998096 0.030448 -0.053647 -0.602134
0.034722 -0.990891 0.130116 150.418167 -0.050063 -0.131755 -0.990017 18.993168 0.998143 0.027861 -0.054182 -0.590822
0.031565 -0.990797 0.131626 150.566711 -0.051793 -0.133137 -0.989743 19.001545 0.998159 0.024424 -0.055519 -0.589512
0.029597 -0.990543 0.133968 150.688339 -0.052536 -0.135382 -0.989400 19.011202 0.998181 0.022245 -0.056047 -0.583060
0.029398 -0.990090 0.137318 150.829681 -0.054257 -0.138756 -0.988839 19.028154 0.998094 0.021619 -0.057799 -0.578160
0.029130 -0.989590 0.140932 150.966187 -0.055633 -0.142378 -0.988248 19.047134 0.998026 0.020947 -0.059202 -0.576844
0.029282 -0.989078 0.144457 151.102249 -0.056603 -0.145928 -0.987675 19.067350 0.997967 0.020745 -0.060258 -0.574431
0.029363 -0.988426 0.148831 151.217819 -0.056086 -0.150289 -0.987050 19.088255 0.997994 0.020636 -0.059850 -0.570088
0.029335 -0.987714 0.153498 151.329071 -0.055519 -0.154938 -0.986363 19.107391 0.998027 0.020413 -0.059382 -0.561892
0.028241 -0.987007 0.158173 151.440659 -0.056357 -0.159557 -0.985579 19.126390 0.998011 0.018919 -0.060130 -0.553259
0.026143 -0.986234 0.163276 151.555817 -0.058785 -0.164565 -0.984612 19.145977 0.997928 0.016142 -0.062278 -0.543869
0.024047 -0.985456 0.168218 151.690536 -0.059248 -0.169376 -0.983769 19.175671 0.997954 0.013690 -0.062459 -0.540970
0.022137 -0.984511 0.173919 151.840881 -0.058732 -0.174942 -0.982826 19.205454 0.998029 0.011543 -0.061694 -0.545312
0.021080 -0.983342 0.180542 151.986038 -0.058751 -0.181488 -0.981636 19.238935 0.998050 0.010087 -0.061598 -0.544131
0.020203 -0.982092 0.187316 152.152283 -0.059300 -0.188200 -0.980339 19.272697 0.998036 0.008697 -0.062040 -0.546717
0.019175 -0.980777 0.194191 152.325562 -0.060640 -0.195010 -0.978925 19.308725 0.997975 0.006996 -0.063213 -0.548566
0.017513 -0.979334 0.201490 152.506042 -0.060855 -0.202192 -0.977453 19.346626 0.997993 0.004857 -0.063138 -0.552206
0.015942 -0.977886 0.208528 152.692719 -0.060270 -0.209115 -0.976032 19.387110 0.998055 0.002992 -0.062271 -0.556051
0.014678 -0.976425 0.215358 152.885437 -0.059032 -0.215852 -0.974640 19.428793 0.998148 0.001592 -0.060809 -0.560511
0.015683 -0.974685 0.223030 153.080276 -0.059115 -0.223571 -0.972893 19.471802 0.998128 0.002074 -0.061126 -0.560487
0.020034 -0.972753 0.230978 153.275452 -0.059815 -0.231776 -0.970928 19.516207 0.998008 0.005636 -0.062828 -0.555512
0.027282 -0.971121 0.237023 153.470978 -0.059950 -0.238273 -0.969346 19.563271 0.997828 0.012236 -0.064719 -0.548336
0.032828 -0.969858 0.241451 153.669434 -0.057051 -0.243005 -0.968346 19.610674 0.997831 0.018014 -0.063309 -0.545518
0.034905 -0.969078 0.244272 153.871796 -0.051974 -0.245851 -0.967913 19.658863 0.998038 0.021089 -0.058949 -0.546985
0.034885 -0.968718 0.245700 154.076889 -0.044594 -0.247114 -0.967960 19.706188 0.998396 0.022810 -0.051819 -0.552787
0.034319 -0.968697 0.245865 154.275497 -0.039804 -0.247140 -0.968162 19.758371 0.998617 0.023440 -0.047039 -0.548173
0.034109 -0.968873 0.245199 154.484573 -0.039290 -0.246453 -0.968358 19.809690 0.998646 0.023396 -0.046474 -0.548273
0.034677 -0.969456 0.242801 154.694244 -0.040755 -0.244117 -0.968889 19.863602 0.998567 0.023703 -0.047976 -0.547693
0.036293 -0.969946 0.240601 154.903442 -0.044261 -0.242083 -0.969245 19.917839 0.998361 0.024527 -0.051716 -0.544903
0.037942 -0.970239 0.239155 155.117126 -0.047921 -0.240819 -0.969386 19.973850 0.998130 0.025320 -0.055632 -0.533798
0.038355 -0.970850 0.236598 155.334778 -0.051258 -0.238372 -0.969820 20.032946 0.997948 0.025070 -0.058906 -0.524822
0.035930 -0.971557 0.234063 155.560837 -0.052916 -0.235735 -0.970376 20.092197 0.997953 0.022480 -0.059881 -0.522624
0.032472 -0.972296 0.231487 155.792831 -0.054152 -0.232981 -0.970972 20.153465 0.998004 0.018994 -0.060217 -0.522143
0.031866 -0.973083 0.228240 156.030853 -0.052899 -0.229677 -0.971828 20.215406 0.998091 0.018895 -0.058794 -0.519067
0.032705 -0.973871 0.224734 156.276367 -0.050778 -0.226183 -0.972760 20.278858 0.998175 0.020403 -0.056849 -0.515124
0.036439 -0.974646 0.220766 156.525375 -0.051942 -0.222461 -0.973557 20.345133 0.997985 0.024008 -0.058731 -0.504981
0.042809 -0.975100 0.217593 156.777939 -0.055674 -0.219782 -0.973959 20.410458 0.997531 0.029580 -0.063695 -0.488468
0.045824 -0.975512 0.215117 157.035187 -0.060189 -0.217648 -0.974169 20.475649 0.997134 0.031692 -0.068688 -0.475141
0.044159 -0.976120 0.212695 157.346130 -0.059438 -0.215093 -0.974783 20.556179 0.997255 0.030403 -0.067517 -0.457446
0.042256 -0.976640 0.210685 157.662476 -0.054664 -0.212817 -0.975562 20.634045 0.997611 0.029706 -0.062379 -0.447851
0.042129 -0.976974 0.209156 157.980759 -0.051635 -0.211191 -0.976080 20.710283 0.997777 0.030322 -0.059344 -0.438817
0.043040 -0.977329 0.207306 158.297455 -0.052786 -0.209434 -0.976397 20.783684 0.997678 0.031081 -0.060603 -0.428756
0.043366 -0.977756 0.205214 158.618317 -0.056731 -0.207485 -0.976592 20.856745 0.997447 0.030709 -0.064467 -0.422362
0.043194 -0.978063 0.203781 158.952423 -0.058905 -0.206109 -0.976754 20.927876 0.997329 0.030186 -0.066516 -0.423353
0.038831 -0.978404 0.203022 159.294083 -0.061989 -0.205143 -0.976767 20.999859 0.997321 0.025344 -0.068615 -0.432911
0.033508 -0.978855 0.201796 159.640030 -0.064150 -0.203598 -0.976951 21.071516 0.997377 0.019791 -0.069615 -0.439458
0.026426 -0.979005 0.202115 160.145706 -0.075807 -0.203567 -0.976122 21.085741 0.996772 0.010473 -0.079594 -0.459003
0.014552 -0.979060 0.203051 160.657318 -0.089963 -0.203531 -0.974927 21.098957 0.995839 -0.004079 -0.091042 -0.479708
0.006308 -0.979440 0.201634 161.168243 -0.091985 -0.201352 -0.975190 21.097836 0.995740 -0.012395 -0.091364 -0.507343
0.000358 -0.979899 0.199495 161.681564 -0.095727 -0.198612 -0.975391 21.097282 0.995408 -0.018749 -0.093875 -0.532536
-0.004420 -0.980344 0.197248 162.197845 -0.097128 -0.195897 -0.975802 21.094406 0.995262 -0.023472 -0.094352 -0.561598
-0.007757 -0.980760 0.195062 162.669128 -0.091961 -0.193541 -0.976773 21.139404 0.995732 -0.025516 -0.088690 -0.597221
-0.007227 -0.981299 0.192354 163.127151 -0.086977 -0.191013 -0.977726 21.201723 0.996184 -0.023797 -0.083969 -0.622608
-0.001539 -0.981839 0.189708 163.564407 -0.086217 -0.188871 -0.978210 21.286600 0.996275 -0.017862 -0.084360 -0.587577
0.005871 -0.982406 0.186668 164.003708 -0.085872 -0.186478 -0.978699 21.372242 0.996289 -0.010284 -0.085456 -0.522243
0.012042 -0.982890 0.183800 164.437271 -0.086674 -0.184147 -0.979070 21.465872 0.996164 -0.004141 -0.087408 -0.459380
0.016461 -0.983464 0.180353 164.792770 -0.082384 -0.181099 -0.980008 21.629137 0.996465 0.001274 -0.084003 -0.405964
0.018405 -0.984035 0.177021 165.146179 -0.076293 -0.177918 -0.981083 21.776802 0.996915 0.004551 -0.078349 -0.381148
0.017878 -0.984537 0.174264 165.590607 -0.073734 -0.175116 -0.981783 21.870577 0.997118 0.004703 -0.075724 -0.364057
0.017669 -0.984987 0.171724 166.041519 -0.072046 -0.172558 -0.982361 21.960512 0.997245 0.004985 -0.074013 -0.352671
0.018476 -0.985429 0.169079 166.499649 -0.070541 -0.169971 -0.982921 22.047266 0.997338 0.006233 -0.072654 -0.345465
0.019159 -0.985877 0.166370 166.991989 -0.069331 -0.167310 -0.983464 22.128540 0.997409 0.007308 -0.071557 -0.330569
0.019814 -0.986324 0.163625 167.491119 -0.067265 -0.164602 -0.984063 22.209110 0.997539 0.008492 -0.069607 -0.317401
0.020597 -0.986739 0.161004 167.997482 -0.065410 -0.162022 -0.984617 22.289858 0.997645 0.009749 -0.067880 -0.304891
0.021839 -0.987115 0.158516 168.509628 -0.064820 -0.159618 -0.985049 22.371267 0.997658 0.011237 -0.067470 -0.292335
0.022665 -0.987437 0.156383 169.026535 -0.065154 -0.157550 -0.985359 22.452869 0.997618 0.012144 -0.067907 -0.281114
0.023123 -0.987688 0.154721 169.548386 -0.065229 -0.155922 -0.985613 22.534468 0.997602 0.012697 -0.068032 -0.271163
0.023862 -0.987830 0.153696 170.072983 -0.064849 -0.154945 -0.985793 22.616404 0.997610 0.013557 -0.067756 -0.261973
0.025443 -0.987849 0.153319 170.600479 -0.063752 -0.154659 -0.985909 22.698610 0.997641 0.015310 -0.066913 -0.253368
0.027033 -0.987741 0.153742 171.131897 -0.063157 -0.155179 -0.985865 22.781796 0.997638 0.016941 -0.066578 -0.245213
0.027806 -0.987484 0.155248 171.666260 -0.063541 -0.156740 -0.985594 22.866497 0.997592 0.017541 -0.067103 -0.237732
0.028112 -0.987054 0.157908 172.202927 -0.064194 -0.159426 -0.985121 22.952682 0.997542 0.017557 -0.067845 -0.230792
0.028016 -0.986470 0.161531 172.743515 -0.064240 -0.163037 -0.984526 23.041891 0.997541 0.017206 -0.067938 -0.225840
0.027039 -0.985778 0.165863 173.287872 -0.064085 -0.167292 -0.983823 23.133678 0.997578 0.015972 -0.067696 -0.223594
0.026589 -0.985023 0.170365 173.835007 -0.063928 -0.171751 -0.983064 23.229601 0.997600 0.015247 -0.067536 -0.221710
0.027727 -0.984228 0.174720 174.383560 -0.064403 -0.176183 -0.982248 23.328880 0.997538 0.015982 -0.068272 -0.217194
0.028898 -0.983445 0.178886 174.933548 -0.064308 -0.180420 -0.981486 23.427813 0.997512 0.016859 -0.068457 -0.211206
0.029828 -0.982757 0.182482 175.485825 -0.064400 -0.184073 -0.980800 23.530220 0.997478 0.017504 -0.068780 -0.203977
0.030241 -0.982140 0.185706 176.040619 -0.064646 -0.187324 -0.980169 23.635574 0.997450 0.017636 -0.069157 -0.196272
0.029607 -0.981677 0.188238 176.598206 -0.065149 -0.189817 -0.979655 23.743652 0.997437 0.016741 -0.069575 -0.190400
0.028812 -0.981315 0.190237 177.162903 -0.065438 -0.191760 -0.979258 23.851864 0.997440 0.015766 -0.069740 -0.184267
0.028951 -0.981119 0.191225 177.728409 -0.066305 -0.192769 -0.979002 23.961355 0.997379 0.015664 -0.070634 -0.176561
0.028063 -0.981108 0.191417 178.294006 -0.067618 -0.192916 -0.978882 24.073006 0.997317 0.014527 -0.071755 -0.169707
0.024837 -0.981225 0.191262 178.864166 -0.066311 -0.192516 -0.979051 24.184437 0.997490 0.011634 -0.069848 -0.163990
0.021015 -0.981348 0.191089 179.435287 -0.063725 -0.192057 -0.979313 24.295515 0.997746 0.008403 -0.066572 -0.159679
0.018334 -0.981466 0.190757 180.005234 -0.062123 -0.191538 -0.979517 24.406357 0.997900 0.006109 -0.064484 -0.155136
0.017997 -0.981582 0.190190 180.573746 -0.062696 -0.190954 -0.979594 24.518583 0.997871 0.005706 -0.064977 -0.145855
0.020126 -0.981711 0.189313 181.139740 -0.063128 -0.190220 -0.979710 24.630962 0.997802 0.007766 -0.065802 -0.131603
0.023065 -0.981873 0.188128 181.720047 -0.059862 -0.189197 -0.980113 24.742727 0.997940 0.011344 -0.063141 -0.123013
0.024443 -0.982051 0.187025 182.301559 -0.056889 -0.188144 -0.980493 24.854479 0.998081 0.013326 -0.060467 -0.115809
0.023531 -0.982263 0.186026 182.881836 -0.054857 -0.187065 -0.980815 24.965578 0.998217 0.012875 -0.058287 -0.110277
0.023035 -0.982514 0.184758 183.464401 -0.054223 -0.185763 -0.981097 25.076012 0.998263 0.012581 -0.057555 -0.106551
0.023565 -0.982757 0.183389 184.046127 -0.054165 -0.184427 -0.981353 25.186220 0.998253 0.013193 -0.057577 -0.101540
0.023166 -0.983041 0.181912 184.629868 -0.054587 -0.182934 -0.981609 25.296934 0.998240 0.012810 -0.057898 -0.096800
0.022223 -0.983345 0.180386 185.214752 -0.054377 -0.181353 -0.981914 25.407160 0.998273 0.012013 -0.057501 -0.092170
0.021787 -0.983646 0.178790 185.799301 -0.053648 -0.179724 -0.982253 25.516638 0.998323 0.011809 -0.056687 -0.088212
0.021736 -0.983911 0.177335 186.384933 -0.052242 -0.178253 -0.982597 25.625267 0.998398 0.012094 -0.055275 -0.085579
0.021967 -0.984139 0.176032 186.969971 -0.051069 -0.176949 -0.982895 25.733603 0.998453 0.012601 -0.054147 -0.081655
0.022843 -0.984341 0.174787 187.554565 -0.050625 -0.175748 -0.983133 25.841734 0.998456 0.013609 -0.053848 -0.075365
0.024086 -0.984562 0.173373 188.139587 -0.051246 -0.174411 -0.983339 25.950239 0.998395 0.014799 -0.054655 -0.068178
0.024853 -0.984770 0.172074 188.723953 -0.052052 -0.173168 -0.983516 26.058378 0.998335 0.015487 -0.055564 -0.062896
0.024524 -0.985026 0.170654 189.308975 -0.052241 -0.171735 -0.983757 26.166193 0.998334 0.015210 -0.055670 -0.059501
0.024780 -0.985293 0.169065 189.893921 -0.052220 -0.170162 -0.984031 26.273226 0.998328 0.015556 -0.055669 -0.055000
0.025706 -0.985503 0.167696 190.476669 -0.052198 -0.168846 -0.984259 26.378973 0.998306 0.016548 -0.055782 -0.049481
0.026283 -0.985693 0.166487 191.059525 -0.053262 -0.167689 -0.984400 26.485146 0.998234 0.017006 -0.056908 -0.043591
0.026525 -0.985845 0.165545 191.640945 -0.054790 -0.166788 -0.984470 26.591034 0.998145 0.017043 -0.058439 -0.037991
0.026798 -0.985885 0.165268 192.221008 -0.056020 -0.166549 -0.984440 26.695940 0.998070 0.017123 -0.059693 -0.033199
0.027296 -0.985763 0.165906 192.799347 -0.056949 -0.167231 -0.984271 26.800268 0.998004 0.017418 -0.060704 -0.028817
0.028467 -0.985582 0.166787 193.375931 -0.056348 -0.168172 -0.984146 26.903954 0.998005 0.018618 -0.060324 -0.024590
0.030037 -0.985363 0.167800 193.950806 -0.054646 -0.169244 -0.984058 27.006771 0.998054 0.020389 -0.058929 -0.020551
0.030036 -0.985262 0.168393 194.528992 -0.055096 -0.169846 -0.983930 27.115799 0.998030 0.020275 -0.059384 -0.026444
0.030125 -0.985224 0.168604 195.097870 -0.057213 -0.170103 -0.983764 27.222744 0.997907 0.019989 -0.061493 -0.026520
0.029099 -0.985139 0.169276 195.658035 -0.059506 -0.170755 -0.983515 27.325872 0.997804 0.018546 -0.063590 -0.031761
0.028485 -0.985057 0.169858 196.208191 -0.060582 -0.171316 -0.983352 27.429684 0.997757 0.017720 -0.064557 -0.029559
0.028687 -0.984862 0.170947 196.738281 -0.059345 -0.172394 -0.983239 27.525763 0.997826 0.018061 -0.063393 -0.036087
0.028632 -0.984697 0.171905 197.260666 -0.058035 -0.173323 -0.983154 27.620979 0.997903 0.018173 -0.062109 -0.041556
0.028281 -0.984541 0.172858 197.774445 -0.057516 -0.174244 -0.983022 27.714970 0.997944 0.017859 -0.061555 -0.046303
0.028797 -0.984330 0.173973 198.279312 -0.058070 -0.175399 -0.982783 27.808153 0.997897 0.018197 -0.062210 -0.049337
0.030151 -0.984103 0.175024 198.776794 -0.058273 -0.176536 -0.982568 27.900421 0.997846 0.019425 -0.062669 -0.051810
0.029611 -0.984000 0.175692 199.272064 -0.058443 -0.177173 -0.982443 27.992897 0.997852 0.018823 -0.062754 -0.056855
0.026663 -0.983976 0.176293 199.767654 -0.057791 -0.177578 -0.982408 28.084940 0.997972 0.016006 -0.061600 -0.064236
0.024569 -0.983893 0.177065 200.260437 -0.056864 -0.178207 -0.982348 28.176039 0.998079 0.014066 -0.060327 -0.070024
0.024825 -0.983757 0.177784 200.750473 -0.056367 -0.178933 -0.982245 28.267344 0.998101 0.014363 -0.059894 -0.073877
0.025075 -0.983676 0.178196 201.238785 -0.056658 -0.179364 -0.982150 28.359238 0.998078 0.014531 -0.060231 -0.078002
0.024359 -0.983623 0.178583 201.722687 -0.056988 -0.179711 -0.982067 28.448650 0.998078 0.013745 -0.060432 -0.080445
0.024165 -0.983539 0.179073 202.199112 -0.056685 -0.180185 -0.981998 28.536356 0.998099 0.013579 -0.060106 -0.081586
0.024295 -0.983311 0.180305 202.645691 -0.054947 -0.181399 -0.981873 28.608776 0.998194 0.013947 -0.058437 -0.088403
0.024201 -0.983246 0.180669 203.074539 -0.053402 -0.181735 -0.981896 28.674837 0.998280 0.014115 -0.056905 -0.097479
0.022889 -0.983201 0.181084 203.503052 -0.052938 -0.182071 -0.981859 28.740950 0.998335 0.012888 -0.056215 -0.106669
0.022068 -0.983118 0.181641 203.928635 -0.054082 -0.182592 -0.981700 28.807444 0.998293 0.011841 -0.057199 -0.113796
0.023316 -0.983006 0.182086 204.341461 -0.056392 -0.183140 -0.981469 28.883636 0.998137 0.012616 -0.059704 -0.109003
0.024382 -0.982894 0.182550 204.753189 -0.057788 -0.183685 -0.981285 28.959400 0.998032 0.013376 -0.061278 -0.105274
0.024627 -0.982856 0.182721 205.163544 -0.056873 -0.183859 -0.981306 29.034197 0.998078 0.013775 -0.060425 -0.104428
0.023826 -0.982910 0.182535 205.573715 -0.053641 -0.183580 -0.981540 29.107576 0.998276 0.013595 -0.057099 -0.105647
0.025109 -0.982943 0.182183 205.979095 -0.053309 -0.183298 -0.981611 29.180481 0.998263 0.014935 -0.057003 -0.089934
0.025287 -0.982997 0.181870 206.384109 -0.053596 -0.183001 -0.981650 29.251934 0.998242 0.015075 -0.057312 -0.073882
0.025582 -0.983079 0.181385 206.788086 -0.056380 -0.182575 -0.981574 29.324564 0.998081 0.014885 -0.060097 -0.056288
0.026126 -0.983193 0.180690 207.190094 -0.059731 -0.181964 -0.981489 29.397579 0.997872 0.014850 -0.063481 -0.039028
0.026414 -0.983342 0.179838 207.590836 -0.060756 -0.181147 -0.981578 29.469181 0.997803 0.015001 -0.064528 -0.024121
0.026183 -0.983494 0.179036 207.990784 -0.059362 -0.180311 -0.981817 29.539003 0.997893 0.015079 -0.063103 -0.011101
0.026052 -0.983521 0.178903 208.380905 -0.058143 -0.180151 -0.981919 29.604046 0.997968 0.015179 -0.061879 -0.009112
0.025610 -0.983640 0.178314 208.770966 -0.057463 -0.179527 -0.982074 29.668262 0.998019 0.014904 -0.061121 -0.006164
0.026690 -0.983727 0.177679 209.158081 -0.058312 -0.178972 -0.982125 29.732693 0.997941 0.015852 -0.062140 -0.000655
0.028749 -0.983765 0.177142 209.543564 -0.059303 -0.178582 -0.982136 29.796570 0.997826 0.017730 -0.063474 0.005052
0.030214 -0.983792 0.176751 209.927902 -0.060337 -0.178304 -0.982124 29.860115 0.997720 0.019008 -0.064747 0.009157
0.030384 -0.983879 0.176239 210.312927 -0.061611 -0.177828 -0.982131 29.923779 0.997638 0.018983 -0.066021 0.012242
0.030210 -0.984020 0.175481 210.697296 -0.062850 -0.177083 -0.982187 29.987114 0.997566 0.018643 -0.067196 0.015592
0.031476 -0.984138 0.174589 211.079773 -0.063828 -0.176298 -0.982266 30.049595 0.997465 0.019773 -0.068366 0.020500
0.033101 -0.984184 0.174026 211.461456 -0.064396 -0.175859 -0.982307 30.111048 0.997375 0.021309 -0.069198 0.025388
0.033317 -0.984247 0.173634 211.834717 -0.063373 -0.175460 -0.982444 30.174141 0.997434 0.021728 -0.068220 0.027562
0.032524 -0.984346 0.173223 212.215805 -0.061613 -0.174960 -0.982646 30.234861 0.997570 0.021286 -0.066338 0.026901
0.031302 -0.984486 0.172650 212.597610 -0.060402 -0.174281 -0.982841 30.295300 0.997683 0.020336 -0.064921 0.025944
0.030513 -0.984608 0.172094 212.979858 -0.061138 -0.173691 -0.982901 30.356169 0.997663 0.019470 -0.065497 0.027627
0.030786 -0.984678 0.171647 213.360901 -0.062856 -0.173295 -0.982862 30.417225 0.997547 0.019469 -0.067229 0.031087
0.030783 -0.984728 0.171354 213.742416 -0.064932 -0.173043 -0.982771 30.478342 0.997415 0.019126 -0.069268 0.033400
0.030659 -0.984834 0.170770 214.124161 -0.065858 -0.172469 -0.982811 30.539585 0.997358 0.018886 -0.070147 0.035498
0.031117 -0.984986 0.169804 214.505783 -0.064641 -0.171513 -0.983059 30.599468 0.997423 0.019614 -0.069007 0.036899
0.032436 -0.985114 0.168813 214.887253 -0.061984 -0.170559 -0.983396 30.658026 0.997549 0.021434 -0.066593 0.037988
0.033144 -0.985036 0.169137 215.249771 -0.061511 -0.170919 -0.983363 30.714729 0.997556 0.022188 -0.066256 0.037349
0.033690 -0.985088 0.168721 215.612885 -0.062007 -0.170552 -0.983396 30.771376 0.997507 0.022669 -0.066828 0.037171
0.033650 -0.985182 0.168179 215.976654 -0.063252 -0.170035 -0.983406 30.828712 0.997430 0.022455 -0.068036 0.036970
0.033070 -0.985316 0.167511 216.341476 -0.063738 -0.169341 -0.983494 30.885735 0.997419 0.021848 -0.068403 0.035485
0.032507 -0.985450 0.166829 216.706024 -0.063720 -0.168620 -0.983619 30.941868 0.997438 0.021345 -0.068274 0.033740
0.032310 -0.985548 0.166288 217.070953 -0.063449 -0.168062 -0.983733 30.997295 0.997462 0.021233 -0.067962 0.031787
0.031883 -0.985648 0.165777 217.435944 -0.063128 -0.167515 -0.983847 31.052467 0.997495 0.020903 -0.067563 0.028877
0.030646 -0.985758 0.165355 217.802292 -0.062746 -0.167004 -0.983958 31.107386 0.997559 0.019779 -0.066970 0.025706
0.029250 -0.985842 0.165111 218.168350 -0.062595 -0.166663 -0.984025 31.161909 0.997610 0.018448 -0.066584 0.023597
0.028865 -0.985835 0.165215 218.533936 -0.062863 -0.166747 -0.983994 31.216330 0.997605 0.018017 -0.066786 0.023090
0.029631 -0.985732 0.165694 218.897842 -0.062799 -0.167276 -0.983908 31.269987 0.997586 0.018749 -0.066860 0.023227
0.030100 -0.985548 0.166697 219.261368 -0.062412 -0.168300 -0.983758 31.322971 0.997596 0.019206 -0.066575 0.022759
0.029174 -0.985400 0.167740 219.625961 -0.061762 -0.169268 -0.983633 31.376141 0.997665 0.018337 -0.065798 0.020828
0.027572 -0.985289 0.168658 219.990433 -0.060936 -0.170065 -0.983547 31.429155 0.997761 0.016842 -0.064728 0.017862
0.026457 -0.985168 0.169543 220.353363 -0.060330 -0.170867 -0.983445 31.481985 0.997827 0.015790 -0.063955 0.016143
0.026610 -0.985050 0.170202 220.713394 -0.060063 -0.171530 -0.983346 31.534374 0.997840 0.015944 -0.063729 0.016087
0.028709 -0.984921 0.170610 221.067276 -0.060374 -0.172077 -0.983232 31.586079 0.997763 0.017927 -0.064404 0.017817
0.031354 -0.984784 0.170929 221.414246 -0.061460 -0.172588 -0.983075 31.637110 0.997617 0.020318 -0.065937 0.019212
0.032060 -0.984686 0.171366 221.753983 -0.062238 -0.173088 -0.982938 31.686594 0.997546 0.020848 -0.066833 0.019501
0.029477 -0.984678 0.171874 222.048096 -0.061454 -0.173409 -0.982930 31.736803 0.997674 0.018412 -0.065623 0.016147
0.028524 -0.984623 0.172350 222.322495 -0.057976 -0.173760 -0.983079 31.782850 0.997910 0.018049 -0.062042 0.012548
0.029119 -0.984494 0.172988 222.577255 -0.055468 -0.174386 -0.983114 31.825964 0.998036 0.019031 -0.059686 0.010780
0.032042 -0.984401 0.172996 222.812973 -0.052951 -0.174514 -0.983230 31.869654 0.998082 0.022345 -0.057717 0.008195
0.033042 -0.984414 0.172739 223.026321 -0.053524 -0.174328 -0.983232 31.910606 0.998020 0.023241 -0.058449 0.007537
0.030774 -0.984385 0.173319 223.222580 -0.054882 -0.174804 -0.983073 31.942480 0.998019 0.020740 -0.059405 0.006308
0.028094 -0.984515 0.173033 223.401657 -0.055772 -0.174376 -0.983098 31.977291 0.998048 0.017968 -0.059807 0.005215
0.025399 -0.984583 0.173064 223.572937 -0.056153 -0.174251 -0.983099 32.010445 0.998099 0.015252 -0.059714 0.003482
0.023317 -0.984573 0.173416 223.737167 -0.056047 -0.174478 -0.983064 32.041515 0.998156 0.013203 -0.059251 0.001800
0.021697 -0.984566 0.173665 223.895966 -0.056337 -0.174634 -0.983020 32.071693 0.998176 0.011545 -0.059257 0.000189
0.020640 -0.984615 0.173510 224.050858 -0.057284 -0.174426 -0.983002 32.101810 0.998145 0.010350 -0.060003 0.000654
0.021523 -0.984490 0.174116 224.175980 -0.057297 -0.175085 -0.982885 32.120296 0.998125 0.011179 -0.060176 0.003419
0.022608 -0.984390 0.174540 224.302780 -0.057408 -0.175576 -0.982791 32.138680 0.998095 0.012199 -0.060481 0.006691
0.023783 -0.984355 0.174583 224.426804 -0.057754 -0.175694 -0.982749 32.156788 0.998047 0.013290 -0.061028 0.009751
0.024614 -0.984352 0.174483 224.548859 -0.058393 -0.175654 -0.982719 32.174633 0.997990 0.014001 -0.061803 0.012221
0.024760 -0.984348 0.174485 224.669571 -0.058731 -0.175669 -0.982696 32.191849 0.997967 0.014084 -0.062161 0.013491
0.022702 -0.984478 0.174037 224.781677 -0.057439 -0.175079 -0.982878 32.216057 0.998090 0.012317 -0.060523 0.005028
0.021225 -0.984537 0.173887 224.892532 -0.055899 -0.174823 -0.983012 32.240288 0.998211 0.011144 -0.058746 -0.004014
0.021211 -0.984602 0.173521 224.995422 -0.054693 -0.174442 -0.983147 32.265152 0.998278 0.011363 -0.057551 -0.001958
0.021684 -0.984664 0.173109 225.104019 -0.054826 -0.174060 -0.983207 32.284870 0.998260 0.011828 -0.057760 -0.001356
0.021551 -0.984745 0.172667 225.205231 -0.054981 -0.173614 -0.983278 32.305740 0.998255 0.011698 -0.057884 -0.001366
0.020960 -0.984755 0.172681 225.304352 -0.055149 -0.173596 -0.983271 32.326191 0.998258 0.011086 -0.057948 -0.003407
0.018261 -0.984766 0.172923 225.401688 -0.053903 -0.173670 -0.983327 32.341438 0.998380 0.008637 -0.056253 -0.014540
0.017167 -0.984703 0.173391 225.496735 -0.053390 -0.174072 -0.983284 32.357903 0.998426 0.007623 -0.055560 -0.019140
0.018854 -0.984936 0.171892 225.566803 -0.052990 -0.172664 -0.983554 32.377411 0.998417 0.009435 -0.055447 -0.010307
0.019988 -0.984997 0.171408 225.629578 -0.052120 -0.172236 -0.983676 32.394478 0.998440 0.010728 -0.054781 -0.000588
0.020520 -0.984939 0.171679 225.686020 -0.050762 -0.172521 -0.983697 32.405552 0.998500 0.011470 -0.053538 0.004258
0.020715 -0.985084 0.170827 225.736710 -0.050029 -0.171671 -0.983883 32.428886 0.998533 0.011834 -0.052839 0.005779
0.019836 -0.985266 0.169873 225.786636 -0.049725 -0.170668 -0.984074 32.454247 0.998566 0.011072 -0.052377 -0.001139
0.020040 -0.985269 0.169831 225.828674 -0.049813 -0.170638 -0.984074 32.459137 0.998557 0.011261 -0.052499 0.002378
0.020515 -0.985198 0.170183 225.874313 -0.049350 -0.171010 -0.984032 32.458256 0.998571 0.011788 -0.052128 0.002972
0.020615 -0.985159 0.170401 225.915115 -0.048848 -0.171225 -0.984020 32.461079 0.998593 0.011961 -0.051653 0.002571
0.020626 -0.985113 0.170667 225.940094 -0.048450 -0.171488 -0.983994 32.460136 0.998613 0.012027 -0.051265 0.005266
0.020430 -0.985143 0.170519 225.960922 -0.048027 -0.171325 -0.984044 32.464260 0.998637 0.011914 -0.050814 0.005710
0.019928 -0.985218 0.170144 225.975647 -0.047524 -0.170919 -0.984139 32.469654 0.998671 0.011527 -0.050228 0.005830
0.019507 -0.985322 0.169583 225.999619 -0.047029 -0.170332 -0.984264 32.480579 0.998702 0.011224 -0.049661 0.002129
0.018907 -0.985434 0.169002 226.021164 -0.046855 -0.169720 -0.984378 32.490936 0.998723 0.010693 -0.049382 -0.003215
0.018978 -0.985434 0.168999 226.035355 -0.046473 -0.169716 -0.984397 32.491993 0.998739 0.010828 -0.049018 -0.000527
0.019100 -0.985403 0.169161 226.047470 -0.045959 -0.169878 -0.984393 32.490738 0.998760 0.011028 -0.048533 0.003086
0.019247 -0.985364 0.169373 226.057739 -0.045532 -0.170093 -0.984375 32.486538 0.998777 0.011234 -0.048140 0.008028
0.019234 -0.985343 0.169496 226.067841 -0.045102 -0.170210 -0.984375 32.483795 0.998797 0.011289 -0.047715 0.012210
0.019175 -0.985286 0.169835 226.080658 -0.044913 -0.170544 -0.984326 32.481476 0.998806 0.011246 -0.047523 0.015793
0.018823 -0.985293 0.169832 226.098511 -0.044952 -0.170524 -0.984327 32.485161 0.998811 0.010894 -0.047500 0.016423
0.018730 -0.985308 0.169757 226.117737 -0.045296 -0.170448 -0.984325 32.489143 0.998798 0.010748 -0.047824 0.017212
0.018368 -0.985367 0.169450 226.140030 -0.045140 -0.170123 -0.984388 32.496632 0.998811 0.010433 -0.047604 0.015648
0.018412 -0.985416 0.169163 226.165695 -0.044836 -0.169835 -0.984452 32.504734 0.998824 0.010541 -0.047309 0.016413
0.017637 -0.985510 0.168697 226.193130 -0.044232 -0.169327 -0.984567 32.515324 0.998866 0.009902 -0.046578 0.010601
0.017637 -0.985484 0.168850 226.226685 -0.044431 -0.169482 -0.984531 32.519806 0.998857 0.009861 -0.046775 0.008520
0.017986 -0.985462 0.168944 226.265213 -0.044877 -0.169597 -0.984491 32.524498 0.998831 0.010125 -0.047275 0.012482
0.018161 -0.985394 0.169316 226.307693 -0.046148 -0.169989 -0.984364 32.524250 0.998770 0.010063 -0.048561 0.018770
0.018096 -0.985414 0.169212 226.351639 -0.047321 -0.169895 -0.984326 32.533783 0.998715 0.009805 -0.049705 0.021427
0.018076 -0.985395 0.169322 226.395844 -0.048487 -0.170015 -0.984248 32.534348 0.998660 0.009581 -0.050852 0.026069
0.016011 -0.985558 0.168579 226.447205 -0.047661 -0.169162 -0.984435 32.556587 0.998735 0.007727 -0.049680 0.012728
0.015789 -0.985530 0.168769 226.497681 -0.047617 -0.169340 -0.984407 32.579865 0.998741 0.007506 -0.049601 0.000554
0.016071 -0.985518 0.168807 226.549973 -0.046689 -0.169385 -0.984443 32.603241 0.998781 0.007939 -0.048734 -0.012118
0.017571 -0.985475 0.168910 226.615875 -0.046583 -0.169560 -0.984418 32.606236 0.998760 0.009428 -0.048886 -0.005511
0.018997 -0.985375 0.169336 226.681870 -0.046883 -0.170058 -0.984318 32.603874 0.998719 0.010759 -0.049428 0.004529
0.019917 -0.985366 0.169281 226.748566 -0.048348 -0.170066 -0.984246 32.605904 0.998632 0.011419 -0.051028 0.011639
0.020192 -0.985431 0.168868 226.822113 -0.049757 -0.169683 -0.984241 32.619366 0.998557 0.011471 -0.052458 0.011995
0.019466 -0.985493 0.168596 226.897644 -0.049567 -0.169371 -0.984305 32.636589 0.998581 0.010802 -0.052145 0.012750
0.019006 -0.985551 0.168310 226.974762 -0.048847 -0.169055 -0.984396 32.652248 0.998625 0.010489 -0.051355 0.013674
0.019584 -0.985527 0.168385 227.050522 -0.048365 -0.169154 -0.984403 32.654846 0.998637 0.011134 -0.050977 0.020826
0.020853 -0.985510 0.168332 227.132050 -0.048765 -0.169171 -0.984379 32.657887 0.998593 0.012319 -0.051587 0.028159
0.021798 -0.985561 0.167908 227.221771 -0.049298 -0.168803 -0.984416 32.671829 0.998546 0.013181 -0.052265 0.029972
0.022146 -0.985632 0.167445 227.313431 -0.049385 -0.168360 -0.984488 32.686073 0.998534 0.013533 -0.052404 0.031273
0.021991 -0.985668 0.167261 227.406616 -0.048404 -0.168155 -0.984571 32.699738 0.998586 0.013555 -0.051409 0.031370
0.020933 -0.985616 0.167702 227.504349 -0.048795 -0.168546 -0.984485 32.704849 0.998590 0.012426 -0.051620 0.026258
0.020166 -0.985689 0.167365 227.602692 -0.049667 -0.168181 -0.984504 32.709682 0.998562 0.011542 -0.052347 0.021790
0.019260 -0.985798 0.166830 227.702118 -0.051825 -0.167621 -0.984488 32.715778 0.998470 0.010316 -0.054317 0.018224
0.019495 -0.985877 0.166334 227.803024 -0.051664 -0.167137 -0.984579 32.733009 0.998474 0.010602 -0.054193 0.020589
0.019353 -0.985984 0.165713 227.907013 -0.049134 -0.166482 -0.984819 32.751862 0.998605 0.010916 -0.051667 0.016373
0.019401 -0.986077 0.165154 228.009628 -0.046429 -0.165896 -0.985049 32.770718 0.998733 0.011443 -0.049002 0.011968
0.019664 -0.986182 0.164496 228.106125 -0.043971 -0.165222 -0.985276 32.788601 0.998839 0.012141 -0.046612 0.008307
0.019723 -0.986221 0.164258 228.177765 -0.043719 -0.164984 -0.985327 32.799847 0.998850 0.012252 -0.046371 0.008973
0.019173 -0.986425 0.163085 228.235077 -0.043730 -0.163786 -0.985526 32.814903 0.998860 0.011763 -0.046276 0.004157
0.019616 -0.986492 0.162634 228.273163 -0.044024 -0.163360 -0.985584 32.821075 0.998838 0.012173 -0.046634 0.006984
0.019585 -0.986503 0.162568 228.296265 -0.043997 -0.163292 -0.985596 32.824524 0.998840 0.012149 -0.046602 0.006884
0.019933 -0.986501 0.162537 228.299667 -0.044010 -0.163278 -0.985598 32.824596 0.998832 0.012493 -0.046671 0.007044
0.019389 -0.986494 0.162645 228.290375 -0.043917 -0.163358 -0.985588 32.823425 0.998847 0.011967 -0.046491 0.007416
0.017020 -0.986526 0.162717 228.290085 -0.044158 -0.163324 -0.985583 32.823895 0.998880 0.009589 -0.046343 0.006916
0.015449 -0.986568 0.162617 228.296463 -0.044545 -0.163154 -0.985594 32.825180 0.998888 0.007983 -0.046468 0.006707
0.016227 -0.986565 0.162560 228.294434 -0.044361 -0.163132 -0.985606 32.825634 0.998884 0.008782 -0.046412 0.005582
0.016803 -0.986540 0.162651 228.292374 -0.044371 -0.163250 -0.985587 32.825054 0.998874 0.009344 -0.046516 0.005440
0.016558 -0.986554 0.162595 228.293976 -0.044371 -0.163182 -0.985598 32.825783 0.998878 0.009105 -0.046476 0.005303
0.017070 -0.986559 0.162511 228.294937 -0.044068 -0.163119 -0.985622 32.826492 0.998883 0.009663 -0.046261 0.005972
0.017061 -0.986561 0.162501 228.293716 -0.044122 -0.163110 -0.985620 32.826687 0.998880 0.009645 -0.046312 0.005872
0.016672 -0.986561 0.162543 228.293732 -0.044271 -0.163135 -0.985610 32.826324 0.998880 0.009235 -0.046396 0.005251
0.017080 -0.986551 0.162560 228.294205 -0.044094 -0.163169 -0.985612 32.825851 0.998881 0.009666 -0.046288 0.005871
0.017045 -0.986551 0.162558 228.294556 -0.044101 -0.163166 -0.985612 32.825966 0.998882 0.009631 -0.046290 0.005801
0.016806 -0.986552 0.162583 228.294632 -0.044159 -0.163180 -0.985608 32.826080 0.998883 0.009384 -0.046308 0.005171
0.016970 -0.986545 0.162611 228.294464 -0.044083 -0.163214 -0.985605 32.825516 0.998883 0.009558 -0.046260 0.005584
0.016966 -0.986549 0.162587 228.294983 -0.044047 -0.163190 -0.985610 32.825886 0.998885 0.009561 -0.046223 0.005462
0.016903 -0.986557 0.162540 228.294266 -0.044037 -0.163139 -0.985620 32.826355 0.998887 0.009502 -0.046203 0.005494
0.016862 -0.986571 0.162464 228.293976 -0.044074 -0.163062 -0.985631 32.827225 0.998886 0.009460 -0.046231 0.005589
0.016816 -0.986546 0.162617 228.295120 -0.043955 -0.163212 -0.985611 32.825649 0.998892 0.009426 -0.046109 0.004315
0.016807 -0.986551 0.162587 228.295395 -0.043966 -0.163182 -0.985616 32.826145 0.998892 0.009416 -0.046117 0.004360
0.016676 -0.986545 0.162635 228.295212 -0.043937 -0.163224 -0.985610 32.825672 0.998895 0.009290 -0.046067 0.003927
0.016770 -0.986544 0.162638 228.295654 -0.043957 -0.163232 -0.985608 32.825577 0.998893 0.009379 -0.046103 0.004200
0.016837 -0.986549 0.162595 228.296402 -0.043925 -0.163192 -0.985616 32.826183 0.998893 0.009452 -0.046082 0.004316
0.016737 -0.986542 0.162648 228.296936 -0.043884 -0.163238 -0.985610 32.826057 0.998896 0.009359 -0.046026 0.003730
0.016691 -0.986539 0.162675 228.297958 -0.043962 -0.163264 -0.985603 32.826260 0.998893 0.009299 -0.046095 0.003202
0.016801 -0.986538 0.162667 228.298035 -0.043770 -0.163260 -0.985612 32.826080 0.998901 0.009439 -0.045923 0.003835
0.016793 -0.986536 0.162675 228.298233 -0.043799 -0.163268 -0.985609 32.826218 0.998899 0.009427 -0.045951 0.003888
0.016721 -0.986536 0.162690 228.298447 -0.043747 -0.163278 -0.985610 32.826195 0.998903 0.009364 -0.045889 0.003754
0.016765 -0.986527 0.162733 228.298080 -0.043719 -0.163323 -0.985604 32.825420 0.998903 0.009408 -0.045869 0.003418
0.016811 -0.986536 0.162678 228.297546 -0.043872 -0.163272 -0.985605 32.825871 0.998896 0.009432 -0.046026 0.003932
0.016752 -0.986531 0.162714 228.296646 -0.043860 -0.163306 -0.985600 32.825111 0.998897 0.009375 -0.046006 0.003981
0.016879 -0.986532 0.162699 228.296387 -0.043964 -0.163297 -0.985596 32.825336 0.998890 0.009483 -0.046128 0.004558
0.016774 -0.986532 0.162700 228.296402 -0.043957 -0.163294 -0.985597 32.825119 0.998893 0.009381 -0.046105 0.003646
0.016844 -0.986531 0.162706 228.295975 -0.043950 -0.163303 -0.985597 32.825089 0.998891 0.009450 -0.046109 0.004373
0.016860 -0.986524 0.162745 228.296326 -0.043737 -0.163339 -0.985599 32.824612 0.998900 0.009499 -0.045901 0.005249
0.016784 -0.986493 0.162942 228.295975 -0.043787 -0.163534 -0.985565 32.822075 0.998900 0.009407 -0.045941 0.004145
0.016833 -0.986495 0.162926 228.296082 -0.043800 -0.163520 -0.985567 32.822311 0.998898 0.009454 -0.045961 0.004249
0.016810 -0.986503 0.162876 228.296158 -0.043761 -0.163469 -0.985578 32.822823 0.998901 0.009440 -0.045919 0.004751
0.016870 -0.986503 0.162872 228.296143 -0.043713 -0.163466 -0.985580 32.822895 0.998901 0.009507 -0.045881 0.004723
0.016848 -0.986507 0.162850 228.296265 -0.043689 -0.163443 -0.985585 32.822933 0.998903 0.009490 -0.045853 0.004574
0.016818 -0.986510 0.162836 228.296204 -0.043756 -0.163430 -0.985584 32.823200 0.998901 0.009451 -0.045914 0.004520
0.016852 -0.986509 0.162836 228.296249 -0.043685 -0.163429 -0.985587 32.823040 0.998904 0.009495 -0.045849 0.004413
0.016830 -0.986510 0.162836 228.296371 -0.043706 -0.163429 -0.985586 32.823067 0.998903 0.009470 -0.045866 0.004357
0.016857 -0.986515 0.162796 228.295700 -0.043727 -0.163391 -0.985592 32.823460 0.998901 0.009495 -0.045892 0.004652
0.016852 -0.986515 0.162800 228.295792 -0.043724 -0.163394 -0.985591 32.823406 0.998901 0.009490 -0.045887 0.004622
0.016838 -0.986510 0.162833 228.295914 -0.043714 -0.163426 -0.985586 32.822998 0.998902 0.009477 -0.045876 0.004583
0.016867 -0.986515 0.162800 228.295822 -0.043679 -0.163394 -0.985594 32.823280 0.998903 0.009513 -0.045845 0.004599
0.016838 -0.986519 0.162783 228.295883 -0.043743 -0.163376 -0.985593 32.823494 0.998900 0.009475 -0.045905 0.004556
0.016861 -0.986513 0.162811 228.295837 -0.043699 -0.163406 -0.985590 32.823036 0.998902 0.009503 -0.045864 0.004760
0.016876 -0.986520 0.162767 228.295853 -0.043718 -0.163362 -0.985596 32.823677 0.998901 0.009516 -0.045886 0.004720
0.016858 -0.986523 0.162757 228.295517 -0.043728 -0.163351 -0.985598 32.823509 0.998901 0.009498 -0.045893 0.004942
0.016905 -0.986521 0.162755 228.295090 -0.043724 -0.163351 -0.985598 32.823517 0.998900 0.009545 -0.045895 0.005286
0.016916 -0.986523 0.162742 228.295181 -0.043752 -0.163340 -0.985599 32.823643 0.998899 0.009552 -0.045925 0.005289
0.016891 -0.986526 0.162732 228.294754 -0.043706 -0.163327 -0.985604 32.823536 0.998901 0.009534 -0.045876 0.005427
0.016945 -0.986529 0.162706 228.294952 -0.043764 -0.163306 -0.985604 32.823875 0.998898 0.009581 -0.045942 0.005555
0.016911 -0.986534 0.162684 228.294464 -0.043716 -0.163281 -0.985611 32.824001 0.998901 0.009556 -0.045888 0.005559
0.016933 -0.986527 0.162720 228.294510 -0.043727 -0.163317 -0.985604 32.823601 0.998900 0.009574 -0.045903 0.005699
0.016984 -0.986532 0.162685 228.294617 -0.043755 -0.163286 -0.985608 32.824074 0.998897 0.009622 -0.045940 0.005900
0.016940 -0.986535 0.162675 228.294296 -0.043721 -0.163273 -0.985612 32.824108 0.998900 0.009584 -0.045898 0.005934
0.016998 -0.986539 0.162641 228.294571 -0.043749 -0.163243 -0.985616 32.824585 0.998898 0.009638 -0.045935 0.006081
0.016958 -0.986535 0.162664 228.294708 -0.043714 -0.163263 -0.985614 32.824387 0.998900 0.009603 -0.045894 0.005894
0.016933 -0.986540 0.162645 228.294907 -0.043780 -0.163244 -0.985614 32.824436 0.998898 0.009569 -0.045954 0.005906
0.016777 -0.986552 0.162588 228.296066 -0.043722 -0.163180 -0.985627 32.824276 0.998903 0.009426 -0.045872 0.005130
0.016445 -0.986543 0.162670 228.297165 -0.043723 -0.163245 -0.985616 32.824013 0.998908 0.009097 -0.045820 0.004228
0.015905 -0.986551 0.162677 228.300430 -0.043768 -0.163229 -0.985617 32.824181 0.998915 0.008557 -0.045775 0.002445
0.015100 -0.986587 0.162532 228.306656 -0.043872 -0.163047 -0.985642 32.826046 0.998923 0.007752 -0.045745 0.001042
0.014770 -0.986594 0.162523 228.317551 -0.043799 -0.163023 -0.985649 32.826805 0.998931 0.007439 -0.045620 -0.000170
0.014781 -0.986631 0.162296 228.332306 -0.043494 -0.162795 -0.985701 32.829559 0.998944 0.007510 -0.045318 -0.000445
0.014623 -0.986658 0.162152 228.351913 -0.043281 -0.162642 -0.985736 32.831833 0.998956 0.007397 -0.045082 -0.001285
0.014511 -0.986701 0.161893 228.374619 -0.043017 -0.162376 -0.985791 32.835632 0.998969 0.007341 -0.044802 -0.001197
0.014349 -0.986757 0.161565 228.402252 -0.042668 -0.162040 -0.985861 32.840076 0.998986 0.007252 -0.044428 -0.002323
0.014088 -0.986826 0.161175 228.432251 -0.042162 -0.161634 -0.985949 32.845375 0.999011 0.007095 -0.043884 -0.001755
0.013815 -0.986897 0.160763 228.466019 -0.041703 -0.161207 -0.986039 32.850834 0.999035 0.006917 -0.043383 -0.001962
0.013571 -0.987004 0.160125 228.503311 -0.041116 -0.160555 -0.986170 32.857170 0.999062 0.006800 -0.042760 -0.002834
0.013521 -0.987080 0.159658 228.544556 -0.040916 -0.160085 -0.986255 32.862961 0.999071 0.006802 -0.042552 -0.000774
