1.000000 0.000000 0.000000 0.000000 0.000000 1.000000 -0.000000 0.000000 0.000000 -0.000000 1.000000 0.000000
0.999997 -0.001327 -0.002181 0.022212 0.001329 0.999998 0.001231 0.003829 0.002179 -0.001233 0.999997 1.590266
0.999994 -0.002583 -0.002445 0.003807 0.002587 0.999996 0.001583 0.006943 0.002441 -0.001590 0.999996 3.148802
0.999986 -0.001492 -0.005198 0.019148 0.001500 0.999998 0.001596 -0.010997 0.005195 -0.001604 0.999985 4.694898
0.999975 -0.001954 -0.006838 0.041827 0.001970 0.999996 0.002358 -0.033206 0.006834 -0.002372 0.999973 6.206512
0.999961 -0.002178 -0.008540 0.051276 0.002202 0.999994 0.002805 -0.050619 0.008533 -0.002825 0.999960 7.759216
0.999909 -0.002343 -0.013338 0.125767 0.002415 0.999983 0.005382 -0.106980 0.013326 -0.005413 0.999897 9.324360
0.999889 -0.003816 -0.014403 0.104833 0.003914 0.999970 0.006708 -0.144820 0.014376 -0.006764 0.999874 10.858953
0.999890 -0.004789 -0.014008 0.051145 0.004871 0.999972 0.005773 -0.132882 0.013980 -0.005840 0.999885 12.388743
0.999844 -0.005344 -0.016862 0.074062 0.005457 0.999964 0.006638 -0.150111 0.016825 -0.006729 0.999836 13.948649
0.999821 -0.004865 -0.018279 0.104519 0.004993 0.999963 0.006908 -0.170780 0.018245 -0.006998 0.999809 15.512897
0.999802 -0.004259 -0.019439 0.134572 0.004402 0.999963 0.007318 -0.192023 0.019408 -0.007403 0.999784 17.077715
0.999819 -0.003611 -0.018711 0.099645 0.003785 0.999950 0.009267 -0.211616 0.018676 -0.009336 0.999782 18.596340
0.999826 -0.003101 -0.018376 0.066175 0.003285 0.999946 0.009936 -0.207343 0.018344 -0.009996 0.999782 20.113543
0.999810 -0.002670 -0.019308 0.034818 0.002878 0.999938 0.010729 -0.198493 0.019278 -0.010782 0.999756 21.637087
0.999789 -0.002315 -0.020432 0.001441 0.002541 0.999937 0.010985 -0.192153 0.020406 -0.011035 0.999730 23.159332
0.999773 -0.001688 -0.021253 -0.033442 0.001930 0.999934 0.011358 -0.184386 0.021233 -0.011397 0.999709 24.682739
0.999776 -0.000772 -0.021154 -0.067293 0.001024 0.999928 0.011924 -0.170416 0.021145 -0.011942 0.999705 26.141953
0.999768 -0.000112 -0.021554 -0.103481 0.000382 0.999922 0.012481 -0.154512 0.021552 -0.012486 0.999689 27.582613
0.999813 0.000246 -0.019387 -0.168054 -0.000036 0.999941 0.010800 -0.148898 0.019389 -0.010798 0.999753 29.059271
0.999802 0.000214 -0.019867 -0.244881 -0.000022 0.999953 0.009666 -0.146921 0.019869 -0.009665 0.999756 30.547096
0.999795 -0.000584 -0.020246 -0.318868 0.000806 0.999939 0.010956 -0.145570 0.020239 -0.010970 0.999735 32.036777
0.999788 -0.000758 -0.020609 -0.383702 0.001036 0.999910 0.013390 -0.144954 0.020598 -0.013409 0.999698 33.523205
0.999775 -0.001482 -0.021170 -0.442912 0.001782 0.999898 0.014164 -0.143311 0.021147 -0.014198 0.999676 35.003139
0.999768 -0.000918 -0.021530 -0.497250 0.001204 0.999912 0.013256 -0.141711 0.021515 -0.013279 0.999680 36.480865
0.999772 0.000280 -0.021326 -0.527693 -0.000035 0.999935 0.011492 -0.123799 0.021328 -0.011488 0.999707 37.871758
0.999768 0.001039 -0.021544 -0.544052 -0.000825 0.999951 0.009930 -0.110083 0.021553 -0.009910 0.999719 39.238918
0.999789 0.001936 -0.020437 -0.573867 -0.001741 0.999953 0.009553 -0.092325 0.020455 -0.009516 0.999745 40.600662
0.999809 0.002560 -0.019409 -0.611432 -0.002337 0.999931 0.011451 -0.070912 0.019437 -0.011404 0.999746 41.962582
0.999834 0.002485 -0.018088 -0.643324 -0.002239 0.999905 0.013597 -0.050435 0.018120 -0.013555 0.999744 43.311623
0.999863 0.002566 -0.016359 -0.671646 -0.002320 0.999885 0.014990 -0.029304 0.016396 -0.014951 0.999754 44.650543
0.999901 0.002909 -0.013742 -0.696176 -0.002690 0.999870 0.015929 -0.008043 0.013786 -0.015890 0.999779 45.978710
0.999942 0.002661 -0.010472 -0.717586 -0.002495 0.999874 0.015721 0.012022 0.010512 -0.015694 0.999821 47.298679
0.999972 0.002281 -0.007086 -0.730941 -0.002175 0.999889 0.014779 0.031151 0.007119 -0.014764 0.999866 48.609108
0.999992 0.002157 -0.003433 -0.737778 -0.002105 0.999891 0.014676 0.049886 0.003464 -0.014669 0.999887 49.913582
0.999997 0.002258 0.001033 -0.737360 -0.002273 0.999874 0.015684 0.067717 -0.000997 -0.015687 0.999877 51.212162
0.999957 0.004171 0.008306 -0.750507 -0.004296 0.999876 0.015218 0.069945 -0.008242 -0.015254 0.999850 52.434246
0.999872 0.005599 0.014967 -0.763475 -0.005820 0.999874 0.014772 0.068735 -0.014882 -0.014857 0.999779 53.638580
0.999723 0.006928 0.022503 -0.765956 -0.007275 0.999855 0.015411 0.066850 -0.022393 -0.015571 0.999628 54.841942
0.999466 0.009093 0.031403 -0.723537 -0.009610 0.999820 0.016358 0.066941 -0.031248 -0.016651 0.999373 56.017635
0.999033 0.011264 0.042499 -0.659212 -0.011986 0.999788 0.016797 0.065956 -0.042301 -0.017289 0.998955 57.180565
0.998353 0.013108 0.055841 -0.581000 -0.014066 0.999760 0.016808 0.063949 -0.055607 -0.017567 0.998298 58.331791
0.997369 0.014996 0.070933 -0.489884 -0.016259 0.999719 0.017267 0.062018 -0.070654 -0.018374 0.997331 59.477707
0.996028 0.016086 0.087572 -0.383299 -0.017738 0.999678 0.018119 0.060916 -0.087252 -0.019601 0.995993 60.619671
0.994260 0.015584 0.105845 -0.258010 -0.017612 0.999678 0.018253 0.060001 -0.105526 -0.020012 0.994215 61.754436
0.992017 0.014822 0.125233 -0.118999 -0.017145 0.999699 0.017502 0.062782 -0.124936 -0.019510 0.991973 62.879932
0.989263 0.013611 0.145512 0.031666 -0.016200 0.999730 0.016631 0.065774 -0.145247 -0.018810 0.989216 63.998573
0.985928 0.009152 0.166921 0.199402 -0.012166 0.999781 0.017045 0.066895 -0.166729 -0.018836 0.985823 65.113770
0.981923 0.004637 0.189227 0.385473 -0.008378 0.999785 0.018981 0.071106 -0.189097 -0.020223 0.981750 66.218765
0.977121 -0.001403 0.212678 0.593806 -0.002846 0.999802 0.019670 0.072856 -0.212664 -0.019825 0.976924 67.312248
0.971460 -0.007704 0.237078 0.828577 0.003431 0.999825 0.018433 0.075198 -0.237179 -0.017093 0.971316 68.391190
0.964789 -0.013542 0.262678 1.087676 0.009221 0.999802 0.017677 0.078887 -0.262865 -0.014633 0.964722 69.456482
0.956769 -0.019828 0.290172 1.441675 0.015022 0.999711 0.018782 0.080782 -0.290459 -0.013612 0.956791 70.486855
0.947422 -0.027139 0.318835 1.841346 0.021215 0.999532 0.022041 0.085738 -0.319283 -0.014118 0.947554 71.487579
0.936905 -0.033179 0.348006 2.232666 0.026809 0.999374 0.023106 0.085585 -0.348555 -0.012318 0.937208 72.421371
0.925476 -0.035108 0.377175 2.611995 0.028793 0.999335 0.022372 0.085751 -0.377710 -0.009844 0.925871 73.344406
0.912854 -0.036268 0.406674 3.010568 0.031697 0.999336 0.017976 0.087094 -0.407056 -0.003519 0.913397 74.255569
0.899183 -0.037947 0.435925 3.429706 0.035452 0.999275 0.013861 0.088534 -0.436135 0.002991 0.899876 75.153259
0.884184 -0.040101 0.465415 3.872521 0.038332 0.999177 0.013270 0.089664 -0.465563 0.006107 0.884993 76.040466
0.867501 -0.040677 0.495769 4.338148 0.036905 0.999167 0.017404 0.092122 -0.496063 0.003198 0.868280 76.916748
0.848923 -0.040679 0.526949 4.826397 0.033819 0.999171 0.022650 0.095248 -0.527433 -0.001407 0.849595 77.777229
0.828422 -0.039093 0.558740 5.337015 0.031085 0.999233 0.023825 0.100340 -0.559242 -0.002369 0.829001 78.618759
0.806684 -0.033787 0.590017 5.867345 0.028415 0.999427 0.018384 0.106005 -0.590301 0.001935 0.807181 79.434357
0.784074 -0.028973 0.619991 6.419638 0.026237 0.999564 0.013531 0.112757 -0.620113 0.005657 0.784492 80.229973
0.760780 -0.029187 0.648354 6.997598 0.026670 0.999551 0.013702 0.120100 -0.648462 0.006867 0.761216 81.004601
0.735977 -0.032449 0.676229 7.667992 0.028680 0.999449 0.016745 0.129136 -0.676399 0.007070 0.736502 81.709442
0.709664 -0.037338 0.703550 8.399558 0.034814 0.999233 0.017914 0.146220 -0.703679 0.011780 0.710420 82.322960
0.683135 -0.039705 0.729212 9.069214 0.039574 0.999067 0.017326 0.159715 -0.729219 0.017022 0.684068 82.971863
0.655665 -0.040979 0.753939 9.762584 0.042955 0.998933 0.016941 0.172497 -0.753829 0.021278 0.656726 83.594963
0.627368 -0.040626 0.777662 10.474790 0.043397 0.998910 0.017175 0.180721 -0.777512 0.022973 0.628448 84.208298
0.598246 -0.038811 0.800372 11.206280 0.044098 0.998907 0.015478 0.187066 -0.800098 0.026035 0.599304 84.800346
0.568151 -0.032348 0.822289 11.949948 0.043621 0.999006 0.009161 0.191691 -0.821767 0.030664 0.568997 85.374092
0.536974 -0.024486 0.843243 12.710550 0.043301 0.999061 0.001438 0.194588 -0.842487 0.035741 0.537530 85.927818
0.504956 -0.017854 0.862960 13.492333 0.042114 0.999105 -0.003972 0.195237 -0.862118 0.038348 0.505256 86.458954
0.471968 -0.015279 0.881483 14.296215 0.039822 0.999199 -0.004001 0.193828 -0.880716 0.036990 0.472199 86.972633
0.438436 -0.016613 0.898609 15.118768 0.036271 0.999341 0.000779 0.192195 -0.898030 0.032252 0.438750 87.469215
0.403857 -0.017686 0.914652 15.959084 0.031800 0.999481 0.005286 0.190736 -0.914270 0.026951 0.404209 87.938988
0.368049 -0.018637 0.929619 16.850077 0.029121 0.999540 0.008511 0.188514 -0.929350 0.023938 0.368423 88.327667
0.331320 -0.018516 0.943337 17.764896 0.026883 0.999587 0.010179 0.181991 -0.943135 0.021988 0.331681 88.672783
0.294262 -0.018034 0.955555 18.671417 0.023250 0.999661 0.011708 0.182663 -0.955442 0.018770 0.294582 89.034622
0.257029 -0.018875 0.966219 19.617388 0.024511 0.999615 0.013008 0.171834 -0.966092 0.020339 0.257393 89.317024
0.219630 -0.019392 0.975390 20.559307 0.024328 0.999601 0.014396 0.172639 -0.975280 0.020567 0.220014 89.600677
0.182727 -0.020132 0.982958 21.507927 0.024863 0.999565 0.015850 0.174788 -0.982850 0.021543 0.183148 89.863365
0.146193 -0.021192 0.989029 22.469118 0.029217 0.999427 0.017096 0.179397 -0.988825 0.026396 0.146728 90.090019
0.110642 -0.020489 0.993649 23.435148 0.034533 0.999263 0.016760 0.182925 -0.993260 0.032460 0.111269 90.287285
0.076002 -0.015975 0.996980 24.404861 0.035749 0.999273 0.013287 0.185774 -0.996466 0.034632 0.076519 90.465134
0.043219 -0.011325 0.999002 25.378660 0.039275 0.999182 0.009628 0.188708 -0.998293 0.038819 0.043629 90.620285
0.013959 -0.009068 0.999861 26.376141 0.045673 0.998921 0.008422 0.183279 -0.998859 0.045549 0.014359 90.675003
-0.011911 -0.008273 0.999895 27.384487 0.049514 0.998734 0.008854 0.168970 -0.998702 0.049614 -0.011486 90.675781
-0.034232 -0.008685 0.999376 28.391232 0.052649 0.998558 0.010482 0.139788 -0.998026 0.052974 -0.033726 90.670769
-0.053420 -0.008372 0.998537 29.398542 0.053633 0.998497 0.011241 0.131045 -0.997131 0.054155 -0.052890 90.702225
-0.068530 -0.003787 0.997642 30.388144 0.055569 0.998426 0.007608 0.141064 -0.996100 0.055960 -0.068211 90.639153
-0.083396 0.001207 0.996516 31.378340 0.058688 0.998270 0.003702 0.152025 -0.994786 0.058792 -0.083323 90.552994
-0.095574 0.005543 0.995407 32.371799 0.062747 0.998029 0.000467 0.160513 -0.993443 0.062503 -0.095733 90.462730
-0.104532 0.010368 0.994467 33.367744 0.067642 0.997704 -0.003291 0.166304 -0.992218 0.066923 -0.104993 90.369766
-0.110734 0.015849 0.993724 34.365906 0.070737 0.997463 -0.008025 0.166012 -0.991330 0.069404 -0.111574 90.275581
-0.115270 0.020956 0.993113 35.369614 0.073756 0.997199 -0.012480 0.158725 -0.990592 0.071810 -0.116492 90.181305
-0.119215 0.025002 0.992553 36.378998 0.075618 0.997008 -0.016033 0.146744 -0.989985 0.073143 -0.120749 90.089294
-0.122704 0.028598 0.992031 37.392185 0.076720 0.996867 -0.019248 0.127218 -0.989473 0.073746 -0.124513 90.005821
-0.125713 0.032903 0.991521 38.400574 0.077947 0.996688 -0.023191 0.110528 -0.989000 0.074371 -0.127862 89.881630
-0.128599 0.036147 0.991038 39.413322 0.079955 0.996460 -0.025969 0.093253 -0.988468 0.075899 -0.131033 89.756912
-0.131556 0.036803 0.990626 40.429493 0.081135 0.996358 -0.026241 0.076199 -0.987982 0.076923 -0.134062 89.633636
-0.134685 0.035768 0.990243 41.450424 0.081356 0.996374 -0.024923 0.059292 -0.987543 0.077205 -0.137106 89.512131
-0.137696 0.036073 0.989817 42.471298 0.081379 0.996371 -0.024990 0.043369 -0.987125 0.077109 -0.140132 89.391350
-0.140714 0.037835 0.989328 43.493698 0.080914 0.996367 -0.026596 0.026498 -0.986738 0.076308 -0.143264 89.271545
-0.143808 0.040666 0.988769 44.517975 0.080374 0.996335 -0.029287 -0.000611 -0.986337 0.075260 -0.146550 89.151428
-0.146818 0.044145 0.988178 45.547386 0.079252 0.996318 -0.032733 -0.031440 -0.985984 0.073509 -0.149776 89.032013
-0.149549 0.048701 0.987554 46.580959 0.077347 0.996302 -0.037420 -0.067300 -0.985724 0.070788 -0.152764 88.911797
-0.152216 0.053056 0.986922 47.618004 0.075331 0.996276 -0.041939 -0.106371 -0.985472 0.067962 -0.155646 88.789146
-0.155046 0.054870 0.986382 48.660835 0.074120 0.996289 -0.043770 -0.147075 -0.985123 0.066324 -0.158538 88.662537
-0.158175 0.053080 0.985984 49.709805 0.071552 0.996545 -0.042169 -0.188521 -0.984815 0.063879 -0.161427 88.533989
-0.161321 0.050400 0.985615 50.761562 0.070523 0.996731 -0.039425 -0.229378 -0.984379 0.063148 -0.164348 88.400902
-0.163780 0.050043 0.985227 51.815281 0.070618 0.996745 -0.038889 -0.270198 -0.983966 0.063205 -0.166781 88.263779
-0.165688 0.052163 0.984798 52.869797 0.071634 0.996599 -0.040736 -0.311775 -0.983573 0.063796 -0.168861 88.123230
-0.166882 0.055630 0.984407 53.924412 0.073141 0.996355 -0.043906 -0.354891 -0.983260 0.064674 -0.170343 87.978760
-0.167634 0.056875 0.984208 54.987320 0.072218 0.996361 -0.045276 -0.399996 -0.983201 0.063487 -0.171131 87.805931
-0.168068 0.057323 0.984107 56.053719 0.071084 0.996414 -0.045900 -0.455033 -0.983209 0.062239 -0.171540 87.609596
-0.168234 0.056894 0.984104 57.123402 0.068408 0.996601 -0.045922 -0.512195 -0.983371 0.059594 -0.171553 87.417900
-0.168467 0.057529 0.984027 58.194614 0.065333 0.996752 -0.047087 -0.570775 -0.983540 0.056357 -0.171678 87.230606
-0.168761 0.059003 0.983890 59.270027 0.062176 0.996856 -0.049115 -0.629973 -0.983694 0.052885 -0.171900 87.046104
-0.169134 0.059664 0.983785 60.348400 0.058517 0.997013 -0.050406 -0.691109 -0.983854 0.049043 -0.172120 86.864510
-0.169595 0.054324 0.984016 61.440346 0.059280 0.997234 -0.044836 -0.748343 -0.983729 0.050728 -0.172346 86.673637
-0.170245 0.048201 0.984222 62.534653 0.060602 0.997424 -0.038364 -0.804662 -0.983537 0.053115 -0.172728 86.481026
-0.170900 0.040477 0.984457 63.633820 0.064252 0.997487 -0.029858 -0.855884 -0.983191 0.058151 -0.173071 86.284920
-0.171012 0.038502 0.984517 64.728889 0.071161 0.997109 -0.026632 -0.904112 -0.982696 0.065505 -0.173258 86.086189
-0.170508 0.042598 0.984435 65.821449 0.078881 0.996449 -0.029456 -0.954455 -0.982194 0.072630 -0.173262 85.887665
-0.169667 0.049460 0.984260 66.915077 0.083554 0.995866 -0.035639 -1.013951 -0.981953 0.076192 -0.173097 85.691605
-0.168873 0.056097 0.984040 68.011627 0.086811 0.995346 -0.041844 -1.080071 -0.981807 0.078359 -0.172957 85.497932
-0.168367 0.059443 0.983931 69.117210 0.085844 0.995272 -0.045439 -1.149047 -0.981980 0.076813 -0.172674 85.307869
-0.168277 0.057610 0.984055 70.231361 0.083651 0.995525 -0.043976 -1.219898 -0.982184 0.074917 -0.172343 85.119408
-0.168299 0.055935 0.984148 71.364182 0.081338 0.995772 -0.042687 -1.281846 -0.982375 0.072864 -0.172137 84.923416
-0.168237 0.055741 0.984170 72.502846 0.079064 0.995947 -0.042891 -1.340594 -0.982570 0.070596 -0.171962 84.725098
-0.168092 0.058820 0.984015 73.642830 0.077801 0.995897 -0.046240 -1.400425 -0.982696 0.068785 -0.171978 84.526215
-0.167803 0.064047 0.983738 74.783539 0.078586 0.995581 -0.051412 -1.464038 -0.982683 0.068682 -0.172095 84.324837
-0.167307 0.066442 0.983664 75.929039 0.077674 0.995514 -0.054030 -1.529824 -0.982840 0.067365 -0.171717 84.124496
-0.166916 0.063118 0.983949 77.085320 0.078050 0.995663 -0.050628 -1.597010 -0.982878 0.068347 -0.171118 83.921013
-0.166842 0.058924 0.984221 78.244469 0.077918 0.995879 -0.046413 -1.663267 -0.982900 0.068944 -0.170746 83.717712
-0.166960 0.059614 0.984160 79.402466 0.076305 0.995959 -0.047383 -1.729293 -0.983007 0.067185 -0.170834 83.516495
-0.166848 0.063081 0.983963 80.562614 0.074406 0.995911 -0.051229 -1.796526 -0.983171 0.064666 -0.170859 83.315163
-0.166678 0.065235 0.983851 81.727249 0.073241 0.995872 -0.053622 -1.865563 -0.983287 0.063121 -0.170768 83.111961
-0.166754 0.063623 0.983944 82.899551 0.071628 0.996061 -0.052268 -1.936714 -0.983393 0.061761 -0.170654 82.907516
-0.166461 0.061312 0.984140 84.078354 0.070804 0.996231 -0.050088 -2.008795 -0.983503 0.061343 -0.170175 82.701103
-0.165624 0.061126 0.984293 85.259659 0.071078 0.996222 -0.049907 -2.081225 -0.983624 0.061695 -0.169342 82.493477
-0.164690 0.062009 0.984395 86.443596 0.072405 0.996090 -0.050632 -2.152951 -0.983684 0.062937 -0.168535 82.285210
-0.163748 0.062449 0.984524 87.632477 0.072909 0.996031 -0.051052 -2.226173 -0.983804 0.063421 -0.167652 82.077599
-0.162724 0.062265 0.984705 88.826027 0.073445 0.996002 -0.050842 -2.290446 -0.983934 0.064049 -0.166646 81.870461
-0.161520 0.061445 0.984955 90.024475 0.074675 0.995960 -0.049886 -2.354715 -0.984040 0.065494 -0.165455 81.662796
-0.160473 0.060118 0.985208 91.226280 0.074296 0.996047 -0.048678 -2.417790 -0.984240 0.065386 -0.164306 81.457008
-0.159394 0.058822 0.985461 92.429298 0.074014 0.996126 -0.047487 -2.479807 -0.984437 0.065368 -0.163130 81.251335
-0.158050 0.059179 0.985657 93.637367 0.073265 0.996154 -0.048061 -2.551852 -0.984710 0.064617 -0.161777 81.047661
-0.156583 0.060854 0.985788 94.850937 0.071655 0.996170 -0.050113 -2.626588 -0.985063 0.062790 -0.160344 80.846420
-0.155571 0.061628 0.985901 96.081596 0.069625 0.996254 -0.051287 -2.693248 -0.985368 0.060665 -0.159279 80.649315
-0.154793 0.060446 0.986096 97.324638 0.066505 0.996500 -0.050644 -2.762820 -0.985706 0.057741 -0.158271 80.455101
-0.154576 0.059916 0.986163 98.571365 0.062762 0.996739 -0.050720 -2.834955 -0.985985 0.054053 -0.157831 80.261192
-0.154799 0.060737 0.986077 99.823059 0.059872 0.996851 -0.052001 -2.907049 -0.986130 0.050988 -0.157949 80.064346
-0.155504 0.059183 0.986061 101.078430 0.056890 0.997084 -0.050872 -2.980377 -0.986196 0.048186 -0.158416 79.864731
-0.156721 0.056905 0.986003 102.339844 0.053864 0.997346 -0.048998 -3.055212 -0.986173 0.045430 -0.159371 79.662216
-0.158159 0.055555 0.985850 103.604614 0.051395 0.997526 -0.047968 -3.130764 -0.986075 0.043081 -0.160623 79.456970
-0.159774 0.055501 0.985592 104.868294 0.049947 0.997594 -0.048079 -3.207289 -0.985890 0.041545 -0.162161 79.248940
-0.162469 0.053616 0.985256 106.127686 0.049791 0.997696 -0.046083 -3.276243 -0.985456 0.041570 -0.164764 79.037872
-0.165794 0.049204 0.984932 107.373032 0.047004 0.998014 -0.041944 -3.331185 -0.985039 0.039342 -0.167778 78.833534
-0.169378 0.045597 0.984496 108.617699 0.045578 0.998223 -0.038391 -3.384116 -0.984497 0.038369 -0.171156 78.625969
-0.173790 0.047715 0.983627 109.856171 0.042469 0.998260 -0.040921 -3.446557 -0.983866 0.034662 -0.175512 78.414833
-0.180082 0.052425 0.982253 111.090202 0.039267 0.998166 -0.046075 -3.505548 -0.982868 0.030273 -0.181809 78.201088
-0.187732 0.053079 0.980786 112.326492 0.040709 0.998102 -0.046224 -3.570210 -0.981377 0.031249 -0.189535 77.969810
-0.197159 0.049262 0.979133 113.563774 0.041395 0.998265 -0.041889 -3.637038 -0.979497 0.032273 -0.198856 77.724388
-0.208471 0.048714 0.976814 114.795486 0.043535 0.998231 -0.040490 -3.702183 -0.977059 0.034084 -0.210223 77.462944
-0.221435 0.049865 0.973900 116.019913 0.044771 0.998159 -0.040927 -3.766468 -0.974146 0.034540 -0.223259 77.186943
-0.234934 0.050240 0.970712 117.234398 0.046289 0.998108 -0.040454 -3.837183 -0.970908 0.035429 -0.236815 76.844994
-0.249865 0.051497 0.966910 118.443878 0.049015 0.997977 -0.040486 -3.916938 -0.967039 0.037278 -0.251883 76.507217
-0.264825 0.054343 0.962765 119.640953 0.050947 0.997805 -0.042307 -3.981176 -0.962950 0.037846 -0.267012 76.171616
-0.281013 0.056771 0.958024 120.800873 0.048229 0.997823 -0.044983 -4.061234 -0.958491 0.033563 -0.283139 75.856544
-0.296371 0.058461 0.953282 121.947815 0.046870 0.997813 -0.046619 -4.150077 -0.953923 0.030865 -0.298462 75.536392
-0.312280 0.052858 0.948519 123.109642 0.041432 0.998258 -0.041989 -4.219128 -0.949086 0.026187 -0.313926 75.171471
-0.327954 0.047600 0.943494 124.268936 0.036382 0.998625 -0.037736 -4.282849 -0.943992 0.021950 -0.329235 74.779419
-0.343150 0.046409 0.938134 125.417213 0.033302 0.998752 -0.037226 -4.344934 -0.938690 0.018468 -0.344267 74.367607
-0.357672 0.048655 0.932579 126.554466 0.032123 0.998692 -0.039784 -4.407188 -0.933294 0.015728 -0.358767 73.938675
-0.371575 0.051823 0.926956 127.682533 0.032887 0.998550 -0.042643 -4.469584 -0.927820 0.014639 -0.372739 73.490585
-0.385231 0.053950 0.921242 128.805435 0.034807 0.998429 -0.043914 -4.531988 -0.922163 0.015147 -0.386504 73.022018
-0.398992 0.054107 0.915356 129.923462 0.036060 0.998412 -0.043298 -4.594347 -0.916245 0.015731 -0.400309 72.533386
-0.412854 0.052573 0.909279 131.031891 0.036041 0.998494 -0.041367 -4.657272 -0.910084 0.015693 -0.414127 72.030441
-0.427041 0.052394 0.902713 132.129974 0.034785 0.998533 -0.041500 -4.720676 -0.903563 0.013678 -0.428237 71.513268
-0.441572 0.054048 0.895596 133.216751 0.034330 0.998471 -0.043330 -4.780848 -0.896569 0.011613 -0.442753 70.998703
-0.456051 0.055778 0.888204 134.301025 0.034477 0.998392 -0.044995 -4.841838 -0.889286 0.010103 -0.457241 70.474014
-0.470229 0.057482 0.880671 135.377548 0.035688 0.998299 -0.046105 -4.904947 -0.881823 0.009749 -0.471479 69.922005
-0.484471 0.060473 0.872715 136.449661 0.036786 0.998134 -0.048741 -4.967820 -0.874034 0.008490 -0.485791 69.366852
-0.498951 0.063333 0.864313 137.513168 0.036550 0.997977 -0.052028 -5.033913 -0.865859 0.005631 -0.500256 68.784859
-0.513641 0.063765 0.855632 138.572266 0.036514 0.997956 -0.052451 -5.100311 -0.857228 0.004301 -0.514918 68.177017
-0.528893 0.060224 0.846550 139.626495 0.033866 0.998182 -0.049853 -5.167551 -0.848013 0.002303 -0.529970 67.549187
-0.544411 0.057306 0.836859 140.673477 0.031245 0.998357 -0.048039 -5.234994 -0.838237 -0.000006 -0.545307 66.899048
-0.559906 0.056858 0.826603 141.707520 0.029811 0.998380 -0.048479 -5.300978 -0.828020 -0.002502 -0.560693 66.226700
-0.575278 0.055813 0.816052 142.731598 0.028315 0.998430 -0.048325 -5.367386 -0.817468 -0.004693 -0.575955 65.531708
-0.590497 0.054691 0.805185 143.746521 0.026657 0.998479 -0.048270 -5.435201 -0.806599 -0.007039 -0.591056 64.814659
-0.605508 0.054164 0.793995 144.748795 0.025342 0.998488 -0.048789 -5.503549 -0.795436 -0.009420 -0.605964 64.077454
-0.620332 0.052806 0.782560 145.741882 0.024369 0.998548 -0.048063 -5.571091 -0.783961 -0.010744 -0.620717 63.317604
-0.634915 0.049615 0.770988 146.723145 0.023368 0.998713 -0.045024 -5.637397 -0.772228 -0.010570 -0.635257 62.535900
-0.649323 0.046979 0.759061 147.692200 0.023143 0.998849 -0.042022 -5.701587 -0.760160 -0.009719 -0.649663 61.732849
-0.663570 0.045482 0.746731 148.648285 0.023066 0.998919 -0.040344 -5.764051 -0.747759 -0.009547 -0.663901 60.908714
-0.677521 0.045549 0.734092 149.578415 0.020654 0.998865 -0.042916 -5.816936 -0.735213 -0.013915 -0.677693 60.063602
-0.691833 0.045592 0.720618 150.485092 0.018606 0.998799 -0.045329 -5.867991 -0.721818 -0.017953 -0.691849 59.188915
-0.706593 0.044225 0.706237 151.381149 0.016447 0.998803 -0.046089 -5.921953 -0.707429 -0.020950 -0.706474 58.294094
-0.721690 0.038914 0.691122 152.270294 0.013415 0.999017 -0.042241 -5.977200 -0.692086 -0.021214 -0.721502 57.382286
-0.737235 0.033388 0.674811 153.147430 0.010356 0.999220 -0.038124 -6.033172 -0.675557 -0.021118 -0.737005 56.451851
-0.753317 0.031257 0.656914 154.003876 0.009048 0.999268 -0.037170 -6.088257 -0.657596 -0.022058 -0.753048 55.505798
-0.769747 0.027917 0.637739 154.847153 0.005885 0.999312 -0.036641 -6.143260 -0.638323 -0.024452 -0.769380 54.540192
-0.785855 0.024045 0.617944 155.670792 0.002869 0.999375 -0.035238 -6.198921 -0.618405 -0.025919 -0.785432 53.554855
-0.801264 0.023811 0.597836 156.466446 0.002951 0.999353 -0.035846 -6.254862 -0.598304 -0.026958 -0.800816 52.550083
-0.815943 0.024362 0.577620 157.235260 0.004153 0.999333 -0.036281 -6.310127 -0.578118 -0.027204 -0.815499 51.526531
-0.829867 0.025392 0.557383 157.978867 0.007419 0.999379 -0.034481 -6.365666 -0.557912 -0.024481 -0.829539 50.478645
-0.843114 0.026430 0.537086 158.673462 0.007949 0.999295 -0.036696 -6.410031 -0.537677 -0.026670 -0.842728 49.394093
-0.856125 0.027979 0.516011 159.343491 0.008764 0.999176 -0.039635 -6.450498 -0.516695 -0.029411 -0.855664 48.293308
-0.868559 0.028950 0.494740 159.986923 0.009598 0.999088 -0.041613 -6.495510 -0.495493 -0.031395 -0.868045 47.176014
-0.880005 0.028387 0.474117 160.612183 0.011134 0.999171 -0.039157 -6.542333 -0.474835 -0.029179 -0.879591 46.047573
-0.890302 0.026850 0.454580 161.219910 0.011276 0.999254 -0.036936 -6.591467 -0.455233 -0.027758 -0.889940 44.909348
-0.898901 0.031295 0.437033 161.779312 0.015769 0.999111 -0.039107 -6.658420 -0.437867 -0.028261 -0.898595 43.752384
-0.909067 0.028085 0.415703 162.374634 0.011692 0.999052 -0.041925 -6.696867 -0.416486 -0.033252 -0.908533 42.710640
-0.916676 0.024793 0.398862 162.907196 0.009037 0.999105 -0.041331 -6.751129 -0.399529 -0.034283 -0.916079 41.564499
-0.923639 0.022454 0.382605 163.422119 0.007375 0.999139 -0.040832 -6.807460 -0.383192 -0.034893 -0.923010 40.402870
-0.929812 0.020386 0.367472 163.926575 0.006046 0.999176 -0.040133 -6.863890 -0.367988 -0.035094 -0.929168 39.236652
-0.935435 0.018232 0.353031 164.421417 0.004443 0.999196 -0.039829 -6.919805 -0.353474 -0.035689 -0.934763 38.066921
-0.940659 0.014802 0.339032 164.907608 0.002114 0.999285 -0.037762 -6.974430 -0.339349 -0.034805 -0.940016 36.892044
-0.945284 0.010131 0.326090 165.390137 -0.000944 0.999428 -0.033786 -7.025922 -0.326246 -0.032245 -0.944734 35.713013
-0.949267 0.007652 0.314380 165.860535 -0.001892 0.999547 -0.030037 -7.075339 -0.314467 -0.029108 -0.948822 34.528717
-0.952642 0.009674 0.303942 166.309067 0.001045 0.999592 -0.028537 -7.121117 -0.304094 -0.026868 -0.952263 33.342953
-0.955111 0.014143 0.295912 166.751785 0.005569 0.999540 -0.029796 -7.168636 -0.296197 -0.026811 -0.954751 32.155987
-0.956838 0.019486 0.289969 167.159744 0.010652 0.999430 -0.032011 -7.217301 -0.290427 -0.027541 -0.956500 30.954496
-0.958409 0.020343 0.284673 167.593170 0.011509 0.999400 -0.032669 -7.267550 -0.285168 -0.028035 -0.958068 29.764009
-0.959462 0.013886 0.281497 167.941696 0.006064 0.999571 -0.028641 -7.320160 -0.281775 -0.025773 -0.959134 28.506771
-0.960969 0.006947 0.276569 168.273544 -0.000033 0.999682 -0.025225 -7.373053 -0.276657 -0.024250 -0.960663 27.240124
-0.962405 0.000443 0.271620 168.603226 -0.006451 0.999680 -0.024482 -7.425035 -0.271543 -0.025314 -0.962094 25.974094
-0.963592 -0.004529 0.267340 168.929108 -0.012000 0.999582 -0.026316 -7.476966 -0.267109 -0.028566 -0.963243 24.711050
-0.964287 -0.005276 0.264809 169.263794 -0.013341 0.999500 -0.028664 -7.518657 -0.264526 -0.031174 -0.963874 23.471701
-0.964867 -0.005445 0.262684 169.600723 -0.013969 0.999434 -0.030590 -7.555195 -0.262369 -0.033185 -0.964396 22.242815
-0.965101 -0.003917 0.261851 169.940460 -0.012785 0.999401 -0.032170 -7.595525 -0.261567 -0.034395 -0.964572 21.015430
-0.965022 -0.002392 0.262160 170.286972 -0.011626 0.999365 -0.033678 -7.639538 -0.261914 -0.035548 -0.964437 19.784300
-0.964823 -0.000816 0.262899 170.643677 -0.010327 0.999341 -0.034798 -7.686151 -0.262698 -0.036288 -0.964195 18.552067
-0.964487 0.000935 0.264129 171.003876 -0.008632 0.999349 -0.035056 -7.734686 -0.263990 -0.036091 -0.963850 17.323795
-0.963967 0.002656 0.266011 171.369308 -0.006743 0.999386 -0.034413 -7.785011 -0.265940 -0.034966 -0.963355 16.098166
-0.963102 0.000920 0.269137 171.721893 -0.008887 0.999341 -0.035217 -7.825944 -0.268992 -0.036309 -0.962457 14.872808
-0.962346 -0.000832 0.271829 172.086990 -0.010373 0.999380 -0.033663 -7.871614 -0.271632 -0.035214 -0.961756 13.662764
-0.961324 -0.003348 0.275402 172.463699 -0.012300 0.999450 -0.030785 -7.926688 -0.275148 -0.032981 -0.960836 12.460761
-0.959489 -0.004752 0.281707 172.844986 -0.013075 0.999531 -0.027670 -7.979617 -0.281443 -0.030233 -0.959102 11.258474
-0.957514 -0.001946 0.288379 173.227112 -0.009862 0.999614 -0.025999 -8.023590 -0.288218 -0.027738 -0.957163 10.049150
-0.955190 -0.001617 0.295989 173.615341 -0.010160 0.999576 -0.027326 -8.043043 -0.295820 -0.029109 -0.954800 8.856536
-0.949923 0.017415 0.312001 173.907944 0.008127 0.999485 -0.031044 -8.117012 -0.312380 -0.026955 -0.949574 7.727831
-0.946550 0.019707 0.321957 174.199387 0.009878 0.999435 -0.032133 -8.201335 -0.322409 -0.027236 -0.946209 6.609587
-0.942645 0.021324 0.333115 174.500702 0.011161 0.999413 -0.032390 -8.286112 -0.333610 -0.026815 -0.942330 5.493418
-0.938039 0.023386 0.345741 174.812653 0.012506 0.999355 -0.033665 -8.372090 -0.346306 -0.027256 -0.937726 4.381403
-0.932894 0.024706 0.359304 175.180328 0.012996 0.999304 -0.034972 -8.451261 -0.359918 -0.027955 -0.932565 3.277137
-0.928335 0.019262 0.371246 175.742706 0.006659 0.999358 -0.035202 -8.498017 -0.371686 -0.030207 -0.927867 2.200288
-0.922979 0.018738 0.384394 176.219803 0.005963 0.999390 -0.034399 -8.557399 -0.384803 -0.029457 -0.922529 1.103394
-0.917168 0.016895 0.398143 176.905838 0.003160 0.999378 -0.035130 -8.565908 -0.398489 -0.030961 -0.916650 -0.001064
-0.910852 0.018585 0.412314 177.442398 0.005232 0.999425 -0.033490 -8.608486 -0.412700 -0.028347 -0.910426 -1.100365
-0.904506 0.020370 0.425974 178.008331 0.008183 0.999503 -0.030419 -8.650766 -0.426382 -0.024028 -0.904224 -2.229771
-0.897380 0.023147 0.440653 178.589401 0.012390 0.999551 -0.027273 -8.690242 -0.441086 -0.019014 -0.897263 -3.374982
-0.889596 0.026432 0.455983 179.161362 0.016620 0.999536 -0.025515 -8.737475 -0.456446 -0.015120 -0.889622 -4.488410
-0.880833 0.030042 0.472474 179.746109 0.021142 0.999485 -0.024134 -8.782487 -0.472956 -0.011269 -0.881014 -5.588849
-0.871104 0.033506 0.489956 180.344833 0.025535 0.999411 -0.022945 -8.825116 -0.490436 -0.007477 -0.871445 -6.674169
-0.860901 0.036382 0.507469 180.960571 0.029279 0.999330 -0.021975 -8.865338 -0.507929 -0.004059 -0.861390 -7.745963
-0.850251 0.039001 0.524931 181.595215 0.032562 0.999239 -0.021497 -8.903154 -0.525370 -0.001184 -0.850873 -8.804501
-0.838068 0.042737 0.543891 182.273285 0.036984 0.999084 -0.021515 -8.923122 -0.544312 0.002083 -0.838880 -9.889505
-0.825383 0.044397 0.562826 182.962952 0.039801 0.998999 -0.020433 -8.946017 -0.563169 0.005536 -0.826323 -10.942678
-0.811955 0.045930 0.581912 183.662537 0.043151 0.998895 -0.018633 -8.970966 -0.582125 0.009982 -0.813038 -11.972763
-0.797285 0.048244 0.601671 184.383621 0.046854 0.998740 -0.017995 -8.995449 -0.601781 0.013844 -0.798541 -12.979481
-0.781627 0.051732 0.621597 185.124710 0.050436 0.998533 -0.019681 -9.021055 -0.621705 0.015968 -0.783089 -13.962097
-0.765413 0.053902 0.641279 185.887711 0.052684 0.998390 -0.021035 -9.048836 -0.641380 0.017684 -0.767020 -14.919167
-0.748423 0.054842 0.660951 186.671677 0.054492 0.998291 -0.021128 -9.079053 -0.660980 0.020204 -0.750131 -15.849707
-0.730340 0.054708 0.680889 187.477432 0.055381 0.998249 -0.020804 -9.111717 -0.680835 0.022514 -0.732091 -16.755529
-0.711453 0.054702 0.700602 188.305374 0.055622 0.998222 -0.021455 -9.145435 -0.700530 0.023704 -0.713229 -17.636244
-0.692120 0.054897 0.719691 189.156662 0.055387 0.998203 -0.022876 -9.179585 -0.719654 0.024029 -0.693917 -18.494030
-0.672309 0.054701 0.738247 190.028214 0.055099 0.998198 -0.023784 -9.214211 -0.738218 0.024686 -0.674111 -19.326715
-0.651626 0.054623 0.756572 190.919525 0.056120 0.998142 -0.023727 -9.249359 -0.756462 0.026998 -0.653480 -20.136692
-0.629691 0.054536 0.774929 191.830368 0.057200 0.998080 -0.023760 -9.285845 -0.774736 0.029365 -0.631602 -20.921686
-0.606254 0.056209 0.793283 192.759857 0.059280 0.997918 -0.025404 -9.323418 -0.793059 0.031624 -0.608323 -21.681423
-0.581426 0.058587 0.811488 193.706650 0.062149 0.997688 -0.027500 -9.361480 -0.811222 0.034445 -0.583723 -22.414261
-0.555890 0.058465 0.829197 194.749130 0.062937 0.997621 -0.028146 -9.405307 -0.828870 0.036541 -0.558247 -23.031622
-0.529471 0.057171 0.846399 195.823975 0.063503 0.997599 -0.027659 -9.452556 -0.845948 0.039104 -0.531830 -23.590265
-0.503447 0.056932 0.862148 196.838516 0.064017 0.997542 -0.028490 -9.506359 -0.861651 0.040849 -0.505854 -24.126345
-0.473475 0.058767 0.878844 197.870209 0.065373 0.997365 -0.031472 -9.562591 -0.878378 0.042552 -0.476069 -24.633801
-0.442521 0.061860 0.894622 198.917923 0.067328 0.997094 -0.035641 -9.618666 -0.894227 0.044461 -0.445401 -25.142181
-0.412186 0.064040 0.908846 199.970963 0.069414 0.996835 -0.038758 -9.661550 -0.908451 0.047110 -0.415327 -25.610722
-0.380524 0.064440 0.922523 201.035904 0.071397 0.996639 -0.040167 -9.700905 -0.922011 0.050581 -0.383846 -26.038813
-0.348001 0.064424 0.935278 202.114426 0.073319 0.996451 -0.041356 -9.743559 -0.934623 0.054181 -0.351490 -26.442619
-0.314561 0.063382 0.947119 203.206802 0.074986 0.996310 -0.041769 -9.788523 -0.946270 0.057882 -0.318153 -26.820259
-0.280568 0.061818 0.957842 204.308807 0.076255 0.996206 -0.041957 -9.835819 -0.956801 0.061269 -0.284216 -27.168364
-0.246061 0.061071 0.967328 205.418991 0.077879 0.996032 -0.043073 -9.885177 -0.966121 0.064736 -0.249841 -27.486038
-0.211126 0.060746 0.975570 206.536377 0.079185 0.995850 -0.044872 -9.936440 -0.974246 0.067777 -0.215060 -27.772007
-0.175933 0.060261 0.982556 207.654907 0.080239 0.995681 -0.046699 -9.984791 -0.981127 0.070624 -0.180008 -28.023190
-0.140660 0.060221 0.988225 208.776215 0.080361 0.995549 -0.049229 -10.034971 -0.986792 0.072490 -0.144874 -28.252867
-0.105813 0.060359 0.992552 209.900391 0.080138 0.995427 -0.051990 -10.087220 -0.991152 0.074039 -0.110167 -28.465090
-0.071818 0.059576 0.995637 211.033432 0.079563 0.995376 -0.053822 -10.145037 -0.994239 0.075350 -0.076226 -28.637089
-0.038411 0.059158 0.997509 212.170044 0.078456 0.995343 -0.056008 -10.206097 -0.996178 0.076109 -0.042874 -28.774654
-0.005443 0.059362 0.998222 213.309113 0.078436 0.995186 -0.058753 -10.268594 -0.996904 0.077977 -0.010073 -28.880297
0.027099 0.058539 0.997917 214.451874 0.079107 0.995028 -0.060517 -10.332706 -0.996497 0.080582 0.022334 -28.954041
0.058799 0.057314 0.996624 215.625473 0.080636 0.994816 -0.061967 -10.417050 -0.995007 0.084007 0.053873 -28.919912
0.089564 0.057032 0.994347 216.802505 0.081782 0.994566 -0.064411 -10.507526 -0.992618 0.087088 0.084413 -28.828054
0.119888 0.056948 0.991153 217.952896 0.083464 0.994242 -0.067221 -10.584280 -0.989273 0.090785 0.114445 -28.771627
0.150127 0.057177 0.987013 219.126694 0.085084 0.993876 -0.070516 -10.682231 -0.984999 0.094565 0.144343 -28.594893
0.180545 0.056104 0.981965 220.278519 0.087482 0.993499 -0.072847 -10.767309 -0.979668 0.099057 0.174463 -28.459448
0.210399 0.054434 0.976099 221.448364 0.089440 0.993190 -0.074666 -10.880502 -0.973516 0.103012 0.204097 -28.181498
0.240466 0.054219 0.969141 222.601776 0.091642 0.992711 -0.078276 -10.975088 -0.966322 0.107637 0.233745 -27.908857
0.270151 0.053699 0.961319 223.745850 0.092652 0.992360 -0.081470 -11.061555 -0.958350 0.111078 0.263112 -27.608110
0.299179 0.052384 0.952758 224.886505 0.093321 0.992099 -0.083851 -11.151685 -0.949623 0.113999 0.291927 -27.280825
0.327838 0.050726 0.943371 226.021072 0.092630 0.992020 -0.085533 -11.246157 -0.940182 0.115426 0.320523 -26.925835
0.356604 0.050508 0.932889 227.141693 0.092423 0.991733 -0.089023 -11.339953 -0.929672 0.117966 0.348988 -26.556108
0.385651 0.051532 0.921205 228.259186 0.092769 0.991213 -0.094285 -11.440782 -0.917969 0.121821 0.377482 -26.163084
0.414220 0.051425 0.908723 229.367050 0.093104 0.990771 -0.098508 -11.546318 -0.905403 0.125409 0.405609 -25.742004
0.442127 0.049487 0.895586 230.465302 0.093032 0.990562 -0.100662 -11.657380 -0.892115 0.127824 0.433350 -25.290434
0.469051 0.046560 0.881943 231.552460 0.092432 0.990537 -0.101452 -11.772627 -0.878321 0.129105 0.460309 -24.808069
0.494367 0.045189 0.868078 232.625549 0.090423 0.990557 -0.103059 -11.891342 -0.864538 0.129443 0.485613 -24.296387
0.517557 0.045120 0.854458 233.669647 0.087519 0.990580 -0.105318 -12.034481 -0.851161 0.129288 0.508733 -23.685534
0.538823 0.044604 0.841238 234.693375 0.084993 0.990623 -0.106963 -12.183682 -0.838121 0.129133 0.529980 -23.023268
0.558724 0.042648 0.828258 235.718124 0.083489 0.990712 -0.107332 -12.315517 -0.825142 0.129118 0.549973 -22.397896
0.577405 0.039910 0.815482 236.731781 0.082433 0.990851 -0.106858 -12.448467 -0.812285 0.128923 0.568832 -21.749846
0.594893 0.036805 0.802963 237.733063 0.082533 0.990875 -0.106565 -12.581674 -0.799557 0.129665 0.586426 -21.082281
0.611470 0.034393 0.790520 238.722565 0.082635 0.990816 -0.107025 -12.716204 -0.786941 0.130768 0.603012 -20.393541
0.627568 0.032918 0.777866 239.697525 0.082615 0.990649 -0.108575 -12.851689 -0.774166 0.132402 0.618980 -19.686060
0.643449 0.032075 0.764817 240.659912 0.081684 0.990540 -0.110262 -12.988921 -0.761119 0.133420 0.634742 -18.956581
0.659081 0.030340 0.751460 241.609909 0.080722 0.990560 -0.110793 -13.127187 -0.747727 0.133681 0.650410 -18.205870
0.674307 0.027660 0.737933 242.499908 0.079463 0.990778 -0.109749 -13.281804 -0.734163 0.132643 0.665891 -17.340452
0.689308 0.024914 0.724041 243.413025 0.078909 0.990881 -0.109218 -13.424277 -0.720158 0.132419 0.681056 -16.530174
0.704000 0.023705 0.709804 244.309891 0.078519 0.990718 -0.110962 -13.566767 -0.705846 0.133850 0.695604 -15.703031
0.718263 0.023006 0.695392 245.210007 0.078194 0.990452 -0.113533 -13.713238 -0.691364 0.135922 0.709606 -14.841608
0.730949 0.022332 0.682066 246.064468 0.077091 0.990365 -0.115040 -13.855967 -0.678063 0.136670 0.722185 -13.991724
0.743141 0.020561 0.668819 246.921631 0.076011 0.990464 -0.114906 -14.003100 -0.664804 0.136229 0.734492 -13.108036
0.754855 0.017963 0.655647 247.768539 0.075741 0.990551 -0.114339 -14.151966 -0.651504 0.135969 0.746360 -12.204032
0.765941 0.015424 0.642726 248.598877 0.076164 0.990495 -0.114533 -14.301338 -0.638384 0.136678 0.757485 -11.288993
0.776360 0.014667 0.630120 249.415756 0.076069 0.990241 -0.116771 -14.452763 -0.625683 0.138589 0.767668 -10.356794
0.785854 0.012586 0.618284 250.223434 0.076746 0.990079 -0.117700 -14.597296 -0.613631 0.139946 0.777091 -9.374272
0.794823 0.009992 0.606759 250.984131 0.077704 0.989958 -0.118089 -14.752789 -0.601846 0.141007 0.786065 -8.335573
0.803083 0.007561 0.595820 251.761703 0.078753 0.989801 -0.118708 -14.903866 -0.590640 0.142254 0.794297 -7.313367
0.807798 0.006825 0.589420 252.494186 0.078737 0.989723 -0.119366 -15.052489 -0.584177 0.142833 0.798960 -6.263734
0.812319 0.005944 0.583184 253.264893 0.077918 0.989878 -0.118621 -15.204713 -0.577985 0.141799 0.803633 -5.203990
0.815049 0.004337 0.579374 254.021072 0.078209 0.989996 -0.117434 -15.364134 -0.574088 0.141027 0.806557 -4.139230
0.818226 0.003003 0.574890 254.763947 0.078193 0.990112 -0.116461 -15.527744 -0.569556 0.140243 0.809900 -3.064891
0.821410 0.001966 0.570336 255.508484 0.078467 0.990096 -0.116420 -15.690054 -0.564915 0.140381 0.813120 -1.991962
0.824803 0.000223 0.565420 256.260559 0.078711 0.990218 -0.115209 -15.849707 -0.559914 0.139529 0.816717 -0.916374
0.828156 -0.001801 0.560496 257.016693 0.078967 0.990395 -0.113495 -16.007803 -0.554908 0.138252 0.820344 0.160266
0.831359 -0.003043 0.555729 257.774414 0.079327 0.990396 -0.113247 -16.163166 -0.550047 0.138232 0.823614 1.235442
0.834248 -0.004118 0.551374 258.527344 0.079631 0.990389 -0.113088 -16.316818 -0.545609 0.138251 0.826558 2.312409
0.836856 -0.004060 0.547409 259.277710 0.078553 0.990515 -0.112743 -16.469608 -0.541759 0.137350 0.829236 3.394414
0.839163 -0.004219 0.543864 260.011566 0.078060 0.990551 -0.112760 -16.625420 -0.538249 0.137078 0.831563 4.485187
0.841353 -0.004273 0.540471 260.732239 0.077445 0.990604 -0.112726 -16.785442 -0.534910 0.136699 0.833777 5.592347
0.843007 -0.003079 0.537894 261.473297 0.075734 0.990702 -0.113023 -16.942934 -0.532544 0.136015 0.835402 6.720210
0.844208 -0.002042 0.536013 262.215118 0.074002 0.990861 -0.112777 -17.099903 -0.530884 0.134874 0.836643 7.856566
0.844623 -0.000123 0.535362 262.928741 0.072027 0.990934 -0.113407 -17.248877 -0.530494 0.134346 0.836975 8.984418
0.845185 0.000317 0.534475 263.636658 0.071461 0.990954 -0.113592 -17.395273 -0.529676 0.134200 0.837516 10.108657
0.845890 0.002903 0.533349 264.342804 0.068694 0.991064 -0.114343 -17.546547 -0.528914 0.133359 0.838132 11.231717
0.845951 0.004374 0.533243 265.053497 0.067867 0.990952 -0.115794 -17.710260 -0.528925 0.134145 0.837999 12.356521
0.846279 0.006204 0.532703 265.763062 0.066057 0.990993 -0.116485 -17.878653 -0.528628 0.133768 0.838247 13.478997
0.846484 0.007162 0.532366 266.477509 0.064661 0.991125 -0.116148 -18.048023 -0.528473 0.132741 0.838509 14.599136
0.846644 0.006384 0.532122 267.197815 0.064901 0.991225 -0.115154 -18.210447 -0.528187 0.132029 0.838800 15.715290
0.846883 0.003719 0.531766 267.923340 0.066914 0.991283 -0.113498 -18.375336 -0.527552 0.131702 0.839252 16.831579
0.845873 0.002023 0.533380 268.596619 0.068576 0.991281 -0.112511 -18.533669 -0.528958 0.131747 0.838360 17.964928
0.845321 0.000829 0.534258 269.277161 0.070496 0.991082 -0.113077 -18.696119 -0.529587 0.133249 0.837724 19.090788
0.845436 0.000256 0.534078 269.963348 0.072278 0.990745 -0.114889 -18.859608 -0.529164 0.135733 0.837592 20.212160
0.845095 0.000239 0.534616 270.667633 0.072962 0.990592 -0.115775 -19.016724 -0.529614 0.136847 0.837128 21.338026
0.845424 -0.000099 0.534097 271.377350 0.072914 0.990659 -0.115231 -19.172651 -0.529096 0.136362 0.837533 22.465925
0.845782 -0.000815 0.533527 272.097626 0.072639 0.990863 -0.113640 -19.332369 -0.528560 0.134869 0.838114 23.593481
0.845709 -0.001366 0.533643 272.801056 0.072348 0.991058 -0.112118 -19.488344 -0.528717 0.133427 0.838246 24.733648
0.845672 -0.001693 0.533701 273.506226 0.072327 0.991134 -0.111461 -19.644093 -0.528780 0.132861 0.838296 25.875727
0.845976 -0.001664 0.533219 274.239288 0.072462 0.991078 -0.111869 -19.805254 -0.528275 0.133276 0.838548 27.003714
0.846209 -0.001403 0.532850 274.976501 0.072319 0.991047 -0.112239 -19.967543 -0.527921 0.133512 0.838733 28.133770
0.846364 -0.000441 0.532605 275.716675 0.071514 0.991039 -0.112821 -20.132624 -0.527782 0.133576 0.838811 29.265696
0.846401 0.000574 0.532545 276.461182 0.070895 0.990978 -0.113746 -20.299520 -0.527805 0.134029 0.838724 30.401394
0.846362 0.000617 0.532608 277.204895 0.069799 0.991247 -0.112065 -20.464375 -0.528015 0.132022 0.838911 31.543505
0.846332 -0.001582 0.532655 277.941193 0.069093 0.991874 -0.106836 -20.624193 -0.528156 0.127221 0.839563 32.702354
0.846419 -0.003793 0.532505 278.676117 0.069094 0.992304 -0.102757 -20.777611 -0.528017 0.123768 0.840166 33.858685
0.846590 -0.003769 0.532233 279.416626 0.068990 0.992316 -0.102709 -20.922564 -0.527756 0.123672 0.840345 35.025322
0.846747 -0.003152 0.531987 280.156250 0.068395 0.992330 -0.102980 -21.065763 -0.527582 0.123583 0.840467 36.191891
0.847158 -0.003515 0.531330 280.896362 0.067649 0.992555 -0.101293 -21.215342 -0.527018 0.121755 0.841087 37.350212
0.847550 -0.004699 0.530695 281.633545 0.067426 0.992811 -0.098892 -21.366997 -0.526415 0.119598 0.841774 38.507904
0.848175 -0.006039 0.529682 282.358368 0.067814 0.992946 -0.097268 -21.515617 -0.525357 0.118420 0.842601 39.658379
0.849220 -0.005212 0.528013 283.095978 0.067373 0.992849 -0.098556 -21.665655 -0.523724 0.119269 0.843497 40.843945
0.850198 -0.004393 0.526444 283.809845 0.066547 0.992842 -0.099186 -21.803057 -0.522240 0.119361 0.844405 42.040646
0.851565 -0.004969 0.524225 284.511169 0.066326 0.992942 -0.098329 -21.934576 -0.520036 0.118503 0.845884 43.231834
0.853240 -0.004997 0.521496 285.226959 0.064613 0.993264 -0.096197 -22.082722 -0.517501 0.115774 0.847814 44.382256
0.855086 -0.006442 0.518448 285.949768 0.064477 0.993482 -0.094000 -22.221668 -0.514462 0.113806 0.849928 45.511246
0.856515 -0.008700 0.516051 286.668518 0.064888 0.993740 -0.090942 -22.350622 -0.512029 0.111378 0.851717 46.637505
0.858007 -0.010764 0.513527 287.376678 0.065975 0.993808 -0.089401 -22.477995 -0.509385 0.110586 0.853404 47.760586
0.859239 -0.011825 0.511438 288.048828 0.066929 0.993739 -0.089468 -22.614225 -0.507177 0.111104 0.854650 48.886787
0.860771 -0.012004 0.508851 288.699524 0.067310 0.993627 -0.090420 -22.757584 -0.504522 0.112082 0.856093 50.009399
0.862126 -0.011418 0.506565 289.342072 0.066789 0.993584 -0.091273 -22.898855 -0.502272 0.112522 0.857357 51.126926
0.863182 -0.011511 0.504763 289.981384 0.066150 0.993701 -0.090459 -23.036905 -0.500542 0.111473 0.858505 52.242538
0.863906 -0.011027 0.503534 290.616669 0.065268 0.993781 -0.090215 -23.173075 -0.499407 0.110802 0.859253 53.349792
0.863767 -0.008971 0.503811 291.233459 0.065755 0.993298 -0.095050 -23.291538 -0.499582 0.115229 0.858569 54.441956
0.863855 -0.006195 0.503703 291.835754 0.065256 0.992875 -0.099702 -23.401863 -0.499497 0.118997 0.858104 55.527092
0.863449 -0.002153 0.504430 292.435638 0.062575 0.992724 -0.102875 -23.514166 -0.500538 0.120393 0.857302 56.611282
0.862190 0.000627 0.506584 293.047668 0.059828 0.992875 -0.103053 -23.631376 -0.503039 0.119159 0.856010 57.685810
0.859745 0.004988 0.510701 293.659393 0.055463 0.993126 -0.103069 -23.753284 -0.507704 0.116938 0.853558 58.753513
0.856170 0.009354 0.516609 294.274323 0.051638 0.993282 -0.103564 -23.876226 -0.514107 0.115344 0.849935 59.812981
0.851775 0.012010 0.523771 294.896851 0.049494 0.993422 -0.103268 -24.000704 -0.521566 0.113884 0.845576 60.863823
0.846574 0.013177 0.532108 295.529114 0.049132 0.993491 -0.102771 -24.126474 -0.529998 0.113147 0.840416 61.905590
0.840732 0.013859 0.541274 296.202240 0.048889 0.993646 -0.101376 -24.281706 -0.539240 0.111692 0.834713 62.918320
0.833885 0.012929 0.551787 296.863037 0.050726 0.993700 -0.099943 -24.411367 -0.549602 0.111331 0.827975 63.935677
0.826254 0.012689 0.563155 297.535370 0.051821 0.993795 -0.098423 -24.540438 -0.560909 0.110506 0.820469 64.943710
0.817766 0.012831 0.575408 298.221039 0.052517 0.993917 -0.096798 -24.668509 -0.573150 0.109377 0.812117 65.941895
0.808398 0.014083 0.588469 298.921173 0.052324 0.994037 -0.095666 -24.795351 -0.586308 0.108127 0.802840 66.928825
0.797697 0.017234 0.602813 299.636444 0.051225 0.994042 -0.096203 -24.921896 -0.600879 0.107620 0.792062 67.902084
0.785633 0.021300 0.618326 300.368378 0.049849 0.993979 -0.097576 -25.049416 -0.616681 0.107482 0.779841 68.860168
0.772343 0.023954 0.634755 301.120056 0.049975 0.993900 -0.098315 -25.176918 -0.633237 0.107655 0.766434 69.800667
0.757785 0.026050 0.651984 301.891235 0.049220 0.994074 -0.096926 -25.305059 -0.650645 0.105539 0.752013 70.723740
0.742079 0.027159 0.669762 302.681824 0.049077 0.994296 -0.094695 -25.431938 -0.668513 0.103141 0.736513 71.626190
0.724608 0.029483 0.688531 303.495422 0.047586 0.994560 -0.092666 -25.554464 -0.687517 0.099911 0.719263 72.504631
0.706164 0.032143 0.707318 304.341827 0.046814 0.994664 -0.091937 -25.674402 -0.706499 0.098035 0.700892 73.352737
0.687339 0.034679 0.725509 305.203766 0.046448 0.994717 -0.091551 -25.792805 -0.724850 0.096625 0.682097 74.177177
0.667030 0.037395 0.744092 306.078796 0.045982 0.994769 -0.091213 -25.911552 -0.743611 0.095057 0.661821 74.977806
0.645114 0.040270 0.763025 306.966522 0.044912 0.994885 -0.090478 -26.029924 -0.762766 0.092638 0.640006 75.752281
0.621332 0.042030 0.782420 307.869385 0.044775 0.995024 -0.089007 -26.147060 -0.782267 0.090335 0.616358 76.499252
0.595768 0.043193 0.801994 308.787567 0.044561 0.995237 -0.086702 -26.262014 -0.801920 0.087391 0.591006 77.217209
0.568555 0.043462 0.821496 309.720551 0.045062 0.995459 -0.083852 -26.374430 -0.821410 0.084693 0.564015 77.904282
0.540037 0.043827 0.840500 310.668945 0.045611 0.995652 -0.081223 -26.484278 -0.840404 0.082199 0.535690 78.559647
0.510680 0.044719 0.858607 311.629425 0.046285 0.995768 -0.079391 -26.591600 -0.858523 0.080285 0.506450 79.180328
0.480556 0.047092 0.875698 312.600189 0.046656 0.995770 -0.079153 -26.696745 -0.875722 0.078895 0.476327 79.766586
0.449790 0.048943 0.891792 313.584625 0.047259 0.995795 -0.078486 -26.799212 -0.891883 0.077447 0.445584 80.320198
0.418413 0.049191 0.906924 314.580414 0.047950 0.995944 -0.076142 -26.898872 -0.906990 0.075345 0.414357 80.840645
0.386628 0.048072 0.920982 315.589081 0.049459 0.996122 -0.072757 -26.996370 -0.920909 0.073680 0.382751 81.327461
0.354335 0.048496 0.933860 316.606018 0.049852 0.996255 -0.070651 -27.091599 -0.933788 0.071589 0.350590 81.779869
0.321325 0.050602 0.945616 317.628571 0.050343 0.996246 -0.070418 -27.185204 -0.945630 0.070232 0.317571 82.197571
0.287811 0.053128 0.956212 318.706421 0.052272 0.996100 -0.071078 -27.271133 -0.956259 0.070441 0.283911 82.482498
0.253996 0.054777 0.965653 319.796661 0.054009 0.996034 -0.070706 -27.353018 -0.965696 0.070112 0.250030 82.699059
0.219692 0.054310 0.974056 320.894775 0.054440 0.996211 -0.067823 -27.431906 -0.974049 0.067928 0.215903 82.852890
0.184528 0.052530 0.981422 321.983704 0.055024 0.996453 -0.063679 -27.508213 -0.981286 0.065752 0.180984 82.958008
0.149313 0.050968 0.987476 323.051514 0.055044 0.996694 -0.059767 -27.586466 -0.987257 0.063277 0.146014 83.123344
0.113776 0.051280 0.992182 324.119812 0.055040 0.996809 -0.057831 -27.662256 -0.991981 0.061190 0.110591 83.253159
0.078086 0.054164 0.995475 325.186920 0.055134 0.996760 -0.058558 -27.736164 -0.995421 0.059457 0.074846 83.345757
0.042404 0.058663 0.997377 326.251160 0.053594 0.996704 -0.060901 -27.809402 -0.997662 0.056035 0.039120 83.403595
0.006854 0.061729 0.998070 327.316742 0.053311 0.996651 -0.062006 -27.881956 -0.998554 0.053633 0.003540 83.423424
-0.028898 0.061400 0.997695 328.382233 0.052096 0.996848 -0.059838 -27.954052 -0.998224 0.050247 -0.032006 83.406082
-0.064685 0.057629 0.996241 329.447540 0.051284 0.997204 -0.054355 -28.023993 -0.996587 0.047575 -0.067460 83.364449
-0.100361 0.053367 0.993519 330.508148 0.050075 0.997566 -0.048526 -28.091780 -0.993690 0.044880 -0.102789 83.296860
-0.136440 0.052390 0.989262 331.560181 0.048928 0.997738 -0.046091 -28.156849 -0.989439 0.042114 -0.138695 83.191238
-0.172689 0.055126 0.983433 332.599884 0.050495 0.997615 -0.047055 -28.217817 -0.983681 0.041532 -0.175061 83.048538
-0.208754 0.056767 0.976319 333.632080 0.050098 0.997624 -0.047294 -28.276329 -0.976684 0.039038 -0.211101 82.872154
-0.244888 0.054943 0.967993 334.659454 0.047808 0.997863 -0.044543 -28.334328 -0.968372 0.035369 -0.246991 82.663094
-0.280788 0.052092 0.958355 335.676331 0.046262 0.998101 -0.040697 -28.390532 -0.958654 0.032908 -0.282664 82.419502
-0.316248 0.049202 0.947400 336.682098 0.044420 0.998327 -0.037019 -28.444010 -0.947636 0.030375 -0.317904 82.141884
-0.350967 0.046375 0.935239 337.662323 0.043468 0.998504 -0.033199 -28.488089 -0.935378 0.029002 -0.352457 81.732277
-0.384971 0.043353 0.921910 338.636383 0.042871 0.998658 -0.029059 -28.532129 -0.921933 0.028336 -0.386313 81.361305
-0.418483 0.040483 0.907322 339.595612 0.042634 0.998781 -0.024899 -28.572859 -0.907223 0.028263 -0.419699 80.958069
-0.451556 0.038168 0.891426 340.539429 0.041753 0.998894 -0.021618 -28.610891 -0.891266 0.027457 -0.452650 80.524956
-0.484063 0.036689 0.874264 341.465546 0.039865 0.999008 -0.019851 -28.646458 -0.874125 0.025243 -0.485045 80.064560
-0.515785 0.036636 0.855935 342.376801 0.039741 0.999033 -0.018813 -28.678923 -0.855796 0.024312 -0.516742 79.573380
-0.546677 0.035842 0.836577 343.274414 0.039306 0.999081 -0.017117 -28.708467 -0.836421 0.023525 -0.547582 79.051697
-0.577210 0.033707 0.815901 344.158386 0.037170 0.999197 -0.014983 -28.736698 -0.815750 0.021679 -0.577998 78.500153
-0.607551 0.032887 0.793600 344.989014 0.035743 0.999262 -0.014047 -28.755573 -0.793477 0.019832 -0.608277 77.822647
-0.637588 0.032524 0.769691 345.790222 0.033340 0.999337 -0.014610 -28.771036 -0.769656 0.016346 -0.638249 77.091125
-0.666935 0.030609 0.744487 346.601440 0.029510 0.999457 -0.014655 -28.792429 -0.744532 0.012195 -0.667476 76.406555
-0.695214 0.029133 0.718212 347.392670 0.027784 0.999521 -0.013648 -28.813551 -0.718265 0.010467 -0.695690 75.692017
-0.722626 0.026349 0.690737 348.164642 0.024286 0.999624 -0.012723 -28.835253 -0.690814 0.007581 -0.722994 74.949921
-0.748906 0.024844 0.662210 348.911713 0.022296 0.999676 -0.012289 -28.856625 -0.662302 0.005561 -0.749217 74.183159
-0.774033 0.023117 0.632724 349.637299 0.019925 0.999728 -0.012149 -28.877310 -0.632832 0.003203 -0.774282 73.388870
-0.798151 0.021295 0.602081 350.337036 0.017270 0.999773 -0.012466 -28.898813 -0.602210 0.000448 -0.798338 72.570908
-0.820845 0.019995 0.570801 351.010651 0.015834 0.999799 -0.012253 -28.919930 -0.570932 -0.001019 -0.820997 71.728004
-0.842096 0.018464 0.539013 351.607330 0.015219 0.999830 -0.010471 -28.938366 -0.539114 -0.000614 -0.842232 70.786606
-0.862230 0.016657 0.506244 352.155853 0.014642 0.999862 -0.007959 -28.957628 -0.506307 0.000550 -0.862354 69.807388
-0.881105 0.016706 0.472627 352.706482 0.015300 0.999859 -0.006820 -28.976868 -0.472674 0.001221 -0.881236 68.872078
-0.898618 0.014360 0.438497 353.227661 0.013469 0.999897 -0.005142 -28.995502 -0.438526 0.001285 -0.898718 67.921707
-0.914700 0.014647 0.403867 353.692871 0.015780 0.999875 -0.000525 -29.010214 -0.403825 0.005894 -0.914817 66.916992
-0.928936 0.013583 0.369993 354.129517 0.016236 0.999860 0.004058 -29.023533 -0.369886 0.009777 -0.929026 65.898460
-0.941511 0.008644 0.336871 354.536346 0.011935 0.999900 0.007701 -29.035458 -0.336771 0.011271 -0.941520 64.869225
-0.952818 0.009202 0.303403 354.901489 0.012153 0.999896 0.007842 -29.045851 -0.303299 0.011159 -0.952830 63.834747
-0.962631 0.009923 0.270637 355.234070 0.011413 0.999927 0.003937 -29.055138 -0.270578 0.006878 -0.962673 62.799294
-0.970485 0.008270 0.241018 355.538940 0.008521 0.999964 -0.000003 -29.064833 -0.241010 0.002051 -0.970520 61.764366
-0.976737 0.009572 0.214228 355.813629 0.009561 0.999954 -0.001089 -29.074747 -0.214228 0.000984 -0.976783 60.722492
-0.981792 0.012206 0.189567 356.061646 0.012479 0.999923 0.000249 -29.084120 -0.189549 0.002610 -0.981867 59.676315
-0.985707 0.014501 0.167845 356.284973 0.015115 0.999883 0.002380 -29.092466 -0.167792 0.004884 -0.985811 58.626266
-0.988579 0.016201 0.149827 356.487030 0.017000 0.999847 0.004057 -29.100058 -0.149738 0.006558 -0.988704 57.573715
-0.990711 0.017833 0.134812 356.669434 0.018628 0.999816 0.004645 -29.106350 -0.134705 0.007112 -0.990860 56.518692
-0.992274 0.018887 0.122619 356.834351 0.019565 0.999799 0.004327 -29.111860 -0.122513 0.006693 -0.992444 55.461498
-0.993396 0.019251 0.113107 356.985260 0.019786 0.999798 0.003611 -29.117861 -0.113015 0.005825 -0.993576 54.401920
-0.994336 0.019082 0.104553 357.122192 0.019571 0.999802 0.003653 -29.123638 -0.104463 0.005678 -0.994513 53.337521
-0.995190 0.018967 0.096118 357.244141 0.019476 0.999801 0.004362 -29.129555 -0.096016 0.006213 -0.995360 52.270882
-0.995973 0.018471 0.087730 357.352081 0.018932 0.999811 0.004445 -29.135202 -0.087632 0.006088 -0.996135 51.201309
-0.996671 0.018737 0.079347 357.445282 0.019122 0.999809 0.004110 -29.140633 -0.079256 0.005614 -0.996839 50.128513
-0.997294 0.018978 0.071031 357.524170 0.019317 0.999805 0.004087 -29.145823 -0.070940 0.005448 -0.997466 49.055603
-0.997859 0.018554 0.062721 357.590057 0.018878 0.999812 0.004582 -29.151625 -0.062624 0.005756 -0.998020 47.982967
-0.998356 0.018400 0.054287 357.505493 0.018725 0.999810 0.005479 -29.154408 -0.054177 0.006486 -0.998510 46.904186
-0.998771 0.018328 0.046056 357.545929 0.018643 0.999806 0.006430 -29.160465 -0.045929 0.007279 -0.998918 45.842575
-0.999052 0.018924 0.039207 357.599731 0.019209 0.999792 0.006892 -29.166805 -0.039068 0.007638 -0.999207 44.787479
-0.999213 0.020315 0.034074 357.648590 0.020564 0.999764 0.007000 -29.171968 -0.033924 0.007696 -0.999394 43.739246
-0.999270 0.022630 0.030779 357.691498 0.022885 0.999706 0.007953 -29.176167 -0.030591 0.008652 -0.999495 42.696472
-0.999260 0.025215 0.029057 357.727692 0.025506 0.999628 0.009701 -29.180294 -0.028801 0.010434 -0.999530 41.662766
-0.999203 0.027585 0.028879 357.764832 0.027916 0.999548 0.011134 -29.184137 -0.028560 0.011931 -0.999520 40.638126
-0.999027 0.030928 0.031449 357.786987 0.031289 0.999449 0.011059 -29.182928 -0.031090 0.012032 -0.999444 39.619316
-0.998783 0.035232 0.034528 357.813049 0.035611 0.999312 0.010418 -29.181608 -0.034137 0.011635 -0.999349 38.607582
-0.998522 0.036418 0.040343 357.842102 0.036788 0.999287 0.008472 -29.181221 -0.040006 0.009943 -0.999150 37.607174
-0.998109 0.037619 0.048622 357.890472 0.037991 0.999256 0.006755 -29.183973 -0.048331 0.008589 -0.998794 36.615574
-0.997485 0.038501 0.059521 357.952759 0.038988 0.999215 0.007033 -29.187700 -0.059205 0.009336 -0.998202 35.637489
-0.996664 0.038249 0.072099 358.030121 0.039104 0.999180 0.010485 -29.192862 -0.071639 0.013270 -0.997342 34.676205
-0.995564 0.036237 0.086838 358.123688 0.037475 0.999218 0.012683 -29.199551 -0.086311 0.015880 -0.996141 33.735985
-0.993479 0.037868 0.107545 358.217041 0.039291 0.999166 0.011143 -29.199255 -0.107033 0.015297 -0.994138 32.834766
-0.990834 0.040608 0.128835 358.313629 0.042286 0.999052 0.010314 -29.197746 -0.128295 0.015668 -0.991613 31.941973
-0.987275 0.042628 0.153196 358.443451 0.044752 0.998944 0.010444 -29.200500 -0.152590 0.017167 -0.988140 31.078268
-0.982623 0.042948 0.180580 358.595062 0.045573 0.998906 0.010417 -29.205599 -0.179934 0.018465 -0.983505 30.238434
-0.976310 0.044917 0.211664 358.766479 0.048003 0.998803 0.009460 -29.210920 -0.210986 0.019396 -0.977297 29.420135
-0.967790 0.047051 0.247320 358.960754 0.050434 0.998700 0.007357 -29.216213 -0.246653 0.019592 -0.968906 28.618645
-0.956553 0.048348 0.287522 359.182495 0.052360 0.998608 0.006280 -29.221977 -0.286818 0.021062 -0.957753 27.833836
-0.942044 0.048024 0.332034 359.434021 0.053247 0.998559 0.006647 -29.227612 -0.331236 0.023941 -0.943244 27.068306
-0.924302 0.044266 0.379087 359.773163 0.051091 0.998662 0.007957 -29.237890 -0.378228 0.026723 -0.925327 26.354570
-0.902740 0.039284 0.428390 360.106537 0.047957 0.998805 0.009466 -29.243143 -0.427506 0.029090 -0.903544 25.647608
-0.877346 0.032289 0.478770 360.525848 0.043250 0.998993 0.011882 -29.251120 -0.477905 0.031131 -0.877860 25.004055
-0.847829 0.024803 0.529690 360.934845 0.038648 0.999139 0.015076 -29.254066 -0.528861 0.033253 -0.848057 24.364782
-0.814095 0.017629 0.580463 361.370819 0.034941 0.999216 0.018659 -29.255045 -0.579679 0.035472 -0.814073 23.754934
-0.776496 0.010359 0.630038 361.831726 0.031851 0.999232 0.022825 -29.253702 -0.629317 0.037791 -0.776229 23.175074
-0.735524 0.003909 0.677487 362.371796 0.029476 0.999221 0.026236 -29.250841 -0.676857 0.039267 -0.735066 22.672153
-0.691099 -0.000285 0.722761 362.894714 0.028223 0.999226 0.027381 -29.245092 -0.722209 0.039321 -0.690556 22.168470
-0.643412 -0.000584 0.765520 363.439697 0.029650 0.999230 0.025683 -29.238073 -0.764946 0.039222 -0.642899 21.691446
-0.592378 -0.000429 0.805660 364.071167 0.029624 0.999313 0.022313 -29.229040 -0.805115 0.037085 -0.591958 21.293673
-0.538423 -0.000653 0.842674 364.749268 0.029776 0.999360 0.019801 -29.217115 -0.842148 0.035752 -0.538059 20.942354
-0.482365 -0.003333 0.875964 365.418060 0.031357 0.999286 0.021070 -29.203346 -0.875409 0.037631 -0.481916 20.573763
-0.425350 -0.010321 0.904971 366.175293 0.030827 0.999189 0.025886 -29.185434 -0.904504 0.038908 -0.424686 20.292034
-0.369233 -0.018458 0.929154 366.923096 0.033593 0.998884 0.033193 -29.167025 -0.928729 0.043469 -0.368201 19.993727
-0.314682 -0.025075 0.948866 367.690979 0.036797 0.998577 0.038593 -29.147388 -0.948483 0.047059 -0.313311 19.719959
-0.262226 -0.026990 0.964630 368.477173 0.041712 0.998358 0.039273 -29.126551 -0.964104 0.050534 -0.260668 19.473623
-0.211975 -0.022263 0.977022 369.277405 0.045683 0.998423 0.032663 -29.106947 -0.976207 0.051556 -0.210624 19.257307
-0.164662 -0.013123 0.986263 370.093445 0.048377 0.998601 0.021365 -29.090988 -0.985163 0.051230 -0.163795 19.069183
-0.121665 -0.003306 0.992566 370.926086 0.051259 0.998639 0.009611 -29.078505 -0.991247 0.052047 -0.121330 18.905626
-0.082689 0.003522 0.996570 371.776001 0.054051 0.998538 0.000957 -29.070438 -0.995108 0.053943 -0.082759 18.765100
-0.046693 0.004459 0.998899 372.687042 0.055364 0.998465 -0.001869 -29.069641 -0.997374 0.055215 -0.046868 18.720606
-0.011192 0.005528 0.999922 373.612457 0.057025 0.998361 -0.004880 -29.072807 -0.998310 0.056965 -0.011489 18.704250
0.023200 0.007472 0.999703 374.543243 0.058562 0.998245 -0.008820 -29.078445 -0.998014 0.058748 0.022722 18.705370
0.053138 0.010028 0.998537 375.478516 0.056814 0.998300 -0.013049 -29.093843 -0.996970 0.057424 0.052477 18.780890
0.084084 0.012048 0.996386 376.418823 0.055404 0.998324 -0.016747 -29.113207 -0.994917 0.056612 0.083276 18.887360
0.114562 0.013277 0.993327 377.366028 0.054463 0.998323 -0.019626 -29.135727 -0.991922 0.056348 0.113647 19.013901
0.145428 0.014393 0.989264 378.315765 0.052643 0.998365 -0.022264 -29.162323 -0.987967 0.055316 0.144433 19.161325
0.176174 0.015590 0.984236 379.263031 0.051367 0.998367 -0.025009 -29.191730 -0.983017 0.054963 0.175086 19.324629
0.206583 0.016471 0.978290 380.212250 0.050804 0.998329 -0.027536 -29.223507 -0.977109 0.055390 0.205400 19.507563
0.236048 0.016991 0.971593 381.159393 0.049970 0.998313 -0.029599 -29.257513 -0.970455 0.055537 0.234801 19.713640
0.264894 0.018087 0.964108 382.102448 0.047644 0.998358 -0.031820 -29.294085 -0.963100 0.054363 0.263599 19.944117
0.295433 0.016657 0.955218 383.028198 0.050525 0.998177 -0.033032 -29.329922 -0.954027 0.058021 0.294053 20.224924
0.327301 0.015661 0.944791 383.948120 0.052325 0.998028 -0.034670 -29.369879 -0.943471 0.060783 0.325835 20.545500
0.359291 0.015290 0.933100 384.861633 0.053014 0.997917 -0.036765 -29.411091 -0.931719 0.062677 0.357732 20.882416
0.392179 0.016887 0.919734 385.767914 0.054291 0.997664 -0.041467 -29.454166 -0.918285 0.066195 0.390347 21.232067
0.426089 0.018498 0.904492 386.669281 0.054834 0.997425 -0.046230 -29.500898 -0.903018 0.069294 0.423977 21.609478
0.460696 0.019331 0.887348 387.532532 0.053064 0.997375 -0.049277 -29.554531 -0.885971 0.069788 0.458460 22.056152
0.494493 0.019232 0.868969 388.383118 0.052320 0.997284 -0.051844 -29.611723 -0.867605 0.071101 0.492144 22.530184
0.527436 0.019322 0.849375 389.224274 0.050303 0.997277 -0.053923 -29.673067 -0.848104 0.071167 0.525028 23.037157
0.559816 0.019843 0.828379 390.050842 0.047760 0.997279 -0.056164 -29.737022 -0.827239 0.071004 0.557346 23.572210
0.590366 0.021090 0.806860 390.848663 0.046659 0.997095 -0.060202 -29.801285 -0.805786 0.073188 0.587667 24.157984
0.619983 0.022396 0.784296 391.633270 0.044389 0.996991 -0.063559 -29.867075 -0.783359 0.074220 0.617122 24.778444
0.647086 0.024007 0.762039 392.399628 0.041536 0.996909 -0.066676 -29.936544 -0.761285 0.074797 0.644089 25.419033
0.671636 0.025939 0.740427 393.150787 0.037782 0.996888 -0.069195 -30.010263 -0.739917 0.074448 0.668565 26.077084
0.693119 0.028026 0.720277 393.880951 0.034586 0.996800 -0.072068 -30.088264 -0.719993 0.074862 0.689933 26.751425
0.711617 0.030808 0.701892 394.587128 0.031457 0.996639 -0.075638 -30.170706 -0.701863 0.075905 0.708256 27.440323
0.727763 0.033845 0.684993 395.272675 0.028966 0.996374 -0.080005 -30.256397 -0.685216 0.078066 0.724144 28.142344
0.742425 0.035115 0.669010 395.940704 0.027605 0.996174 -0.082920 -30.344229 -0.669362 0.080030 0.738614 28.856836
0.756519 0.031309 0.653223 396.591064 0.029455 0.996209 -0.081860 -30.438923 -0.653309 0.081168 0.752728 29.593882
0.770220 0.028246 0.637152 397.218384 0.030637 0.996227 -0.081200 -30.528008 -0.637041 0.082063 0.766449 30.344788
0.783236 0.025510 0.621202 397.826019 0.031774 0.996210 -0.080973 -30.616533 -0.620913 0.083159 0.779457 31.101446
0.796023 0.022989 0.604830 398.410339 0.033543 0.996067 -0.082006 -30.707373 -0.604335 0.085567 0.792122 31.864698
0.808413 0.021420 0.588226 398.980682 0.034351 0.995918 -0.083475 -30.799025 -0.587612 0.087689 0.804377 32.634537
0.820478 0.020127 0.571324 399.539795 0.034591 0.995802 -0.084756 -30.889093 -0.570630 0.089302 0.816337 33.414246
0.832263 0.018211 0.554081 400.083160 0.035556 0.995649 -0.086129 -30.979391 -0.553239 0.091383 0.827995 34.204475
0.843837 0.016162 0.536357 400.607391 0.036079 0.995576 -0.086763 -31.069952 -0.535386 0.092565 0.839520 35.007572
0.855052 0.013214 0.518375 401.110474 0.037010 0.995571 -0.086426 -31.156618 -0.517220 0.093084 0.850775 35.829918
0.866008 0.010391 0.499922 401.600464 0.037706 0.995581 -0.086009 -31.238783 -0.498606 0.093333 0.861789 36.660816
0.876575 0.007229 0.481212 402.076172 0.038881 0.995555 -0.085782 -31.323988 -0.479693 0.093903 0.872397 37.494583
0.887325 0.004233 0.461126 402.536163 0.040221 0.995437 -0.086532 -31.413317 -0.459389 0.095329 0.883105 38.336277
0.898443 0.001858 0.439085 402.975128 0.040952 0.995278 -0.088006 -31.504625 -0.437175 0.097051 0.894124 39.186726
0.909692 -0.000752 0.415284 403.392761 0.041339 0.995196 -0.088752 -31.597513 -0.413222 0.097905 0.905352 40.051418
0.920705 -0.002699 0.390250 403.792694 0.040606 0.995212 -0.088916 -31.686361 -0.388141 0.097712 0.916405 40.927467
0.931334 -0.004807 0.364137 404.171814 0.039766 0.995276 -0.088567 -31.780245 -0.361991 0.096965 0.927125 41.814110
0.941407 -0.006662 0.337206 404.522675 0.038902 0.995277 -0.088941 -31.875246 -0.335021 0.096848 0.937220 42.713062
0.950762 -0.008006 0.309820 404.845917 0.037551 0.995278 -0.089515 -31.970675 -0.307639 0.096742 0.946572 43.622543
0.959333 -0.010850 0.282070 405.144348 0.037637 0.995255 -0.089722 -32.065632 -0.279758 0.096689 0.955190 44.543041
0.967099 -0.014819 0.253968 405.417511 0.038894 0.995179 -0.090035 -32.161034 -0.251409 0.096950 0.963012 45.474255
0.974018 -0.018910 0.225681 405.665314 0.040476 0.995000 -0.091313 -32.257896 -0.222825 0.098074 0.969912 46.417305
0.979986 -0.021762 0.197875 405.887329 0.040961 0.994780 -0.093455 -32.355900 -0.194809 0.099689 0.975762 47.374355
0.984830 -0.023894 0.171869 406.085236 0.040851 0.994561 -0.095812 -32.454933 -0.168645 0.101380 0.980449 48.344833
0.988601 -0.024925 0.148484 406.261230 0.039694 0.994458 -0.097347 -32.555489 -0.145234 0.102132 0.984112 49.327629
0.991436 -0.025908 0.128003 406.419067 0.038504 0.994546 -0.096931 -32.656811 -0.124793 0.101029 0.987025 50.327126
0.993556 -0.024658 0.110621 406.558411 0.035547 0.994594 -0.097562 -32.764893 -0.107617 0.100865 0.989063 51.353512
0.994990 -0.023840 0.097100 406.658600 0.033614 0.994389 -0.100304 -32.862682 -0.094164 0.103064 0.990207 52.400814
0.996136 -0.022188 0.084979 406.678040 0.030884 0.994263 -0.102410 -32.967293 -0.082218 0.104639 0.991105 53.474365
0.996967 -0.019321 0.075394 406.706207 0.027042 0.994339 -0.102759 -33.090126 -0.072982 0.104485 0.991845 54.546059
0.997464 -0.019489 0.068466 406.787628 0.026440 0.994420 -0.102129 -33.203522 -0.066094 0.103680 0.992412 55.611996
0.997809 -0.019736 0.063149 406.868011 0.026080 0.994520 -0.101241 -33.318081 -0.060805 0.102666 0.992856 56.686611
0.998056 -0.020894 0.058706 406.941956 0.026824 0.994414 -0.102086 -33.434357 -0.056244 0.103462 0.993042 57.769341
0.998254 -0.022276 0.054719 407.013245 0.027899 0.994162 -0.104230 -33.551643 -0.052077 0.105575 0.993047 58.858192
0.998397 -0.023945 0.051276 407.082367 0.029272 0.993956 -0.105801 -33.670883 -0.048433 0.107133 0.993064 59.956917
0.998526 -0.024975 0.048206 407.149628 0.029975 0.993921 -0.105937 -33.790596 -0.045267 0.107225 0.993204 61.061287
0.998647 -0.025279 0.045453 407.214966 0.029933 0.994043 -0.104797 -33.910278 -0.042533 0.106015 0.993455 62.171310
0.998773 -0.026382 0.041931 407.273529 0.030639 0.994069 -0.104353 -34.030098 -0.038929 0.105509 0.993656 63.315735
0.998857 -0.027048 0.039401 407.321472 0.031047 0.994017 -0.104722 -34.149208 -0.036333 0.105825 0.993720 64.459892
0.998984 -0.027758 0.035511 407.376801 0.031387 0.993861 -0.106090 -34.275173 -0.032348 0.107096 0.993722 65.623093
0.999058 -0.028562 0.032695 407.431854 0.031915 0.993737 -0.107089 -34.401245 -0.029431 0.108031 0.993712 66.789001
0.999090 -0.029867 0.030482 407.465363 0.032996 0.993611 -0.107929 -34.528522 -0.027064 0.108836 0.993691 67.969070
0.999125 -0.030543 0.028570 407.501923 0.033476 0.993529 -0.108536 -34.658627 -0.025071 0.109397 0.993682 69.149696
0.999160 -0.031078 0.026703 407.537567 0.033814 0.993472 -0.108950 -34.789089 -0.023142 0.109760 0.993688 70.333534
0.999170 -0.032101 0.025069 407.573151 0.034641 0.993490 -0.108525 -34.919991 -0.021422 0.109303 0.993777 71.523727
0.999166 -0.033263 0.023668 407.608612 0.035626 0.993556 -0.107597 -35.050838 -0.019936 0.108350 0.993913 72.718773
0.999142 -0.034864 0.022385 407.643982 0.037058 0.993619 -0.106528 -35.181301 -0.018528 0.107267 0.994058 73.918175
0.999114 -0.036521 0.020946 407.678802 0.038544 0.993606 -0.106125 -35.311882 -0.016935 0.106839 0.994132 75.120056
0.999123 -0.037227 0.019189 407.711517 0.039064 0.993552 -0.106431 -35.443314 -0.015103 0.107087 0.994135 76.327164
0.999161 -0.037136 0.017268 407.742249 0.038779 0.993476 -0.107244 -35.575680 -0.013173 0.107823 0.994082 77.536659
0.999236 -0.035870 0.015523 407.770660 0.037337 0.993481 -0.107704 -35.710712 -0.011558 0.108201 0.994062 78.757484
0.999335 -0.033711 0.013907 407.794250 0.035019 0.993533 -0.108008 -35.847988 -0.010175 0.108423 0.994052 79.987518
0.999387 -0.032800 0.012252 407.816315 0.033936 0.993542 -0.108274 -35.987278 -0.008622 0.108623 0.994045 81.225029
0.999360 -0.034360 0.009880 407.830902 0.035229 0.993479 -0.108444 -36.132816 -0.006089 0.108722 0.994053 82.492294
0.999317 -0.036317 0.006854 407.840332 0.036846 0.993408 -0.108547 -36.283035 -0.002866 0.108726 0.994068 83.775375
0.999237 -0.038910 0.003363 407.848236 0.039046 0.993327 -0.108517 -36.433403 0.000882 0.108565 0.994088 85.057838
0.999099 -0.042448 -0.000372 407.854828 0.042150 0.993050 -0.109894 -36.584923 0.005034 0.109779 0.993943 86.338097
0.999044 -0.043533 -0.004118 407.858795 0.042788 0.992654 -0.113170 -36.736683 0.009015 0.112885 0.993567 87.614487
0.998943 -0.045308 -0.007810 407.857330 0.044092 0.992204 -0.116564 -36.892445 0.013030 0.116096 0.993153 88.888084
0.998911 -0.045233 -0.011419 407.851593 0.043584 0.992129 -0.117385 -37.049633 0.016639 0.116760 0.993021 90.164619
0.998901 -0.044400 -0.015046 407.843292 0.042363 0.992358 -0.115893 -37.204773 0.020077 0.115129 0.993148 91.440895
0.998905 -0.042923 -0.018616 407.832947 0.040526 0.992631 -0.114204 -37.356655 0.023381 0.113325 0.993283 92.706841
0.998899 -0.041412 -0.022028 407.817322 0.038703 0.992985 -0.111731 -37.506744 0.026500 0.110756 0.993494 93.969429
0.998887 -0.039742 -0.025422 407.796936 0.036753 0.993379 -0.108849 -37.655361 0.029579 0.107792 0.993733 95.231079
0.998827 -0.039013 -0.028683 407.772980 0.035724 0.993572 -0.107418 -37.802727 0.032689 0.106268 0.993800 96.486954
0.998772 -0.037917 -0.031893 407.744324 0.034265 0.993548 -0.108119 -37.949139 0.035787 0.106894 0.993626 97.739822
0.998742 -0.035812 -0.035095 407.709839 0.031765 0.993446 -0.109805 -38.095608 0.038797 0.108553 0.993333 98.987793
0.998709 -0.033574 -0.038117 407.675507 0.029122 0.993295 -0.111877 -38.244682 0.041618 0.110623 0.992991 100.243645
0.998604 -0.032080 -0.041952 407.641479 0.027124 0.993134 -0.113790 -38.392906 0.045314 0.112494 0.992618 101.490341
0.998614 -0.026682 -0.045366 407.590149 0.021394 0.993331 -0.113292 -38.546425 0.048086 0.112165 0.992525 102.743225
0.998580 -0.024260 -0.047418 407.535400 0.018694 0.993248 -0.114495 -38.686031 0.049876 0.113447 0.992291 103.993401
0.998558 -0.022956 -0.048548 407.482178 0.017212 0.993148 -0.115593 -38.826317 0.050869 0.114590 0.992109 105.242691
0.998545 -0.022661 -0.048947 407.429413 0.016703 0.992767 -0.118889 -38.967709 0.051287 0.117898 0.991701 106.489624
0.998475 -0.024537 -0.049449 407.380737 0.018335 0.992339 -0.122179 -39.111870 0.052068 0.121086 0.991275 107.734596
0.998284 -0.030201 -0.050170 407.336426 0.023840 0.992139 -0.122850 -39.255123 0.053486 0.121443 0.991157 108.983185
0.998156 -0.034820 -0.049717 407.294800 0.028504 0.992055 -0.122536 -39.402611 0.053589 0.120892 0.991218 110.229378
0.998137 -0.036558 -0.048849 407.250732 0.030344 0.992017 -0.122399 -39.553074 0.052934 0.120689 0.991278 111.467529
0.998304 -0.033103 -0.047886 407.187286 0.026993 0.992033 -0.123052 -39.721718 0.051578 0.121551 0.991244 112.696602
0.998495 -0.029029 -0.046553 407.118683 0.023032 0.991946 -0.124556 -39.899956 0.049794 0.123297 0.991119 113.915970
0.998721 -0.023450 -0.044805 407.048737 0.017662 0.991938 -0.125485 -40.075245 0.047387 0.124532 0.991083 115.134331
0.998881 -0.020100 -0.042814 406.985504 0.014623 0.992096 -0.124628 -40.248707 0.044981 0.123862 0.991279 116.353195
0.998978 -0.019053 -0.040979 406.930817 0.013795 0.992064 -0.124978 -40.418110 0.043035 0.124284 0.991312 117.568451
0.999027 -0.020384 -0.039123 406.884857 0.015299 0.991895 -0.126137 -40.582836 0.041377 0.125416 0.991241 118.783730
0.999061 -0.021942 -0.037362 406.844818 0.017051 0.991816 -0.126536 -40.743889 0.039834 0.125780 0.991258 119.999428
0.999126 -0.022204 -0.035433 406.807434 0.017585 0.991910 -0.125726 -40.901329 0.037937 0.124993 0.991432 121.223434
0.999190 -0.022109 -0.033625 406.765625 0.017774 0.992099 -0.124192 -41.063805 0.036104 0.123494 0.991688 122.453728
0.999290 -0.020257 -0.031773 406.722961 0.016203 0.992271 -0.123026 -41.225304 0.034019 0.122425 0.991895 123.681648
0.999378 -0.018745 -0.029890 406.681702 0.014908 0.992201 -0.123752 -41.387627 0.031977 0.123229 0.991863 124.908997
0.999457 -0.017175 -0.028117 406.641541 0.013495 0.991912 -0.126209 -41.551136 0.030058 0.125760 0.991605 126.133018
0.999514 -0.016232 -0.026610 406.602997 0.012666 0.991551 -0.129103 -41.716431 0.028481 0.128703 0.991274 127.358078
0.999535 -0.016454 -0.025685 406.566223 0.012964 0.991352 -0.130586 -41.882053 0.027611 0.130193 0.991105 128.583145
0.999540 -0.017314 -0.024912 406.530457 0.013940 0.991446 -0.129771 -42.046951 0.026946 0.129363 0.991231 129.812653
0.999552 -0.017587 -0.024249 406.494568 0.014349 0.991701 -0.127759 -42.210445 0.026296 0.127353 0.991509 131.042191
0.999542 -0.019055 -0.023537 406.467682 0.015928 0.991824 -0.126621 -42.371864 0.025757 0.126187 0.991672 132.262360
0.999554 -0.019215 -0.022845 406.441589 0.016176 0.991839 -0.126471 -42.532612 0.025089 0.126044 0.991707 133.482880
0.999550 -0.020102 -0.022283 406.418610 0.017100 0.991682 -0.127572 -42.694275 0.024663 0.127133 0.991579 134.700577
0.999525 -0.021920 -0.021651 406.398315 0.018928 0.991350 -0.129878 -42.857597 0.024311 0.129406 0.991294 135.918228
0.999510 -0.022812 -0.021440 406.379547 0.019808 0.991166 -0.131146 -43.023209 0.024242 0.130657 0.991131 137.134964
0.999499 -0.023406 -0.021271 406.360962 0.020393 0.991008 -0.132243 -43.191757 0.024175 0.131744 0.990989 138.352768
0.999506 -0.023470 -0.020900 406.341034 0.020478 0.990851 -0.133397 -43.361794 0.023840 0.132903 0.990842 139.568558
0.999527 -0.023009 -0.020407 406.319733 0.020093 0.990895 -0.133128 -43.532867 0.023284 0.132655 0.990888 140.785645
0.999536 -0.022979 -0.020005 406.298584 0.020154 0.991113 -0.131482 -43.704227 0.022849 0.131018 0.991116 142.004623
0.999526 -0.023740 -0.019652 406.277527 0.020972 0.991198 -0.130714 -43.874344 0.022582 0.130239 0.991225 143.227051
0.999495 -0.025289 -0.019238 406.257599 0.022558 0.991145 -0.130854 -44.042419 0.022376 0.130354 0.991215 144.452835
0.999465 -0.026840 -0.018684 406.237457 0.024184 0.991183 -0.130273 -44.209766 0.022016 0.129750 0.991302 145.681961
0.999462 -0.027333 -0.018140 406.217041 0.024752 0.991229 -0.129814 -44.377136 0.021529 0.129295 0.991372 146.911285
0.999468 -0.027458 -0.017613 406.195892 0.024917 0.991059 -0.131076 -44.545357 0.021055 0.130567 0.991216 148.141449
0.999446 -0.028591 -0.017016 406.176697 0.026059 0.990651 -0.133909 -44.715370 0.020685 0.133391 0.990848 149.370773
0.999444 -0.029060 -0.016376 406.157166 0.026550 0.990237 -0.136844 -44.887859 0.020193 0.136333 0.990457 150.600082
0.999409 -0.030489 -0.015855 406.139557 0.028036 0.990187 -0.136909 -45.061932 0.019874 0.136384 0.990456 151.831131
0.999370 -0.031985 -0.015419 406.123016 0.029638 0.990555 -0.133872 -45.236229 0.019556 0.133331 0.990878 153.068192
0.999309 -0.034091 -0.014871 406.107819 0.031853 0.990868 -0.131020 -45.407928 0.019202 0.130456 0.991268 154.304779
0.999302 -0.034502 -0.014320 406.091278 0.032353 0.990993 -0.129950 -45.577354 0.018674 0.129396 0.991417 155.541748
0.999281 -0.035483 -0.013427 406.074707 0.033435 0.990914 -0.130283 -45.745548 0.017928 0.129740 0.991385 156.777145
0.999373 -0.033279 -0.012104 406.057709 0.031393 0.990748 -0.132031 -45.914463 0.016385 0.131568 0.991171 158.011749
0.999460 -0.031464 -0.009450 406.043518 0.029915 0.990518 -0.134090 -46.084343 0.013580 0.133735 0.990924 159.246094
0.999568 -0.028768 -0.006021 406.030975 0.027688 0.990380 -0.135575 -46.255661 0.009864 0.135349 0.990749 160.480682
0.999640 -0.026777 -0.001531 406.026642 0.026318 0.990301 -0.136422 -46.432175 0.005170 0.136333 0.990649 161.717941
0.999669 -0.025491 0.003469 406.028076 0.025727 0.990189 -0.137345 -46.607712 0.000067 0.137388 0.990517 162.954361
0.999676 -0.023853 0.008951 406.032898 0.024855 0.990303 -0.136688 -46.783058 -0.005604 0.136866 0.990574 164.192459
0.999608 -0.023919 0.014593 406.043457 0.025660 0.990674 -0.133816 -46.956375 -0.011256 0.134137 0.990899 165.433624
0.999486 -0.024895 0.020195 406.064819 0.027340 0.990934 -0.131542 -47.135345 -0.016736 0.132027 0.991105 166.695892
0.999302 -0.027017 0.025815 406.091095 0.030152 0.991059 -0.129972 -47.311630 -0.022073 0.130659 0.991181 167.958435
0.999078 -0.029124 0.031533 406.121002 0.032996 0.990943 -0.130172 -47.487541 -0.027456 0.131092 0.990989 169.219376
0.998848 -0.029646 0.037741 406.167175 0.034350 0.990811 -0.130820 -47.656082 -0.033515 0.131965 0.990687 170.473312
0.998636 -0.029082 0.043353 406.226959 0.034528 0.990821 -0.130697 -47.828102 -0.039154 0.132016 0.990474 171.730911
0.998437 -0.026572 0.049186 406.284393 0.032898 0.990619 -0.132640 -47.992149 -0.045200 0.134050 0.989943 172.994583
0.998145 -0.026512 0.054812 406.348236 0.033698 0.990324 -0.134623 -48.152122 -0.050712 0.136220 0.989379 174.258560
0.997871 -0.024651 0.060391 406.418488 0.032677 0.990209 -0.135718 -48.316162 -0.056454 0.137401 0.988905 175.516815
0.997554 -0.022388 0.066214 406.495850 0.031219 0.990286 -0.135500 -48.485031 -0.062537 0.137236 0.988562 176.775131
0.997220 -0.020464 0.071658 406.580658 0.029979 0.990483 -0.134326 -48.654594 -0.068227 0.136101 0.988343 178.032288
0.996820 -0.019349 0.077306 406.673340 0.029342 0.991041 -0.130294 -48.824440 -0.074093 0.132147 0.988457 179.293076
0.996421 -0.017044 0.082797 406.772156 0.027476 0.991583 -0.126526 -48.993271 -0.079943 0.128347 0.988502 180.551361
0.995949 -0.017951 0.088118 406.882965 0.029136 0.991433 -0.127322 -49.162174 -0.085076 0.129373 0.987940 181.803223
0.995493 -0.017762 0.093151 407.001678 0.030170 0.990584 -0.133541 -49.333439 -0.089901 0.135750 0.986656 183.049240
0.994960 -0.019890 0.098280 407.131531 0.033532 0.989701 -0.139170 -49.507977 -0.094499 0.141764 0.985379 184.291901
0.994359 -0.022297 0.103697 407.271606 0.036744 0.989528 -0.139581 -49.686653 -0.099499 0.142603 0.984766 185.537354
0.993677 -0.024539 0.109562 407.425415 0.039530 0.989806 -0.136822 -49.870464 -0.105087 0.140287 0.984518 186.787231
0.992958 -0.025968 0.115586 407.577240 0.041686 0.989870 -0.135717 -50.040874 -0.110892 0.139579 0.983983 188.041748
0.992195 -0.027290 0.121681 407.737640 0.043777 0.989885 -0.134952 -50.219521 -0.116767 0.139225 0.983352 189.293045
0.991470 -0.027530 0.127391 407.905762 0.044764 0.989908 -0.134457 -50.400269 -0.122404 0.139012 0.982696 190.539734
0.990752 -0.027224 0.132932 408.079437 0.045187 0.989946 -0.134035 -50.577549 -0.127946 0.138802 0.982020 191.783249
0.990084 -0.026154 0.138021 408.258484 0.044743 0.990060 -0.133345 -50.752686 -0.133161 0.138198 0.981411 193.027847
0.989469 -0.022931 0.142919 408.439545 0.042073 0.990305 -0.132384 -50.927158 -0.138498 0.137002 0.980841 194.270889
0.988823 -0.018225 0.147980 408.622955 0.038175 0.990366 -0.133115 -51.102829 -0.144129 0.137276 0.979991 195.519470
0.987962 -0.014782 0.153992 408.814026 0.035671 0.990369 -0.133781 -51.275738 -0.150531 0.137663 0.978974 196.775864
0.987018 -0.013384 0.160053 409.013947 0.034873 0.990608 -0.132213 -51.452534 -0.156780 0.136077 0.978215 198.028885
0.986077 -0.012494 0.165822 409.225067 0.034384 0.990943 -0.129801 -51.628609 -0.162698 0.133695 0.977576 199.276672
0.985100 -0.013258 0.171471 409.447479 0.035812 0.990982 -0.129118 -51.800053 -0.168213 0.133335 0.976691 200.519638
0.984053 -0.013254 0.177386 409.678131 0.036743 0.990860 -0.129797 -51.969086 -0.174044 0.134245 0.975544 201.761322
0.982853 -0.012063 0.183998 409.913757 0.036370 0.990936 -0.129314 -52.138641 -0.180770 0.133787 0.974383 203.003891
0.981567 -0.009422 0.190883 410.155212 0.034273 0.991271 -0.127307 -52.308754 -0.188017 0.131502 0.973323 204.250824
0.980201 -0.007609 0.197856 410.405487 0.033030 0.991544 -0.125502 -52.477688 -0.195228 0.129552 0.972163 205.496643
0.978792 -0.006283 0.204762 410.666656 0.032475 0.991649 -0.124810 -52.644878 -0.202268 0.128813 0.970821 206.742432
0.977354 -0.005119 0.211547 410.935699 0.032124 0.991710 -0.124419 -52.810524 -0.209156 0.128397 0.969416 207.987289
0.975904 -0.005101 0.218142 411.215973 0.032925 0.991723 -0.124102 -52.975967 -0.215703 0.128295 0.967994 209.234039
0.974530 -0.004334 0.224218 411.503693 0.032952 0.991729 -0.124053 -53.141094 -0.221825 0.128281 0.966611 210.479828
0.973239 -0.003900 0.229759 411.805664 0.033222 0.991739 -0.123890 -53.309807 -0.227379 0.128207 0.965330 211.756042
0.972050 -0.004838 0.234724 412.104095 0.034590 0.991829 -0.122803 -53.469799 -0.232212 0.127489 0.964274 212.970871
0.970425 -0.004157 0.241367 412.393341 0.034349 0.992056 -0.121016 -53.640385 -0.238946 0.125727 0.962859 214.245483
0.968918 -0.003568 0.247356 412.697540 0.034308 0.992172 -0.120073 -53.810925 -0.244991 0.124827 0.961456 215.526199
0.967280 -0.002983 0.253694 413.010681 0.034457 0.992211 -0.119711 -53.971096 -0.251360 0.124535 0.959848 216.773804
0.965828 -0.000816 0.259184 413.324677 0.032725 0.992376 -0.118821 -54.131721 -0.257111 0.123242 0.958491 218.024673
0.964403 0.000547 0.264435 413.669617 0.031184 0.992785 -0.115783 -54.291718 -0.262591 0.119907 0.957428 219.288284
0.962808 0.001361 0.270187 414.019989 0.030416 0.993086 -0.113387 -54.451637 -0.268473 0.117388 0.956108 220.550415
0.961118 0.002697 0.276126 414.374207 0.030584 0.992761 -0.116148 -54.610722 -0.274440 0.120077 0.954078 221.807602
0.959410 0.002326 0.282006 414.736084 0.033041 0.992152 -0.120591 -54.774059 -0.280073 0.125013 0.951804 223.063538
0.957649 -0.000560 0.287940 415.104370 0.036779 0.992045 -0.120394 -54.937370 -0.285581 0.125886 0.950051 224.321686
0.955842 -0.003298 0.293861 415.470276 0.039366 0.992362 -0.116911 -55.100021 -0.291230 0.123316 0.948672 225.591034
0.953713 -0.004275 0.300688 415.857971 0.040358 0.992673 -0.113891 -55.255283 -0.297997 0.120755 0.946898 226.847610
0.951292 -0.003370 0.308271 416.258484 0.040361 0.992695 -0.113699 -55.408012 -0.305637 0.120602 0.944479 228.096420
0.948389 -0.000763 0.317109 416.681946 0.039185 0.992615 -0.114802 -55.556221 -0.314680 0.121304 0.941415 229.341797
0.945391 -0.000189 0.325939 417.126770 0.039259 0.992786 -0.113292 -55.707951 -0.323566 0.119901 0.938577 230.578918
0.942361 -0.000117 0.334599 417.585022 0.039587 0.993016 -0.111142 -55.862015 -0.332249 0.117982 0.935783 231.813873
0.939227 -0.000990 0.343296 418.053528 0.040527 0.993323 -0.108015 -56.013405 -0.340896 0.115363 0.932996 233.048798
0.935905 -0.002552 0.352246 418.525482 0.042241 0.993571 -0.105034 -56.163078 -0.349712 0.113181 0.929995 234.297073
0.932703 -0.004182 0.360622 419.013092 0.044028 0.993774 -0.102346 -56.309978 -0.357948 0.111336 0.927080 235.538483
0.929629 -0.004933 0.368464 419.512238 0.045521 0.993789 -0.101541 -56.456379 -0.365675 0.111168 0.924080 236.786469
0.926545 -0.005326 0.376148 420.016327 0.046529 0.993845 -0.100536 -56.601658 -0.373297 0.110652 0.921089 238.032150
0.923691 -0.005157 0.383105 420.527771 0.046195 0.994114 -0.097996 -56.747974 -0.380345 0.108216 0.918492 239.274689
0.920871 -0.004990 0.389838 421.042725 0.045695 0.994408 -0.095211 -56.893642 -0.387182 0.105489 0.915948 240.514908
0.918155 -0.003847 0.396204 421.560516 0.044191 0.994709 -0.092750 -57.038410 -0.393750 0.102667 0.913466 241.753525
0.915168 -0.003928 0.403055 422.089661 0.043841 0.994991 -0.089845 -57.173668 -0.400682 0.099894 0.910755 242.985214
0.911982 -0.003295 0.410217 422.616180 0.042917 0.995247 -0.087416 -57.309116 -0.407979 0.097327 0.907788 244.215988
0.908779 -0.005207 0.417246 423.153137 0.044894 0.995339 -0.085359 -57.435989 -0.414857 0.096304 0.904776 245.442032
0.906623 -0.005663 0.421904 423.721313 0.046549 0.995149 -0.086672 -57.558155 -0.419367 0.098217 0.902488 246.633224
0.904078 -0.005762 0.427329 424.293365 0.047687 0.995025 -0.087473 -57.678680 -0.424698 0.099460 0.899855 247.821213
0.901509 -0.005518 0.432725 424.857635 0.047259 0.995194 -0.085764 -57.804508 -0.430172 0.097767 0.897438 249.004501
0.899158 -0.005256 0.437593 425.430450 0.046748 0.995360 -0.084100 -57.921539 -0.435120 0.096075 0.895232 250.171844
0.896945 -0.003524 0.442130 426.008057 0.044653 0.995578 -0.082651 -58.037899 -0.439883 0.093876 0.893135 251.344666
0.894517 -0.002508 0.447028 426.589142 0.043025 0.995825 -0.080506 -58.152786 -0.444959 0.091247 0.890890 252.514999
0.892297 -0.000349 0.451450 427.171417 0.041135 0.995903 -0.080534 -58.267681 -0.449571 0.090431 0.888655 253.681046
0.890218 0.000005 0.455535 427.758209 0.043030 0.995528 -0.084100 -58.384174 -0.453498 0.094468 0.886237 254.840439
0.888350 -0.001250 0.459167 428.352264 0.045456 0.995323 -0.085233 -58.506081 -0.456912 0.096588 0.884252 255.981003
0.886673 -0.003491 0.462385 428.950714 0.048546 0.995148 -0.085579 -58.629082 -0.459843 0.098326 0.882540 257.121582
0.885143 -0.004615 0.465298 429.564514 0.049807 0.995146 -0.084876 -58.735191 -0.462647 0.098301 0.881076 258.270508
0.883278 -0.005872 0.468812 430.174103 0.050226 0.995353 -0.082160 -58.845894 -0.466150 0.096117 0.879468 259.424255
0.881688 -0.008329 0.471759 430.787018 0.051427 0.995584 -0.078534 -58.950981 -0.469021 0.093504 0.878223 260.567322
0.880101 -0.010118 0.474679 431.399017 0.051584 0.995893 -0.074415 -59.054977 -0.471975 0.089978 0.877008 261.708588
0.878997 -0.012125 0.476673 432.019104 0.053664 0.995841 -0.073625 -59.161736 -0.473797 0.090296 0.875992 262.835724
0.878094 -0.011909 0.478342 432.641052 0.054425 0.995688 -0.075118 -59.265820 -0.475385 0.091995 0.874955 263.958588
0.877326 -0.010272 0.479785 433.249847 0.053371 0.995657 -0.076276 -59.365524 -0.476917 0.092525 0.874065 265.078552
0.876754 -0.010644 0.480821 433.859039 0.053092 0.995787 -0.074765 -59.477806 -0.477999 0.091078 0.873625 266.184174
0.876070 -0.011079 0.482058 434.467163 0.052819 0.995925 -0.073101 -59.589912 -0.479284 0.089503 0.873084 267.285492
0.875270 -0.012217 0.483482 435.075958 0.053245 0.996038 -0.071223 -59.700138 -0.480696 0.088082 0.872453 268.381470
0.874505 -0.013941 0.484815 435.682892 0.054524 0.996077 -0.069706 -59.803650 -0.481941 0.087392 0.871835 269.466492
0.873755 -0.015539 0.486119 436.287689 0.055961 0.996063 -0.068746 -59.901566 -0.483137 0.087270 0.871185 270.544342
0.872974 -0.016308 0.487494 436.890442 0.056782 0.996043 -0.068363 -59.996246 -0.484450 0.087360 0.870446 271.614655
0.872235 -0.016082 0.488822 437.491638 0.056834 0.996021 -0.068642 -60.089645 -0.485773 0.087654 0.869678 272.678589
0.871546 -0.014257 0.490106 438.087738 0.055277 0.996062 -0.069322 -60.182922 -0.487187 0.087509 0.868902 273.733856
0.870893 -0.010964 0.491349 438.680542 0.052205 0.996158 -0.070304 -60.280293 -0.488691 0.086878 0.868120 274.788147
0.870330 -0.007372 0.492416 439.272217 0.048650 0.996285 -0.071073 -60.378151 -0.490061 0.085813 0.867454 275.840637
0.869945 -0.005494 0.493118 439.861389 0.046128 0.996460 -0.070274 -60.470688 -0.490987 0.083880 0.867120 276.876007
0.869946 -0.004481 0.493127 440.457245 0.044839 0.996535 -0.070046 -60.562576 -0.491104 0.083048 0.867133 277.906647
0.869777 -0.003348 0.493435 441.046661 0.043881 0.996541 -0.070585 -60.661583 -0.491492 0.083046 0.866914 278.943420
0.869460 -0.001836 0.494000 441.636627 0.042658 0.996537 -0.071374 -60.760437 -0.492158 0.083130 0.866528 279.979614
0.869115 -0.000952 0.494609 442.226318 0.041346 0.996638 -0.070734 -60.858231 -0.492879 0.081926 0.866232 281.014771
0.868727 -0.001170 0.495291 442.818024 0.040821 0.996764 -0.069242 -60.954811 -0.493607 0.080371 0.865963 282.050415
0.868984 -0.001219 0.494839 443.404388 0.041201 0.996704 -0.069895 -61.044086 -0.493122 0.081125 0.866170 283.069458
0.869234 -0.001289 0.494399 443.992615 0.041993 0.996576 -0.071230 -61.132755 -0.492614 0.082676 0.866312 284.088593
0.869076 -0.002191 0.494674 444.563385 0.043488 0.996457 -0.071988 -61.214962 -0.492763 0.084076 0.866092 285.140198
0.869648 -0.002780 0.493665 445.132660 0.043697 0.996493 -0.071365 -61.298504 -0.491735 0.083633 0.866719 286.196747
0.870102 -0.003714 0.492859 445.703247 0.042990 0.996733 -0.068386 -61.380062 -0.490994 0.080690 0.867418 287.258698
0.870037 -0.003422 0.492974 446.288818 0.043238 0.996653 -0.069392 -61.460258 -0.491086 0.081689 0.867272 288.304626
0.869336 -0.002122 0.494217 446.873535 0.042420 0.996621 -0.070339 -61.550827 -0.492397 0.082112 0.866488 289.354492
0.868677 -0.001273 0.495377 447.460022 0.042013 0.996583 -0.071111 -61.642056 -0.493593 0.082585 0.865763 290.406342
0.867221 0.000051 0.497923 448.049408 0.040396 0.996696 -0.070457 -61.732903 -0.496282 0.081217 0.864354 291.460663
0.864238 0.001936 0.503081 448.661438 0.037687 0.996934 -0.068578 -61.823383 -0.501671 0.078226 0.861514 292.526794
0.861064 0.004139 0.508482 449.284180 0.034466 0.997192 -0.066482 -61.911381 -0.507328 0.074770 0.858502 293.597290
0.857609 0.005558 0.514273 449.915863 0.032336 0.997380 -0.064702 -61.989685 -0.513285 0.072118 0.855182 294.660004
0.852749 0.005661 0.522290 450.552307 0.033754 0.997254 -0.065921 -62.068893 -0.521228 0.073844 0.850216 295.729095
0.847474 0.003514 0.530827 451.207703 0.036640 0.997207 -0.065096 -62.150940 -0.529572 0.074616 0.844977 296.797729
0.842970 -0.000257 0.537961 451.881439 0.039983 0.997265 -0.062175 -62.229507 -0.536474 0.073921 0.840674 297.852905
0.837555 -0.006006 0.546321 452.567841 0.045334 0.997256 -0.058537 -62.309109 -0.544469 0.073794 0.835528 298.924072
0.832895 -0.004570 0.553412 453.271820 0.045550 0.997139 -0.060319 -62.389618 -0.551553 0.075447 0.830721 300.000153
0.828146 -0.000183 0.560512 453.974945 0.045119 0.996777 -0.066337 -62.464607 -0.558693 0.080227 0.825486 301.046906
0.823458 0.004960 0.567355 454.688629 0.043277 0.996499 -0.071524 -62.547310 -0.565724 0.083450 0.820361 302.098480
0.818879 0.008709 0.573900 455.411591 0.038853 0.996750 -0.070564 -62.640789 -0.572649 0.080080 0.815879 303.141296
0.814499 0.004354 0.580148 456.159393 0.040804 0.997066 -0.064769 -62.729832 -0.578728 0.076427 0.811932 304.188812
0.810294 -0.000014 0.586025 456.917450 0.042713 0.997342 -0.059035 -62.812840 -0.584466 0.072866 0.808140 305.244110
0.806534 -0.003010 0.591180 457.687622 0.046202 0.997250 -0.057955 -62.881828 -0.589379 0.074056 0.804455 306.290131
0.803026 -0.002972 0.595936 458.468628 0.046265 0.997281 -0.057367 -62.953442 -0.594145 0.073637 0.800980 307.338776
0.799281 -0.001430 0.600956 459.252472 0.044322 0.997414 -0.056574 -63.025063 -0.599320 0.071854 0.797278 308.390747
0.795194 -0.004678 0.606337 460.048706 0.044105 0.997767 -0.050145 -63.097969 -0.604749 0.066617 0.793625 309.453278
0.791159 -0.005979 0.611580 460.852722 0.044663 0.997847 -0.048021 -63.175270 -0.609977 0.065308 0.789723 310.542328
0.787283 -0.009246 0.616522 461.666595 0.048903 0.997675 -0.047484 -63.241863 -0.614649 0.067533 0.785904 311.619324
0.783930 -0.012243 0.620729 462.487640 0.051915 0.997597 -0.045889 -63.306404 -0.618675 0.068199 0.782681 312.683136
0.780626 -0.014741 0.624825 463.312500 0.053870 0.997588 -0.043768 -63.372383 -0.622673 0.067825 0.779537 313.736450
0.777609 -0.017392 0.628507 464.141479 0.056400 0.997517 -0.042177 -63.437111 -0.626213 0.068245 0.776659 314.779694
0.774889 -0.021590 0.631729 464.975800 0.059861 0.997432 -0.039338 -63.499786 -0.629256 0.068298 0.774191 315.814789
0.772746 -0.026107 0.634179 465.811401 0.063293 0.997343 -0.036064 -63.560356 -0.631552 0.068008 0.772345 316.839661
0.771976 -0.029994 0.634943 466.666199 0.070067 0.996815 -0.038099 -63.615837 -0.631778 0.073900 0.771618 317.845306
0.769559 -0.030339 0.637854 467.479187 0.071350 0.996701 -0.038677 -63.669121 -0.634577 0.075275 0.769185 318.883209
0.768423 -0.031043 0.639189 468.318817 0.071339 0.996753 -0.037353 -63.727127 -0.635953 0.074302 0.768143 319.888580
0.767160 -0.029540 0.640775 469.150604 0.068882 0.996957 -0.036507 -63.780609 -0.637747 0.072145 0.766860 320.893188
0.765561 -0.028323 0.642741 469.988098 0.068679 0.996920 -0.037871 -63.835747 -0.639688 0.073135 0.765148 321.907623
0.764870 -0.029431 0.643512 470.841644 0.069823 0.996859 -0.037398 -63.886223 -0.640390 0.073535 0.764521 322.910461
0.763813 -0.031200 0.644683 471.701660 0.071091 0.996821 -0.035985 -63.936234 -0.641510 0.073317 0.763603 323.908539
0.762567 -0.033807 0.646026 472.559143 0.071458 0.996925 -0.032178 -63.984734 -0.642951 0.070701 0.762637 324.935150
0.762336 -0.035981 0.646181 473.412781 0.071143 0.997061 -0.028411 -64.031990 -0.643260 0.067629 0.762655 325.972046
0.762770 -0.032118 0.645871 474.258209 0.065463 0.997470 -0.027710 -64.089836 -0.643347 0.063416 0.762943 326.989868
0.763087 -0.029707 0.645612 475.107513 0.066022 0.997301 -0.032144 -64.136307 -0.642914 0.067153 0.762989 327.994232
0.764120 -0.026508 0.644530 475.967194 0.064087 0.997332 -0.034958 -64.193848 -0.641883 0.068018 0.763780 329.010590
0.765083 -0.031879 0.643142 476.830841 0.067628 0.997228 -0.031020 -64.244148 -0.640370 0.067228 0.765119 330.022827
0.765881 -0.041567 0.641638 477.695221 0.073542 0.997022 -0.023191 -64.294189 -0.638763 0.064949 0.766657 331.031342
0.766470 -0.045406 0.640673 478.555054 0.077546 0.996743 -0.022130 -64.335175 -0.637581 0.066644 0.767495 332.042969
0.766789 -0.045813 0.640262 479.407013 0.080255 0.996466 -0.024813 -64.369621 -0.636862 0.070410 0.767755 333.057404
0.767234 -0.042788 0.639940 480.248749 0.078754 0.996507 -0.027791 -64.406822 -0.636515 0.071720 0.767922 334.075500
0.767561 -0.041434 0.639635 481.085754 0.076514 0.996696 -0.027253 -64.448090 -0.636393 0.069859 0.768196 335.095398
0.767723 -0.042463 0.639373 481.922729 0.075682 0.996827 -0.024671 -64.489426 -0.636297 0.067329 0.768500 336.115845
0.767796 -0.045587 0.639070 482.758820 0.076181 0.996885 -0.020414 -64.528389 -0.636149 0.064359 0.768878 337.134064
0.768030 -0.049982 0.638461 483.602936 0.079143 0.996716 -0.017176 -64.568184 -0.635505 0.063721 0.769462 338.149200
0.768174 -0.051158 0.638193 484.435028 0.079852 0.996675 -0.016219 -64.610252 -0.635241 0.063420 0.769705 339.165405
0.768089 -0.051201 0.638292 485.255371 0.079748 0.996686 -0.016015 -64.646217 -0.635358 0.063203 0.769627 340.181580
0.768408 -0.051479 0.637887 486.078003 0.078850 0.996781 -0.014541 -64.678635 -0.635084 0.061471 0.769993 341.198761
0.768783 -0.051331 0.637447 486.917664 0.078295 0.996830 -0.014157 -64.696365 -0.634698 0.060792 0.770365 342.213623
0.768728 -0.051668 0.637486 487.745941 0.078275 0.996839 -0.013596 -64.722832 -0.634769 0.060350 0.770342 343.228149
0.769161 -0.051236 0.636998 488.567078 0.078583 0.996800 -0.014711 -64.753258 -0.634205 0.061372 0.770725 344.239044
0.769181 -0.050943 0.636999 489.396667 0.077813 0.996866 -0.014237 -64.780769 -0.634277 0.060517 0.770733 345.246490
0.768558 -0.049933 0.637829 490.220276 0.075905 0.997025 -0.013409 -64.812508 -0.635261 0.058720 0.770062 346.260895
0.767712 -0.048698 0.638942 491.056274 0.074214 0.997155 -0.013169 -64.839630 -0.636483 0.057528 0.769142 347.263702
0.766661 -0.048729 0.640200 491.891113 0.074079 0.997170 -0.012810 -64.866325 -0.637764 0.057247 0.768101 348.264587
0.765469 -0.050610 0.641478 492.725769 0.075167 0.997110 -0.011028 -64.893494 -0.639067 0.056659 0.767062 349.268402
0.764320 -0.052391 0.642706 493.563965 0.076063 0.997061 -0.009179 -64.919136 -0.640336 0.055902 0.766058 350.272186
0.763157 -0.053219 0.644018 494.403076 0.077062 0.996987 -0.008929 -64.943512 -0.641602 0.056443 0.764959 351.271729
0.761899 -0.053030 0.645522 495.241364 0.077343 0.996961 -0.009385 -64.966057 -0.643062 0.057077 0.763683 352.270416
0.760501 -0.053066 0.647165 496.083496 0.077540 0.996945 -0.009370 -64.989136 -0.644691 0.057307 0.762292 353.267883
0.759226 -0.053187 0.648652 496.926422 0.078417 0.996870 -0.010045 -65.012024 -0.646086 0.058492 0.761020 354.261047
0.757986 -0.053354 0.650085 497.770966 0.079345 0.996790 -0.010706 -65.035896 -0.647428 0.059696 0.759785 355.252594
0.756472 -0.052360 0.651928 498.618530 0.078699 0.996835 -0.011256 -65.061821 -0.649274 0.059821 0.758198 356.244720
0.754231 -0.051062 0.654622 499.465790 0.077436 0.996932 -0.011454 -65.087700 -0.652027 0.059330 0.755870 357.233612
0.751498 -0.048793 0.657929 500.323883 0.073410 0.997253 -0.009892 -65.116722 -0.655639 0.055733 0.753015 358.228851
0.774906 -0.060471 0.629178 501.709747 0.081493 0.996664 -0.004579 -65.135849 -0.626801 0.054821 0.777248 359.140594
0.772173 -0.057668 0.632790 502.534637 0.081296 0.996655 -0.008373 -65.143021 -0.630190 0.057909 0.774278 360.165283
0.769869 -0.056233 0.635720 503.351410 0.081326 0.996634 -0.010329 -65.150368 -0.632998 0.059653 0.771851 361.192566
0.767229 -0.060168 0.638545 504.181702 0.083044 0.996529 -0.005880 -65.154427 -0.635974 0.057538 0.769563 362.206635
0.763690 -0.060660 0.642727 504.996002 0.082049 0.996623 -0.003431 -65.150414 -0.640348 0.055355 0.766088 363.236237
0.762850 -0.057391 0.644025 505.841736 0.076772 0.997047 -0.002086 -65.160545 -0.642003 0.051034 0.765002 364.228485
0.760736 -0.055119 0.646717 506.687256 0.072978 0.997333 -0.000843 -65.168251 -0.644945 0.047837 0.762729 365.210022
0.758327 -0.050796 0.649892 507.528107 0.069517 0.997576 -0.003144 -65.177727 -0.648156 0.047564 0.760021 366.175995
0.756551 -0.046914 0.652250 508.374084 0.070212 0.997485 -0.009693 -65.192802 -0.650154 0.053129 0.757942 367.131866
0.755119 -0.047470 0.653867 509.216705 0.075043 0.997078 -0.014277 -65.207550 -0.651279 0.059850 0.756474 368.080017
0.754732 -0.049229 0.654183 510.018097 0.075978 0.997029 -0.012625 -65.248367 -0.651618 0.059232 0.756231 369.038635
0.753513 -0.053165 0.655280 510.833740 0.077506 0.996958 -0.008239 -65.269844 -0.652849 0.056996 0.755342 369.980408
0.752357 -0.051459 0.656743 511.636261 0.073456 0.997280 -0.006008 -65.287285 -0.654648 0.052762 0.754090 370.919189
0.750825 -0.048720 0.658702 512.432373 0.069539 0.997564 -0.005480 -65.302193 -0.656831 0.049920 0.752383 371.851776
0.749653 -0.045386 0.660273 513.224548 0.065681 0.997823 -0.005983 -65.316841 -0.658564 0.047852 0.751001 372.774841
0.748953 -0.040751 0.661369 514.012268 0.061183 0.998097 -0.007785 -65.333656 -0.659793 0.046294 0.750020 373.690582
0.748295 -0.038366 0.662256 514.811462 0.060532 0.998110 -0.010573 -65.348198 -0.660599 0.047999 0.749203 374.601166
0.747562 -0.038030 0.663102 515.610168 0.060766 0.998089 -0.011264 -65.362701 -0.661405 0.048713 0.748444 375.509216
0.746259 -0.037989 0.664570 516.367981 0.059181 0.998203 -0.009394 -65.385506 -0.663019 0.046341 0.747167 376.374542
0.745286 -0.035378 0.665806 517.120178 0.058259 0.998227 -0.012173 -65.415924 -0.664195 0.047862 0.746025 377.229187
0.743740 -0.035237 0.667541 517.857422 0.059957 0.998101 -0.014114 -65.440323 -0.665775 0.050522 0.744440 378.075134
0.742991 -0.036401 0.668312 518.587646 0.062439 0.997935 -0.015062 -65.465034 -0.666382 0.052919 0.743729 378.915436
0.741782 -0.036105 0.669669 519.321106 0.062009 0.997965 -0.014881 -65.494255 -0.667768 0.052564 0.742511 379.753510
0.742184 -0.035712 0.669245 520.076538 0.064426 0.997757 -0.018204 -65.517914 -0.667092 0.056627 0.742820 380.593109
0.742554 -0.036241 0.668805 520.829773 0.066494 0.997591 -0.019768 -65.541641 -0.666477 0.059151 0.743175 381.430237
0.742889 -0.037792 0.668347 521.579529 0.067631 0.997534 -0.018767 -65.564774 -0.665990 0.059144 0.743612 382.265076
0.743522 -0.041045 0.667452 522.320129 0.071212 0.997299 -0.017999 -65.586349 -0.664910 0.060912 0.744436 383.067261
0.743542 -0.043520 0.667272 523.055847 0.073540 0.997149 -0.016910 -65.606277 -0.664632 0.061644 0.744623 383.863159
0.742872 -0.044013 0.667985 523.777954 0.075130 0.997014 -0.017860 -65.636642 -0.665204 0.063453 0.743960 384.657440
0.740602 -0.043138 0.670558 524.484192 0.075348 0.996975 -0.019081 -65.673149 -0.667706 0.064657 0.741612 385.451721
0.737582 -0.043172 0.673877 525.189392 0.076623 0.996860 -0.020000 -65.702721 -0.670897 0.066385 0.738573 386.238007
0.735090 -0.043691 0.676561 525.893250 0.077781 0.996767 -0.020140 -65.732346 -0.673493 0.067428 0.736112 387.021179
0.732422 -0.044433 0.679399 526.594360 0.078490 0.996725 -0.019429 -65.761436 -0.676311 0.067556 0.733511 387.798126
0.729357 -0.044988 0.682653 527.294678 0.079148 0.996685 -0.018878 -65.801247 -0.679541 0.067799 0.730499 388.556732
0.726635 -0.045443 0.685520 527.991394 0.079936 0.996625 -0.018664 -65.840591 -0.682357 0.068359 0.727816 389.308228
0.723649 -0.045626 0.688659 528.682983 0.079850 0.996647 -0.017876 -65.879517 -0.685533 0.067925 0.724865 390.052185
0.720995 -0.045633 0.691436 529.365540 0.079567 0.996681 -0.017189 -65.904320 -0.688357 0.067409 0.722234 390.765228
0.718257 -0.046185 0.694244 530.038818 0.078868 0.996768 -0.015285 -65.918076 -0.691294 0.065731 0.719577 391.460327
0.715329 -0.045940 0.697277 530.705017 0.077580 0.996890 -0.013907 -65.928917 -0.694468 0.064043 0.716668 392.138458
0.712725 -0.045064 0.699994 531.361755 0.075155 0.997096 -0.012330 -65.938728 -0.697406 0.061396 0.714041 392.807068
0.710450 -0.044733 0.702326 532.006287 0.072888 0.997288 -0.010211 -65.946014 -0.699963 0.058446 0.711783 393.464081
0.708450 -0.045042 0.704323 532.637756 0.073135 0.997275 -0.009787 -65.954323 -0.701962 0.058444 0.709813 394.105194
0.706989 -0.042952 0.705919 533.253784 0.073124 0.997244 -0.012557 -65.966194 -0.703434 0.060497 0.708181 394.732208
0.706792 -0.038846 0.706355 533.855652 0.072798 0.997184 -0.018002 -65.979439 -0.703666 0.064146 0.707629 395.330170
0.706461 -0.037471 0.706759 534.447754 0.073859 0.997048 -0.020965 -65.993767 -0.703887 0.067011 0.707144 395.920197
0.706901 -0.039916 0.706186 535.032959 0.075880 0.996925 -0.019606 -66.011757 -0.703231 0.067446 0.707755 396.509521
0.707428 -0.043514 0.705444 535.606750 0.078129 0.996801 -0.016863 -66.030418 -0.702454 0.067045 0.708565 397.093323
0.708152 -0.047088 0.704488 536.168701 0.080789 0.996625 -0.014594 -66.047813 -0.701423 0.067250 0.709566 397.667206
0.709222 -0.049663 0.703234 536.719360 0.082401 0.996518 -0.012727 -66.065102 -0.700153 0.066973 0.710845 398.227966
0.710131 -0.052695 0.702095 537.260620 0.084758 0.996342 -0.010948 -66.081390 -0.698949 0.067283 0.711999 398.776459
0.711396 -0.055055 0.700633 537.789062 0.087411 0.996118 -0.010481 -66.094795 -0.697334 0.068699 0.713446 399.310760
0.712564 -0.056139 0.699357 538.301453 0.088999 0.995974 -0.010729 -66.107025 -0.695939 0.069887 0.714692 399.832031
0.713395 -0.053293 0.698733 538.797180 0.085563 0.996268 -0.011371 -66.120491 -0.695519 0.067897 0.715292 400.348541
0.714198 -0.047695 0.698318 539.283569 0.079955 0.996705 -0.013698 -66.135475 -0.695363 0.065617 0.715657 400.858093
0.714883 -0.042983 0.697923 539.763672 0.075909 0.996981 -0.016353 -66.151054 -0.695112 0.064669 0.715987 401.359497
0.715706 -0.039586 0.697280 540.239380 0.073610 0.997107 -0.018947 -66.166481 -0.694512 0.064887 0.716549 401.854553
0.716549 -0.034190 0.696699 540.707397 0.068964 0.997377 -0.021984 -66.183784 -0.694119 0.063800 0.717027 402.346436
0.717072 -0.025892 0.696519 541.166870 0.061157 0.997793 -0.025871 -66.202362 -0.694311 0.061148 0.717072 402.834991
0.717865 -0.018299 0.695942 541.622009 0.054709 0.998046 -0.030189 -66.221306 -0.694029 0.059745 0.717463 403.316742
0.720581 -0.020004 0.693083 542.049561 0.057958 0.997824 -0.031458 -66.237503 -0.690944 0.062837 0.720171 403.740234
0.723565 -0.021364 0.689926 542.474915 0.060426 0.997644 -0.032479 -66.254791 -0.687607 0.065191 0.723151 404.162201
0.728882 -0.024250 0.684210 542.896545 0.063242 0.997485 -0.032017 -66.273064 -0.681712 0.066607 0.728583 404.586975
0.739927 -0.025445 0.672205 543.274292 0.062291 0.997583 -0.030804 -66.298851 -0.669796 0.064664 0.739724 405.022400
0.751373 -0.027412 0.659308 543.648865 0.063049 0.997548 -0.030377 -66.323494 -0.656859 0.064392 0.751259 405.458527
0.765318 -0.028674 0.643014 544.013672 0.065052 0.997338 -0.032949 -66.347977 -0.640357 0.067045 0.765145 405.896210
0.781491 -0.029881 0.623201 544.361023 0.066564 0.997145 -0.035661 -66.370216 -0.620356 0.069351 0.781248 406.340668
0.800146 -0.031745 0.598964 544.691833 0.068000 0.996962 -0.038000 -66.391937 -0.595937 0.071135 0.799874 406.797699
0.819730 -0.032741 0.571814 544.983643 0.067486 0.996932 -0.039662 -66.403015 -0.568761 0.071102 0.819425 407.296112
0.842018 -0.036124 0.538239 545.272461 0.067776 0.996934 -0.039119 -66.425339 -0.535175 0.069418 0.841884 407.779816
0.864647 -0.037240 0.500999 545.531738 0.064943 0.997167 -0.037958 -66.447212 -0.498165 0.065356 0.864616 408.282745
0.886408 -0.035722 0.461526 545.762390 0.059704 0.997513 -0.037461 -66.470627 -0.459040 0.060760 0.886335 408.785919
0.906898 -0.031604 0.420165 545.967285 0.052036 0.997950 -0.037251 -66.493919 -0.418126 0.055647 0.906683 409.298767
0.925927 -0.028537 0.376625 546.149231 0.046138 0.998220 -0.037791 -66.516380 -0.374875 0.052368 0.925595 409.818909
0.942927 -0.028150 0.331806 546.317871 0.043314 0.998324 -0.038392 -66.537781 -0.330168 0.050573 0.942566 410.346985
0.957693 -0.030285 0.286196 546.476868 0.042873 0.998365 -0.037820 -66.558647 -0.284582 0.048490 0.957424 410.880646
0.970390 -0.031898 0.239429 546.622131 0.041648 0.998492 -0.035768 -66.577934 -0.237926 0.044680 0.970255 411.421173
0.980985 -0.030088 0.191741 546.749329 0.036696 0.998845 -0.031005 -66.594383 -0.190586 0.037452 0.980955 411.970703
0.989303 -0.026441 0.143459 546.858154 0.030504 0.999192 -0.026193 -66.610748 -0.142649 0.030288 0.989310 412.527069
0.995226 -0.025627 0.094177 546.939148 0.027797 0.999376 -0.021805 -66.629700 -0.093559 0.024319 0.995316 413.094757
0.998579 -0.027845 0.045451 547.001038 0.028859 0.999345 -0.021803 -66.648323 -0.044814 0.023084 0.998729 413.667694
0.999513 -0.031173 -0.001867 547.040771 0.031123 0.999255 -0.022789 -66.664253 0.002577 0.022720 0.999738 414.248047
0.998360 -0.031093 -0.048074 546.997070 0.029926 0.999245 -0.024789 -66.675774 0.048809 0.023309 0.998536 414.861816
0.995324 -0.028809 -0.092196 546.967834 0.026620 0.999336 -0.024892 -66.688705 0.092852 0.022321 0.995429 415.462402
0.990641 -0.025742 -0.134042 546.916016 0.022709 0.999452 -0.024105 -66.705048 0.134589 0.020835 0.990682 416.069153
0.984365 -0.025227 -0.174323 546.846558 0.021289 0.999475 -0.024429 -66.723907 0.174848 0.020336 0.984385 416.678680
0.976591 -0.028658 -0.213187 546.761658 0.023420 0.999360 -0.027058 -66.741936 0.213826 0.021432 0.976637 417.289642
0.967748 -0.032612 -0.249803 546.658386 0.025609 0.999184 -0.031233 -66.759285 0.250618 0.023828 0.967792 417.902374
0.958602 -0.032881 -0.282847 546.533691 0.024124 0.999117 -0.034389 -66.777725 0.283728 0.026141 0.958548 418.515839
0.950095 -0.027993 -0.310703 546.387756 0.018241 0.999247 -0.034246 -66.797546 0.311428 0.026870 0.949890 419.133453
0.943671 -0.022246 -0.330137 546.150818 0.013131 0.999469 -0.029817 -66.828445 0.330625 0.023802 0.943462 419.779297
0.937547 -0.017492 -0.347420 545.894775 0.009206 0.999633 -0.025487 -66.862129 0.347737 0.020696 0.937363 420.431793
0.932813 -0.015612 -0.360022 545.638428 0.008868 0.999753 -0.020376 -66.894958 0.360252 0.015814 0.932721 421.090546
0.930053 -0.014805 -0.367128 545.365906 0.008554 0.999790 -0.018648 -66.921349 0.367327 0.014204 0.929983 421.757385
0.927718 -0.014090 -0.373018 545.082336 0.007739 0.999798 -0.018521 -66.941879 0.373203 0.014294 0.927639 422.428619
0.926036 -0.014011 -0.377175 544.791504 0.007108 0.999781 -0.019691 -66.958153 0.377369 0.015553 0.925933 423.109558
0.924726 -0.015420 -0.380323 544.501709 0.008266 0.999757 -0.020439 -66.971733 0.380546 0.015757 0.924628 423.800659
0.923724 -0.016623 -0.382699 544.216614 0.010093 0.999768 -0.019065 -66.984856 0.382927 0.013748 0.923676 424.501801
0.923157 -0.016336 -0.384075 543.931885 0.010923 0.999808 -0.016274 -66.997917 0.384268 0.010827 0.923158 425.216309
0.922664 -0.015535 -0.385292 543.644104 0.010788 0.999837 -0.014480 -67.011314 0.385455 0.009204 0.922680 425.938965
0.922436 -0.015744 -0.385832 543.347412 0.011238 0.999840 -0.013932 -67.027870 0.385989 0.008514 0.922464 426.656677
0.922409 -0.016297 -0.385871 543.049744 0.011920 0.999835 -0.013734 -67.043686 0.386031 0.008068 0.922450 427.379028
0.922533 -0.016368 -0.385572 542.749878 0.011773 0.999829 -0.014276 -67.060738 0.385740 0.008630 0.922568 428.104858
0.922802 -0.016131 -0.384937 542.448181 0.011175 0.999823 -0.015111 -67.078941 0.385113 0.009642 0.922818 428.835022
0.923212 -0.016560 -0.383933 542.121338 0.010933 0.999799 -0.016832 -67.086205 0.384135 0.011342 0.923207 429.594055
0.924094 -0.017649 -0.381759 541.787537 0.011868 0.999776 -0.017495 -67.106270 0.381982 0.011636 0.924097 430.346680
0.924239 -0.017949 -0.381393 541.449707 0.012189 0.999772 -0.017513 -67.126656 0.381621 0.011538 0.924246 431.102020
0.924354 -0.017523 -0.381132 541.107910 0.012161 0.999791 -0.016475 -67.146187 0.381341 0.010594 0.924374 431.866882
0.924339 -0.016432 -0.381220 540.769653 0.011953 0.999829 -0.014115 -67.163307 0.381387 0.008490 0.924376 432.646942
0.924755 -0.016779 -0.380194 540.429504 0.013867 0.999850 -0.010399 -67.185966 0.380310 0.004345 0.924849 433.458527
0.924731 -0.017176 -0.380234 540.085999 0.015304 0.999851 -0.007946 -67.208946 0.380314 0.001529 0.924857 434.274689
0.924657 -0.017882 -0.380381 539.740479 0.015985 0.999839 -0.008145 -67.232353 0.380465 0.001450 0.924794 435.093201
0.924423 -0.019488 -0.380871 539.391479 0.016898 0.999805 -0.010147 -67.256844 0.380995 0.002944 0.924572 435.912231
0.924302 -0.020056 -0.381136 539.041260 0.017201 0.999793 -0.010895 -67.280983 0.381274 0.003514 0.924455 436.741211
0.924319 -0.020133 -0.381090 538.689575 0.018017 0.999796 -0.009122 -67.304710 0.381196 0.001565 0.924493 437.575134
0.924282 -0.020079 -0.381182 538.340820 0.018897 0.999798 -0.006847 -67.322731 0.381243 -0.000876 0.924474 438.419708
0.924344 -0.019580 -0.381060 537.988831 0.018610 0.999807 -0.006229 -67.340309 0.381109 -0.001334 0.924529 439.267517
0.924508 -0.017688 -0.380752 537.631958 0.017114 0.999842 -0.004894 -67.359581 0.380779 -0.001992 0.924664 440.111877
0.924608 -0.015760 -0.380596 537.274902 0.016270 0.999866 -0.001877 -67.378029 0.380574 -0.004457 0.924739 440.958893
0.924734 -0.013909 -0.380360 536.916809 0.015240 0.999884 0.000487 -67.396187 0.380310 -0.006247 0.924838 441.808289
0.925103 -0.014546 -0.379439 536.554382 0.014252 0.999892 -0.003585 -67.398872 0.379451 -0.002092 0.925209 442.687805
0.924907 -0.015455 -0.379879 536.201660 0.013676 0.999879 -0.007387 -67.406609 0.379948 0.001637 0.925006 443.580231
0.925045 -0.016148 -0.379514 535.840027 0.013373 0.999861 -0.009947 -67.416267 0.379622 0.004126 0.925133 444.500214
0.925085 -0.016782 -0.379390 535.478394 0.014140 0.999852 -0.009749 -67.425301 0.379497 0.003654 0.925186 445.423920
0.924602 -0.017459 -0.380533 535.132141 0.016190 0.999848 -0.006535 -67.444267 0.380590 -0.000119 0.924744 446.322388
0.924707 -0.016473 -0.380325 534.786316 0.016486 0.999859 -0.003228 -67.462959 0.380324 -0.003286 0.924847 447.220428
0.924809 -0.016457 -0.380075 534.440796 0.017832 0.999841 0.000096 -67.479874 0.380013 -0.006866 0.924956 448.121277
0.924800 -0.016619 -0.380092 534.094666 0.019626 0.999799 0.004036 -67.494522 0.379949 -0.011191 0.924940 449.023865
0.924878 -0.016506 -0.379906 533.751709 0.020709 0.999762 0.006978 -67.507545 0.379700 -0.014322 0.924999 449.919952
0.924917 -0.014655 -0.379887 533.391235 0.017632 0.999835 0.004359 -67.520927 0.379760 -0.010730 0.925023 450.811157
0.925191 -0.015315 -0.379194 533.032776 0.013441 0.999881 -0.007589 -67.538193 0.379265 0.001925 0.925286 451.699829
0.925331 -0.017074 -0.378777 532.666748 0.010035 0.999738 -0.020547 -67.554367 0.379029 0.015212 0.925260 452.589539
0.925548 -0.012891 -0.378411 532.284790 0.005839 0.999787 -0.019777 -67.568146 0.378585 0.016094 0.925426 453.489502
0.925723 -0.006872 -0.378140 531.895569 0.002422 0.999922 -0.012243 -67.588593 0.378195 0.010418 0.925667 454.397644
0.925616 -0.002158 -0.378458 531.476746 0.000459 0.999990 -0.004578 -67.598068 0.378465 0.004063 0.925607 455.324005
0.925375 -0.001103 -0.379052 531.073853 0.000672 0.999999 -0.001270 -67.608498 0.379054 0.000921 0.925374 456.262512
0.925065 -0.002487 -0.379801 530.699341 0.002131 0.999997 -0.001359 -67.622375 0.379804 0.000447 0.925067 457.182739
0.924811 -0.001938 -0.380421 530.322876 0.000622 0.999994 -0.003584 -67.632767 0.380427 0.003077 0.924806 458.096649
0.924659 -0.001226 -0.380795 529.943115 -0.000856 0.999986 -0.005298 -67.647881 0.380797 0.005224 0.924644 459.011292
0.924441 -0.000131 -0.381324 529.560669 -0.002392 0.999978 -0.006144 -67.665695 0.381316 0.006592 0.924421 459.928741
0.924186 0.001654 -0.381940 529.177490 -0.004341 0.999972 -0.006174 -67.682770 0.381919 0.007363 0.924166 460.846436
0.923913 0.003264 -0.382589 528.795105 -0.005828 0.999968 -0.005543 -67.700325 0.382559 0.007352 0.923902 461.764801
0.923642 0.004299 -0.383233 528.411926 -0.006550 0.999968 -0.004570 -67.716774 0.383201 0.006731 0.923640 462.683472
0.923409 0.006207 -0.383769 528.028748 -0.007735 0.999968 -0.002438 -67.732887 0.383741 0.005220 0.923426 463.597443
0.923191 0.007665 -0.384267 527.649963 -0.008228 0.999967 0.000178 -67.746696 0.384255 0.002998 0.923222 464.503632
0.922912 0.009645 -0.384891 527.281067 -0.009319 0.999953 0.002710 -67.759331 0.384899 0.001086 0.922958 465.386810
0.922768 0.010576 -0.385211 526.918884 -0.009824 0.999944 0.003920 -67.771935 0.385231 0.000167 0.922820 466.255707
0.922837 0.009477 -0.385075 526.560608 -0.009351 0.999954 0.002199 -67.786232 0.385078 0.001571 0.922882 467.107147
0.922789 0.007928 -0.385226 526.203491 -0.008627 0.999963 -0.000086 -67.800522 0.385211 0.003402 0.922822 467.955444
0.922660 0.007219 -0.385548 525.846863 -0.008607 0.999962 -0.001874 -67.815590 0.385520 0.005047 0.922686 468.800720
0.922558 0.006093 -0.385811 525.491272 -0.007950 0.999964 -0.003219 -67.830482 0.385778 0.006037 0.922572 469.645142
0.922455 0.005280 -0.386068 525.137085 -0.007336 0.999966 -0.003852 -67.845375 0.386034 0.006385 0.922462 470.485779
0.922429 0.005264 -0.386133 524.784973 -0.007069 0.999970 -0.003257 -67.859634 0.386104 0.005734 0.922437 471.319916
0.922415 0.005769 -0.386159 524.434937 -0.007144 0.999972 -0.002126 -67.873955 0.386137 0.004720 0.922429 472.148041
0.922359 0.006972 -0.386273 524.086975 -0.008033 0.999967 -0.001134 -67.888847 0.386253 0.004149 0.922383 472.968292
0.922382 0.007547 -0.386207 523.743103 -0.008138 0.999967 0.000103 -67.902206 0.386196 0.003049 0.922412 473.781311
0.922416 0.008479 -0.386107 523.402832 -0.008647 0.999962 0.001297 -67.915367 0.386103 0.002143 0.922453 474.584961
0.922494 0.009704 -0.385890 523.065125 -0.009759 0.999951 0.001815 -67.929405 0.385888 0.002091 0.922543 475.380066
0.922559 0.010040 -0.385728 522.734924 -0.010349 0.999946 0.001275 -67.943405 0.385720 0.002816 0.922612 476.162323
0.922623 0.009854 -0.385577 522.414001 -0.010481 0.999945 0.000474 -67.955635 0.385561 0.003604 0.922675 476.924744
0.922882 0.010352 -0.384942 522.098755 -0.010875 0.999940 0.000818 -67.966698 0.384928 0.003431 0.922940 477.673096
0.923190 0.011742 -0.384164 521.789612 -0.011953 0.999927 0.001839 -67.978333 0.384158 0.002893 0.923262 478.405090
0.923375 0.011133 -0.383738 521.526001 -0.011139 0.999936 0.002205 -67.983963 0.383737 0.002239 0.923440 479.056549
0.923717 0.010838 -0.382923 521.274597 -0.010663 0.999940 0.002576 -67.986900 0.382927 0.001704 0.923776 479.684784
0.924043 0.009729 -0.382165 521.026245 -0.010111 0.999948 0.001010 -67.989716 0.382154 0.002930 0.924093 480.306061
0.924398 0.007996 -0.381347 520.780457 -0.009239 0.999956 -0.001430 -67.991890 0.381319 0.004845 0.924431 480.922638
0.924696 0.005898 -0.380660 520.538208 -0.007512 0.999968 -0.002756 -67.996346 0.380631 0.005408 0.924711 481.533691
0.925171 0.005032 -0.379518 520.285217 -0.006344 0.999977 -0.002208 -68.010231 0.379498 0.004450 0.925182 482.139984
0.925523 0.004760 -0.378661 520.026550 -0.005754 0.999983 -0.001494 -68.027313 0.378648 0.003562 0.925534 482.745239
0.926104 0.004831 -0.377238 519.776978 -0.005102 0.999987 0.000278 -68.039055 0.377235 0.001668 0.926116 483.339813
0.926589 0.004226 -0.376053 519.528625 -0.004172 0.999991 0.000956 -68.042747 0.376054 0.000683 0.926598 483.956390
0.926939 0.003009 -0.375200 519.282349 -0.002780 0.999996 0.001151 -68.047455 0.375202 -0.000024 0.926943 484.568451
0.927242 0.002152 -0.374457 519.038574 -0.001948 0.999998 0.000923 -68.053520 0.374458 -0.000127 0.927244 485.174774
0.927553 0.003737 -0.373675 518.795654 -0.003288 0.999993 0.001838 -68.056908 0.373679 -0.000476 0.927558 485.771240
0.927914 0.004849 -0.372763 518.556641 -0.003936 0.999987 0.003207 -68.059006 0.372774 -0.001509 0.927920 486.361359
0.928011 0.004388 -0.372528 518.339355 -0.003823 0.999990 0.002255 -68.064445 0.372534 -0.000668 0.928019 486.900513
0.927670 0.002003 -0.373395 518.145447 -0.001816 0.999998 0.000853 -68.074959 0.373396 -0.000115 0.927672 487.423248
0.927755 0.000238 -0.373192 517.955750 -0.000613 1.000000 -0.000888 -68.083199 0.373192 0.001052 0.927753 487.936401
0.927783 -0.001099 -0.373120 517.768005 -0.000304 0.999994 -0.003704 -68.091248 0.373121 0.003551 0.927775 488.440521
0.927343 -0.001868 -0.374208 517.582764 -0.000178 0.999986 -0.005434 -68.098564 0.374213 0.005105 0.927328 488.936340
0.926488 -0.002361 -0.376317 517.398376 0.000394 0.999986 -0.005308 -68.106079 0.376324 0.004769 0.926476 489.426697
0.925009 -0.003579 -0.379929 517.213989 0.002125 0.999989 -0.004248 -68.114304 0.379940 0.003122 0.925005 489.913727
0.922146 -0.006153 -0.386792 517.028076 0.005262 0.999980 -0.003363 -68.122734 0.386806 0.001067 0.922160 490.398041
0.917651 -0.009941 -0.397263 516.837402 0.009490 0.999951 -0.003100 -68.130829 0.397274 -0.000926 0.917699 490.880951
0.911454 -0.013361 -0.411186 516.635071 0.013210 0.999908 -0.003209 -68.139503 0.411192 -0.002507 0.911545 491.354248
0.903118 -0.015955 -0.429097 516.421875 0.015771 0.999868 -0.003985 -68.146042 0.429103 -0.003169 0.903250 491.816803
0.892210 -0.018061 -0.451259 516.196838 0.017472 0.999832 -0.005473 -68.152374 0.451282 -0.003001 0.892376 492.269867
0.878457 -0.019992 -0.477404 515.958984 0.019044 0.999795 -0.006826 -68.159157 0.477443 -0.003096 0.878657 492.714966
0.861689 -0.020914 -0.507006 515.693909 0.020296 0.999772 -0.006744 -68.167076 0.507031 -0.004480 0.861915 493.115326
0.841648 -0.021505 -0.539597 515.410217 0.021773 0.999746 -0.005884 -68.175644 0.539587 -0.006796 0.841903 493.496857
0.817903 -0.021487 -0.574956 515.119202 0.022682 0.999730 -0.005096 -68.184074 0.574911 -0.008873 0.818168 493.893982
0.790446 -0.019884 -0.612209 514.796692 0.022101 0.999748 -0.003935 -68.193207 0.612134 -0.010420 0.790686 494.236847
0.759313 -0.017916 -0.650479 514.467712 0.020913 0.999777 -0.003126 -68.201164 0.650389 -0.011229 0.759518 494.590546
0.724370 -0.016165 -0.689221 514.124878 0.019590 0.999804 -0.002861 -68.208878 0.689133 -0.011430 0.724545 494.925201
0.685759 -0.013730 -0.727700 513.747314 0.017272 0.999847 -0.002589 -68.216591 0.727625 -0.010793 0.685891 495.201385
0.643654 -0.011858 -0.765225 513.365601 0.015395 0.999879 -0.002546 -68.223068 0.765162 -0.010142 0.643758 495.487946
0.597701 -0.011160 -0.801642 512.964844 0.014037 0.999896 -0.003456 -68.229057 0.801596 -0.009187 0.597795 495.759033
0.548369 -0.009963 -0.836177 512.542175 0.013144 0.999908 -0.003294 -68.234451 0.836133 -0.009184 0.548449 496.014648
0.495790 -0.007258 -0.868412 512.097046 0.013381 0.999910 -0.000718 -68.239204 0.868340 -0.011264 0.495843 496.253662
0.439997 -0.003559 -0.897992 511.631226 0.013710 0.999902 0.002753 -68.242332 0.897895 -0.013522 0.440003 496.472412
0.381625 0.000389 -0.924318 511.146332 0.014021 0.999882 0.006209 -68.244202 0.924211 -0.015329 0.381575 496.667755
0.320929 0.003619 -0.947096 510.645660 0.014836 0.999851 0.008847 -68.245888 0.946988 -0.016890 0.320827 496.838623
0.258619 0.005456 -0.965964 510.130859 0.016762 0.999808 0.010135 -68.247169 0.965834 -0.018813 0.258477 496.985596
0.195992 0.006962 -0.980581 509.604004 0.019983 0.999739 0.011092 -68.247833 0.980401 -0.021769 0.195802 497.108246
0.133289 0.008213 -0.991044 509.064606 0.022615 0.999680 0.011325 -68.247421 0.990820 -0.023923 0.133061 497.204956
0.071411 0.009188 -0.997405 508.515656 0.023396 0.999667 0.010883 -68.246574 0.997173 -0.024113 0.071172 497.272919
0.011217 0.010469 -0.999883 507.955811 0.024448 0.999644 0.010741 -68.244919 0.999638 -0.024566 0.010956 497.314667
-0.046482 0.013354 -0.998830 507.385376 0.025937 0.999590 0.012157 -68.243401 0.998582 -0.025341 -0.046809 497.331818
-0.100378 0.015219 -0.994833 506.807617 0.027300 0.999549 0.012537 -68.242683 0.994574 -0.025901 -0.100748 497.325806
-0.149083 0.014260 -0.988722 506.225433 0.026295 0.999600 0.010451 -68.244202 0.988475 -0.024441 -0.149399 497.295868
-0.192543 0.011495 -0.981221 505.637268 0.022624 0.999718 0.007272 -68.246025 0.981028 -0.020800 -0.192749 497.242249
-0.230883 0.008389 -0.972945 505.042480 0.019798 0.999797 0.003923 -68.245552 0.972780 -0.018357 -0.231002 497.170898
-0.264822 0.007358 -0.964269 504.437744 0.019143 0.999814 0.002372 -68.243614 0.964107 -0.017832 -0.264913 497.084656
-0.295164 0.009818 -0.955396 503.823029 0.019113 0.999808 0.004370 -68.242905 0.955255 -0.016970 -0.295295 496.981323
-0.322409 0.012640 -0.946517 503.201813 0.016210 0.999838 0.007830 -68.242943 0.946461 -0.012818 -0.322562 496.858215
-0.346832 0.015144 -0.937805 502.574951 0.013701 0.999845 0.011078 -68.241776 0.937827 -0.009006 -0.346985 496.719208
-0.368842 0.017287 -0.929332 501.941315 0.012528 0.999829 0.013626 -68.238281 0.929407 -0.006618 -0.368996 496.567383
-0.387992 0.019731 -0.921451 501.300751 0.012583 0.999791 0.016109 -68.233360 0.921577 -0.005344 -0.388160 496.403503
-0.403916 0.020797 -0.914559 500.655945 0.010097 0.999783 0.018275 -68.228470 0.914740 -0.001853 -0.404039 496.225403
-0.414091 0.021232 -0.909987 499.947571 0.006735 0.999772 0.020261 -68.214516 0.910210 0.002260 -0.414141 495.917450
-0.422688 0.021860 -0.906012 499.209290 0.004704 0.999749 0.021927 -68.195732 0.906263 0.005006 -0.422684 495.550232
-0.430110 0.023288 -0.902476 498.469269 0.004955 0.999714 0.023436 -68.176231 0.902763 0.005607 -0.430102 495.181915
-0.438769 0.025749 -0.898232 497.730499 0.006099 0.999652 0.025677 -68.157455 0.898580 0.005788 -0.438773 494.808655
-0.449509 0.028226 -0.892830 496.995514 0.007764 0.999587 0.027691 -68.138344 0.893242 0.005515 -0.449542 494.426880
-0.460734 0.029632 -0.887043 496.264587 0.008466 0.999544 0.028993 -68.118599 0.887498 0.005848 -0.460776 494.032440
-0.471785 0.030100 -0.881200 495.539398 0.008216 0.999524 0.029743 -68.099380 0.881675 0.006792 -0.471807 493.631195
-0.482253 0.029432 -0.875538 494.825409 0.006795 0.999531 0.029857 -68.078812 0.876006 0.008449 -0.482227 493.224548
-0.492867 0.029106 -0.869618 494.132660 0.006266 0.999534 0.029901 -68.061844 0.870082 0.009289 -0.492820 492.833252
-0.503532 0.029726 -0.863465 493.445984 0.005776 0.999501 0.031042 -68.042328 0.863957 0.010644 -0.503452 492.436615
-0.513628 0.030290 -0.857478 492.762329 0.005551 0.999473 0.031982 -68.023041 0.857995 0.011666 -0.513526 492.037598
-0.524075 0.030266 -0.851134 492.080963 0.004544 0.999454 0.032741 -68.003868 0.851660 0.013291 -0.523926 491.632996
-0.534601 0.030509 -0.844554 491.402283 0.004704 0.999440 0.033125 -67.984520 0.845092 0.013736 -0.534445 491.225708
-0.546053 0.030875 -0.837182 490.731720 0.006094 0.999441 0.032884 -67.966927 0.837728 0.012855 -0.545935 490.797241
-0.557778 0.024742 -0.829621 490.068756 0.000209 0.999560 0.029670 -67.942635 0.829990 0.016375 -0.557538 490.355804
-0.568427 0.019540 -0.822501 489.426544 -0.004781 0.999622 0.027052 -67.923866 0.822719 0.019309 -0.568119 489.898376
-0.579011 0.016977 -0.815143 488.785919 -0.005484 0.999680 0.024716 -67.906395 0.815301 0.018782 -0.578733 489.443756
-0.589207 0.016300 -0.807818 488.146027 -0.005685 0.999689 0.024317 -67.892937 0.807962 0.018920 -0.588931 488.974884
-0.598967 0.017234 -0.800588 487.505188 -0.007974 0.999591 0.027483 -67.881363 0.800734 0.022846 -0.598585 488.495087
-0.608928 0.018627 -0.793008 486.871338 -0.009619 0.999477 0.030862 -67.868111 0.793167 0.026421 -0.608430 488.010376
-0.618781 0.020990 -0.785283 486.242950 -0.009494 0.999370 0.034193 -67.851768 0.785507 0.028614 -0.618192 487.523987
-0.628553 0.023268 -0.777419 485.619476 -0.008521 0.999286 0.036797 -67.834625 0.777721 0.029753 -0.627906 487.032867
-0.638242 0.023545 -0.769476 485.006317 -0.008819 0.999243 0.037891 -67.816605 0.769785 0.030970 -0.637551 486.535583
-0.647960 0.019565 -0.761423 484.407410 -0.012029 0.999283 0.035913 -67.797585 0.761579 0.032429 -0.647260 486.030273
-0.657937 0.017894 -0.752861 483.828613 -0.012467 0.999322 0.034645 -67.775642 0.752970 0.032181 -0.657268 485.520020
-0.667728 0.017959 -0.744190 483.255676 -0.012916 0.999280 0.035703 -67.752937 0.744294 0.033450 -0.667014 485.003876
-0.677364 0.020324 -0.735368 482.684784 -0.014760 0.999042 0.041207 -67.729019 0.735500 0.038766 -0.676414 484.477325
-0.686704 0.023864 -0.726546 482.119904 -0.017241 0.998646 0.049097 -67.705605 0.726733 0.046241 -0.685362 483.942230
-0.696280 0.027993 -0.717225 481.561523 -0.016174 0.998374 0.054667 -67.680618 0.717589 0.049664 -0.694694 483.407074
-0.705907 0.029684 -0.707682 481.024384 -0.013293 0.998390 0.055136 -67.650810 0.708179 0.048328 -0.704377 482.875427
-0.715083 0.030307 -0.698383 480.496613 -0.011153 0.998438 0.054747 -67.623291 0.698951 0.046939 -0.713628 482.334747
-0.724520 0.029384 -0.688627 479.958771 -0.010657 0.998494 0.053818 -67.581306 0.689170 0.046331 -0.723116 481.785522
-0.733034 0.029387 -0.679557 479.443298 -0.009853 0.998502 0.053809 -67.542709 0.680121 0.046139 -0.731647 481.225128
-0.741378 0.028844 -0.670469 478.932312 -0.010349 0.998466 0.054397 -67.503006 0.671009 0.047267 -0.739941 480.656616
-0.749259 0.029487 -0.661620 478.418732 -0.009406 0.998434 0.055150 -67.469734 0.662211 0.047545 -0.747808 480.081177
-0.756894 0.029548 -0.652870 477.909149 -0.009204 0.998396 0.055855 -67.440018 0.653473 0.048286 -0.755408 479.497589
-0.764270 0.028065 -0.644286 477.414368 -0.009813 0.998431 0.055131 -67.401878 0.644822 0.048457 -0.762795 478.905212
-0.771510 0.027002 -0.635644 476.921692 -0.010214 0.998445 0.054811 -67.363380 0.636135 0.048778 -0.770034 478.308990
-0.778312 0.026627 -0.627313 476.430634 -0.010212 0.998432 0.055048 -67.324318 0.627795 0.049252 -0.776819 477.709351
-0.784656 0.025958 -0.619389 475.938965 -0.010374 0.998433 0.054984 -67.281578 0.619846 0.049567 -0.783157 477.096588
-0.790557 0.025144 -0.611872 475.449951 -0.010952 0.998417 0.055178 -67.238708 0.612291 0.050322 -0.789029 476.480865
-0.796567 0.023747 -0.604084 474.970947 -0.011475 0.998455 0.054379 -67.200012 0.604442 0.050248 -0.795063 475.858795
-0.802002 0.022594 -0.596895 474.492859 -0.012161 0.998460 0.054134 -67.160492 0.597198 0.050673 -0.800491 475.233765
-0.807162 0.022171 -0.589913 474.014679 -0.012214 0.998454 0.054237 -67.120583 0.590203 0.050983 -0.805643 474.604462
-0.812503 0.021914 -0.582545 473.546417 -0.012121 0.998442 0.054464 -67.081657 0.582831 0.051313 -0.810971 473.961029
-0.817289 0.021228 -0.575838 473.084747 -0.012400 0.998442 0.054404 -67.044075 0.576095 0.051604 -0.815752 473.303467
-0.821970 0.020300 -0.569169 472.624329 -0.012951 0.998440 0.054314 -67.006218 0.569383 0.052015 -0.820425 472.641724
-0.826481 0.019389 -0.562630 472.165680 -0.013884 0.998401 0.054801 -66.967827 0.562792 0.053103 -0.824891 471.976013
-0.830645 0.019078 -0.556476 471.708069 -0.014505 0.998332 0.055877 -66.929054 0.556614 0.054486 -0.828983 471.308197
-0.834498 0.019529 -0.550664 471.249664 -0.014550 0.998242 0.057453 -66.889542 0.550819 0.055956 -0.832747 470.636108
-0.837983 0.019744 -0.545339 470.793457 -0.015011 0.998133 0.059203 -66.849442 0.545490 0.057797 -0.836122 469.962067
-0.841308 0.019851 -0.540193 470.338470 -0.015752 0.998001 0.061208 -66.808647 0.540327 0.060004 -0.839313 469.285767
-0.844622 0.017997 -0.535060 469.904877 -0.017309 0.997994 0.060890 -66.763603 0.535083 0.060690 -0.842616 468.596222
-0.847500 0.015825 -0.530560 469.473938 -0.019132 0.997995 0.060328 -66.718025 0.530452 0.061278 -0.845498 467.906525
-0.849660 0.015414 -0.527106 469.042206 -0.018014 0.998141 0.058225 -66.680855 0.527023 0.058967 -0.847803 467.209808
-0.851596 0.015334 -0.523974 468.610229 -0.016585 0.998284 0.056168 -66.644058 0.523935 0.056522 -0.849880 466.512817
-0.853362 0.016397 -0.521062 468.176605 -0.014249 0.998399 0.054752 -66.606705 0.521125 0.054148 -0.851761 465.812683
-0.855117 0.016676 -0.518168 467.743622 -0.013951 0.998380 0.055153 -66.568260 0.518248 0.054391 -0.853499 465.102325
-0.856969 0.018758 -0.515027 467.310028 -0.013028 0.998229 0.058034 -66.526077 0.515204 0.056443 -0.855207 464.388184
-0.858952 0.023392 -0.511522 466.877747 -0.009413 0.998066 0.061446 -66.486717 0.511970 0.057594 -0.857070 463.680695
-0.860937 0.021749 -0.508247 466.454529 -0.010269 0.998139 0.060106 -66.439034 0.508608 0.056966 -0.859111 462.962738
-0.863106 0.021267 -0.504576 466.028656 -0.009626 0.998239 0.058538 -66.386559 0.504932 0.055381 -0.861381 462.237762
-0.865392 0.021064 -0.500653 465.612976 -0.008820 0.998321 0.057247 -66.335648 0.501017 0.053957 -0.863754 461.526031
-0.867620 0.022140 -0.496735 465.194092 -0.008847 0.998163 0.059942 -66.283875 0.497150 0.056400 -0.865830 460.802612
-0.870269 0.024274 -0.491978 464.779114 -0.006889 0.998088 0.061432 -66.242699 0.492529 0.056852 -0.868437 460.085510
-0.872735 0.025569 -0.487523 464.366455 -0.005770 0.998018 0.062672 -66.198616 0.488160 0.057509 -0.870857 459.368530
-0.874975 0.027559 -0.483384 463.956238 -0.004814 0.997835 0.065603 -66.152679 0.484144 0.059727 -0.872948 458.650574
-0.877105 0.028655 -0.479444 463.548309 -0.005386 0.997570 0.069474 -66.107269 0.480269 0.063518 -0.874819 457.930389
-0.879098 0.029386 -0.475735 463.143433 -0.006478 0.997269 0.073570 -66.060036 0.476597 0.067757 -0.876507 457.202667
-0.880892 0.027665 -0.472509 462.747192 -0.007797 0.997307 0.072925 -66.007675 0.473254 0.067922 -0.878303 456.475647
-0.882593 0.025405 -0.469453 462.355560 -0.009010 0.997441 0.070918 -65.952950 0.470053 0.066821 -0.880105 455.747986
-0.884227 0.023292 -0.466476 461.964935 -0.010357 0.997533 0.069440 -65.903847 0.466942 0.066232 -0.881804 455.027863
-0.885749 0.022676 -0.463611 461.574371 -0.011064 0.997491 0.069925 -65.854546 0.464033 0.067066 -0.883276 454.307220
-0.887288 0.023578 -0.460613 461.183472 -0.010507 0.997401 0.071293 -65.804718 0.461096 0.068096 -0.884733 453.586060
-0.888778 0.023671 -0.457727 460.795135 -0.010715 0.997320 0.072379 -65.754135 0.458214 0.069233 -0.886141 452.865356
-0.890137 0.022818 -0.455123 460.409698 -0.011997 0.997227 0.073459 -65.703171 0.455536 0.070849 -0.887394 452.145355
-0.891239 0.022918 -0.452955 460.035309 -0.012697 0.997070 0.075432 -65.646339 0.453357 0.072979 -0.888336 451.412354
-0.892079 0.023303 -0.451280 459.653229 -0.012282 0.997050 0.075761 -65.595207 0.451714 0.073127 -0.889161 450.694458
-0.892729 0.023326 -0.449989 459.273407 -0.012241 0.997035 0.075966 -65.543388 0.450427 0.073325 -0.889797 449.978729
-0.893239 0.022621 -0.449014 458.896790 -0.013173 0.996988 0.076431 -65.491608 0.449391 0.074187 -0.890249 449.266296
-0.893727 0.022951 -0.448025 458.521881 -0.013640 0.996838 0.078274 -65.439629 0.448405 0.076066 -0.890588 448.557983
-0.894158 0.024101 -0.447103 458.148499 -0.013471 0.996651 0.080663 -65.387489 0.447550 0.078149 -0.890838 447.853699
-0.894459 0.025498 -0.446424 457.794678 -0.013101 0.996450 0.083164 -65.331436 0.446960 0.080236 -0.890948 447.147522
-0.895001 0.023850 -0.445426 457.453522 -0.015202 0.996359 0.083894 -65.277214 0.445805 0.081857 -0.891379 446.483185
-0.895002 0.022494 -0.445495 457.135559 -0.017420 0.996204 0.085295 -65.218605 0.445722 0.084099 -0.891213 445.828217
-0.894781 0.022248 -0.445949 456.818512 -0.018576 0.996039 0.086962 -65.161545 0.446117 0.086096 -0.890823 445.181427
-0.894276 0.023270 -0.446910 456.503052 -0.018552 0.995861 0.088977 -65.106491 0.447131 0.087860 -0.890143 444.546204
-0.893611 0.023766 -0.448213 456.186371 -0.018923 0.995715 0.090522 -65.053284 0.448444 0.089373 -0.889332 443.929779
-0.892697 0.024259 -0.450005 455.889465 -0.018639 0.995708 0.090650 -65.003647 0.450273 0.089311 -0.888413 443.343903
-0.891804 0.024340 -0.451769 455.595734 -0.018884 0.995679 0.090920 -64.953560 0.452030 0.089614 -0.887490 442.764923
-0.890929 0.023928 -0.453512 455.304382 -0.019227 0.995729 0.090305 -64.904015 0.453736 0.089175 -0.886663 442.192261
-0.890028 0.023670 -0.455291 455.014893 -0.019153 0.995829 0.089212 -64.855141 0.455502 0.088121 -0.885862 441.624908
-0.889112 0.023947 -0.457062 454.724121 -0.018836 0.995870 0.088818 -64.806221 0.457301 0.087578 -0.884989 441.057770
-0.888228 0.026238 -0.458652 454.431213 -0.016829 0.995839 0.089561 -64.756042 0.459093 0.087270 -0.884091 440.491882
-0.887425 0.026411 -0.460193 454.140289 -0.016804 0.995840 0.089554 -64.706703 0.460644 0.087206 -0.883291 439.924988
-0.886665 0.023120 -0.461834 453.853455 -0.019869 0.995922 0.088004 -64.658936 0.461986 0.087207 -0.882589 439.358124
-0.885980 0.018229 -0.463366 453.567749 -0.024526 0.995986 0.086077 -64.610931 0.463075 0.087626 -0.881977 438.791382
-0.885418 0.016986 -0.464487 453.277313 -0.024421 0.996251 0.082983 -64.562263 0.464155 0.084819 -0.881684 438.228119
-0.884905 0.018885 -0.465389 452.983246 -0.021330 0.996486 0.080993 -64.514282 0.465283 0.081598 -0.881393 437.664734
-0.884231 0.020499 -0.466601 452.690399 -0.020155 0.996431 0.081969 -64.465408 0.466616 0.081883 -0.880661 437.098938
-0.883740 0.018936 -0.467596 452.400726 -0.022837 0.996246 0.083504 -64.416359 0.467421 0.084473 -0.879990 436.529816
-0.883366 0.018969 -0.468301 452.109375 -0.024287 0.995986 0.086155 -64.366905 0.468054 0.087480 -0.879359 435.961334
-0.883141 0.021448 -0.468618 451.814453 -0.023405 0.995695 0.089680 -64.315559 0.468524 0.090168 -0.878837 435.393036
-0.882874 0.026562 -0.468858 451.516663 -0.019269 0.995510 0.092682 -64.263359 0.469214 0.090860 -0.878398 434.827515
-0.882717 0.028766 -0.469024 451.221802 -0.017639 0.995393 0.094244 -64.211479 0.469574 0.091464 -0.878143 434.259705
-0.882416 0.025939 -0.469756 450.930389 -0.019975 0.995514 0.092491 -64.161049 0.470047 0.090999 -0.877938 433.689240
-0.882286 0.020304 -0.470276 450.639709 -0.024556 0.995724 0.089058 -64.110909 0.470073 0.090123 -0.878014 433.115814
-0.882076 0.015561 -0.470852 450.345490 -0.028845 0.995795 0.086945 -64.059387 0.470225 0.090273 -0.877918 432.537109
-0.881729 0.011484 -0.471616 450.048370 -0.034005 0.995556 0.087816 -64.006775 0.470528 0.093468 -0.877421 431.952026
-0.881236 0.009200 -0.472586 449.747925 -0.038734 0.995043 0.091598 -63.952522 0.471085 0.099024 -0.876512 431.362671
-0.880405 0.009007 -0.474139 449.442108 -0.039117 0.995034 0.091534 -63.900246 0.472608 0.099134 -0.875679 430.775879
-0.879598 0.006139 -0.475679 449.136261 -0.039899 0.995441 0.086627 -63.851471 0.474042 0.095175 -0.875344 430.189362
-0.878375 0.001516 -0.477970 448.829865 -0.041500 0.995977 0.079423 -63.802872 0.476167 0.089598 -0.874778 429.600983
-0.877971 0.003523 -0.478702 448.473358 -0.039206 0.996085 0.079236 -63.748642 0.477106 0.088334 -0.874395 428.996948
-0.876857 0.009089 -0.480665 448.107666 -0.034715 0.996014 0.082165 -63.697617 0.479496 0.088733 -0.873046 428.390717
-0.875352 0.019530 -0.483092 447.731537 -0.027635 0.995529 0.090320 -63.641838 0.482695 0.092412 -0.870899 427.774261
-0.873581 0.027811 -0.485884 447.354767 -0.023504 0.994790 0.099198 -63.585747 0.486111 0.098078 -0.868376 427.145874
-0.872054 0.030327 -0.488470 446.990509 -0.021750 0.994691 0.100585 -63.524109 0.488927 0.098340 -0.866764 426.505066
-0.870898 0.029224 -0.490595 446.619690 -0.021733 0.994964 0.097849 -63.456558 0.490984 0.095878 -0.865876 425.862183
-0.869188 0.027634 -0.493709 446.244537 -0.021804 0.995324 0.094098 -63.386337 0.494001 0.092554 -0.864522 425.217377
-0.867487 0.027682 -0.496689 445.867310 -0.020062 0.995692 0.090533 -63.317337 0.497055 0.088501 -0.863194 424.565063
-0.865941 0.029204 -0.499292 445.485260 -0.017537 0.995907 0.088663 -63.251038 0.499839 0.085533 -0.861885 423.906525
-0.864597 0.031129 -0.501501 445.097900 -0.015282 0.995988 0.088168 -63.187260 0.502234 0.083893 -0.860653 423.240997
-0.863508 0.033376 -0.503230 444.701111 -0.013057 0.995994 0.088462 -63.123199 0.504167 0.082958 -0.859612 422.580200
-0.862599 0.035582 -0.504634 444.302185 -0.010625 0.996029 0.088392 -63.058731 0.505775 0.081609 -0.858797 421.917419
-0.861372 0.039643 -0.506427 443.897552 -0.007272 0.995886 0.090325 -62.993317 0.507924 0.081486 -0.857539 421.234772
-0.860534 0.042762 -0.507597 443.493683 -0.005132 0.995692 0.092582 -62.927696 0.509369 0.082275 -0.856607 420.549652
-0.859931 0.045309 -0.508397 443.088898 -0.004194 0.995392 0.095804 -62.861374 0.510395 0.084517 -0.855777 419.860443
-0.859652 0.047497 -0.508667 442.684143 -0.003703 0.995063 0.099172 -62.793159 0.510866 0.087137 -0.855232 419.169861
-0.859592 0.047278 -0.508789 442.280304 -0.004755 0.994928 0.100484 -62.724869 0.510959 0.088795 -0.855006 418.477081
-0.859502 0.045280 -0.509124 441.877869 -0.007324 0.994875 0.100846 -62.657249 0.511080 0.090405 -0.854765 417.782837
-0.859268 0.042939 -0.509720 441.473785 -0.010015 0.994868 0.100692 -62.589596 0.511427 0.091627 -0.854428 417.086212
-0.858952 0.041312 -0.510389 441.066986 -0.011665 0.994903 0.100160 -62.521847 0.511925 0.091986 -0.854091 416.388428
-0.858393 0.040115 -0.511422 440.658020 -0.012362 0.995031 0.098796 -62.454720 0.512844 0.091129 -0.853631 415.690430
-0.857624 0.038852 -0.512809 440.245911 -0.012938 0.995197 0.097035 -62.387939 0.514115 0.089855 -0.853002 414.990021
-0.856604 0.038533 -0.514534 439.830078 -0.012489 0.995368 0.095334 -62.321136 0.515823 0.088089 -0.852154 414.288116
-0.855415 0.039178 -0.516459 439.410400 -0.011440 0.995463 0.094462 -62.254131 0.517816 0.086713 -0.851085 413.583801
-0.854110 0.040627 -0.518504 438.987274 -0.010690 0.995363 0.095600 -62.185623 0.519982 0.087196 -0.849715 412.875671
-0.852611 0.041957 -0.520859 438.561646 -0.011726 0.994984 0.099345 -62.114174 0.522415 0.090809 -0.847842 412.162323
-0.850893 0.043532 -0.523534 438.132782 -0.013480 0.994424 0.104594 -62.040752 0.525167 0.096054 -0.845561 411.445801
-0.848841 0.045822 -0.526659 437.692322 -0.012964 0.994132 0.107390 -61.964729 0.528489 0.097984 -0.843266 410.725800
-0.846621 0.044182 -0.530361 437.221466 -0.014966 0.994177 0.106712 -61.872482 0.531986 0.098281 -0.841030 409.978729
-0.844346 0.044377 -0.533957 436.733521 -0.015304 0.994161 0.106824 -61.775543 0.535580 0.098367 -0.838736 409.217285
-0.842119 0.047014 -0.537239 436.237976 -0.014006 0.993951 0.108935 -61.683220 0.539110 0.099261 -0.836366 408.453339
-0.839783 0.050518 -0.540566 435.739105 -0.012152 0.993664 0.111739 -61.590900 0.542786 0.100406 -0.833848 407.689484
-0.837381 0.052157 -0.544124 435.239594 -0.010787 0.993667 0.111848 -61.499641 0.546512 0.099529 -0.831515 406.927673
-0.835080 0.051873 -0.547678 434.738617 -0.009846 0.993976 0.109157 -61.410088 0.550040 0.096547 -0.829539 406.165375
-0.832974 0.051053 -0.550953 434.236237 -0.009058 0.994343 0.105834 -61.321510 0.553239 0.093147 -0.827799 405.403625
-0.831066 0.051792 -0.553756 433.730316 -0.007924 0.994451 0.104901 -61.232914 0.556116 0.091567 -0.826045 404.639221
-0.829204 0.054132 -0.556320 433.220642 -0.006749 0.994257 0.106804 -61.142410 0.558906 0.092316 -0.824076 403.871643
-0.827610 0.055102 -0.558592 432.711365 -0.006718 0.994126 0.108019 -61.052208 0.561263 0.093150 -0.822379 403.103668
-0.826276 0.052334 -0.560829 432.200104 -0.009849 0.994180 0.107282 -60.964314 0.563179 0.094169 -0.820952 402.342438
-0.824951 0.047601 -0.563196 431.682068 -0.012829 0.994614 0.102855 -60.877861 0.565059 0.092075 -0.819896 401.582489
-0.823476 0.045795 -0.565499 431.153870 -0.013843 0.994819 0.100720 -60.789658 0.567181 0.090769 -0.818576 400.818024
-0.821856 0.048114 -0.567659 430.617279 -0.013080 0.994572 0.103234 -60.698959 0.569544 0.092268 -0.816765 400.048370
-0.820535 0.051202 -0.569299 430.077576 -0.014370 0.993818 0.110094 -60.610317 0.571415 0.098517 -0.814726 399.272614
-0.819494 0.052868 -0.570644 429.535339 -0.014150 0.993566 0.112370 -60.520287 0.572913 0.100161 -0.813473 398.498566
-0.818416 0.053491 -0.572131 428.991028 -0.011660 0.993907 0.109603 -60.428471 0.574507 0.096371 -0.812806 397.729950
-0.817114 0.052262 -0.574103 428.446320 -0.010924 0.994300 0.106060 -60.336548 0.576373 0.092934 -0.811885 396.959137
-0.815753 0.050032 -0.576232 427.901672 -0.012711 0.994461 0.104339 -60.245796 0.578261 0.092440 -0.810598 396.184967
-0.814520 0.048877 -0.578072 427.353638 -0.015119 0.994318 0.105372 -60.154678 0.579938 0.094568 -0.809153 395.405426
-0.813257 0.049402 -0.579805 426.801270 -0.016331 0.994060 0.107603 -60.064342 0.581675 0.096978 -0.807618 394.625671
-0.812064 0.049074 -0.581502 426.245270 -0.016918 0.994060 0.107515 -59.974579 0.583324 0.097147 -0.806409 393.846283
-0.810797 0.047933 -0.583362 425.687286 -0.016684 0.994344 0.104889 -59.884071 0.585090 0.094777 -0.805410 393.070160
-0.809592 0.047001 -0.585108 425.126740 -0.016636 0.994551 0.102911 -59.793533 0.586758 0.093049 -0.804399 392.291962
-0.807942 0.048403 -0.587271 424.559021 -0.016417 0.994385 0.104543 -59.699783 0.589034 0.094104 -0.802611 391.501953
-0.806635 0.049985 -0.588933 423.989136 -0.016076 0.994193 0.106398 -59.606182 0.590831 0.095292 -0.801147 390.710022
-0.804964 0.050408 -0.591178 423.403809 -0.016474 0.994101 0.107194 -59.513275 0.593095 0.096027 -0.799386 389.919861
-0.803281 0.050000 -0.593499 422.816956 -0.017219 0.994104 0.107052 -59.420403 0.595352 0.096212 -0.797683 389.128998
-0.801296 0.049614 -0.596207 422.228516 -0.017325 0.994214 0.106018 -59.328529 0.598016 0.095281 -0.795800 388.340485
-0.799126 0.049509 -0.599121 421.636597 -0.016530 0.994417 0.104221 -59.237129 0.600935 0.093189 -0.793846 387.552612
-0.796784 0.049315 -0.602249 421.043488 -0.016074 0.994582 0.102707 -59.146332 0.604051 0.091515 -0.791674 386.765381
-0.794427 0.048910 -0.605388 420.447632 -0.016262 0.994682 0.101699 -59.055870 0.607143 0.090637 -0.789406 385.976929
-0.791955 0.050229 -0.608511 419.848389 -0.015334 0.994660 0.102060 -58.964973 0.610388 0.090158 -0.786955 385.189575
-0.789420 0.053257 -0.611540 419.244568 -0.013362 0.994503 0.103855 -58.872284 0.613708 0.090157 -0.784368 384.401611
-0.786812 0.055652 -0.614678 418.640381 -0.012645 0.994264 0.106203 -58.779125 0.617063 0.091335 -0.781596 383.613708
-0.784125 0.057558 -0.617928 418.033173 -0.011248 0.994208 0.106879 -58.684898 0.620501 0.090758 -0.778936 382.827087
-0.781803 0.059178 -0.620710 417.397980 -0.010395 0.994111 0.107869 -58.587688 0.623438 0.090784 -0.776584 382.045532
-0.779166 0.060944 -0.623849 416.759521 -0.009613 0.993984 0.109108 -58.490662 0.626744 0.091011 -0.773892 381.262970
-0.776547 0.062257 -0.626976 416.120026 -0.009480 0.993839 0.110425 -58.393024 0.629988 0.091694 -0.771172 380.481293
-0.774110 0.062247 -0.629984 415.478973 -0.009889 0.993844 0.110350 -58.295788 0.632975 0.091653 -0.768728 379.699219
-0.771788 0.062053 -0.632845 414.836304 -0.009600 0.993977 0.109170 -58.199230 0.635807 0.090332 -0.766544 378.918945
-0.769543 0.063003 -0.635479 414.190613 -0.008821 0.993978 0.109226 -58.101639 0.638534 0.089659 -0.764354 378.137909
-0.767448 0.061720 -0.638133 413.544739 -0.010588 0.994000 0.108872 -58.005623 0.641023 0.090310 -0.762190 377.354797
-0.765305 0.057829 -0.641064 412.898956 -0.012923 0.994375 0.105128 -57.912354 0.643538 0.088741 -0.760253 376.573547
-0.762898 0.055983 -0.644091 412.249481 -0.010810 0.995001 0.099287 -57.820248 0.646429 0.082708 -0.758478 375.798218
-0.760937 0.055505 -0.646448 411.601624 -0.010229 0.995185 0.097487 -57.728550 0.648746 0.080794 -0.756704 375.027344
-0.759259 0.055690 -0.648402 410.946136 -0.010013 0.995214 0.097201 -57.639664 0.650711 0.080293 -0.755068 374.257172
-0.757869 0.056597 -0.649947 410.284882 -0.008326 0.995310 0.096378 -57.551479 0.652353 0.078453 -0.753844 373.491882
-0.756398 0.060290 -0.651327 409.617615 -0.004503 0.995240 0.097353 -57.462112 0.654096 0.076570 -0.752526 372.716980
-0.755351 0.063981 -0.652191 408.945801 -0.002550 0.994928 0.100558 -57.373734 0.655317 0.077620 -0.751356 371.951538
-0.754493 0.064422 -0.653140 408.274994 -0.004400 0.994652 0.103190 -57.283974 0.656294 0.080730 -0.750174 371.182556
-0.753595 0.064541 -0.654163 407.603973 -0.006567 0.994380 0.105672 -57.190536 0.657306 0.083929 -0.748936 370.413086
-0.752438 0.065683 -0.655380 406.929688 -0.008384 0.993980 0.109243 -57.093678 0.658609 0.087693 -0.747358 369.641022
-0.751066 0.066270 -0.656893 406.256073 -0.010823 0.993580 0.112610 -56.993721 0.660138 0.091687 -0.745527 368.864594
-0.749600 0.065478 -0.658645 405.583435 -0.013329 0.993400 0.113926 -56.894371 0.661757 0.094177 -0.743779 368.091309
-0.748067 0.063999 -0.660531 404.909790 -0.015341 0.993405 0.113625 -56.795433 0.663445 0.095133 -0.742152 367.319763
-0.746363 0.062643 -0.662585 404.235596 -0.017130 0.993423 0.113216 -56.697102 0.665319 0.095850 -0.740381 366.549957
-0.744243 0.062121 -0.665015 403.560364 -0.018340 0.993389 0.113319 -56.598869 0.667657 0.096533 -0.738183 365.782959
-0.741813 0.061324 -0.667797 402.886414 -0.019655 0.993394 0.113056 -56.501984 0.670318 0.096992 -0.735707 365.020386
-0.739175 0.059986 -0.670838 402.208496 -0.020484 0.993563 0.111413 -56.401436 0.673202 0.096095 -0.733188 364.273071
-0.740018 0.071451 -0.668781 401.468414 -0.016617 0.992096 0.124380 -56.417801 0.672382 0.103156 -0.732981 363.534271
-0.737221 0.068664 -0.672155 400.737122 -0.017425 0.992560 0.120506 -56.457237 0.675428 0.100552 -0.730538 362.811798
-0.734314 0.066985 -0.675497 400.006531 -0.018291 0.992806 0.118333 -56.497425 0.678564 0.099249 -0.727806 362.093658
-0.731540 0.066166 -0.678581 399.278961 -0.020397 0.992711 0.118783 -56.538021 0.681494 0.100736 -0.724858 361.380463
-0.728579 0.066001 -0.681775 398.562103 -0.022810 0.992457 0.120453 -56.558105 0.684583 0.103310 -0.721577 360.672516
-0.725111 0.064935 -0.685564 397.844971 -0.024332 0.992507 0.119743 -56.568466 0.688202 0.103507 -0.718097 359.980835
-0.721563 0.062608 -0.689511 397.172852 -0.024483 0.992973 0.115785 -56.491749 0.691915 0.100428 -0.714960 359.296387
-0.719117 0.060341 -0.692264 396.519043 -0.025047 0.993324 0.112600 -56.385685 0.694438 0.098312 -0.712805 358.612488
-0.717232 0.058350 -0.694387 395.880219 -0.026020 0.993550 0.110366 -56.259445 0.696349 0.097225 -0.711088 357.931183
-0.715755 0.056080 -0.696097 395.255798 -0.027594 0.993721 0.108431 -56.119324 0.697807 0.096818 -0.709713 357.258331
-0.714434 0.054288 -0.697594 394.591187 -0.029034 0.993827 0.107077 -56.051498 0.699101 0.096754 -0.708446 356.583801
-0.713550 0.051336 -0.698721 393.989105 -0.031356 0.993973 0.105049 -55.897827 0.699901 0.096867 -0.707640 355.927490
-0.713014 0.050364 -0.699338 393.360260 -0.032156 0.994018 0.104372 -55.802452 0.700412 0.096906 -0.707130 355.266174
-0.713017 0.051275 -0.699269 392.722260 -0.031538 0.993968 0.105040 -55.723160 0.700437 0.096949 -0.707098 354.606415
-0.713387 0.052459 -0.698804 392.088104 -0.030232 0.993962 0.105479 -55.644245 0.700118 0.096374 -0.707493 353.951630
-0.714276 0.052694 -0.697877 391.461121 -0.029003 0.994076 0.104743 -55.566925 0.699263 0.095056 -0.708517 353.303680
-0.715247 0.052905 -0.696867 390.840424 -0.027605 0.994214 0.103811 -55.489822 0.698327 0.093488 -0.709648 352.662231
-0.716144 0.053958 -0.695864 390.225189 -0.026634 0.994168 0.104500 -55.412083 0.697444 0.093371 -0.710530 352.025970
-0.717011 0.055199 -0.694874 389.618225 -0.027254 0.993878 0.107072 -55.335686 0.696530 0.095710 -0.711116 351.395905
-0.717546 0.057506 -0.694134 389.013306 -0.027060 0.993532 0.110282 -55.264381 0.695985 0.097916 -0.711349 350.766632
-0.717979 0.059014 -0.693559 388.417175 -0.026076 0.993420 0.111522 -55.190968 0.695576 0.098156 -0.711716 350.150970
-0.718114 0.059171 -0.693407 387.832184 -0.025561 0.993464 0.111249 -55.117767 0.695457 0.097613 -0.711907 349.545807
-0.718083 0.058935 -0.693458 387.256836 -0.026359 0.993390 0.111720 -55.043659 0.695459 0.098503 -0.711783 348.948914
-0.717630 0.058774 -0.693941 386.690277 -0.027047 0.993328 0.112101 -54.970581 0.695900 0.099217 -0.711252 348.362366
-0.716214 0.057691 -0.695493 386.128448 -0.029392 0.993200 0.112652 -54.901630 0.697262 0.101125 -0.709647 347.778595
-0.713481 0.055964 -0.698436 385.571442 -0.032860 0.993036 0.113137 -54.832977 0.699903 0.103671 -0.706673 347.202515
-0.709673 0.054233 -0.702442 385.023041 -0.035810 0.992968 0.112842 -54.764122 0.703621 0.105236 -0.702740 346.641968
-0.705095 0.053535 -0.707089 384.476624 -0.037794 0.992892 0.112861 -54.698151 0.708105 0.106300 -0.698059 346.091278
-0.699800 0.052991 -0.712371 383.934753 -0.039726 0.992815 0.112876 -54.633110 0.713233 0.107290 -0.692666 345.549622
-0.693532 0.051965 -0.718549 383.432404 -0.040847 0.992955 0.111234 -54.554462 0.719266 0.106494 -0.686523 345.060150
-0.686478 0.051354 -0.725335 382.942261 -0.040364 0.993274 0.108526 -54.473038 0.726030 0.103778 -0.679787 344.599518
-0.678831 0.052930 -0.732385 382.446960 -0.038926 0.993402 0.107873 -54.402821 0.733263 0.101736 -0.672291 344.149567
-0.671134 0.052019 -0.739509 381.955505 -0.040802 0.993431 0.106910 -54.334694 0.740212 0.101925 -0.664603 343.704651
-0.662288 0.052264 -0.747425 381.462341 -0.043037 0.993264 0.107590 -54.266647 0.748013 0.103423 -0.655577 343.265045
-0.651477 0.055110 -0.756664 380.967590 -0.044100 0.992921 0.110286 -54.197304 0.757385 0.105218 -0.644435 342.834991
-0.638628 0.060070 -0.767168 380.469910 -0.044793 0.992356 0.114990 -54.125927 0.768211 0.107799 -0.631055 342.414215
-0.623802 0.065428 -0.778840 379.972290 -0.045230 0.991798 0.119545 -54.054070 0.780274 0.109798 -0.615726 342.005066
-0.607372 0.068978 -0.791417 379.478271 -0.046955 0.991365 0.122440 -53.987549 0.793028 0.111527 -0.598888 341.604645
-0.588937 0.070738 -0.805077 378.985962 -0.048831 0.991228 0.122815 -53.923752 0.806703 0.111643 -0.580316 341.229950
-0.568323 0.070843 -0.819751 378.492554 -0.050852 0.991358 0.120928 -53.859550 0.821233 0.110413 -0.559809 340.875824
-0.544446 0.070647 -0.835816 377.995972 -0.052744 0.991592 0.118172 -53.795113 0.837136 0.108422 -0.536142 340.540588
-0.517337 0.070928 -0.852838 377.496094 -0.054963 0.991749 0.115821 -53.731270 0.854015 0.106792 -0.509170 340.224182
-0.486936 0.072839 -0.870395 376.990295 -0.058276 0.991587 0.115583 -53.668663 0.871491 0.107004 -0.478594 339.925079
-0.452927 0.075915 -0.888310 376.479919 -0.063017 0.991150 0.116834 -53.607773 0.889318 0.108895 -0.444135 339.645294
-0.414897 0.079260 -0.906410 375.965607 -0.067392 0.990785 0.117486 -53.548454 0.907370 0.109829 -0.405732 339.388672
-0.373267 0.081475 -0.924140 375.448578 -0.072632 0.990512 0.116663 -53.491257 0.924877 0.110669 -0.363808 339.155487
-0.328149 0.082278 -0.941036 374.930389 -0.078847 0.990338 0.114083 -53.443382 0.941330 0.111633 -0.318490 338.995087
-0.279294 0.082642 -0.956642 374.404236 -0.084034 0.990363 0.110088 -53.389435 0.956521 0.111137 -0.269659 338.822021
-0.227486 0.084677 -0.970093 373.870300 -0.085391 0.990640 0.106494 -53.335396 0.970030 0.107062 -0.218126 338.678070
-0.173487 0.086803 -0.981004 373.328491 -0.084250 0.991149 0.102601 -53.289387 0.981226 0.100449 -0.164639 338.619629
-0.116488 0.088018 -0.989285 372.782349 -0.086509 0.991381 0.098390 -53.241234 0.989417 0.097043 -0.107870 338.542969
-0.056401 0.089201 -0.994416 372.232605 -0.092254 0.991275 0.094151 -53.195030 0.994137 0.097049 -0.047680 338.489136
0.005665 0.090404 -0.995889 371.682068 -0.095670 0.991386 0.089452 -53.149284 0.995397 0.094770 0.014265 338.466064
0.068438 0.090021 -0.993586 371.134003 -0.093200 0.992143 0.083469 -53.106621 0.993293 0.086890 0.076290 338.479675
0.131338 0.085729 -0.987624 370.589844 -0.090076 0.993165 0.074231 -53.076729 0.987236 0.079211 0.138162 338.596802
0.194915 0.079629 -0.977582 370.054504 -0.089773 0.993963 0.063064 -53.045937 0.976703 0.075467 0.200887 338.684845
0.257767 0.073411 -0.963414 369.524658 -0.096041 0.994118 0.050053 -53.018806 0.961422 0.079626 0.263302 338.791382
0.319398 0.067012 -0.945248 369.003876 -0.099548 0.994350 0.036856 -52.995232 0.942378 0.082326 0.324263 338.924988
0.378694 0.061087 -0.923504 368.494202 -0.099322 0.994740 0.025071 -52.975758 0.920177 0.082230 0.382770 339.089447
0.435056 0.054935 -0.898726 367.993805 -0.095212 0.995348 0.014750 -52.959156 0.895355 0.079152 0.438262 339.282440
0.486327 0.047724 -0.872473 367.501526 -0.086736 0.996212 0.006144 -52.945969 0.869462 0.072686 0.488624 339.503113
0.531446 0.042259 -0.846037 367.014282 -0.079820 0.996809 -0.000351 -52.937149 0.843323 0.067718 0.533124 339.744415
0.571394 0.038942 -0.819751 366.530396 -0.077110 0.997002 -0.006388 -52.933762 0.817045 0.066861 0.572684 339.999359
0.606556 0.036326 -0.794211 366.049286 -0.077332 0.996915 -0.013464 -52.933708 0.791271 0.069584 0.607494 340.267456
0.636479 0.030070 -0.770708 365.576263 -0.073961 0.997014 -0.022181 -52.934265 0.767740 0.071120 0.636801 340.553314
0.661463 0.020585 -0.749696 365.110748 -0.066525 0.997294 -0.031313 -52.935516 0.747021 0.070585 0.661042 340.859558
0.681681 0.012506 -0.731543 364.644501 -0.058825 0.997554 -0.037761 -52.940517 0.729281 0.068774 0.680749 341.180908
0.696818 0.008132 -0.717201 364.172516 -0.054300 0.997664 -0.041446 -52.950005 0.715189 0.067824 0.695633 341.513062
0.705951 0.004156 -0.708250 363.699280 -0.052044 0.997583 -0.046023 -52.980278 0.706347 0.069350 0.704460 341.997375
0.712512 -0.002259 -0.701657 363.234161 -0.048362 0.997458 -0.052323 -53.011909 0.699991 0.071213 0.710592 342.494598
0.716845 -0.007869 -0.697189 362.766510 -0.044676 0.997363 -0.057193 -53.051048 0.695800 0.072146 0.714603 343.002258
0.721146 -0.013144 -0.692659 362.296387 -0.040708 0.997289 -0.061308 -53.093483 0.691586 0.072409 0.718656 343.518768
0.723602 -0.016791 -0.690014 361.819305 -0.036727 0.997351 -0.062785 -53.136860 0.689240 0.070774 0.721068 344.042236
0.723894 -0.020692 -0.689601 361.336792 -0.031665 0.997501 -0.063171 -53.183296 0.689184 0.067565 0.721429 344.573853
0.721448 -0.023037 -0.692086 360.842010 -0.028260 0.997634 -0.062668 -53.231651 0.691892 0.064769 0.719090 345.108887
0.716655 -0.022307 -0.697073 360.341400 -0.025659 0.997969 -0.058317 -53.276234 0.696957 0.059680 0.714625 345.650085
0.708799 -0.020357 -0.705118 359.810822 -0.021478 0.998497 -0.050418 -53.315777 0.705084 0.050881 0.707295 346.186768
0.698017 -0.017154 -0.715876 359.264038 -0.017387 0.999012 -0.040892 -53.356468 0.715870 0.040990 0.697029 346.725098
0.685258 -0.013001 -0.728185 358.699188 -0.018657 0.999199 -0.035396 -53.397179 0.728061 0.037841 0.684466 347.252808
0.670962 -0.013990 -0.741360 358.078003 -0.020519 0.999089 -0.037426 -53.432869 0.741208 0.040324 0.670063 347.763519
0.654859 -0.017556 -0.755547 357.434753 -0.020712 0.998937 -0.041164 -53.464516 0.755468 0.042605 0.653800 348.267792
0.638147 -0.020382 -0.769644 356.813812 -0.019982 0.998875 -0.043021 -53.499535 0.769655 0.042833 0.637021 348.770142
0.620485 -0.020658 -0.783946 356.177002 -0.020848 0.998865 -0.042822 -53.536995 0.783941 0.042914 0.619350 349.262634
0.601035 -0.020361 -0.798964 355.511536 -0.022486 0.998849 -0.042371 -53.572815 0.798907 0.043431 0.599884 349.750275
0.580781 -0.020215 -0.813809 354.835785 -0.023503 0.998859 -0.041585 -53.607399 0.813721 0.043279 0.579643 350.231537
0.559573 -0.019206 -0.828559 354.151337 -0.024475 0.998913 -0.039685 -53.641312 0.828420 0.042486 0.558494 350.705353
0.537913 -0.016591 -0.842837 353.462097 -0.027088 0.998950 -0.036953 -53.676281 0.842565 0.042707 0.536898 351.124756
0.515922 -0.014228 -0.856518 352.765991 -0.029069 0.998996 -0.034104 -53.710052 0.856143 0.042493 0.514990 351.536530
0.493422 -0.012048 -0.869707 352.064606 -0.030769 0.999036 -0.031296 -53.742256 0.869246 0.042202 0.492575 351.939728
0.470526 -0.010002 -0.882329 351.356049 -0.031954 0.999087 -0.028367 -53.773785 0.881807 0.041541 0.469777 352.334900
0.447021 -0.008531 -0.894483 350.600067 -0.033653 0.999086 -0.026347 -53.806648 0.893891 0.041880 0.446324 352.701782
0.423378 -0.007060 -0.905926 349.838043 -0.034811 0.999104 -0.024056 -53.837872 0.905284 0.041721 0.422752 353.060760
0.399253 -0.005135 -0.916827 349.069244 -0.035957 0.999128 -0.021255 -53.867435 0.916136 0.041452 0.398719 353.410614
0.375254 -0.002767 -0.926918 348.293945 -0.037719 0.999122 -0.018252 -53.896809 0.926154 0.041812 0.374820 353.750580
0.351467 -0.000950 -0.936200 347.512817 -0.038673 0.999132 -0.015532 -53.924721 0.935401 0.041664 0.351124 354.082855
0.327740 -0.000066 -0.944768 346.728668 -0.039478 0.999126 -0.013765 -53.951813 0.943942 0.041809 0.327451 354.405457
0.304218 0.000689 -0.952603 345.939026 -0.039184 0.999163 -0.011791 -53.978035 0.951796 0.040913 0.303989 354.720184
0.280882 0.002027 -0.959740 345.149872 -0.039264 0.999185 -0.009382 -54.003441 0.958938 0.040317 0.280733 355.031036
0.257736 0.002732 -0.966211 344.339050 -0.039133 0.999205 -0.007615 -54.025604 0.965422 0.039773 0.257638 355.311676
0.234898 0.002607 -0.972017 343.515167 -0.037730 0.999268 -0.006438 -54.045773 0.971287 0.038187 0.234824 355.571594
0.212249 0.002825 -0.977211 342.681702 -0.036633 0.999316 -0.005067 -54.062859 0.976529 0.036874 0.212207 355.813293
0.190533 0.003785 -0.981674 341.792938 -0.036295 0.999337 -0.003192 -54.068268 0.981010 0.036238 0.190543 355.965729
0.170072 0.004244 -0.985422 340.888031 -0.036769 0.999322 -0.002042 -54.073074 0.984746 0.036580 0.170112 356.087952
0.151146 0.001838 -0.988509 339.971832 -0.037725 0.999280 -0.003911 -54.076458 0.987791 0.037883 0.151107 356.186432
0.134180 -0.001856 -0.990956 339.082581 -0.038823 0.999221 -0.007128 -54.080322 0.990196 0.039429 0.134004 356.316895
0.118126 -0.004398 -0.992989 338.172058 -0.040022 0.999156 -0.009187 -54.079674 0.992192 0.040826 0.117850 356.414551
0.103684 -0.005047 -0.994597 337.254150 -0.041473 0.999096 -0.009394 -54.082596 0.993746 0.042222 0.103381 356.502655
0.090538 -0.004437 -0.995884 336.307068 -0.043122 0.999035 -0.008373 -54.088192 0.994959 0.043703 0.090259 356.587189
0.079762 -0.003018 -0.996810 335.408661 -0.045337 0.998949 -0.006653 -54.092239 0.995783 0.045723 0.079542 356.669647
0.070363 -0.001455 -0.997521 334.485474 -0.048108 0.998831 -0.004850 -54.096138 0.996361 0.048330 0.070211 356.750824
0.062678 -0.000334 -0.998034 333.560669 -0.051158 0.998684 -0.003547 -54.099812 0.996722 0.051279 0.062578 356.829529
0.056452 -0.000589 -0.998405 332.635376 -0.053877 0.998541 -0.003636 -54.103683 0.996951 0.053997 0.056338 356.906860
0.051378 -0.001765 -0.998678 331.697693 -0.055758 0.998434 -0.004633 -54.112869 0.997121 0.055923 0.051198 356.953827
0.047121 -0.003089 -0.998885 330.755035 -0.053077 0.998575 -0.005592 -54.133270 0.997478 0.053282 0.046891 356.992401
0.042264 -0.005483 -0.999091 329.810730 -0.051081 0.998665 -0.007642 -54.156384 0.997799 0.051358 0.041927 357.028717
0.036322 -0.011061 -0.999279 328.869995 -0.049131 0.998710 -0.012842 -54.161682 0.998131 0.049562 0.035732 357.078064
0.031635 -0.012180 -0.999426 327.927246 -0.048647 0.998722 -0.013711 -54.178337 0.998315 0.049053 0.031002 357.106171
0.026958 -0.011121 -0.999575 326.983734 -0.047360 0.998801 -0.012391 -54.195976 0.998514 0.047673 0.026399 357.132751
0.022949 -0.005286 -0.999723 326.035767 -0.046481 0.998899 -0.006349 -54.211159 0.998656 0.046614 0.022677 357.157715
0.020032 -0.001403 -0.999798 325.090912 -0.048212 0.998835 -0.002367 -54.224087 0.998636 0.048250 0.019941 357.178589
0.018822 -0.001576 -0.999822 324.150696 -0.050992 0.998696 -0.002535 -54.239189 0.998521 0.051030 0.018716 357.198578
0.018723 -0.004403 -0.999815 323.212921 -0.053397 0.998559 -0.005398 -54.256065 0.998398 0.053488 0.018461 357.220398
0.020073 -0.007783 -0.999768 322.270386 -0.054022 0.998501 -0.008858 -54.276886 0.998338 0.054187 0.019621 357.252014
0.021460 -0.010741 -0.999712 321.328217 -0.053207 0.998513 -0.011871 -54.299183 0.998353 0.053446 0.020856 357.286407
0.023288 -0.013528 -0.999637 320.391754 -0.051548 0.998563 -0.014715 -54.312202 0.998399 0.051872 0.022557 357.318054
0.025727 -0.014534 -0.999564 319.458801 -0.049563 0.998647 -0.015797 -54.338226 0.998440 0.049947 0.024971 357.353241
0.029613 -0.015329 -0.999444 318.542633 -0.047010 0.998755 -0.016711 -54.364277 0.998456 0.047479 0.028855 357.388214
0.035274 -0.018051 -0.999215 317.630615 -0.047028 0.998699 -0.019703 -54.383522 0.998271 0.047687 0.034380 357.416290
0.042540 -0.020561 -0.998883 316.725952 -0.046265 0.998675 -0.022528 -54.407753 0.998022 0.047172 0.041533 357.442688
0.050697 -0.020879 -0.998496 315.820160 -0.044262 0.998752 -0.023133 -54.447323 0.997732 0.045367 0.049709 357.479797
0.058540 -0.021479 -0.998054 314.914581 -0.043463 0.998766 -0.024044 -54.479462 0.997339 0.044786 0.057533 357.539978
0.067840 -0.023407 -0.997421 314.010651 -0.042309 0.998758 -0.026317 -54.507748 0.996798 0.043985 0.066765 357.598572
0.076681 -0.024988 -0.996743 313.107330 -0.040955 0.998763 -0.028189 -54.536087 0.996214 0.042983 0.075563 357.661469
0.086194 -0.026562 -0.995924 312.204620 -0.040299 0.998733 -0.030125 -54.564140 0.995463 0.042731 0.085014 357.728058
0.097289 -0.027752 -0.994869 311.302948 -0.039451 0.998719 -0.031718 -54.602913 0.994474 0.042334 0.096070 357.820465
0.108748 -0.028641 -0.993657 310.402710 -0.039129 0.998687 -0.033069 -54.642494 0.993299 0.042476 0.107484 357.917755
0.122162 -0.027753 -0.992122 309.510559 -0.038598 0.998720 -0.032691 -54.681786 0.991760 0.042287 0.120934 358.034119
0.137070 -0.026509 -0.990207 308.619568 -0.039476 0.998702 -0.032201 -54.717472 0.989774 0.043503 0.135846 358.156006
0.152101 -0.025457 -0.988037 307.729828 -0.039593 0.998709 -0.031827 -54.753372 0.987572 0.043961 0.150897 358.285492
0.167370 -0.025920 -0.985554 306.842896 -0.038330 0.998728 -0.032776 -54.789524 0.985149 0.043262 0.166164 358.423523
0.182386 -0.026894 -0.982859 305.958588 -0.037244 0.998720 -0.034240 -54.825958 0.982522 0.042849 0.181150 358.568268
0.197741 -0.026873 -0.979886 305.060425 -0.035061 0.998790 -0.034467 -54.860771 0.979627 0.041171 0.196560 358.751038
0.212433 -0.027464 -0.976790 304.175018 -0.032000 0.998873 -0.035045 -54.906044 0.976652 0.038702 0.211315 358.950470
0.226298 -0.029727 -0.973604 303.294006 -0.029320 0.998873 -0.037313 -54.954620 0.973617 0.036990 0.225172 359.175385
0.240783 -0.034858 -0.969953 302.422699 -0.028710 0.998662 -0.043017 -54.998726 0.970154 0.038205 0.239460 359.392914
0.255206 -0.040045 -0.966057 301.554504 -0.026864 0.998463 -0.048486 -55.043854 0.966514 0.038326 0.253739 359.617950
0.269687 -0.044155 -0.961935 300.686401 -0.024378 0.998315 -0.052660 -55.089439 0.962639 0.037651 0.268156 359.851196
0.284411 -0.044862 -0.957653 299.817047 -0.023639 0.998273 -0.053785 -55.135406 0.958411 0.037934 0.282858 360.089844
0.299623 -0.042485 -0.953111 298.947174 -0.024458 0.998338 -0.052190 -55.181076 0.953744 0.038948 0.298086 360.334534
0.314774 -0.040840 -0.948288 298.080261 -0.025004 0.998370 -0.051298 -55.225960 0.948837 0.039857 0.313240 360.587067
0.331302 -0.042129 -0.942584 297.221680 -0.023932 0.998306 -0.053032 -55.279526 0.943221 0.040127 0.329733 360.871399
0.346960 -0.043124 -0.936888 296.363770 -0.022930 0.998254 -0.054441 -55.339184 0.937600 0.040371 0.345366 361.194519
0.363437 -0.043283 -0.930613 295.510315 -0.023522 0.998176 -0.055611 -55.399437 0.931322 0.042102 0.361755 361.534637
0.379585 -0.044535 -0.924085 294.664886 -0.024899 0.997987 -0.058326 -55.460045 0.924822 0.045149 0.377712 361.889130
0.397038 -0.049346 -0.916475 293.825623 -0.026275 0.997534 -0.065095 -55.512733 0.917426 0.049926 0.394762 362.250427
0.415245 -0.052580 -0.908189 292.993286 -0.026680 0.997195 -0.069932 -55.572693 0.909319 0.053270 0.412677 362.621307
0.433410 -0.050092 -0.899804 292.157806 -0.029436 0.997134 -0.069689 -55.638939 0.900717 0.056690 0.430693 363.022675
0.451577 -0.047089 -0.890989 291.324768 -0.031475 0.997144 -0.068652 -55.708832 0.891677 0.059045 0.448805 363.433716
0.469659 -0.042621 -0.881819 290.494934 -0.033120 0.997280 -0.065843 -55.777184 0.882226 0.060130 0.466970 363.854736
0.487055 -0.045365 -0.872192 289.685577 -0.030059 0.997188 -0.068653 -55.844040 0.872854 0.059654 0.484321 364.317535
0.504748 -0.047130 -0.861980 288.879456 -0.027893 0.997097 -0.070851 -55.910709 0.862816 0.059806 0.501967 364.789490
0.522445 -0.046976 -0.851378 288.065430 -0.028877 0.996933 -0.072728 -55.975674 0.852184 0.062581 0.519486 365.283630
0.539434 -0.046326 -0.840754 287.264618 -0.029358 0.996844 -0.073762 -56.047432 0.841517 0.064472 0.536370 365.797546
0.556344 -0.046813 -0.829632 286.476074 -0.029135 0.996699 -0.075778 -56.122658 0.830441 0.066330 0.553143 366.326813
0.574002 -0.046736 -0.817520 285.690796 -0.028933 0.996590 -0.077287 -56.201080 0.818343 0.068016 0.570691 366.870850
0.591083 -0.046062 -0.805294 284.910126 -0.028949 0.996514 -0.078249 -56.279579 0.806091 0.069563 0.587689 367.422974
0.607911 -0.044051 -0.792783 284.132507 -0.028645 0.996593 -0.077342 -56.357891 0.793488 0.069726 0.604577 367.985962
0.624431 -0.042187 -0.779940 283.361816 -0.028157 0.996676 -0.076453 -56.436234 0.780572 0.069700 0.621167 368.556915
0.640714 -0.041110 -0.766678 282.597198 -0.026814 0.996758 -0.075856 -56.514084 0.767311 0.069159 0.637534 369.137177
0.656625 -0.040512 -0.753129 281.839905 -0.025637 0.996781 -0.075971 -56.591999 0.753781 0.069193 0.653471 369.724518
0.671996 -0.041572 -0.739386 281.129486 -0.023632 0.996711 -0.077518 -56.675991 0.740177 0.069565 0.668803 370.374969
0.687025 -0.042654 -0.725382 280.426056 -0.021822 0.996615 -0.079271 -56.759850 0.726307 0.070290 0.683767 371.032684
0.701546 -0.046915 -0.711078 279.745697 -0.016346 0.996509 -0.081874 -56.844055 0.712436 0.069062 0.698330 371.705688
0.714997 -0.050320 -0.697315 279.087585 -0.009614 0.996605 -0.081775 -56.925507 0.699062 0.065173 0.712084 372.402100
0.728480 -0.052667 -0.683039 278.436218 -0.003939 0.996702 -0.081056 -57.007603 0.685056 0.061738 0.725870 373.105591
0.741510 -0.053467 -0.668809 277.791992 0.000453 0.996859 -0.079192 -57.089432 0.670942 0.058419 0.739205 373.813629
0.753985 -0.055708 -0.654525 277.156982 0.005121 0.996866 -0.078947 -57.170586 0.656872 0.056173 0.751907 374.526489
0.766106 -0.058603 -0.640036 276.528717 0.008462 0.996668 -0.081130 -57.252449 0.642658 0.056739 0.764049 375.243011
0.778120 -0.060036 -0.625240 275.905914 0.010274 0.996505 -0.082901 -57.335751 0.628031 0.058083 0.776017 375.964691
0.789910 -0.057883 -0.610484 275.322632 0.010815 0.996696 -0.080507 -57.423347 0.613127 0.056990 0.787926 376.726624
0.801461 -0.056853 -0.595340 274.746918 0.012188 0.996817 -0.078787 -57.511913 0.597924 0.055888 0.799602 377.495483
0.812677 -0.057213 -0.579901 274.180237 0.014389 0.996836 -0.078183 -57.599983 0.582538 0.055193 0.810927 378.270020
0.823642 -0.059176 -0.564016 273.642273 0.017245 0.996694 -0.079391 -57.678909 0.566849 0.055663 0.821939 379.062500
0.834216 -0.057709 -0.548410 273.112244 0.016515 0.996678 -0.079756 -57.761707 0.551191 0.057476 0.832397 379.869415
0.844956 -0.055173 -0.531983 272.594421 0.015716 0.996797 -0.078419 -57.838589 0.534606 0.057900 0.843116 380.682556
0.855280 -0.053276 -0.515420 272.092865 0.015453 0.996880 -0.077400 -57.921814 0.517936 0.058234 0.853435 381.513275
0.866584 -0.047471 -0.496768 271.594788 0.010195 0.996942 -0.077484 -57.997162 0.498927 0.062082 0.864417 382.329041
0.877205 -0.044265 -0.478073 271.124298 0.007442 0.996875 -0.078648 -58.072929 0.480060 0.065433 0.874792 383.174744
0.887340 -0.040853 -0.459303 270.671112 0.005841 0.996983 -0.077396 -58.153034 0.461080 0.065994 0.884902 384.031128
0.896696 -0.040094 -0.440827 270.243439 0.007454 0.997116 -0.075528 -58.232105 0.442585 0.064439 0.894408 384.909485
0.905699 -0.039186 -0.422105 269.825287 0.008897 0.997256 -0.073489 -58.311119 0.423827 0.062804 0.903563 385.792633
0.914279 -0.038986 -0.403205 269.416351 0.010813 0.997352 -0.071916 -58.388821 0.404941 0.061391 0.912279 386.681183
0.922391 -0.039531 -0.384230 269.017731 0.013076 0.997375 -0.071225 -58.466339 0.386037 0.060673 0.920486 387.572906
0.930079 -0.040044 -0.365169 268.627899 0.015031 0.997357 -0.071088 -58.543991 0.367051 0.060629 0.928222 388.468811
0.937466 -0.040100 -0.345760 268.246490 0.016428 0.997332 -0.071127 -58.621597 0.347690 0.060999 0.935623 389.369354
0.944551 -0.040084 -0.325910 267.874420 0.017721 0.997297 -0.071304 -58.699585 0.327888 0.061574 0.942708 390.274597
0.951345 -0.040119 -0.305506 267.512146 0.019153 0.997269 -0.071320 -58.777527 0.307533 0.061998 0.949515 391.185181
0.957804 -0.039985 -0.284626 267.168121 0.020454 0.997248 -0.071266 -58.855141 0.286693 0.062437 0.955986 392.105927
0.963847 -0.039475 -0.263517 266.856140 0.021564 0.997277 -0.070521 -58.931805 0.265583 0.062288 0.962073 393.045288
0.969360 -0.039208 -0.242495 266.566620 0.022992 0.997328 -0.069346 -59.007847 0.244565 0.061647 0.967671 393.995087
0.974451 -0.038760 -0.221234 266.385742 0.024144 0.997366 -0.068396 -59.080963 0.223302 0.061306 0.972819 395.005493
0.979116 -0.038276 -0.199668 266.242096 0.025166 0.997383 -0.067790 -59.153152 0.201739 0.061349 0.977516 396.036499
0.983327 -0.037345 -0.177974 266.044464 0.025765 0.997424 -0.066940 -59.226608 0.180016 0.061238 0.981756 397.038361
0.987074 -0.035432 -0.156301 265.875000 0.025307 0.997479 -0.066306 -59.299362 0.158256 0.061492 0.985481 398.050751
0.990353 -0.033563 -0.134440 265.744354 0.024840 0.997508 -0.066042 -59.371414 0.136321 0.062065 0.988718 399.081573
0.993180 -0.031393 -0.112284 265.634766 0.023952 0.997465 -0.067016 -59.442852 0.114103 0.063869 0.991414 400.114716
0.995498 -0.029037 -0.090229 265.529175 0.022912 0.997408 -0.068198 -59.512993 0.091975 0.065824 0.993583 401.141846
0.997277 -0.027435 -0.068457 265.434509 0.022612 0.997273 -0.070263 -59.584976 0.070198 0.068524 0.995177 402.173187
0.998617 -0.023552 -0.047006 265.376495 0.020227 0.997341 -0.070015 -59.662262 0.048531 0.068968 0.996437 403.236389
0.999461 -0.020359 -0.025743 265.329559 0.018535 0.997429 -0.069221 -59.740448 0.027085 0.068706 0.997269 404.307648
0.999844 -0.016923 -0.005019 265.293060 0.016551 0.997642 -0.066622 -59.817245 0.006135 0.066528 0.997765 405.385223
0.999789 -0.013624 0.015368 265.267151 0.014583 0.997838 -0.064090 -59.892925 -0.014462 0.064300 0.997826 406.469330
0.999325 -0.010588 0.035172 265.251801 0.012775 0.997960 -0.062555 -59.968155 -0.034438 0.062962 0.997422 407.555542
0.998494 -0.007324 0.054382 265.303955 0.010673 0.998048 -0.061547 -60.033089 -0.053825 0.062035 0.996622 408.670044
0.997285 -0.005582 0.073435 265.368164 0.009992 0.998160 -0.059820 -60.096947 -0.072966 0.060392 0.995504 409.787384
0.995784 -0.002866 0.091681 265.468384 0.008507 0.998090 -0.061195 -60.165298 -0.091330 0.061716 0.993906 410.908447
0.993926 -0.001022 0.110048 265.579865 0.007879 0.998052 -0.061889 -60.231956 -0.109770 0.062380 0.991998 412.031860
0.991745 -0.003125 0.128185 265.708496 0.011019 0.998082 -0.060921 -60.299751 -0.127748 0.061831 0.989878 413.169952
0.989336 -0.004691 0.145576 265.846375 0.013407 0.998171 -0.058949 -60.367943 -0.145033 0.060272 0.987590 414.310455
0.986717 -0.004792 0.162378 266.021271 0.014382 0.998217 -0.057931 -60.447792 -0.161810 0.059496 0.985027 415.437592
0.983860 -0.008053 0.178759 266.208282 0.018769 0.998121 -0.058330 -60.511261 -0.177954 0.060744 0.982162 416.564941
0.980880 -0.011773 0.194258 266.415955 0.023531 0.998020 -0.058330 -60.571823 -0.193186 0.061786 0.979215 417.707886
0.977838 -0.016548 0.208707 266.633820 0.029263 0.997889 -0.057979 -60.632874 -0.207307 0.062801 0.976258 418.852448
0.974957 -0.021556 0.221349 266.858093 0.035352 0.997658 -0.058556 -60.693413 -0.219568 0.064914 0.973435 419.992981
0.972382 -0.026488 0.231886 267.088196 0.041130 0.997438 -0.058538 -60.754143 -0.229741 0.066459 0.970980 421.135071
0.970041 -0.032293 0.240785 267.324219 0.046792 0.997404 -0.054740 -60.812450 -0.238392 0.064367 0.969033 422.281799
0.967522 -0.034233 0.250459 267.585754 0.048573 0.997502 -0.051295 -60.892490 -0.248077 0.061794 0.966767 423.396881
0.965312 -0.035525 0.258671 267.861969 0.050249 0.997457 -0.050533 -60.976791 -0.256217 0.061778 0.964643 424.502960
0.963058 -0.034076 0.267131 268.151154 0.049550 0.997448 -0.051400 -61.045319 -0.264697 0.062737 0.962289 425.615814
0.960833 -0.034954 0.274915 268.467834 0.051164 0.997335 -0.052011 -61.104706 -0.272365 0.064039 0.960061 426.729553
0.958745 -0.035098 0.282092 268.797913 0.051693 0.997330 -0.051597 -61.168236 -0.279527 0.064050 0.957999 427.844910
0.956582 -0.037845 0.288996 269.136475 0.054528 0.997265 -0.049893 -61.235039 -0.286318 0.063485 0.956029 428.961853
0.955223 -0.041014 0.293033 269.492920 0.057582 0.997179 -0.048133 -61.297386 -0.290231 0.062851 0.954890 430.067963
0.953721 -0.044374 0.297401 269.853394 0.061061 0.997025 -0.047051 -61.357059 -0.294429 0.063034 0.953593 431.171692
0.952921 -0.047072 0.299544 270.213898 0.063878 0.996871 -0.046557 -61.426888 -0.296415 0.063498 0.952946 432.287231
0.952101 -0.048730 0.301878 270.575226 0.065658 0.996773 -0.046176 -61.497787 -0.298654 0.063785 0.952228 433.404236
0.951446 -0.048899 0.303908 270.936676 0.065583 0.996835 -0.044929 -61.568909 -0.300748 0.062679 0.951641 434.525330
0.950852 -0.048533 0.305817 271.298889 0.065110 0.996897 -0.044233 -61.639740 -0.302722 0.061971 0.951063 435.646057
0.950347 -0.047150 0.307602 271.662048 0.064108 0.996917 -0.045254 -61.711777 -0.304518 0.062727 0.950439 436.767883
0.949837 -0.046369 0.309289 272.027283 0.063803 0.996879 -0.046484 -61.783791 -0.306168 0.063886 0.949831 437.889709
0.949298 -0.046497 0.310921 272.395599 0.063853 0.996905 -0.045868 -61.855480 -0.307826 0.063395 0.949329 439.015930
0.948859 -0.046031 0.312325 272.764313 0.063080 0.997007 -0.044696 -61.926857 -0.309332 0.062111 0.948924 440.143280
0.948495 -0.046477 0.313363 273.135864 0.063454 0.997006 -0.044190 -61.997581 -0.310370 0.061799 0.948605 441.273163
0.948284 -0.046283 0.314031 273.507294 0.063407 0.996994 -0.044530 -62.068447 -0.311026 0.062139 0.948368 442.403351
0.948111 -0.046769 0.314482 273.880676 0.064206 0.996907 -0.045314 -62.139805 -0.311390 0.063154 0.948181 443.535461
0.947783 -0.048182 0.315253 274.257690 0.065649 0.996827 -0.045013 -62.195908 -0.312084 0.063358 0.947940 444.694946
0.947841 -0.048849 0.314979 274.635590 0.066101 0.996829 -0.044315 -62.247215 -0.311815 0.062823 0.948064 445.867950
0.947852 -0.047681 0.315126 275.017456 0.065220 0.996841 -0.045341 -62.308815 -0.311968 0.063528 0.947966 447.052277
0.947907 -0.046850 0.315085 275.402313 0.064696 0.996826 -0.046414 -62.373634 -0.311910 0.064381 0.947928 448.242706
0.947851 -0.045143 0.315501 275.800903 0.062828 0.996959 -0.046102 -62.437138 -0.312460 0.063520 0.947804 449.440552
0.947764 -0.044544 0.315849 276.201050 0.061826 0.997077 -0.044903 -62.500378 -0.312925 0.062085 0.947746 450.639435
0.947607 -0.045599 0.316168 276.604492 0.062083 0.997177 -0.042255 -62.561749 -0.313348 0.059669 0.947762 451.842316
0.947039 -0.045460 0.317885 276.990875 0.062178 0.997154 -0.042638 -62.617363 -0.315042 0.060146 0.947170 453.048462
0.946847 -0.045741 0.318418 277.376678 0.062784 0.997080 -0.043461 -62.671764 -0.315500 0.061142 0.946954 454.254517
0.946691 -0.044688 0.319030 277.762146 0.061969 0.997098 -0.044218 -62.727158 -0.316128 0.061630 0.946712 455.463959
0.946387 -0.044221 0.319993 278.149292 0.060935 0.997241 -0.042404 -62.781689 -0.317234 0.059629 0.946470 456.676575
0.946090 -0.042469 0.321110 278.537659 0.058323 0.997500 -0.039911 -62.838352 -0.318612 0.056488 0.946201 457.884888
0.945753 -0.038131 0.322641 278.936676 0.053646 0.997785 -0.039330 -62.895844 -0.320426 0.054504 0.945704 459.093018
0.945246 -0.037725 0.324172 279.356812 0.053500 0.997772 -0.039882 -62.959648 -0.321945 0.055041 0.945157 460.288757
0.944630 -0.037377 0.325999 279.781616 0.053980 0.997657 -0.042027 -63.020973 -0.323664 0.057297 0.944435 461.483734
0.944261 -0.041206 0.326609 280.218079 0.058839 0.997285 -0.044287 -63.071629 -0.323897 0.061035 0.944121 462.665710
0.943532 -0.044615 0.328266 280.661285 0.062711 0.997029 -0.044741 -63.121666 -0.325294 0.062800 0.943525 463.847260
0.942717 -0.048193 0.330094 281.103058 0.066049 0.996885 -0.043089 -63.174229 -0.326990 0.062423 0.942964 465.036102
0.941996 -0.049795 0.331912 281.526154 0.067031 0.996922 -0.040672 -63.238861 -0.328865 0.060561 0.942433 466.239716
0.941298 -0.050408 0.333793 281.939972 0.067395 0.996945 -0.039499 -63.308784 -0.330781 0.059676 0.941818 467.454834
0.940634 -0.051019 0.335566 282.358215 0.068277 0.996872 -0.039824 -63.375084 -0.332485 0.060371 0.941175 468.660461
0.940127 -0.051216 0.336956 282.776886 0.068709 0.996827 -0.040190 -63.441948 -0.333829 0.060935 0.940663 469.866089
0.939636 -0.052601 0.338109 283.197510 0.069818 0.996800 -0.038953 -63.507790 -0.334977 0.060207 0.940300 471.072479
0.939247 -0.053506 0.339046 283.617340 0.070159 0.996848 -0.037046 -63.572075 -0.335995 0.058582 0.940040 472.278107
0.938922 -0.054020 0.339863 284.037628 0.070204 0.996901 -0.035494 -63.635849 -0.336893 0.057185 0.939804 473.484772
0.938738 -0.055236 0.340177 284.458313 0.071006 0.996894 -0.034073 -63.698647 -0.337239 0.056141 0.939744 474.689667
0.938705 -0.056834 0.340006 284.894348 0.072534 0.996799 -0.033635 -63.751366 -0.337005 0.056236 0.939821 475.893860
0.939098 -0.054528 0.339295 285.327515 0.070753 0.996857 -0.035626 -63.804428 -0.336286 0.057463 0.940005 477.097290
0.939360 -0.054051 0.338646 285.763000 0.071037 0.996751 -0.037956 -63.857079 -0.335494 0.059710 0.940148 478.299561
0.939970 -0.050313 0.337529 286.200012 0.067321 0.996975 -0.038866 -63.908791 -0.334551 0.059256 0.940512 479.483368
0.940250 -0.046752 0.337258 286.642365 0.064136 0.997115 -0.040584 -63.958504 -0.334388 0.059790 0.940537 480.660675
0.940461 -0.044952 0.336916 287.082245 0.062761 0.997138 -0.042153 -64.012291 -0.334057 0.060789 0.940590 481.841827
0.940613 -0.043720 0.336653 287.520172 0.061565 0.997198 -0.042511 -64.069229 -0.333850 0.060712 0.940668 483.019073
0.940719 -0.043547 0.336380 287.959015 0.060973 0.997280 -0.041410 -64.125175 -0.333661 0.059465 0.940815 484.197021
0.940697 -0.044814 0.336275 288.395142 0.061630 0.997317 -0.039494 -64.182358 -0.333603 0.057877 0.940936 485.384186
0.940630 -0.045958 0.336308 288.833954 0.062556 0.997292 -0.038678 -64.236351 -0.333619 0.057419 0.940957 486.560608
0.940437 -0.047176 0.336679 289.264709 0.063860 0.997211 -0.038648 -64.296608 -0.333917 0.057847 0.940826 487.741119
0.940403 -0.047332 0.336751 289.695923 0.064215 0.997167 -0.039167 -64.350403 -0.333944 0.058457 0.940779 488.928619
0.940149 -0.047091 0.337495 290.127869 0.064052 0.997173 -0.039288 -64.403854 -0.334690 0.058554 0.940507 490.117218
0.939862 -0.046257 0.338411 290.555023 0.063322 0.997209 -0.039556 -64.461121 -0.335636 0.058605 0.940167 491.314850
0.939542 -0.044551 0.339526 290.981018 0.061609 0.997314 -0.039624 -64.519112 -0.336848 0.058146 0.939761 492.511841
0.939234 -0.043288 0.340537 291.412750 0.059683 0.997501 -0.037812 -64.572800 -0.338050 0.055839 0.939470 493.701813
0.938787 -0.044311 0.341640 291.847351 0.060553 0.997479 -0.037021 -64.626167 -0.339137 0.055442 0.939102 494.888519
0.938473 -0.042973 0.342667 292.280396 0.060694 0.997309 -0.041150 -64.680565 -0.339976 0.059415 0.938555 496.070618
0.938116 -0.043592 0.343566 292.716919 0.062750 0.997022 -0.044837 -64.742126 -0.340587 0.063621 0.938058 497.258881
0.937779 -0.044546 0.344364 293.153076 0.062940 0.997116 -0.042418 -64.800377 -0.341480 0.061452 0.937878 498.444122
0.937303 -0.045033 0.345595 293.591248 0.061767 0.997384 -0.037553 -64.860962 -0.342999 0.056544 0.937632 499.638580
0.936928 -0.043647 0.346789 294.028809 0.059449 0.997616 -0.035056 -64.919495 -0.344432 0.053461 0.937288 500.829926
0.936617 -0.040701 0.347985 294.465302 0.056830 0.997726 -0.036261 -64.977615 -0.345717 0.053739 0.936799 502.014648
0.936294 -0.038924 0.349052 294.904877 0.056264 0.997627 -0.039671 -65.035225 -0.346680 0.056782 0.936263 503.195496
0.935826 -0.038637 0.350336 295.332733 0.056412 0.997580 -0.040668 -65.091408 -0.347917 0.057821 0.935741 504.355988
0.935626 -0.040444 0.350668 295.772675 0.057991 0.997529 -0.039678 -65.152122 -0.348196 0.057458 0.935659 505.512024
0.935561 -0.042420 0.350609 296.220398 0.059822 0.997450 -0.038944 -65.214867 -0.348062 0.057408 0.935711 506.674286
0.935557 -0.044227 0.350397 296.666229 0.061542 0.997365 -0.038430 -65.274925 -0.347774 0.057518 0.935813 507.836975
0.934667 -0.044758 0.352696 297.062805 0.062245 0.997323 -0.038391 -65.327347 -0.350033 0.057836 0.934950 508.997986
0.934670 -0.045462 0.352599 297.455963 0.062610 0.997338 -0.037374 -65.378052 -0.349961 0.057008 0.935028 510.160492
0.934633 -0.045790 0.352652 297.848541 0.063009 0.997308 -0.037495 -65.428116 -0.349986 0.057264 0.935003 511.321198
0.934723 -0.044732 0.352552 298.239136 0.061659 0.997414 -0.036923 -65.478706 -0.349988 0.056250 0.935064 512.482239
0.934880 -0.042918 0.352360 298.627808 0.059431 0.997577 -0.036176 -65.528778 -0.349954 0.054761 0.935165 513.641785
0.935075 -0.040732 0.352101 299.029419 0.057269 0.997685 -0.036672 -65.580864 -0.349793 0.054455 0.935243 514.800903
0.935616 -0.038708 0.350891 299.428314 0.055177 0.997789 -0.037052 -65.633820 -0.348681 0.054027 0.935683 515.960327
0.935976 -0.037625 0.350046 299.843964 0.053611 0.997909 -0.036089 -65.687538 -0.347956 0.052545 0.936037 517.115295
0.936260 -0.039224 0.349114 300.267670 0.054550 0.997926 -0.034172 -65.741051 -0.347049 0.051037 0.936457 518.265930
0.936852 -0.038784 0.347570 300.694702 0.054511 0.997879 -0.035578 -65.800751 -0.345454 0.052278 0.936979 519.400330
0.937404 -0.038555 0.346103 301.145477 0.054991 0.997772 -0.037788 -65.863106 -0.343875 0.054455 0.937435 520.527100
0.938149 -0.038004 0.344138 301.584808 0.054714 0.997741 -0.038970 -65.916420 -0.341880 0.055388 0.938110 521.655579
0.938736 -0.036349 0.342715 302.015045 0.052759 0.997858 -0.038673 -65.966805 -0.340576 0.054386 0.938643 522.789917
0.939338 -0.034996 0.341203 302.438141 0.050410 0.998065 -0.036411 -66.017586 -0.339268 0.051402 0.939284 523.926575
0.940048 -0.033419 0.339402 302.855621 0.047878 0.998264 -0.034314 -66.068924 -0.337667 0.048507 0.940015 525.066345
0.940753 -0.032273 0.337554 303.267883 0.046830 0.998288 -0.035069 -66.119026 -0.335844 0.048799 0.940652 526.203552
0.941535 -0.030438 0.335538 303.674561 0.045138 0.998329 -0.036095 -66.168808 -0.333877 0.049130 0.941335 527.343323
0.942198 -0.029093 0.333791 304.077362 0.043775 0.998373 -0.036547 -66.220863 -0.332184 0.049046 0.941939 528.483826
0.942973 -0.028042 0.331686 304.478241 0.042910 0.998372 -0.037585 -66.290092 -0.330092 0.049674 0.942640 529.595825
0.943443 -0.026946 0.330439 304.878448 0.042692 0.998268 -0.040485 -66.361679 -0.328775 0.052301 0.942958 530.702942
0.943882 -0.027493 0.329139 305.280060 0.044214 0.998078 -0.043425 -66.434288 -0.327313 0.055541 0.943282 531.809753
0.944306 -0.029098 0.327779 305.680969 0.045920 0.997989 -0.043700 -66.506470 -0.325847 0.056318 0.943743 532.916382
0.944696 -0.031257 0.326455 306.080261 0.047198 0.998043 -0.041021 -66.573463 -0.324534 0.054160 0.944322 534.031433
0.944969 -0.032617 0.325530 306.475555 0.048098 0.998056 -0.039620 -66.636192 -0.323605 0.053096 0.944701 535.147034
0.945128 -0.031775 0.325151 306.866577 0.047048 0.998123 -0.039213 -66.696442 -0.323293 0.052360 0.944849 536.260132
0.945141 -0.030877 0.325201 307.256439 0.045940 0.998193 -0.038739 -66.754364 -0.323417 0.051554 0.944851 537.374451
0.944957 -0.029746 0.325840 307.644928 0.044650 0.998266 -0.038354 -66.811424 -0.324134 0.050791 0.944646 538.487427
0.944507 -0.028679 0.327237 308.033264 0.043581 0.998316 -0.038294 -66.867622 -0.325588 0.050430 0.944166 539.597473
0.943885 -0.028787 0.329019 308.426788 0.044021 0.998272 -0.038944 -66.929680 -0.327328 0.051243 0.943520 540.697205
0.943102 -0.028908 0.331248 308.821869 0.044806 0.998177 -0.040455 -66.992210 -0.329474 0.052994 0.942677 541.794495
0.942306 -0.029385 0.333462 309.218658 0.045900 0.998074 -0.041754 -67.055519 -0.331592 0.054650 0.941838 542.890015
0.941486 -0.031084 0.335616 309.617432 0.047590 0.998023 -0.041064 -67.118233 -0.333676 0.054632 0.941103 543.985291
0.940674 -0.032291 0.337773 310.016388 0.048267 0.998073 -0.039003 -67.179634 -0.335862 0.052992 0.940419 545.079895
0.939807 -0.033616 0.340050 310.416443 0.049053 0.998114 -0.036901 -67.233398 -0.338168 0.051360 0.939683 546.179016
0.938920 -0.034182 0.342434 310.817993 0.049739 0.998086 -0.036748 -67.285728 -0.340522 0.051536 0.938823 547.270691
0.937935 -0.035017 0.345040 311.223053 0.051407 0.997937 -0.038463 -67.337364 -0.342982 0.053814 0.937799 548.357117
0.936923 -0.036657 0.347609 311.632477 0.053548 0.997799 -0.039105 -67.387474 -0.345409 0.055252 0.936824 549.439331
0.935923 -0.039037 0.350038 312.045685 0.055550 0.997761 -0.037254 -67.437042 -0.347799 0.054312 0.935994 550.518127
0.934985 -0.040446 0.352376 312.459839 0.056440 0.997784 -0.035231 -67.486794 -0.350171 0.052828 0.935195 551.591736
0.934015 -0.041052 0.354869 312.874908 0.057129 0.997755 -0.034937 -67.534767 -0.352638 0.052904 0.934263 552.659729
0.932815 -0.042068 0.357891 313.291687 0.057635 0.997794 -0.032937 -67.580833 -0.355716 0.051351 0.933182 553.725647
0.931493 -0.041807 0.361351 313.707520 0.056728 0.997915 -0.030780 -67.627785 -0.359310 0.049169 0.931922 554.787415
0.930158 -0.038425 0.365143 314.121887 0.054500 0.997941 -0.033816 -67.676689 -0.363093 0.051354 0.930337 555.840027
0.928603 -0.036253 0.369298 314.529816 0.054749 0.997709 -0.039723 -67.718468 -0.367013 0.057105 0.928462 556.868591
0.926941 -0.034823 0.373589 314.941071 0.054196 0.997669 -0.041475 -67.762695 -0.371273 0.058692 0.926666 557.895508
0.925118 -0.035122 0.378054 315.360229 0.053003 0.997909 -0.036993 -67.810631 -0.375964 0.054260 0.925045 558.928833
0.923439 -0.034693 0.382174 315.783997 0.051502 0.998099 -0.033838 -67.858955 -0.380274 0.050930 0.923471 559.959290
0.921590 -0.032174 0.386830 316.196747 0.049919 0.998107 -0.035912 -67.916435 -0.384942 0.052406 0.921452 560.966797
0.919849 -0.028312 0.391250 316.607819 0.047428 0.998102 -0.039279 -67.975838 -0.389394 0.054687 0.919446 561.966309
0.917122 -0.027511 0.397658 317.033386 0.045664 0.998300 -0.036250 -68.024178 -0.395983 0.051404 0.916818 562.974121
0.914473 -0.026374 0.403786 317.466858 0.042233 0.998645 -0.030418 -68.069984 -0.402437 0.044869 0.914348 563.986023
0.911624 -0.025888 0.410209 317.907318 0.039906 0.998874 -0.025646 -68.116035 -0.409083 0.039749 0.911630 564.990845
0.908924 -0.023746 0.416285 318.354248 0.039301 0.998811 -0.028834 -68.158882 -0.415106 0.042569 0.908776 565.985107
0.905843 -0.023086 0.422984 318.807770 0.040617 0.998647 -0.032479 -68.199852 -0.421662 0.046601 0.905555 566.961731
0.902925 -0.022054 0.429233 319.268616 0.040457 0.998610 -0.033794 -68.246864 -0.427891 0.047878 0.902561 567.930481
0.900109 -0.021440 0.435137 319.732819 0.040277 0.998606 -0.034112 -68.296745 -0.433799 0.048231 0.899718 568.898315
0.897313 -0.022352 0.440829 320.203033 0.041312 0.998586 -0.033455 -68.345726 -0.439457 0.048231 0.896967 569.862671
0.894420 -0.023651 0.446602 320.679352 0.041904 0.998639 -0.031037 -68.393204 -0.445261 0.046475 0.894194 570.824768
0.891074 -0.025959 0.453114 321.144379 0.043684 0.998633 -0.028692 -68.441277 -0.451750 0.045360 0.890991 571.763367
0.888121 -0.028065 0.458752 321.624451 0.045689 0.998582 -0.027361 -68.488838 -0.457333 0.045260 0.888143 572.689270
0.884574 -0.030678 0.465391 322.088898 0.048637 0.998462 -0.026626 -68.538246 -0.463858 0.046188 0.884705 573.616272
0.882269 -0.032850 0.469600 322.586334 0.051328 0.998328 -0.026596 -68.571907 -0.467940 0.047568 0.882479 574.527527
0.879770 -0.035564 0.474067 323.086670 0.054380 0.998181 -0.026035 -68.605247 -0.472278 0.048684 0.880104 575.436401
0.878051 -0.036900 0.477143 323.592773 0.056830 0.998008 -0.027399 -68.641396 -0.475182 0.051173 0.878398 576.363037
0.876151 -0.038814 0.480472 324.101898 0.059989 0.997784 -0.028786 -68.676537 -0.478290 0.054043 0.876538 577.288452
0.874613 -0.040892 0.483094 324.603760 0.063221 0.997548 -0.030018 -68.713829 -0.480683 0.056795 0.875054 578.203796
0.873527 -0.043684 0.484813 325.107452 0.066659 0.997318 -0.030239 -68.751366 -0.482190 0.058732 0.874096 579.121582
0.872882 -0.046099 0.485749 325.613708 0.068064 0.997298 -0.027662 -68.793068 -0.483161 0.057207 0.873660 580.035706
0.872602 -0.048199 0.486047 326.119476 0.069516 0.997245 -0.025908 -68.834114 -0.483459 0.056395 0.873548 580.950378
0.872793 -0.050301 0.485493 326.637146 0.071140 0.997164 -0.024574 -68.870140 -0.482879 0.055986 0.873895 581.872437
0.873197 -0.053530 0.484419 327.153168 0.073753 0.997016 -0.022772 -68.901955 -0.481754 0.055612 0.874540 582.795898
0.873910 -0.057193 0.482711 327.669830 0.076216 0.996894 -0.019867 -68.932198 -0.480076 0.054151 0.875554 583.723328
0.874845 -0.055866 0.481169 328.166626 0.075771 0.996882 -0.022021 -68.977013 -0.478439 0.055723 0.876351 584.649353
0.876253 -0.054010 0.478814 328.660675 0.076001 0.996752 -0.026651 -69.020699 -0.475819 0.059743 0.877512 585.574524
0.877624 -0.050948 0.476634 329.151459 0.075290 0.996646 -0.032099 -69.065865 -0.473398 0.064056 0.878516 586.494934
0.879320 -0.049107 0.473694 329.639984 0.073757 0.996710 -0.033587 -69.116234 -0.470486 0.064472 0.880049 587.419495
0.881024 -0.051138 0.470300 330.130493 0.071783 0.997080 -0.026055 -69.160423 -0.467594 0.056714 0.882123 588.353271
0.882651 -0.055652 0.466723 330.625977 0.072696 0.997181 -0.018573 -69.199783 -0.464374 0.050322 0.884208 589.288086
0.884488 -0.053552 0.463480 331.119659 0.073087 0.997030 -0.024277 -69.229576 -0.460804 0.055347 0.885775 590.211853
0.886183 -0.051101 0.460510 331.614502 0.075092 0.996600 -0.033915 -69.255211 -0.457210 0.064635 0.887007 591.132874
0.887910 -0.050129 0.457279 332.116180 0.077328 0.996165 -0.040946 -69.286255 -0.453472 0.071717 0.888381 592.081116
0.888876 -0.051259 0.455271 332.600525 0.076505 0.996376 -0.037184 -69.334419 -0.451715 0.067883 0.889576 593.018799
0.889736 -0.052286 0.453472 333.086304 0.075252 0.996627 -0.032736 -69.386879 -0.450231 0.063251 0.890669 593.987305
0.890104 -0.053935 0.452555 333.568604 0.074886 0.996785 -0.028492 -69.432533 -0.449564 0.059251 0.891281 594.935730
0.890272 -0.055623 0.452019 334.050873 0.075797 0.996767 -0.026628 -69.475273 -0.449077 0.057969 0.891610 595.881165
0.890229 -0.054860 0.452198 334.511108 0.075289 0.996788 -0.027289 -69.507149 -0.449248 0.058339 0.891500 596.799683
0.889350 -0.054935 0.453915 334.976624 0.075294 0.996799 -0.026884 -69.535919 -0.450984 0.058086 0.890639 597.709290
0.888172 -0.055358 0.456164 335.443054 0.075204 0.996844 -0.025450 -69.564270 -0.453315 0.056909 0.889532 598.618225
0.885142 -0.054342 0.462137 335.906036 0.073945 0.996964 -0.024395 -69.600235 -0.459408 0.055766 0.886473 599.525635
0.881776 -0.053768 0.468594 336.389099 0.074101 0.996936 -0.025045 -69.625877 -0.465811 0.056807 0.883058 600.415588
0.877148 -0.052875 0.477300 336.873962 0.073790 0.996957 -0.025164 -69.659271 -0.474515 0.057292 0.878380 601.318848
0.872253 -0.051264 0.486361 337.362518 0.072613 0.997044 -0.025133 -69.692902 -0.483634 0.057238 0.873397 602.221191
0.865378 -0.050318 0.498586 337.862091 0.071157 0.997203 -0.022866 -69.728104 -0.496041 0.055265 0.866538 603.121521
0.858644 -0.048891 0.510237 338.366699 0.069094 0.997395 -0.020704 -69.763435 -0.507895 0.053031 0.859785 604.019958
0.851233 -0.047686 0.522616 338.877411 0.067119 0.997577 -0.018298 -69.797585 -0.520477 0.050653 0.852372 604.912659
0.843666 -0.048139 0.534706 339.388092 0.067226 0.997606 -0.016255 -69.829430 -0.532642 0.049660 0.844882 605.805115
0.835316 -0.046970 0.547760 339.961578 0.066748 0.997637 -0.016241 -69.843925 -0.545703 0.050128 0.836478 606.708923
0.825193 -0.045195 0.563041 340.524567 0.066123 0.997670 -0.016827 -69.859177 -0.560968 0.051116 0.826258 607.591248
0.815794 -0.043856 0.576678 341.090240 0.065689 0.997695 -0.017053 -69.873466 -0.574600 0.051793 0.816794 608.471924
0.806016 -0.043547 0.590290 341.675110 0.065888 0.997693 -0.016363 -69.887917 -0.588215 0.052082 0.807025 609.340332
0.794422 -0.043421 0.605814 342.278534 0.066361 0.997675 -0.015514 -69.911507 -0.603731 0.052528 0.795455 610.167175
0.783312 -0.043506 0.620105 342.908112 0.067345 0.997616 -0.015075 -69.939125 -0.617971 0.053569 0.784374 610.969055
0.771878 -0.043148 0.634306 343.555450 0.068021 0.997572 -0.014915 -69.965569 -0.632123 0.054659 0.772938 611.758972
0.760037 -0.043306 0.648435 344.216797 0.068895 0.997524 -0.014132 -69.990814 -0.646218 0.055415 0.761139 612.542542
0.747802 -0.044170 0.662452 344.895782 0.069257 0.997530 -0.011666 -70.013672 -0.660301 0.054603 0.749014 613.320312
0.735129 -0.044929 0.676436 345.591095 0.068417 0.997625 -0.008090 -70.033089 -0.674466 0.052226 0.736457 614.092712
0.722181 -0.046462 0.690143 346.301727 0.067913 0.997684 -0.003898 -70.048622 -0.688363 0.049684 0.723663 614.858337
0.709274 -0.047435 0.703336 347.025299 0.067574 0.997714 -0.000855 -70.061394 -0.701687 0.048134 0.710857 615.614685
0.696586 -0.047125 0.715924 347.763123 0.067475 0.997721 0.000021 -70.072212 -0.714293 0.048292 0.698179 616.361328
0.684212 -0.046806 0.727780 348.515137 0.068908 0.997623 -0.000623 -70.081444 -0.726020 0.050576 0.685811 617.095642
0.671981 -0.047460 0.739046 349.262787 0.070514 0.997511 -0.000057 -70.091972 -0.737204 0.052150 0.673654 617.823669
0.659763 -0.048645 0.749898 350.045898 0.071287 0.997454 0.001985 -70.081398 -0.748085 0.052148 0.661551 618.533508
0.647144 -0.050991 0.760661 350.859314 0.072544 0.997352 0.005140 -70.063644 -0.758908 0.051854 0.649128 619.225098
0.633952 -0.053076 0.771550 351.682068 0.074620 0.997185 0.007287 -70.047874 -0.769764 0.052955 0.636128 619.902710
0.620300 -0.054743 0.782452 352.501038 0.076344 0.997039 0.009234 -70.028069 -0.780639 0.054007 0.622643 620.572205
0.606272 -0.056239 0.793267 353.332703 0.077485 0.996928 0.011459 -70.013542 -0.791474 0.054519 0.608767 621.232422
0.591806 -0.057862 0.804001 354.172729 0.078955 0.996785 0.013620 -70.000038 -0.802204 0.055419 0.594472 621.878906
0.576875 -0.059344 0.814674 355.013489 0.080175 0.996655 0.015828 -69.978706 -0.812888 0.056186 0.579703 622.515198
0.561330 -0.061162 0.825329 355.865143 0.081483 0.996504 0.018429 -69.964272 -0.823571 0.056906 0.564351 623.139465
0.544277 -0.061087 0.836680 356.713043 0.082167 0.996431 0.019300 -69.956932 -0.834873 0.058243 0.547353 623.715515
0.527679 -0.059712 0.847343 357.572998 0.082043 0.996445 0.019128 -69.959023 -0.845473 0.059425 0.530701 624.265747
0.510329 -0.057764 0.858037 358.444611 0.081836 0.996476 0.018412 -69.958626 -0.856076 0.060822 0.513258 624.800293
0.491734 -0.055536 0.868972 359.342621 0.080113 0.996616 0.018360 -69.959030 -0.867051 0.060588 0.494521 625.332520
0.472892 -0.055288 0.879384 360.255920 0.080117 0.996593 0.019574 -69.945518 -0.877470 0.061197 0.475711 625.837830
0.453927 -0.055671 0.889299 361.177338 0.080925 0.996497 0.021075 -69.927605 -0.887356 0.062400 0.456842 626.308838
0.435291 -0.056687 0.898504 362.106537 0.082347 0.996339 0.022966 -69.909920 -0.896516 0.063992 0.438365 626.764893
0.417475 -0.061043 0.906636 363.071564 0.088183 0.995753 0.026438 -69.893440 -0.904399 0.068913 0.421085 627.193542
0.400159 -0.063717 0.914228 364.051483 0.091581 0.995367 0.029287 -69.862175 -0.911859 0.072005 0.404140 627.635559
0.383909 -0.065384 0.921054 365.036041 0.091692 0.995260 0.032434 -69.822334 -0.918807 0.072000 0.388084 628.084839
0.368955 -0.065589 0.927130 366.014679 0.092441 0.995151 0.033614 -69.790588 -0.924839 0.073302 0.373229 628.476868
0.353065 -0.065220 0.933323 367.018768 0.088014 0.995459 0.036268 -69.765846 -0.931449 0.069340 0.357202 628.896729
0.337058 -0.064596 0.939266 368.003021 0.083011 0.995797 0.038696 -69.738327 -0.937817 0.064927 0.341004 629.283875
0.322187 -0.064762 0.944458 369.009491 0.080800 0.995898 0.040726 -69.700340 -0.943221 0.063191 0.326098 629.642822
0.307383 -0.063117 0.949490 370.033112 0.078577 0.996074 0.040776 -69.665161 -0.948336 0.062074 0.311135 630.000671
0.294080 -0.058842 0.953968 371.063049 0.079584 0.996144 0.036910 -69.627159 -0.952461 0.065066 0.297629 630.326172
0.282773 -0.055296 0.957592 372.139099 0.082219 0.996060 0.033239 -69.570023 -0.955656 0.069333 0.286205 630.658630
0.271833 -0.057136 0.960647 373.225555 0.082029 0.995979 0.036025 -69.551277 -0.958842 0.069008 0.275426 631.029358
0.265428 -0.061230 0.962184 374.324066 0.081822 0.995811 0.040799 -69.521584 -0.960652 0.067899 0.269326 631.318115
0.256576 -0.062623 0.964493 375.434540 0.081706 0.995732 0.042917 -69.490807 -0.963064 0.067793 0.260597 631.663940
0.249334 -0.062958 0.966369 376.537354 0.083362 0.995576 0.043353 -69.466881 -0.964823 0.069749 0.253480 631.951660
0.243050 -0.062874 0.967974 377.655609 0.084804 0.995454 0.043366 -69.421623 -0.966299 0.071548 0.247277 632.220398
0.235604 -0.064648 0.969696 378.771393 0.085239 0.995315 0.045645 -69.382736 -0.968104 0.071901 0.240010 632.509827
0.229483 -0.066396 0.971045 379.889984 0.085434 0.995194 0.047857 -69.348976 -0.969556 0.071978 0.234053 632.806641
0.224137 -0.068594 0.972141 381.013580 0.085588 0.995051 0.050477 -69.312843 -0.970792 0.071891 0.228898 633.098694
0.219878 -0.070382 0.972986 382.145081 0.085477 0.994948 0.052654 -69.274895 -0.971776 0.071590 0.224782 633.393005
0.216588 -0.071584 0.973635 383.281982 0.085046 0.994901 0.054229 -69.231239 -0.972551 0.071057 0.221572 633.681519
0.213798 -0.072478 0.974186 384.424774 0.084194 0.994901 0.055543 -69.182945 -0.973243 0.070145 0.218810 633.965698
0.211008 -0.071962 0.974832 385.572662 0.084677 0.994884 0.055114 -69.134216 -0.973809 0.070916 0.216023 634.242554
0.208552 -0.068521 0.975608 386.723419 0.083497 0.995148 0.052044 -69.084862 -0.974440 0.070607 0.213262 634.512939
0.206057 -0.066394 0.976285 387.878265 0.083728 0.995233 0.050012 -69.034950 -0.974951 0.071437 0.210634 634.774536
0.203501 -0.066808 0.976793 389.040253 0.083905 0.995189 0.050587 -68.984962 -0.975473 0.071663 0.208127 635.032654
0.200720 -0.067901 0.977292 390.205597 0.083801 0.995129 0.051929 -68.935013 -0.976057 0.071475 0.205433 635.287659
0.198350 -0.067514 0.977803 391.378784 0.084616 0.995080 0.051542 -68.884422 -0.976472 0.072514 0.203087 635.525085
0.195778 -0.067168 0.978345 392.551971 0.086125 0.994975 0.051076 -68.839211 -0.976858 0.074261 0.200578 635.763367
0.193793 -0.066729 0.978770 393.722900 0.088285 0.994823 0.050343 -68.796669 -0.977062 0.076654 0.198681 636.007812
0.192134 -0.067476 0.979046 394.895691 0.090741 0.994582 0.050740 -68.751816 -0.977165 0.079090 0.197216 636.249695
0.190924 -0.068809 0.979190 396.067535 0.093174 0.994307 0.051705 -68.705147 -0.977173 0.081364 0.196248 636.491760
0.190499 -0.070606 0.979145 397.238800 0.094629 0.994087 0.053273 -68.662018 -0.977116 0.082508 0.196054 636.735352
0.191005 -0.072242 0.978927 398.409637 0.095503 0.993925 0.054715 -68.618919 -0.976932 0.083040 0.196744 636.980713
0.192736 -0.072867 0.978541 399.579132 0.095845 0.993868 0.055131 -68.575478 -0.976558 0.083162 0.198539 637.228394
0.195885 -0.071993 0.977981 400.746521 0.095160 0.993990 0.054112 -68.533852 -0.975998 0.082465 0.201559 637.479431
0.200562 -0.070628 0.977132 401.912750 0.095457 0.994061 0.052259 -68.493462 -0.975019 0.082793 0.206112 637.733032
0.206486 -0.070360 0.975916 403.079010 0.097679 0.993911 0.050990 -68.453026 -0.973561 0.084798 0.212102 637.989136
0.213243 -0.072408 0.974313 404.245972 0.099587 0.993667 0.052051 -68.411491 -0.971910 0.085929 0.219104 638.250793
0.220721 -0.074557 0.972484 405.412720 0.101270 0.993437 0.053179 -68.369469 -0.970065 0.086745 0.226823 638.518005
0.228537 -0.075113 0.970634 406.572723 0.102054 0.993375 0.052844 -68.320984 -0.968172 0.086980 0.234688 638.792053
0.233661 -0.075179 0.969408 407.699585 0.102291 0.993375 0.052383 -68.275551 -0.966923 0.086922 0.239803 639.085571
0.241092 -0.074907 0.967607 408.838379 0.100486 0.993585 0.051882 -68.229881 -0.965286 0.084722 0.247072 639.366760
0.247006 -0.073113 0.966251 409.948578 0.098901 0.993845 0.049920 -68.187630 -0.963953 0.083233 0.252718 639.661621
0.253821 -0.071147 0.964631 411.055023 0.097746 0.994073 0.047599 -68.134590 -0.962300 0.082207 0.259271 639.943054
0.257525 -0.067999 0.963876 412.173615 0.092524 0.994672 0.045452 -68.101677 -0.961832 0.077476 0.262445 640.301086
0.261928 -0.067461 0.962727 413.270935 0.089487 0.994954 0.045373 -68.068283 -0.960930 0.074268 0.266642 640.612854
0.266996 -0.067746 0.961313 414.358215 0.087417 0.995116 0.045849 -68.035118 -0.959724 0.071793 0.271615 640.915283
0.272089 -0.069628 0.959750 415.439667 0.087217 0.995058 0.047464 -68.001823 -0.958311 0.070792 0.276818 641.221130
0.277196 -0.071456 0.958153 416.516602 0.087901 0.994934 0.048770 -67.963493 -0.956784 0.070703 0.282072 641.533752
0.282377 -0.073893 0.956454 417.596588 0.089880 0.994682 0.050312 -67.919182 -0.955084 0.071758 0.287516 641.856567
0.287445 -0.075602 0.954809 418.662079 0.091087 0.994519 0.051326 -67.876785 -0.953456 0.072217 0.292756 642.179993
0.292075 -0.074262 0.953509 419.708588 0.090734 0.994636 0.049672 -67.838036 -0.952082 0.072008 0.297246 642.502991
0.292629 -0.069478 0.953699 420.678467 0.087485 0.995119 0.045653 -67.812073 -0.952216 0.070075 0.297279 642.859558
0.296680 -0.065521 0.952726 421.629578 0.084067 0.995563 0.042289 -67.790169 -0.951270 0.067547 0.300872 643.232727
0.298480 -0.066745 0.952079 422.588745 0.082876 0.995596 0.043814 -67.767456 -0.950811 0.065826 0.302697 643.577148
0.301058 -0.067535 0.951212 423.557312 0.080799 0.995708 0.045122 -67.741280 -0.950177 0.063272 0.305222 643.898621
0.303672 -0.065003 0.950557 424.514709 0.078510 0.995985 0.043029 -67.710655 -0.949536 0.061561 0.307556 644.207581
0.306688 -0.062326 0.949768 425.460815 0.076352 0.996249 0.040721 -67.678207 -0.948743 0.060028 0.310296 644.514709
0.308819 -0.062456 0.949069 426.388092 0.075630 0.996295 0.040955 -67.654839 -0.948110 0.059130 0.312397 644.816223
0.311189 -0.063624 0.948217 427.305847 0.074257 0.996334 0.042483 -67.637550 -0.947443 0.057191 0.314772 645.116577
0.313094 -0.065373 0.947470 428.211273 0.072993 0.996334 0.044625 -67.619843 -0.946913 0.055186 0.316718 645.413818
0.315161 -0.065937 0.946745 429.100250 0.071867 0.996378 0.045470 -67.601883 -0.946314 0.053710 0.318758 645.708923
0.315940 -0.064016 0.946617 429.943695 0.071245 0.996505 0.043612 -67.576454 -0.946101 0.053663 0.319396 646.004639
0.317149 -0.061636 0.946371 430.761536 0.070501 0.996657 0.041285 -67.545769 -0.945752 0.053626 0.320435 646.298706
0.318311 -0.058503 0.946180 431.583221 0.070345 0.996800 0.037967 -67.518608 -0.945373 0.054473 0.321408 646.587341
0.318977 -0.056253 0.946092 432.397644 0.069820 0.996920 0.035735 -67.494003 -0.945187 0.054657 0.321922 646.870361
0.318437 -0.054548 0.946373 433.201721 0.069020 0.997027 0.034244 -67.478035 -0.945428 0.054413 0.321255 647.143005
0.317578 -0.052865 0.946758 433.986755 0.067478 0.997173 0.033046 -67.464653 -0.945828 0.053390 0.320248 647.414307
0.315892 -0.050913 0.947428 434.772430 0.067137 0.997256 0.031205 -67.453957 -0.946417 0.053751 0.318443 647.675110
0.313485 -0.047963 0.948381 435.544647 0.066350 0.997389 0.028509 -67.445183 -0.947272 0.053987 0.315849 647.927612
0.310390 -0.045078 0.949540 436.303131 0.064965 0.997546 0.026122 -67.437088 -0.948387 0.053579 0.312557 648.173279
0.305227 -0.043560 0.951283 437.001312 0.065024 0.997575 0.024817 -67.423744 -0.950058 0.054282 0.307318 648.420166
0.301421 -0.044011 0.952475 437.696716 0.066617 0.997465 0.025009 -67.412598 -0.951161 0.055912 0.303589 648.644714
0.297879 -0.043722 0.953602 438.385376 0.067655 0.997405 0.024596 -67.405266 -0.952203 0.057188 0.300065 648.854675
0.294425 -0.039358 0.954864 439.062683 0.065200 0.997651 0.021018 -67.402931 -0.953448 0.056069 0.296301 649.059204
0.290723 -0.031660 0.956284 439.713928 0.060451 0.998064 0.014666 -67.404015 -0.954895 0.053544 0.292073 649.257019
0.286709 -0.022764 0.957748 440.341156 0.057079 0.998348 0.006642 -67.403244 -0.956316 0.052763 0.287535 649.447754
0.282406 -0.015420 0.959171 440.956970 0.054683 0.998504 -0.000048 -67.403427 -0.957735 0.052464 0.282827 649.632385
0.277549 -0.012368 0.960633 441.563232 0.051083 0.998693 -0.001901 -67.403526 -0.959353 0.049600 0.277817 649.814392
0.272937 -0.012602 0.961949 442.159241 0.045460 0.998966 0.000189 -67.402573 -0.960957 0.043678 0.273228 649.994507
0.268810 -0.012186 0.963116 442.741669 0.038916 0.999241 0.001782 -67.402763 -0.962407 0.037002 0.269081 650.171265
0.264823 -0.009740 0.964248 443.298553 0.032309 0.999477 0.001224 -67.405106 -0.963756 0.030830 0.264998 650.338135
0.261508 -0.006679 0.965178 443.835541 0.026536 0.999649 -0.000272 -67.407295 -0.964837 0.025683 0.261593 650.496704
0.259044 -0.002605 0.965862 444.352661 0.021654 0.999761 -0.003111 -67.409431 -0.965622 0.021720 0.259039 650.647827
0.257068 0.001930 0.966392 444.850677 0.018526 0.999804 -0.006924 -67.410072 -0.966216 0.019683 0.256982 650.791016
0.255690 0.004976 0.966746 445.300568 0.015317 0.999841 -0.009197 -67.412148 -0.966638 0.017159 0.255573 650.913635
0.254717 0.005164 0.967002 445.753876 0.011844 0.999894 -0.008459 -67.409706 -0.966943 0.013607 0.254629 651.043457
0.254416 0.003367 0.967089 446.192688 0.008176 0.999951 -0.005631 -67.407234 -0.967061 0.009340 0.254376 651.169800
0.254865 0.001238 0.966976 446.582947 0.005733 0.999980 -0.002791 -67.409431 -0.966960 0.006255 0.254853 651.272583
0.256249 -0.000687 0.966611 446.946960 0.004950 0.999987 -0.000601 -67.412254 -0.966598 0.004939 0.256249 651.364319
0.259692 -0.001558 0.965690 447.220062 0.004893 0.999988 0.000298 -67.416908 -0.965679 0.004647 0.259696 651.435486
0.265525 -0.002783 0.964100 447.463013 0.004910 0.999987 0.001535 -67.425240 -0.964092 0.004325 0.265536 651.492615
0.274158 -0.004557 0.961674 447.698547 0.004679 0.999984 0.003405 -67.437462 -0.961673 0.003567 0.274175 651.549744
0.285855 -0.007013 0.958248 447.965027 0.004139 0.999973 0.006084 -67.442833 -0.958264 0.002227 0.285877 651.631714
0.300992 -0.008748 0.953587 448.202698 0.003615 0.999961 0.008033 -67.449654 -0.953620 0.001028 0.301012 651.698547
0.319966 -0.009661 0.947380 448.468201 0.003484 0.999954 0.009021 -67.451744 -0.947422 0.000414 0.319985 651.792969
0.341933 -0.010199 0.939669 448.714478 0.003871 0.999948 0.009444 -67.453758 -0.939717 0.000407 0.341955 651.881836
0.367034 -0.010873 0.930144 448.977142 0.004587 0.999941 0.009879 -67.453636 -0.930196 0.000640 0.367063 651.992554
0.394402 -0.011445 0.918867 449.215088 0.005175 0.999934 0.010235 -67.454521 -0.918923 0.000718 0.394435 652.108398
0.424069 -0.011366 0.905559 449.455780 0.006385 0.999934 0.009561 -67.454735 -0.905607 0.001729 0.424113 652.234619
0.456441 -0.010394 0.889693 449.718292 0.007590 0.999941 0.007789 -67.453171 -0.889721 0.003197 0.456493 652.379822
0.491373 -0.008433 0.870908 449.966461 0.008319 0.999953 0.004990 -67.449638 -0.870910 0.004793 0.491419 652.549744
0.529046 -0.007512 0.848560 450.235107 0.008900 0.999955 0.003304 -67.448189 -0.848547 0.005804 0.529089 652.734802
0.569026 -0.007932 0.822281 450.507446 0.009452 0.999951 0.003104 -67.446251 -0.822265 0.006005 0.569073 652.940674
0.610122 -0.008419 0.792263 450.767151 0.010027 0.999946 0.002905 -67.443329 -0.792244 0.006172 0.610173 653.183105
0.651645 -0.009744 0.758462 451.040558 0.012977 0.999914 0.001698 -67.442131 -0.758413 0.008736 0.651715 653.436890
0.693306 -0.010839 0.720562 451.302765 0.015650 0.999877 -0.000017 -67.439873 -0.720473 0.011288 0.693391 653.732849
0.734521 -0.011982 0.678480 451.567505 0.016740 0.999860 -0.000464 -67.436867 -0.678380 0.011698 0.734619 654.044617
0.774342 -0.011835 0.632657 451.813904 0.015048 0.999887 0.000288 -67.433693 -0.632588 0.009297 0.774433 654.405396
0.812311 -0.012188 0.583097 452.056274 0.014182 0.999899 0.001142 -67.431740 -0.583051 0.007341 0.812402 654.777466
0.848075 -0.013635 0.529700 452.287262 0.014526 0.999892 0.002482 -67.428917 -0.529676 0.005589 0.848181 655.172119
0.880783 -0.016561 0.473231 452.504761 0.016151 0.999858 0.004930 -67.425926 -0.473245 0.003301 0.880925 655.589783
0.909783 -0.019044 0.414648 452.704590 0.017427 0.999819 0.007682 -67.423225 -0.414719 0.000237 0.909950 656.030090
0.934936 -0.020742 0.354210 452.885193 0.018140 0.999779 0.010666 -67.420677 -0.354352 -0.003547 0.935105 656.492065
0.956007 -0.019039 0.292725 453.040833 0.015936 0.999789 0.012982 -67.416611 -0.292911 -0.007745 0.956109 656.973816
0.972647 -0.016245 0.231722 453.173035 0.013272 0.999809 0.014383 -67.409988 -0.231911 -0.010914 0.972676 657.473267
0.984974 -0.013332 0.172186 453.284790 0.010530 0.999798 0.017175 -67.400375 -0.172380 -0.015104 0.984914 657.991272
0.993176 -0.013317 0.115866 453.380554 0.010955 0.999720 0.021002 -67.389671 -0.116114 -0.019590 0.993042 658.524719
0.997883 -0.015067 0.063272 453.458923 0.013507 0.999596 0.025034 -67.379509 -0.063624 -0.024127 0.997682 659.072998
0.999747 -0.017009 0.014718 453.519379 0.016567 0.999422 0.029669 -67.368958 -0.015214 -0.029417 0.999451 659.636658
0.999433 -0.017434 -0.028815 453.560242 0.018361 0.999313 0.032197 -67.356972 0.028234 -0.032708 0.999066 660.209778
0.997554 -0.020263 -0.066896 453.587677 0.022408 0.999254 0.031456 -67.343712 0.066210 -0.032878 0.997263 660.793945
0.994707 -0.023797 -0.099962 453.602386 0.026909 0.999191 0.029893 -67.330383 0.099170 -0.032425 0.994542 661.386780
0.991223 -0.029368 -0.128896 453.605347 0.033314 0.999037 0.028572 -67.315956 0.127933 -0.032617 0.991246 661.990112
0.987356 -0.035308 -0.154537 453.595917 0.040090 0.998805 0.027933 -67.300842 0.153366 -0.033775 0.987592 662.605042
0.983226 -0.040102 -0.177929 453.572327 0.045731 0.998572 0.027643 -67.286781 0.176567 -0.035315 0.983655 663.229309
0.978874 -0.043003 -0.199889 453.504944 0.049383 0.998414 0.027036 -67.273308 0.198409 -0.036336 0.979446 663.893677
0.974078 -0.045252 -0.221644 453.413452 0.051981 0.998344 0.024622 -67.258949 0.220163 -0.035506 0.974817 664.572205
0.968772 -0.046835 -0.243488 453.299072 0.053973 0.998284 0.022723 -67.242790 0.242006 -0.035156 0.969638 665.264099
0.963213 -0.047066 -0.264587 453.161591 0.055024 0.998227 0.022740 -67.226631 0.263048 -0.036462 0.964093 665.971985
0.957977 -0.044661 -0.283347 453.001129 0.053555 0.998283 0.023716 -67.212883 0.281802 -0.037894 0.958724 666.692932
0.953590 -0.040435 -0.298384 452.819855 0.049661 0.998492 0.023397 -67.199471 0.296988 -0.037129 0.954159 667.426208
0.950100 -0.036365 -0.309821 452.574799 0.045300 0.998739 0.021687 -67.176659 0.308642 -0.034639 0.950547 668.231995
0.947547 -0.032735 -0.317935 452.284241 0.042148 0.998852 0.022770 -67.159004 0.316825 -0.034976 0.947839 669.078979
0.945643 -0.031025 -0.323725 452.005493 0.041589 0.998803 0.025761 -67.138474 0.322538 -0.037825 0.945801 669.927185
0.944349 -0.029958 -0.327578 451.721954 0.041487 0.998740 0.028264 -67.119202 0.326318 -0.040281 0.944401 670.787354
0.943445 -0.030090 -0.330161 451.433990 0.041104 0.998806 0.026425 -67.101295 0.328972 -0.038502 0.943554 671.654602
0.942708 -0.031126 -0.332164 451.142944 0.040021 0.998999 0.019968 -67.083069 0.331211 -0.032118 0.943010 672.526550
0.942223 -0.031937 -0.333462 450.848267 0.038764 0.999152 0.013838 -67.065018 0.332737 -0.025964 0.942662 673.411499
0.941873 -0.030419 -0.334590 450.534729 0.037467 0.999191 0.014626 -67.052422 0.333875 -0.026312 0.942250 674.317261
0.941335 -0.027057 -0.336387 450.222687 0.035661 0.999176 0.019421 -67.040558 0.335584 -0.030278 0.941524 675.244385
0.940958 -0.023036 -0.337739 449.902893 0.033201 0.999152 0.024352 -67.020317 0.336892 -0.034128 0.940925 676.188110
0.940876 -0.020162 -0.338153 449.578583 0.031823 0.999074 0.028975 -66.995819 0.337255 -0.038023 0.940645 677.141357
0.940621 -0.020066 -0.338864 449.253967 0.032743 0.998960 0.031731 -66.970413 0.337875 -0.040942 0.940300 678.105835
0.940335 -0.022196 -0.339524 448.930084 0.034725 0.998920 0.030869 -66.946190 0.338473 -0.040818 0.940091 679.078674
0.940135 -0.024161 -0.339943 448.601837 0.035327 0.999020 0.026694 -66.923798 0.338966 -0.037106 0.940067 680.059814
0.939986 -0.024714 -0.340316 448.267792 0.034767 0.999120 0.023473 -66.901726 0.339436 -0.033896 0.940018 681.052429
0.939930 -0.022139 -0.340648 447.925507 0.032757 0.999140 0.025446 -66.880058 0.339791 -0.035077 0.939847 682.058105
0.940086 -0.019565 -0.340379 447.553345 0.032010 0.999007 0.030983 -66.860825 0.339434 -0.040023 0.939778 683.086487
0.940095 -0.017120 -0.340484 447.176147 0.030549 0.998951 0.034118 -66.841171 0.339543 -0.042476 0.939631 684.123535
0.939977 -0.016319 -0.340847 446.800171 0.029687 0.998980 0.034039 -66.808922 0.339943 -0.042114 0.939503 685.168457
0.939805 -0.016466 -0.341314 446.421478 0.030124 0.998942 0.034756 -66.780136 0.340380 -0.042946 0.939306 686.224426
0.939755 -0.016592 -0.341449 446.037201 0.029389 0.999045 0.032336 -66.749672 0.340586 -0.040424 0.939344 687.286011
0.939528 -0.017842 -0.342009 445.656708 0.028557 0.999245 0.026317 -66.704887 0.341281 -0.034492 0.939328 688.357910
0.939415 -0.019844 -0.342205 445.278198 0.029431 0.999306 0.022844 -66.659157 0.341514 -0.031531 0.939348 689.442566
0.939193 -0.020984 -0.342747 444.892822 0.030974 0.999240 0.023696 -66.612160 0.341989 -0.032871 0.939129 690.538452
0.938945 -0.021939 -0.343367 444.505249 0.033187 0.999086 0.026917 -66.562019 0.342463 -0.036669 0.938816 691.641724
0.938732 -0.024683 -0.343763 444.117889 0.036305 0.998965 0.027410 -66.512520 0.342731 -0.038212 0.938656 692.747009
0.938964 -0.024915 -0.343113 443.701630 0.034170 0.999196 0.020951 -66.479225 0.342316 -0.031397 0.939060 693.856140
0.938881 -0.023871 -0.343414 443.281921 0.031488 0.999367 0.016618 -66.445969 0.342799 -0.026416 0.939037 694.969055
0.938846 -0.019725 -0.343774 442.856842 0.026921 0.999506 0.016170 -66.421860 0.343286 -0.024436 0.938913 696.091431
0.938914 -0.015537 -0.343801 442.430054 0.023722 0.999526 0.019614 -66.398430 0.343333 -0.026572 0.938838 697.223267
0.939152 -0.011580 -0.343308 442.002197 0.020955 0.999502 0.023610 -66.374458 0.342864 -0.029368 0.938926 698.364380
0.939283 -0.011920 -0.342938 441.579437 0.021508 0.999476 0.024166 -66.350006 0.342471 -0.030074 0.939047 699.509888
0.939092 -0.015496 -0.343318 441.161957 0.025063 0.999411 0.023444 -66.325752 0.342753 -0.030621 0.938926 700.663391
0.938901 -0.019933 -0.343610 440.746002 0.030117 0.999250 0.024326 -66.301674 0.342867 -0.033188 0.938797 701.827820
0.938997 -0.019637 -0.343364 440.316437 0.030645 0.999175 0.026658 -66.269096 0.342557 -0.035554 0.938824 702.992859
0.939464 -0.016774 -0.342238 439.890167 0.029029 0.999107 0.030714 -66.242111 0.341418 -0.038789 0.939111 704.169006
0.939923 -0.014250 -0.341089 439.456879 0.026826 0.999122 0.032180 -66.206505 0.340331 -0.039397 0.939480 705.342224
0.940380 -0.014102 -0.339833 439.028870 0.025955 0.999203 0.030356 -66.178391 0.339133 -0.037367 0.939996 706.524841
0.940575 -0.014560 -0.339273 438.600739 0.026180 0.999216 0.029696 -66.149200 0.338575 -0.036813 0.940219 707.716248
0.940625 -0.015385 -0.339096 438.172058 0.027992 0.999086 0.032316 -66.119278 0.338289 -0.039890 0.940196 708.918152
0.940708 -0.015034 -0.338883 437.740021 0.028568 0.998980 0.034985 -66.087250 0.338010 -0.042592 0.940178 710.126282
0.940878 -0.014278 -0.338447 437.305420 0.028759 0.998871 0.037809 -66.051987 0.337525 -0.045307 0.940225 711.339294
0.941085 -0.014049 -0.337878 436.868774 0.029859 0.998686 0.041641 -66.013145 0.336849 -0.049277 0.940268 712.561584
0.941305 -0.014622 -0.337243 436.432007 0.031254 0.998545 0.043941 -65.971268 0.336110 -0.051903 0.940391 713.788025
0.941513 -0.014898 -0.336647 435.992828 0.031965 0.998466 0.045213 -65.925888 0.335458 -0.053331 0.940545 715.011780
0.941716 -0.013985 -0.336119 435.551331 0.031428 0.998423 0.046511 -65.879692 0.334939 -0.054364 0.940670 716.238342
0.942036 -0.012058 -0.335295 435.107697 0.029505 0.998460 0.046990 -65.832489 0.334211 -0.054159 0.940941 717.475342
0.942529 -0.008806 -0.334009 434.659180 0.026157 0.998530 0.047486 -65.783615 0.333100 -0.053493 0.941372 718.720520
0.942889 -0.005619 -0.333060 434.208954 0.023016 0.998567 0.048312 -65.733147 0.332310 -0.053219 0.941667 719.972717
0.943156 -0.004269 -0.332323 433.759857 0.021777 0.998563 0.048979 -65.681862 0.331636 -0.053432 0.941893 721.230469
0.943384 -0.004644 -0.331670 433.311462 0.021621 0.998637 0.047512 -65.630920 0.330998 -0.051993 0.942198 722.493103
0.943528 -0.005963 -0.331241 432.862640 0.022344 0.998707 0.045665 -65.579887 0.330541 -0.050488 0.942440 723.763000
0.943632 -0.006779 -0.330928 432.413055 0.023763 0.998598 0.047304 -65.527657 0.330143 -0.052501 0.942469 725.040100
0.943785 -0.007249 -0.330481 431.962799 0.025393 0.998396 0.050617 -65.474236 0.329584 -0.056164 0.942455 726.322510
0.943848 -0.008082 -0.330283 431.512085 0.026544 0.998324 0.051426 -65.419228 0.329314 -0.057306 0.942480 727.605652
0.943791 -0.007934 -0.330449 431.056122 0.026715 0.998273 0.052331 -65.370010 0.329463 -0.058217 0.942372 728.908752
0.943922 -0.005659 -0.330121 430.593842 0.024501 0.998297 0.052941 -65.317223 0.329259 -0.058060 0.942452 730.212341
0.943941 -0.003137 -0.330100 430.131165 0.021836 0.998358 0.052951 -65.265450 0.329392 -0.057191 0.942460 731.512268
0.943972 -0.000696 -0.330024 429.669189 0.019171 0.998425 0.052728 -65.214226 0.329468 -0.056100 0.942499 732.808472
0.943953 0.002236 -0.330071 429.208099 0.016112 0.998473 0.052840 -65.161263 0.329685 -0.055197 0.942476 734.102112
0.943890 0.003423 -0.330243 428.751160 0.014601 0.998536 0.052085 -65.111679 0.329938 -0.053984 0.942458 735.384888
0.943779 0.003590 -0.330557 428.296173 0.014368 0.998551 0.051865 -65.062042 0.330264 -0.053699 0.942359 736.664917
0.943579 0.005013 -0.331109 427.839874 0.013295 0.998506 0.053002 -65.011276 0.330880 -0.054414 0.942103 737.943848
0.943331 0.006729 -0.331784 427.382172 0.011711 0.998497 0.053549 -64.959259 0.331646 -0.054400 0.941834 739.223511
0.943091 0.005890 -0.332486 426.929504 0.011708 0.998635 0.050900 -64.908440 0.332332 -0.051897 0.941733 740.492371
0.942930 0.002248 -0.332984 426.486572 0.012909 0.998979 0.043297 -64.855438 0.332742 -0.045125 0.941938 741.748413
0.942635 -0.001660 -0.333822 426.045776 0.015231 0.999161 0.038041 -64.802315 0.333479 -0.040943 0.941868 743.001587
0.942248 -0.003694 -0.334897 425.603790 0.017640 0.999099 0.038612 -64.752670 0.334453 -0.042289 0.941464 744.257263
0.942204 0.000644 -0.335039 425.152466 0.015958 0.998777 0.046795 -64.708488 0.334659 -0.049436 0.941041 745.517944
0.942226 0.007501 -0.334895 424.695160 0.011946 0.998361 0.055972 -64.663521 0.334766 -0.056740 0.940591 746.775146
0.942273 0.015406 -0.334492 424.238281 0.004431 0.998280 0.058461 -64.605553 0.334816 -0.056569 0.940584 748.030701
0.942488 0.020086 -0.333635 423.784149 -0.001217 0.998393 0.056670 -64.540329 0.334237 -0.053005 0.940997 749.280884
0.942555 0.021625 -0.333352 423.333252 -0.004720 0.998665 0.051436 -64.479134 0.334019 -0.046908 0.941398 750.522766
0.942576 0.021497 -0.333298 422.884613 -0.005408 0.998778 0.049126 -64.422874 0.333947 -0.044502 0.941541 751.765259
0.942519 0.020937 -0.333496 422.438690 -0.004671 0.998763 0.049501 -64.369476 0.334120 -0.045098 0.941451 753.004028
0.942339 0.020791 -0.334014 421.992828 -0.004155 0.998719 0.050442 -64.316551 0.334635 -0.046145 0.941217 754.238403
0.942024 0.019210 -0.334996 421.547974 -0.002034 0.998669 0.051547 -64.264084 0.335541 -0.047878 0.940808 755.472656
0.941512 0.018077 -0.336496 421.101715 -0.000749 0.998670 0.051553 -64.212410 0.336980 -0.048285 0.940272 756.704224
0.940956 0.016741 -0.338116 420.653870 0.000750 0.998671 0.051533 -64.160271 0.338529 -0.048744 0.939693 757.935852
0.940331 0.016229 -0.339874 420.202545 0.001488 0.998656 0.051801 -64.108070 0.340259 -0.049217 0.939043 759.168701
0.939565 0.016409 -0.341976 419.744568 0.001199 0.998687 0.051210 -64.053337 0.342367 -0.048525 0.938312 760.404602
0.937853 0.017007 -0.346616 419.299744 0.001474 0.998595 0.052984 -63.999855 0.347029 -0.050201 0.936510 761.674011
0.935875 0.017276 -0.351908 418.849457 0.002983 0.998373 0.056945 -63.941170 0.352320 -0.054344 0.934301 762.942749
0.933636 0.017202 -0.357810 418.393738 0.004605 0.998187 0.060005 -63.879494 0.358194 -0.057670 0.931865 764.213623
0.932023 0.017466 -0.361979 417.935272 0.005142 0.998100 0.061398 -63.817047 0.362363 -0.059087 0.930162 765.482788
0.928987 0.016842 -0.369728 417.460205 0.004783 0.998334 0.057495 -63.752754 0.370081 -0.055180 0.927359 766.720093
0.926539 0.015929 -0.375862 416.981964 0.004845 0.998515 0.054257 -63.688545 0.376168 -0.052093 0.925086 767.960693
0.924030 0.017493 -0.381919 416.466034 0.003387 0.998539 0.053931 -63.627357 0.382305 -0.051127 0.922621 769.195068
0.921583 0.019840 -0.387675 415.934387 0.001395 0.998518 0.054416 -63.568901 0.388180 -0.050689 0.920189 770.429077
0.918882 0.022639 -0.393883 415.390778 -0.000884 0.998468 0.055324 -63.511131 0.394532 -0.050488 0.917493 771.658264
0.915561 0.025784 -0.401352 414.839294 -0.003361 0.998398 0.056474 -63.449089 0.402166 -0.050357 0.914181 772.875488
0.911641 0.028147 -0.410022 414.285187 -0.004646 0.998294 0.058200 -63.386818 0.410961 -0.051153 0.910216 774.106323
0.907386 0.030301 -0.419205 413.718140 -0.005609 0.998182 0.060008 -63.328171 0.420261 -0.052099 0.905906 775.341431
0.902950 0.030622 -0.428654 413.136932 -0.005481 0.998198 0.059762 -63.268875 0.429711 -0.051612 0.901490 776.570190
0.898007 0.029212 -0.439011 412.543976 -0.004552 0.998357 0.057119 -63.207382 0.439958 -0.049295 0.896663 777.788696
0.892226 0.030184 -0.450578 411.934235 -0.004553 0.998315 0.057860 -63.139740 0.451565 -0.049573 0.890860 779.034607
0.886580 0.032387 -0.461439 411.307526 -0.004692 0.998124 0.061040 -63.070633 0.462550 -0.051951 0.885069 780.283142
0.880732 0.036516 -0.472205 410.654297 -0.006381 0.997848 0.065261 -63.000183 0.473571 -0.054464 0.879070 781.509827
0.875072 0.037660 -0.482525 409.983490 -0.006470 0.997789 0.066143 -62.926525 0.483949 -0.054758 0.873380 782.713013
0.869431 0.039322 -0.492485 409.300568 -0.007564 0.997770 0.066310 -62.849453 0.493995 -0.053928 0.867790 783.901794
0.864098 0.041057 -0.501647 408.581268 -0.009244 0.997794 0.065741 -62.774704 0.503240 -0.052171 0.862571 785.050171
0.859141 0.043087 -0.509922 407.857178 -0.011383 0.997811 0.065134 -62.700603 0.511613 -0.050155 0.857750 786.188477
0.854673 0.045504 -0.517170 407.135742 -0.013580 0.997770 0.065348 -62.627991 0.518990 -0.048829 0.853385 787.336243
0.850762 0.048578 -0.523300 406.405273 -0.016774 0.997722 0.065347 -62.554413 0.525283 -0.046816 0.849639 788.496765
0.847533 0.049805 -0.528401 405.669891 -0.018517 0.997756 0.064343 -62.480881 0.530421 -0.044748 0.846553 789.656006
0.844591 0.049515 -0.533116 404.927307 -0.019298 0.997883 0.062107 -62.407982 0.535063 -0.042167 0.843759 790.815369
0.841765 0.047470 -0.537753 404.179047 -0.018443 0.998074 0.059234 -62.337345 0.539529 -0.039943 0.841019 791.973022
0.838689 0.046173 -0.542650 403.423981 -0.017545 0.998173 0.057817 -62.268867 0.544329 -0.038969 0.837966 793.127136
0.835017 0.046494 -0.548257 402.667328 -0.016759 0.998111 0.059117 -62.191635 0.549969 -0.040175 0.834218 794.290527
0.831390 0.048588 -0.553561 401.903656 -0.017721 0.997981 0.060982 -62.113731 0.555408 -0.040890 0.830572 795.447693
0.826875 0.047497 -0.560377 401.131439 -0.019174 0.998229 0.056316 -62.036541 0.562060 -0.035821 0.826321 796.585754
0.822468 0.044524 -0.567067 400.351929 -0.017989 0.998469 0.052304 -61.959137 0.568528 -0.032817 0.822009 797.716858
0.817533 0.043030 -0.574273 399.559998 -0.015974 0.998515 0.052077 -61.885681 0.575661 -0.033402 0.817006 798.849060
0.812177 0.043635 -0.581777 398.756531 -0.014158 0.998380 0.055116 -61.813278 0.583238 -0.036528 0.811478 799.977722
0.806414 0.045483 -0.589600 397.939758 -0.013306 0.998181 0.058804 -61.739304 0.591202 -0.039575 0.805552 801.101685
0.800468 0.048976 -0.597371 397.111145 -0.014273 0.997931 0.062691 -61.665115 0.599205 -0.041656 0.799510 802.216309
0.794407 0.049792 -0.605341 396.263763 -0.015310 0.997959 0.061995 -61.602730 0.607192 -0.039982 0.793549 803.327698
0.788272 0.051031 -0.613208 395.401581 -0.018004 0.998041 0.059913 -61.544846 0.615064 -0.036189 0.787645 804.428589
0.782091 0.051008 -0.621074 394.532318 -0.019382 0.998154 0.057568 -61.485378 0.622864 -0.032986 0.781635 805.515869
0.774913 0.052377 -0.629895 393.662506 -0.018682 0.998023 0.060004 -61.433468 0.631793 -0.034729 0.774359 806.609802
0.765972 0.049853 -0.640939 392.838074 -0.013678 0.998027 0.061281 -61.378906 0.642729 -0.038173 0.765141 807.680969
0.759007 0.050700 -0.649107 392.014343 -0.012951 0.997942 0.062802 -61.317532 0.650955 -0.039260 0.758100 808.731323
0.751938 0.052044 -0.657176 391.175140 -0.011925 0.997789 0.065373 -61.252472 0.659126 -0.041320 0.750897 809.769348
0.744873 0.053526 -0.665056 390.323425 -0.011204 0.997640 0.067744 -61.185406 0.667112 -0.043009 0.743714 810.794678
0.736947 0.051917 -0.673954 389.433655 -0.010826 0.997825 0.065027 -61.108383 0.675864 -0.040625 0.735906 811.815186
0.730861 0.052399 -0.680513 388.460938 -0.012088 0.997886 0.063853 -61.024094 0.682420 -0.038442 0.729949 812.776733
0.724645 0.054622 -0.686955 387.465027 -0.013767 0.997802 0.064815 -60.940437 0.688986 -0.037511 0.723804 813.721252
0.717608 0.057093 -0.694104 386.517120 -0.016147 0.997731 0.065372 -60.865952 0.696261 -0.035704 0.716900 814.683777
0.710561 0.060454 -0.701035 385.559967 -0.019210 0.997598 0.066557 -60.790844 0.703374 -0.033826 0.710014 815.636780
0.703618 0.064302 -0.707664 384.605377 -0.021902 0.997387 0.068851 -60.715900 0.710241 -0.032945 0.703187 816.569275
0.696526 0.067316 -0.714367 383.647644 -0.023040 0.997175 0.071500 -60.643890 0.717161 -0.033343 0.696109 817.488037
0.690122 0.071001 -0.720202 382.688751 -0.024819 0.996913 0.074499 -60.570763 0.723267 -0.033539 0.689754 818.392090
0.684719 0.073972 -0.725044 381.729645 -0.026853 0.996722 0.076329 -60.494423 0.728312 -0.032794 0.684460 819.284180
0.680359 0.074064 -0.729128 380.771515 -0.028264 0.996792 0.074880 -60.416481 0.732334 -0.030338 0.680269 820.166138
0.676406 0.073748 -0.732829 379.811768 -0.030318 0.996919 0.072340 -60.337605 0.735906 -0.026713 0.676557 821.038025
0.672508 0.074988 -0.736281 378.849304 -0.032159 0.996875 0.072155 -60.257912 0.739391 -0.024846 0.672817 821.903198
0.668773 0.078446 -0.739317 377.884460 -0.033226 0.996578 0.075687 -60.176067 0.742724 -0.026054 0.669091 822.762695
0.665221 0.082424 -0.742083 376.919830 -0.033627 0.996188 0.080503 -60.092106 0.745889 -0.028599 0.665456 823.614624
0.661851 0.082759 -0.745054 375.965302 -0.033825 0.996172 0.080605 -59.998093 0.748872 -0.028147 0.662116 824.457031
0.658495 0.082743 -0.748023 375.013550 -0.033032 0.996158 0.081111 -59.901001 0.751860 -0.028703 0.658698 825.289917
0.654747 0.083090 -0.751267 374.063171 -0.032155 0.996102 0.082144 -59.808315 0.755164 -0.029627 0.654867 826.112244
0.650567 0.083133 -0.754885 373.117706 -0.032972 0.996145 0.081286 -59.721657 0.758733 -0.027992 0.650800 826.915588
0.646405 0.082636 -0.758507 372.173431 -0.033128 0.996220 0.080302 -59.636181 0.762275 -0.026779 0.646699 827.707642
0.642198 0.081068 -0.762240 371.241638 -0.031106 0.996329 0.079757 -59.559971 0.765908 -0.027510 0.642362 828.504761
0.638510 0.080856 -0.765355 370.312988 -0.029944 0.996323 0.080275 -59.486038 0.769031 -0.028338 0.638584 829.293823
0.634651 0.082274 -0.768408 369.393372 -0.026715 0.996058 0.084585 -59.409286 0.772337 -0.033153 0.634347 830.067078
0.631320 0.083834 -0.770978 368.474365 -0.024395 0.995795 0.088305 -59.330250 0.775138 -0.036942 0.630710 830.819641
0.628102 0.084202 -0.773562 367.557770 -0.022983 0.995702 0.089719 -59.247635 0.777792 -0.038574 0.627337 831.557556
0.624869 0.082002 -0.776412 366.654907 -0.022892 0.995966 0.086767 -59.162643 0.780394 -0.036444 0.624224 832.277527
0.621222 0.080144 -0.779526 365.764008 -0.023727 0.996225 0.083512 -59.078896 0.783276 -0.033383 0.620777 832.989746
0.618502 0.079610 -0.781740 364.878204 -0.023824 0.996298 0.082610 -59.000103 0.785422 -0.032470 0.618108 833.681763
0.615852 0.080221 -0.783767 363.992432 -0.023719 0.996239 0.083331 -58.923267 0.787505 -0.032730 0.615439 834.362244
0.613677 0.082142 -0.785273 363.113678 -0.023199 0.996020 0.086056 -58.846924 0.789216 -0.034594 0.613139 835.037720
0.611978 0.084332 -0.786366 362.242981 -0.022647 0.995759 0.089163 -58.768837 0.790550 -0.036758 0.611292 835.707153
0.610804 0.085731 -0.787127 361.381409 -0.021813 0.995565 0.091506 -58.689819 0.791482 -0.038723 0.609964 836.369507
0.609748 0.084456 -0.788083 360.550659 -0.021258 0.995692 0.090257 -58.614388 0.792311 -0.038280 0.608915 837.015747
0.609058 0.082782 -0.788793 359.733002 -0.021529 0.995897 0.087895 -58.537502 0.792833 -0.036551 0.608342 837.651367
0.608192 0.082464 -0.789495 358.930756 -0.023377 0.996018 0.086027 -58.455902 0.793446 -0.033865 0.607698 838.273743
0.607965 0.084081 -0.789499 358.137970 -0.025099 0.995915 0.086737 -58.373840 0.793567 -0.032918 0.607591 838.887390
0.608039 0.086856 -0.789142 357.354065 -0.026299 0.995656 0.089321 -58.295311 0.793471 -0.033557 0.607681 839.492065
0.608087 0.088463 -0.788926 356.581818 -0.028220 0.995552 0.089881 -58.221695 0.793369 -0.032392 0.607879 840.084351
0.608054 0.086374 -0.789184 355.836456 -0.029175 0.995824 0.086512 -58.150352 0.793360 -0.029579 0.608034 840.659790
0.608733 0.084990 -0.788810 355.113281 -0.029640 0.995988 0.084439 -58.084137 0.792822 -0.028021 0.608809 841.205933
0.609258 0.086159 -0.788278 354.406525 -0.030192 0.995880 0.085515 -58.021900 0.792398 -0.028301 0.609349 841.751221
0.610428 0.088745 -0.787085 353.712250 -0.030558 0.995602 0.088556 -57.960922 0.791483 -0.030005 0.610455 842.297546
0.612251 0.089628 -0.785567 353.038849 -0.028595 0.995414 0.091283 -57.901394 0.790146 -0.033424 0.612007 842.835510
0.615176 0.083489 -0.783958 352.392944 -0.024642 0.995927 0.086726 -57.855392 0.788005 -0.034033 0.614728 843.327209
0.616652 0.078540 -0.783308 351.751160 -0.022826 0.996377 0.081934 -57.806900 0.786905 -0.032646 0.616210 843.811401
0.618066 0.076007 -0.782443 351.132294 -0.021004 0.996557 0.080214 -57.749420 0.785845 -0.033143 0.617534 844.294373
0.618651 0.074736 -0.782103 350.529907 -0.018240 0.996563 0.080800 -57.691185 0.785455 -0.035721 0.617888 844.776672
0.617571 0.074977 -0.782933 349.938873 -0.015482 0.996412 0.083208 -57.643383 0.786363 -0.039266 0.616516 845.242737
0.613420 0.074020 -0.786281 349.373016 -0.015400 0.996530 0.081798 -57.593243 0.789607 -0.038068 0.612430 845.686096
0.606897 0.071508 -0.791557 348.827637 -0.014505 0.996776 0.078925 -57.547520 0.794648 -0.036418 0.605976 846.111206
0.599718 0.068314 -0.797291 348.290161 -0.012516 0.997029 0.076012 -57.504215 0.800114 -0.035606 0.598790 846.525024
0.589837 0.065811 -0.804836 347.754944 -0.010625 0.997220 0.073756 -57.460285 0.807453 -0.034952 0.588897 846.924744
0.577105 0.064723 -0.814101 347.219543 -0.008633 0.997283 0.073166 -57.416862 0.816624 -0.035196 0.576095 847.308838
0.561161 0.066200 -0.825055 346.682556 -0.007374 0.997157 0.074994 -57.373943 0.827674 -0.035999 0.560053 847.675720
0.541870 0.069108 -0.837616 346.145355 -0.007019 0.996952 0.077713 -57.330185 0.840433 -0.036231 0.540703 848.023254
0.520820 0.073033 -0.850537 345.589783 -0.008998 0.996748 0.080077 -57.279526 0.853619 -0.034053 0.519783 848.343079
0.497012 0.075312 -0.864470 345.052490 -0.010495 0.996676 0.080796 -57.236542 0.867680 -0.031084 0.496149 848.639099
0.470375 0.075864 -0.879200 344.519226 -0.010647 0.996714 0.080308 -57.194298 0.882402 -0.028414 0.469637 848.915466
0.440088 0.075170 -0.894804 343.990723 -0.008166 0.996784 0.079720 -57.151176 0.897918 -0.027777 0.439285 849.170410
0.405299 0.073428 -0.911231 343.460663 -0.006451 0.996974 0.077467 -57.107555 0.914162 -0.025519 0.404545 849.400940
0.365982 0.070947 -0.927914 342.923492 -0.004916 0.997223 0.074306 -57.064350 0.930609 -0.022634 0.365315 849.608398
0.321967 0.070171 -0.944147 342.362213 -0.001557 0.997288 0.073588 -57.016918 0.946750 -0.022223 0.321202 849.768005
0.272920 0.072466 -0.959304 341.798157 0.003931 0.997067 0.076436 -56.972237 0.962029 -0.024632 0.271834 849.924255
0.219394 0.076381 -0.972642 341.213013 0.009425 0.996718 0.080397 -56.923248 0.975590 -0.026806 0.217954 850.025574
0.161580 0.080512 -0.983570 340.628510 0.013100 0.996403 0.083714 -56.876060 0.986772 -0.026412 0.159944 850.112671
0.100864 0.084116 -0.991338 340.028412 0.015597 0.996163 0.086112 -56.826462 0.994778 -0.024148 0.099165 850.137390
0.037948 0.085133 -0.995647 339.435425 0.020592 0.996086 0.085954 -56.777615 0.999067 -0.023764 0.036047 850.151794
-0.026133 0.085831 -0.995967 338.830444 0.026475 0.996018 0.085140 -56.726894 0.999308 -0.024144 -0.028302 850.107422
-0.090189 0.087524 -0.992071 338.233063 0.030595 0.995905 0.085081 -56.676365 0.995455 -0.022680 -0.092498 850.048157
-0.153771 0.088662 -0.984120 337.640137 0.033996 0.995852 0.084407 -56.626423 0.987521 -0.020477 -0.156148 849.957092
-0.216497 0.088517 -0.972262 337.052216 0.037855 0.995894 0.082238 -56.577591 0.975549 -0.019001 -0.218959 849.836731
-0.277937 0.088340 -0.956529 336.468903 0.043840 0.995892 0.079236 -56.530411 0.959599 -0.019912 -0.280668 849.689758
-0.338461 0.085176 -0.937118 335.894653 0.045009 0.996221 0.074290 -56.483734 0.939903 -0.017035 -0.341015 849.509583
-0.396585 0.082808 -0.914256 335.327362 0.048896 0.996415 0.069039 -56.436565 0.916695 -0.017324 -0.399211 849.301392
-0.451606 0.080755 -0.888556 334.767700 0.051996 0.996586 0.064146 -56.391197 0.890701 -0.017232 -0.454264 849.065491
-0.502438 0.078063 -0.861082 334.217133 0.054077 0.996803 0.058812 -56.350571 0.862920 -0.017016 -0.505054 848.803894
-0.548086 0.072844 -0.833243 333.678925 0.053198 0.997220 0.052186 -56.314713 0.834728 -0.015725 -0.550438 848.517578
-0.588494 0.066229 -0.805785 333.151611 0.052017 0.997676 0.044009 -56.280602 0.806826 -0.016015 -0.590571 848.210754
-0.624747 0.058163 -0.778658 332.634766 0.049113 0.998174 0.035153 -56.247513 0.779281 -0.016281 -0.626463 847.884460
-0.657455 0.050077 -0.751828 332.126770 0.044053 0.998637 0.027992 -56.215927 0.752205 -0.014717 -0.658765 847.536682
-0.687012 0.043988 -0.725313 331.625824 0.038300 0.998970 0.024307 -56.186611 0.725636 -0.011081 -0.687990 847.167358
-0.714506 0.039784 -0.698498 331.131561 0.033521 0.999182 0.022620 -56.159431 0.698826 -0.007252 -0.715255 846.779663
-0.740520 0.036487 -0.671044 330.673981 0.032496 0.999301 0.018475 -56.166912 0.671249 -0.008125 -0.741188 846.270630
-0.765290 0.029024 -0.643031 330.242554 0.026872 0.999553 0.013135 -56.186329 0.643125 -0.007227 -0.765727 845.677063
-0.788332 0.021278 -0.614883 329.817932 0.022049 0.999737 0.006326 -56.202274 0.614856 -0.008571 -0.788593 845.061096
-0.808545 0.013572 -0.588279 329.396820 0.016209 0.999868 0.000790 -56.209957 0.588212 -0.008897 -0.808657 844.430847
-0.825620 0.006526 -0.564190 328.978271 0.007691 0.999971 0.000313 -56.209908 0.564175 -0.004081 -0.825645 843.782227
-0.839787 0.001584 -0.542914 328.561737 -0.000754 0.999992 0.004083 -56.218567 0.542917 0.003839 -0.839778 843.140381
-0.851753 -0.000606 -0.523943 328.141571 -0.005473 0.999956 0.007739 -56.204723 0.523915 0.009459 -0.851718 842.465942
-0.862274 -0.003054 -0.506434 327.724915 -0.007770 0.999944 0.007201 -56.206383 0.506384 0.010143 -0.862248 841.800659
-0.871255 -0.010540 -0.490718 327.317078 -0.011881 0.999930 -0.000387 -56.209747 0.490687 0.005493 -0.871319 841.125061
-0.878881 -0.020916 -0.476583 326.915436 -0.015899 0.999768 -0.014560 -56.218704 0.476777 -0.005220 -0.879009 840.440063
-0.885718 -0.029125 -0.463310 326.513184 -0.017475 0.999414 -0.029421 -56.230659 0.463895 -0.017962 -0.885709 839.742859
-0.891706 -0.033265 -0.451390 326.108887 -0.018289 0.999130 -0.037501 -56.244797 0.452244 -0.025184 -0.891539 839.027100
-0.896657 -0.032708 -0.441517 325.702942 -0.019973 0.999240 -0.033464 -56.262512 0.442276 -0.021188 -0.896628 838.288757
-0.900631 -0.029734 -0.433567 325.297577 -0.021217 0.999475 -0.024471 -56.268784 0.434067 -0.012841 -0.900789 837.502075
-0.903506 -0.028089 -0.427655 324.894104 -0.021994 0.999574 -0.019189 -56.273857 0.428012 -0.007932 -0.903738 836.698181
-0.904802 -0.029996 -0.424775 324.506104 -0.023783 0.999519 -0.019922 -56.290428 0.425168 -0.007923 -0.905080 835.886963
-0.905742 -0.032321 -0.422596 324.122620 -0.025563 0.999439 -0.021649 -56.304668 0.423058 -0.008806 -0.906059 835.051025
-0.906283 -0.034931 -0.421226 323.734314 -0.027169 0.999333 -0.024417 -56.320488 0.421797 -0.010685 -0.906627 834.207031
-0.906652 -0.037352 -0.420223 323.340485 -0.028539 0.999221 -0.027243 -56.337959 0.420912 -0.012708 -0.907012 833.355652
-0.906963 -0.038762 -0.419422 322.941620 -0.029706 0.999164 -0.028103 -56.356064 0.420161 -0.013029 -0.907356 832.498535
-0.907041 -0.040265 -0.419112 322.542267 -0.032432 0.999141 -0.025800 -56.378529 0.419791 -0.009809 -0.907567 831.634949
-0.906916 -0.041044 -0.419309 322.140045 -0.034217 0.999132 -0.023793 -56.400833 0.419920 -0.007232 -0.907532 830.768372
-0.906882 -0.041256 -0.419362 321.735352 -0.034873 0.999130 -0.022881 -56.423214 0.419940 -0.006126 -0.907531 829.899719
-0.906894 -0.040764 -0.419382 321.327271 -0.034548 0.999151 -0.022410 -56.445015 0.419941 -0.005835 -0.907533 829.026245
-0.906925 -0.039866 -0.419401 320.917328 -0.034134 0.999193 -0.021166 -56.465927 0.419906 -0.004881 -0.907555 828.148804
-0.906945 -0.038937 -0.419444 320.505402 -0.034041 0.999237 -0.019156 -56.486458 0.419870 -0.003095 -0.907579 827.266479
-0.906942 -0.038978 -0.419449 320.092163 -0.034597 0.999238 -0.018050 -56.507141 0.419833 -0.001859 -0.907599 826.379272
-0.906905 -0.040598 -0.419376 319.679688 -0.036229 0.999175 -0.018381 -56.528099 0.419775 -0.001477 -0.907627 825.490479
-0.906889 -0.041458 -0.419326 319.263306 -0.036876 0.999139 -0.019031 -56.549252 0.419753 -0.001795 -0.907637 824.595703
-0.906821 -0.043153 -0.419302 318.847107 -0.038504 0.999067 -0.019549 -56.571220 0.419754 -0.001583 -0.907636 823.698486
-0.906622 -0.046051 -0.419423 318.429535 -0.041330 0.998939 -0.020343 -56.594131 0.419914 -0.001109 -0.907563 822.795105
-0.906550 -0.047716 -0.419393 318.008850 -0.042710 0.998860 -0.021326 -56.617054 0.419933 -0.001421 -0.907554 821.889038
-0.906495 -0.049083 -0.419354 317.582214 -0.044523 0.998795 -0.020661 -56.638596 0.419863 -0.000059 -0.907588 820.970459
-0.906324 -0.050159 -0.419598 317.151337 -0.046508 0.998738 -0.018936 -56.660969 0.420018 0.002353 -0.907512 820.040955
-0.906209 -0.052042 -0.419616 316.718536 -0.048404 0.998641 -0.019321 -56.683605 0.420051 0.002801 -0.907496 819.106934
-0.906153 -0.053902 -0.419502 316.281921 -0.049735 0.998545 -0.020874 -56.706329 0.420017 0.001949 -0.907515 818.165833
-0.906278 -0.056105 -0.418944 315.820068 -0.051950 0.998422 -0.021328 -56.725124 0.419479 0.002435 -0.907762 817.173096
-0.906079 -0.058560 -0.419038 315.349976 -0.054563 0.998278 -0.021528 -56.744251 0.419577 0.003358 -0.907714 816.163635
-0.905952 -0.060704 -0.419008 314.874786 -0.057104 0.998145 -0.021142 -56.763577 0.419513 0.004772 -0.907736 815.141235
-0.905759 -0.060265 -0.419486 314.408264 -0.058071 0.998150 -0.018013 -56.782566 0.419795 0.008044 -0.907583 814.110962
-0.905620 -0.058874 -0.419983 313.937744 -0.058760 0.998185 -0.013225 -56.801250 0.419998 0.012701 -0.907436 813.084656
-0.905559 -0.057096 -0.420360 313.460968 -0.058488 0.998242 -0.009592 -56.818722 0.420169 0.015899 -0.907307 812.049988
-0.905233 -0.055722 -0.421247 312.995575 -0.057102 0.998324 -0.009351 -56.835976 0.421063 0.015589 -0.906897 811.001770
-0.905467 -0.054886 -0.420851 312.531494 -0.055912 0.998386 -0.009911 -56.852539 0.420716 0.014556 -0.907075 809.952332
-0.905382 -0.055280 -0.420983 312.057709 -0.057127 0.998333 -0.008235 -56.864784 0.420736 0.016593 -0.907031 808.909912
-0.905408 -0.055049 -0.420959 311.583160 -0.057811 0.998309 -0.006210 -56.877762 0.420588 0.018713 -0.907058 807.864502
-0.905398 -0.054455 -0.421058 311.108246 -0.058641 0.998275 -0.003010 -56.888836 0.420494 0.021965 -0.907029 806.817871
-0.905461 -0.054569 -0.420908 310.632721 -0.059170 0.998246 -0.002133 -56.900116 0.420285 0.022974 -0.907101 805.770264
-0.905697 -0.054681 -0.420385 310.156799 -0.058699 0.998270 -0.003386 -56.912018 0.419843 0.021609 -0.907340 804.723877
-0.905982 -0.054849 -0.419748 309.680603 -0.058241 0.998291 -0.004742 -56.924767 0.419291 0.020150 -0.907629 803.674805
-0.906175 -0.054410 -0.419390 309.200867 -0.057960 0.998310 -0.004285 -56.937313 0.418914 0.020425 -0.907796 802.617004
-0.906347 -0.053394 -0.419147 308.724792 -0.057819 0.998325 -0.002146 -56.948414 0.418560 0.022289 -0.907915 801.566162
-0.906429 -0.052676 -0.419059 308.246552 -0.057899 0.998322 -0.000254 -56.958496 0.418370 0.024032 -0.907959 800.510071
-0.906327 -0.052386 -0.419320 307.767181 -0.058154 0.998307 0.000973 -56.967854 0.418559 0.025268 -0.907838 799.451843
-0.905897 -0.052051 -0.420290 307.278564 -0.058115 0.998309 0.001625 -56.976067 0.419494 0.025896 -0.907389 798.386658
-0.905082 -0.052271 -0.422011 306.794678 -0.058455 0.998289 0.001716 -56.985001 0.421199 0.026222 -0.906589 797.326782
-0.904124 -0.052458 -0.424037 306.307953 -0.058074 0.998313 0.000319 -56.994774 0.423304 0.024915 -0.905645 796.266418
-0.902545 -0.051969 -0.427449 305.810577 -0.057013 0.998374 -0.001002 -56.987186 0.426805 0.023465 -0.904040 795.180542
-0.901018 -0.050153 -0.430872 305.297607 -0.055943 0.998433 0.000767 -56.985065 0.430158 0.024795 -0.902413 794.086975
-0.899520 -0.048101 -0.434223 304.763245 -0.054993 0.998481 0.003314 -56.982002 0.433403 0.026860 -0.900800 792.994629
-0.897502 -0.047362 -0.438462 304.232147 -0.054437 0.998511 0.003569 -56.985802 0.437639 0.027072 -0.898743 791.899536
-0.895398 -0.046758 -0.442806 303.698578 -0.053761 0.998549 0.003270 -56.988621 0.442011 0.026734 -0.896611 790.805908
-0.893192 -0.046853 -0.447229 303.162109 -0.053819 0.998547 0.002872 -56.991798 0.446445 0.026634 -0.894415 789.711487
-0.890892 -0.047467 -0.451730 302.623138 -0.054796 0.998493 0.003146 -56.995041 0.450898 0.027555 -0.892150 788.616821
-0.888620 -0.047435 -0.456185 302.079529 -0.055673 0.998438 0.004626 -56.997391 0.455253 0.029508 -0.889873 787.519531
-0.886227 -0.045938 -0.460968 301.527710 -0.055345 0.998444 0.006901 -56.998058 0.459933 0.031628 -0.887389 786.416199
-0.883725 -0.045751 -0.465765 300.979492 -0.056467 0.998363 0.009072 -56.997108 0.464587 0.034318 -0.884862 785.323914
-0.881432 -0.044231 -0.470235 300.422302 -0.055474 0.998409 0.010071 -56.995483 0.469042 0.034962 -0.882483 784.226196
-0.879534 -0.041770 -0.474001 299.861237 -0.053345 0.998516 0.010992 -56.993370 0.472838 0.034955 -0.880456 783.127686
-0.878104 -0.039085 -0.476870 299.283295 -0.050660 0.998651 0.011433 -56.988380 0.475779 0.034197 -0.878899 782.029114
-0.877415 -0.036905 -0.478312 298.697327 -0.047956 0.998790 0.010906 -56.983063 0.477330 0.032508 -0.878122 780.929443
-0.877211 -0.035225 -0.478812 298.105865 -0.045518 0.998914 0.009903 -56.977417 0.477943 0.030481 -0.877861 779.825500
-0.877259 -0.031734 -0.478968 297.524445 -0.041810 0.999071 0.010382 -56.973831 0.478193 0.029134 -0.877772 778.717285
-0.877563 -0.027604 -0.478665 296.942413 -0.038243 0.999190 0.012489 -56.968918 0.477932 0.029265 -0.877909 777.606323
-0.878439 -0.021895 -0.477353 296.340973 -0.032868 0.999353 0.014646 -56.959877 0.476722 0.028555 -0.878590 776.492004
-0.880073 -0.015754 -0.474577 295.737152 -0.026445 0.999525 0.015857 -56.948837 0.474102 0.026506 -0.880071 775.374756
-0.882245 -0.010411 -0.470677 295.134430 -0.020434 0.999660 0.016190 -56.936893 0.470348 0.023901 -0.882157 774.251831
-0.884889 -0.006538 -0.465757 294.535248 -0.015765 0.999750 0.015917 -56.924606 0.465535 0.021427 -0.884770 773.122253
-0.887831 -0.003528 -0.460157 293.940430 -0.012557 0.999784 0.016559 -56.911491 0.459999 0.020479 -0.887683 771.983582
-0.890859 0.000529 -0.454280 293.349945 -0.009488 0.999760 0.019768 -56.896889 0.454181 0.021920 -0.890640 770.838928
-0.893807 0.004546 -0.448428 292.764008 -0.006233 0.999726 0.022558 -56.880764 0.448408 0.022958 -0.893534 769.689514
-0.896899 0.007533 -0.442171 292.168640 -0.003353 0.999710 0.023830 -56.851311 0.442222 0.022856 -0.896614 768.533691
-0.899638 0.011272 -0.436490 291.570160 -0.000111 0.999661 0.026044 -56.815235 0.436635 0.023479 -0.899332 767.370605
-0.902407 0.011825 -0.430723 291.002258 -0.000197 0.999613 0.027854 -56.793140 0.430885 0.025220 -0.902054 766.199951
-0.905070 0.009110 -0.425167 290.450134 -0.002090 0.999664 0.025868 -56.775295 0.425258 0.024300 -0.904745 765.021729
-0.907413 0.009331 -0.420135 289.901581 -0.000456 0.999731 0.023188 -56.754097 0.420238 0.021232 -0.907165 763.841003
-0.909694 0.009101 -0.415181 289.358307 -0.001248 0.999696 0.024646 -56.732956 0.415278 0.022938 -0.909405 762.649353
-0.912218 0.011571 -0.409542 288.816986 0.000560 0.999635 0.026992 -56.710022 0.409706 0.024393 -0.911892 761.455383
-0.914599 0.015470 -0.404066 288.278503 0.004024 0.999567 0.029163 -56.684357 0.404342 0.025046 -0.914265 760.256958
-0.916799 0.018439 -0.398922 287.746216 0.006906 0.999516 0.030326 -56.656483 0.399288 0.025049 -0.916483 759.056335
-0.918794 0.020008 -0.394230 287.219269 0.008399 0.999480 0.031151 -56.626091 0.394648 0.025310 -0.918484 757.851318
-0.920432 0.021388 -0.390319 286.696106 0.009665 0.999442 0.031972 -56.594170 0.390785 0.025656 -0.920124 756.640625
-0.921787 0.021770 -0.387086 286.178192 0.010238 0.999441 0.031829 -56.561783 0.387562 0.025376 -0.921494 755.427856
-0.923355 0.022732 -0.383272 285.649567 0.010866 0.999394 0.033093 -56.525696 0.383792 0.026391 -0.923042 754.208923
-0.924745 0.023274 -0.379877 285.133514 0.011422 0.999376 0.033422 -56.489784 0.380418 0.026568 -0.924433 752.999939
-0.926365 0.022810 -0.375935 284.614990 0.011637 0.999421 0.031963 -56.470680 0.376447 0.025235 -0.926094 751.791138
-0.927363 0.020534 -0.373601 284.097809 0.010571 0.999532 0.028697 -56.453690 0.374015 0.022663 -0.927146 750.581482
-0.928330 0.018265 -0.371308 283.582001 0.009427 0.999628 0.025603 -56.438885 0.371638 0.020267 -0.928156 749.370361
-0.929247 0.016216 -0.369103 283.068115 0.007820 0.999676 0.024228 -56.424919 0.369376 0.019628 -0.929072 748.157715
-0.929805 0.017958 -0.367614 282.579987 0.009202 0.999632 0.025557 -56.398033 0.367938 0.020380 -0.929627 746.928650
-0.930476 0.018019 -0.365909 282.096741 0.009205 0.999624 0.025816 -56.371216 0.366237 0.020654 -0.930293 745.704590
-0.931671 0.018323 -0.362842 281.580780 0.010705 0.999678 0.022992 -56.340847 0.363146 0.017536 -0.931567 744.473328
-0.932240 0.017799 -0.361405 281.052917 0.010927 0.999719 0.021047 -56.305412 0.361677 0.015670 -0.932171 743.235168
-0.932798 0.016292 -0.360032 280.539948 0.009423 0.999739 0.020825 -56.273804 0.360277 0.016033 -0.932707 741.988403
-0.933162 0.014216 -0.359176 280.036713 0.006981 0.999746 0.021432 -56.245949 0.359389 0.017492 -0.933024 740.739441
-0.933416 0.013231 -0.358554 279.537598 0.005455 0.999728 0.022688 -56.220665 0.358756 0.019221 -0.933233 739.487000
-0.933720 0.013813 -0.357738 279.027405 0.005775 0.999707 0.023527 -56.192661 0.357958 0.019902 -0.933525 738.242676
-0.934056 0.014320 -0.356839 278.517090 0.006292 0.999701 0.023649 -56.164688 0.357071 0.019844 -0.933866 736.996765
-0.934500 0.015044 -0.355647 278.029572 0.007016 0.999691 0.023852 -56.141113 0.355895 0.019794 -0.934316 735.741821
-0.935219 0.015340 -0.353736 277.550934 0.007025 0.999668 0.024776 -56.117302 0.353998 0.020687 -0.935017 734.485046
-0.936133 0.015827 -0.351291 277.075775 0.007075 0.999632 0.026182 -56.092819 0.351576 0.022025 -0.935901 733.223633
-0.937097 0.015565 -0.348723 276.604401 0.006652 0.999620 0.026742 -56.067913 0.349006 0.022740 -0.936844 731.960388
-0.938008 0.014838 -0.346296 276.135895 0.006166 0.999640 0.026128 -56.042442 0.346559 0.022373 -0.937761 730.695618
-0.938899 0.013446 -0.343933 275.670349 0.005187 0.999676 0.024922 -56.016888 0.344157 0.021615 -0.938663 729.429199
-0.939741 0.012025 -0.341678 275.205292 0.004184 0.999711 0.023676 -55.991589 0.341863 0.020820 -0.939519 728.157288
-0.940523 0.010357 -0.339571 274.730011 0.002634 0.999727 0.023193 -55.966030 0.339719 0.020920 -0.940295 726.883850
-0.941251 0.009665 -0.337570 274.266846 0.001559 0.999705 0.024275 -55.940613 0.337704 0.022322 -0.940987 725.602295
-0.941908 0.011046 -0.335691 273.809448 0.001549 0.999592 0.028542 -55.910702 0.335869 0.026364 -0.941540 724.316406
-0.942570 0.012806 -0.333766 273.353638 0.002241 0.999485 0.032020 -55.880680 0.334003 0.029433 -0.942112 723.031006
-0.943298 0.013385 -0.331679 272.897156 0.004201 0.999588 0.028393 -55.852444 0.331922 0.025390 -0.942965 721.751099
-0.943891 0.013610 -0.329978 272.441895 0.007398 0.999771 0.020076 -55.828178 0.330175 0.016508 -0.943775 720.478699
-0.944453 0.014578 -0.328325 271.986938 0.009003 0.999788 0.018493 -55.808891 0.328526 0.014509 -0.944384 719.200745
-0.945024 0.017752 -0.326520 271.532562 0.010795 0.999675 0.023103 -55.791046 0.326824 0.018307 -0.944908 717.921631
-0.945574 0.020835 -0.324740 271.080536 0.013011 0.999571 0.026247 -55.770947 0.325147 0.020593 -0.945439 716.645569
-0.946108 0.022636 -0.323060 270.633087 0.014723 0.999530 0.026917 -55.749187 0.323517 0.020709 -0.945995 715.374390
-0.946679 0.021970 -0.321428 270.195679 0.013874 0.999527 0.027454 -55.729900 0.321879 0.021529 -0.946536 714.102905
-0.947184 0.020797 -0.320017 269.762909 0.012243 0.999513 0.028720 -55.706608 0.320458 0.023285 -0.946976 712.835571
-0.947624 0.018681 -0.318842 269.334534 0.009868 0.999525 0.029234 -55.681938 0.319236 0.024556 -0.947357 711.574524
-0.948049 0.018134 -0.317607 268.907074 0.009043 0.999507 0.030078 -55.656284 0.317995 0.025643 -0.947746 710.319641
-0.948599 0.015758 -0.316089 268.484253 0.005508 0.999431 0.033293 -55.627991 0.316433 0.029841 -0.948145 709.064331
-0.949046 0.014880 -0.314787 268.063354 0.003644 0.999337 0.036251 -55.598049 0.315118 0.033257 -0.948470 707.814209
-0.949345 0.012638 -0.313982 267.647614 0.001883 0.999402 0.034532 -55.566437 0.314231 0.032192 -0.948801 706.572571
-0.949577 0.010939 -0.313344 267.237579 0.001195 0.999510 0.031271 -55.536472 0.313532 0.029319 -0.949125 705.345459
-0.949769 0.011254 -0.312751 266.826660 0.002120 0.999562 0.029526 -55.509983 0.312946 0.027381 -0.949376 704.126038
-0.949914 0.011962 -0.312284 266.415894 0.003054 0.999575 0.029000 -55.483501 0.312498 0.026593 -0.949546 702.906921
-0.949975 0.013503 -0.312034 266.005096 0.004604 0.999562 0.029233 -55.456398 0.312292 0.026334 -0.949621 701.690002
-0.950052 0.014533 -0.311753 265.597412 0.005305 0.999523 0.030425 -55.429222 0.312046 0.027251 -0.949676 700.473816
-0.950225 0.018479 -0.311019 265.180969 0.008563 0.999412 0.033217 -55.398552 0.311450 0.028901 -0.949823 699.270935
-0.950152 0.020698 -0.311100 264.765411 0.010279 0.999332 0.035094 -55.368271 0.311618 0.030148 -0.949729 698.071045
-0.950042 0.021622 -0.311371 264.351868 0.011291 0.999326 0.034941 -55.338646 0.311917 0.029679 -0.949645 696.876282
-0.949884 0.021660 -0.311850 263.945770 0.011867 0.999376 0.033268 -55.311153 0.312376 0.027900 -0.949549 695.677917
-0.949726 0.019890 -0.312448 263.546722 0.009885 0.999388 0.033570 -55.283264 0.312924 0.028793 -0.949342 694.481506
-0.949556 0.018301 -0.313065 263.141754 0.007511 0.999337 0.035631 -55.253246 0.313509 0.031481 -0.949063 693.289734
-0.949409 0.016977 -0.313582 262.736084 0.005374 0.999270 0.037827 -55.221664 0.313995 0.034228 -0.948807 692.097656
-0.949231 0.016067 -0.314169 262.340912 0.003793 0.999207 0.039639 -55.188267 0.314556 0.036434 -0.948539 690.903564
-0.949121 0.014802 -0.314563 261.936554 0.002045 0.999163 0.040843 -55.153667 0.314903 0.038123 -0.948358 689.715942
-0.949049 0.012628 -0.314874 261.543884 -0.000225 0.999169 0.040748 -55.117348 0.315127 0.038743 -0.948258 688.529907
-0.948958 0.010669 -0.315223 261.142059 -0.002124 0.999189 0.040210 -55.082088 0.315396 0.038827 -0.948166 687.346558
-0.948807 0.009030 -0.315729 260.740021 -0.003840 0.999188 0.040115 -55.046944 0.315834 0.039273 -0.948002 686.163696
-0.948671 0.008762 -0.316145 260.336060 -0.004004 0.999203 0.039705 -55.012142 0.316241 0.038932 -0.947879 684.982544
-0.948597 0.009745 -0.316339 259.930542 -0.002872 0.999220 0.039393 -54.977165 0.316476 0.038276 -0.947828 683.802368
-0.948586 0.011040 -0.316327 259.525055 -0.001482 0.999226 0.039314 -54.942268 0.316515 0.037762 -0.947835 682.623718
-0.948583 0.012106 -0.316296 259.126587 -0.000252 0.999239 0.038998 -54.903759 0.316528 0.037072 -0.947859 681.445740
-0.948550 0.011332 -0.316423 258.729767 -0.000928 0.999256 0.038568 -54.865150 0.316624 0.036876 -0.947834 680.267456
-0.948491 0.009162 -0.316672 258.329102 -0.003588 0.999207 0.039655 -54.828053 0.316784 0.038749 -0.947705 679.083557
-0.948416 0.008861 -0.316906 257.926605 -0.004139 0.999178 0.040324 -54.791145 0.317003 0.039555 -0.947600 677.901978
-0.948358 0.010071 -0.317041 257.526886 -0.001871 0.999301 0.037341 -54.752411 0.317195 0.036005 -0.947676 676.724609
-0.948322 0.012821 -0.317050 257.124237 0.002072 0.999412 0.034214 -54.713909 0.317303 0.031788 -0.947791 675.548340
-0.948381 0.017475 -0.316654 256.717194 0.007116 0.999402 0.033840 -54.678272 0.317056 0.029841 -0.947937 674.368103
-0.948411 0.020407 -0.316385 256.310730 0.010756 0.999423 0.032218 -54.644096 0.316860 0.027153 -0.948084 673.187256
-0.948321 0.022011 -0.316551 255.906021 0.012311 0.999393 0.032605 -54.609642 0.317076 0.027022 -0.948015 672.002686
-0.948251 0.023515 -0.316650 255.502045 0.012494 0.999245 0.036788 -54.574928 0.317275 0.030928 -0.947829 670.814270
-0.948313 0.025320 -0.316324 255.097214 0.013300 0.999107 0.040098 -54.537518 0.317056 0.033818 -0.947804 669.623657
-0.948749 0.026486 -0.314919 254.692932 0.014108 0.999039 0.041520 -54.494270 0.315715 0.034948 -0.948211 668.435669
-0.949178 0.027210 -0.313564 254.290771 0.014644 0.998995 0.042362 -54.449432 0.314401 0.035617 -0.948622 667.248474
-0.949356 0.026447 -0.313090 253.901230 0.013659 0.998983 0.042969 -54.412872 0.313907 0.036516 -0.948751 666.048157
-0.949472 0.024902 -0.312864 253.516342 0.012071 0.999007 0.042881 -54.368744 0.313621 0.036938 -0.948830 664.849731
-0.949847 0.024920 -0.311724 253.118500 0.011970 0.998987 0.043388 -54.325645 0.312489 0.037481 -0.949181 663.654602
-0.950237 0.024665 -0.310549 252.719101 0.011688 0.998981 0.043576 -54.283459 0.311308 0.037778 -0.949558 662.459717
-0.950441 0.026410 -0.309782 252.326370 0.012959 0.998885 0.045400 -54.238319 0.310635 0.039135 -0.949724 661.268677
-0.950653 0.027862 -0.309005 251.925659 0.013996 0.998797 0.046998 -54.187965 0.309942 0.040353 -0.949899 660.066040
-0.950707 0.029156 -0.308716 251.524582 0.014967 0.998724 0.048231 -54.137024 0.309729 0.041233 -0.949931 658.863342
-0.950623 0.028917 -0.308999 251.124329 0.014900 0.998755 0.047624 -54.086777 0.309991 0.040668 -0.949869 657.661133
-0.950318 0.028822 -0.309944 250.721924 0.015092 0.998800 0.046604 -54.036922 0.310915 0.039611 -0.949612 656.457214
-0.949957 0.029159 -0.311016 250.318466 0.015173 0.998766 0.047296 -53.986343 0.312011 0.040210 -0.949227 655.252747
-0.949591 0.029383 -0.312114 249.914368 0.014645 0.998669 0.049455 -53.933514 0.313151 0.042390 -0.948756 654.047546
-0.949278 0.028811 -0.313116 249.509720 0.013708 0.998638 0.050327 -53.880421 0.314139 0.043482 -0.948380 652.840820
-0.948920 0.025285 -0.314502 249.109421 0.010426 0.998752 0.048840 -53.836315 0.315344 0.043067 -0.948000 651.636108
-0.948531 0.021370 -0.315962 248.705444 0.007114 0.998907 0.046200 -53.787018 0.316604 0.041574 -0.947646 650.428772
-0.948162 0.018238 -0.317264 248.301300 0.004574 0.999032 0.043757 -53.743591 0.317754 0.040037 -0.947327 649.219482
-0.947821 0.017132 -0.318343 247.892044 0.003443 0.999047 0.043514 -53.700409 0.318785 0.040148 -0.946977 648.006775
-0.947416 0.019278 -0.319424 247.483490 0.005123 0.998970 0.045094 -53.652756 0.319964 0.041086 -0.946538 646.791016
-0.947166 0.021515 -0.320023 247.072433 0.006823 0.998873 0.046956 -53.603561 0.320673 0.042292 -0.946245 645.572876
-0.947024 0.022850 -0.320350 246.657181 0.007852 0.998815 0.048030 -53.553822 0.321067 0.042971 -0.946081 644.352173
-0.947005 0.023964 -0.320324 246.239395 0.008602 0.998748 0.049286 -53.503029 0.321104 0.043919 -0.946025 643.131287
-0.946690 0.025183 -0.321160 245.829666 0.009069 0.998628 0.051572 -53.449211 0.322018 0.045910 -0.945620 641.907898
-0.946679 0.026788 -0.321062 245.419952 0.010213 0.998532 0.053195 -53.394745 0.322015 0.047079 -0.945563 640.684814
-0.946692 0.028087 -0.320913 245.004105 0.011745 0.998539 0.052746 -53.340034 0.321926 0.046165 -0.945639 639.460571
-0.946838 0.029880 -0.320323 244.571030 0.014299 0.998602 0.050883 -53.284515 0.321395 0.043598 -0.945941 638.241272
-0.946954 0.031861 -0.319784 244.132233 0.016799 0.998621 0.049750 -53.229660 0.320928 0.041739 -0.946184 637.018982
-0.947048 0.034463 -0.319238 243.697418 0.019622 0.998577 0.049588 -53.176414 0.320494 0.040697 -0.946376 635.792480
-0.947086 0.037578 -0.318771 243.265121 0.022780 0.998489 0.050024 -53.121681 0.320169 0.040115 -0.946511 634.565796
-0.947154 0.040134 -0.318259 242.835678 0.025231 0.998390 0.050814 -53.069042 0.319786 0.040098 -0.946641 633.336121
-0.947220 0.042243 -0.317789 242.408936 0.027440 0.998326 0.050915 -53.016457 0.319409 0.039508 -0.946793 632.103210
-0.947229 0.044065 -0.317514 241.984787 0.029915 0.998336 0.049307 -52.964066 0.319159 0.037206 -0.946971 630.870056
-0.947235 0.044604 -0.317421 241.559723 0.030946 0.998371 0.047943 -52.911026 0.319042 0.035591 -0.947072 629.641052
-0.947208 0.044854 -0.317468 241.140091 0.031156 0.998356 0.048096 -52.859245 0.319103 0.035666 -0.947048 628.403809
-0.947141 0.044683 -0.317693 240.716293 0.030581 0.998319 0.049238 -52.806084 0.319359 0.036920 -0.946914 627.170715
-0.946383 0.043233 -0.320143 240.325287 0.028665 0.998334 0.050081 -52.759422 0.321775 0.038218 -0.946044 625.935669
-0.946279 0.042091 -0.320601 239.937973 0.027458 0.998371 0.050026 -52.713226 0.322184 0.038535 -0.945893 624.706665
-0.946414 0.041519 -0.320278 239.502930 0.026129 0.998295 0.052200 -52.657558 0.321899 0.041035 -0.945884 623.462891
-0.946515 0.040434 -0.320118 239.066483 0.025087 0.998336 0.051923 -52.596439 0.321685 0.041116 -0.945953 622.225830
-0.946442 0.038056 -0.320626 238.630615 0.022992 0.998452 0.050641 -52.533760 0.322056 0.040555 -0.945852 620.989380
-0.946377 0.035134 -0.321151 238.195343 0.020728 0.998625 0.048165 -52.473640 0.322401 0.038925 -0.945802 619.754517
-0.946332 0.033974 -0.321405 237.757294 0.019811 0.998688 0.047232 -52.413685 0.322587 0.038329 -0.945764 618.516907
-0.946246 0.034121 -0.321643 237.318146 0.020439 0.998740 0.045823 -52.354980 0.322801 0.036786 -0.945752 617.281860
-0.946237 0.035034 -0.321572 236.877548 0.022470 0.998835 0.042701 -52.297970 0.322692 0.033180 -0.945922 616.046204
-0.946057 0.038115 -0.321749 236.454865 0.024774 0.998660 0.045456 -52.254936 0.323049 0.035033 -0.945733 614.798950
-0.946214 0.039792 -0.321085 236.046463 0.025334 0.998474 0.049079 -52.223885 0.322547 0.038305 -0.945778 613.540222
-0.946423 0.039718 -0.320479 235.622528 0.025069 0.998450 0.049708 -52.169491 0.321956 0.039011 -0.945950 612.294434
-0.946594 0.039320 -0.320021 235.193497 0.024466 0.998434 0.050305 -52.106407 0.321498 0.039789 -0.946074 611.052063
-0.946758 0.038939 -0.319583 234.765305 0.024045 0.998439 0.050419 -52.046112 0.321047 0.040050 -0.946216 609.804810
-0.946929 0.038598 -0.319116 234.335739 0.023715 0.998449 0.050391 -51.988075 0.320566 0.040149 -0.946375 608.553406
-0.947018 0.038204 -0.318900 233.906555 0.023279 0.998454 0.050482 -51.931423 0.320335 0.040384 -0.946443 607.300354
-0.947036 0.037466 -0.318935 233.476395 0.023008 0.998535 0.048982 -51.876690 0.320303 0.039049 -0.946510 606.044800
-0.947098 0.035723 -0.318950 233.047394 0.022349 0.998715 0.045492 -51.824383 0.320165 0.035957 -0.946679 604.788147
-0.947163 0.034931 -0.318847 232.617310 0.022102 0.998797 0.043765 -51.770287 0.319992 0.034405 -0.946795 603.533081
-0.947160 0.034746 -0.318874 232.187881 0.021521 0.998760 0.044904 -51.720894 0.320039 0.035669 -0.946733 602.268738
-0.947123 0.035021 -0.318954 231.757629 0.021358 0.998702 0.046232 -51.672371 0.320159 0.036975 -0.946642 601.003906
-0.947140 0.035273 -0.318877 231.327057 0.021443 0.998675 0.046779 -51.623909 0.320105 0.037469 -0.946641 599.739624
-0.947114 0.034799 -0.319006 230.902328 0.020899 0.998682 0.046892 -51.570076 0.320217 0.037745 -0.946592 598.474548
-0.947142 0.034383 -0.318967 230.476578 0.020417 0.998686 0.047024 -51.520668 0.320165 0.038025 -0.946598 597.207214
-0.947166 0.033797 -0.318958 230.048279 0.019626 0.998677 0.047538 -51.470814 0.320143 0.038766 -0.946576 595.937195
-0.947206 0.033404 -0.318883 229.618683 0.018752 0.998628 0.048910 -51.420773 0.320079 0.040348 -0.946531 594.667297
-0.947262 0.033431 -0.318713 229.186798 0.018479 0.998587 0.049820 -51.369553 0.319928 0.041302 -0.946541 593.395935
-0.947365 0.032988 -0.318453 228.755142 0.017907 0.998580 0.050170 -51.317612 0.319655 0.041826 -0.946611 592.125977
-0.947558 0.031808 -0.317998 228.319778 0.016880 0.998627 0.049591 -51.261711 0.319138 0.041622 -0.946794 590.853149
-0.947695 0.030226 -0.317742 227.884903 0.015348 0.998670 0.049224 -51.205162 0.318807 0.041773 -0.946899 589.579224
-0.947833 0.027958 -0.317541 227.453354 0.012990 0.998707 0.049156 -51.150356 0.318504 0.042466 -0.946970 588.303833
-0.947914 0.025538 -0.317503 227.025055 0.010356 0.998725 0.049411 -51.096954 0.318360 0.043549 -0.946969 587.030884
-0.948016 0.023956 -0.317320 226.591400 0.008667 0.998736 0.049508 -51.050064 0.318105 0.044184 -0.947025 585.754211
-0.947930 0.022310 -0.317698 226.156662 0.007098 0.998776 0.048957 -51.003738 0.318401 0.044153 -0.946927 584.475525
-0.947836 0.022598 -0.317956 225.722900 0.007257 0.998755 0.049354 -50.954666 0.318675 0.044473 -0.946820 583.202087
-0.947672 0.024981 -0.318267 225.286850 0.009035 0.998633 0.051481 -50.902657 0.319118 0.045911 -0.946603 581.926270
-0.947461 0.028165 -0.318629 224.850586 0.011703 0.998501 0.053461 -50.848190 0.319658 0.046923 -0.946371 580.653809
-0.947231 0.031886 -0.318963 224.413559 0.015460 0.998427 0.053895 -50.791695 0.320180 0.046119 -0.946233 579.385010
-0.946946 0.034389 -0.319548 223.987381 0.018779 0.998481 0.051800 -50.727036 0.320844 0.043050 -0.946153 578.125793
-0.946784 0.036089 -0.319841 223.562744 0.021061 0.998512 0.050322 -50.660244 0.321180 0.040908 -0.946134 576.866394
-0.946624 0.036292 -0.320291 223.136108 0.021288 0.998511 0.050222 -50.599350 0.321637 0.040724 -0.945987 575.604553
-0.946145 0.033066 -0.322052 222.712891 0.018379 0.998653 0.048538 -50.543423 0.323222 0.040005 -0.945477 574.330811
-0.945826 0.030826 -0.323210 222.287369 0.016261 0.998731 0.047667 -50.493843 0.324269 0.039829 -0.945126 573.065613
-0.945802 0.029131 -0.323435 221.845230 0.014151 0.998719 0.048568 -50.456413 0.324435 0.041358 -0.945003 571.791870
-0.945659 0.026399 -0.324089 221.402496 0.011137 0.998744 0.048854 -50.421532 0.324972 0.042590 -0.944764 570.516724
-0.945497 0.024654 -0.324697 220.958298 0.008853 0.998707 0.050049 -50.385334 0.325512 0.044446 -0.944493 569.241272
-0.945293 0.024561 -0.325297 220.520721 0.008598 0.998691 0.050419 -50.328026 0.326110 0.044863 -0.944266 567.964355
-0.945181 0.024691 -0.325611 220.081726 0.008887 0.998713 0.049933 -50.270565 0.326424 0.044302 -0.944185 566.688416
-0.945524 0.025292 -0.324570 219.648880 0.009948 0.998757 0.048848 -50.208473 0.325402 0.042957 -0.944599 565.415344
-0.945844 0.025917 -0.323588 219.213394 0.010669 0.998751 0.048805 -50.147335 0.324448 0.042710 -0.944938 564.144287
-0.946105 0.026124 -0.322805 218.778229 0.010684 0.998717 0.049507 -50.088413 0.323684 0.043390 -0.945170 562.872192
-0.946360 0.025911 -0.322072 218.343872 0.010300 0.998692 0.050082 -50.031895 0.322949 0.044078 -0.945390 561.602417
-0.946586 0.026057 -0.321398 217.909103 0.010359 0.998673 0.050455 -49.978149 0.322286 0.044430 -0.945599 560.333069
-0.946820 0.025983 -0.320714 217.473724 0.010693 0.998725 0.049344 -49.923042 0.321588 0.043290 -0.945890 559.059082
-0.947037 0.027779 -0.319920 217.037415 0.012934 0.998742 0.048434 -49.872070 0.320863 0.041732 -0.946206 557.791443
-0.947298 0.030056 -0.318941 216.600754 0.015261 0.998693 0.048786 -49.821281 0.319991 0.041347 -0.946518 556.521484
-0.947544 0.033532 -0.317861 216.164383 0.018826 0.998611 0.049226 -49.769302 0.319070 0.040660 -0.946859 555.253113
-0.947782 0.035709 -0.316916 215.729111 0.021123 0.998559 0.049343 -49.715897 0.318221 0.040072 -0.947169 553.979248
-0.948008 0.035767 -0.316230 215.296936 0.021897 0.998640 0.047308 -49.664280 0.317491 0.037924 -0.947502 552.708008
-0.948220 0.034563 -0.315728 214.866089 0.021373 0.998752 0.045144 -49.614700 0.316893 0.036058 -0.947775 551.434631
-0.948497 0.034391 -0.314913 214.434814 0.021104 0.998741 0.045504 -49.565941 0.316082 0.036515 -0.948029 550.163574
-0.948686 0.034469 -0.314335 214.004242 0.020963 0.998711 0.046245 -49.518929 0.315524 0.037283 -0.948185 548.892090
-0.948901 0.034752 -0.313654 213.575867 0.021120 0.998683 0.046757 -49.472004 0.314866 0.037744 -0.948385 547.619080
-0.949146 0.034428 -0.312951 213.151337 0.020854 0.998695 0.046618 -49.424660 0.314147 0.037721 -0.948624 546.347717
-0.949398 0.033151 -0.312322 212.723862 0.019383 0.998703 0.047085 -49.375248 0.313477 0.038649 -0.948809 545.072266
-0.949587 0.031557 -0.311913 212.304855 0.017387 0.998691 0.048104 -49.326900 0.313023 0.040254 -0.948892 543.798523
-0.949773 0.029453 -0.311552 211.887787 0.015058 0.998710 0.048505 -49.278244 0.312578 0.041377 -0.948991 542.523743
-0.949932 0.025865 -0.311385 211.466583 0.011882 0.998838 0.046716 -49.229565 0.312230 0.040677 -0.949135 541.249695
-0.949861 0.022747 -0.311845 211.052109 0.009350 0.998971 0.044388 -49.182205 0.312534 0.039246 -0.949095 539.978516
-0.949517 0.021415 -0.312986 210.641525 0.007374 0.998915 0.045976 -49.125877 0.313631 0.041347 -0.948644 538.704346
-0.949147 0.023346 -0.313965 210.225861 0.008417 0.998772 0.048820 -49.068550 0.314719 0.043695 -0.948179 537.430420
-0.948809 0.025908 -0.314786 209.804901 0.010877 0.998719 0.049412 -49.008415 0.315663 0.043458 -0.947876 536.159424
-0.948573 0.023490 -0.315688 209.361603 0.009760 0.998939 0.045000 -48.923317 0.316410 0.039604 -0.947795 534.879822
-0.948257 0.025246 -0.316497 208.906937 0.011938 0.998964 0.043917 -48.831856 0.317277 0.037866 -0.947576 533.597107
-0.948296 0.025983 -0.316323 208.442673 0.012286 0.998901 0.045216 -48.756233 0.317151 0.038992 -0.947573 532.269165
-0.947906 0.026474 -0.317450 207.975311 0.012400 0.998852 0.046275 -48.690220 0.318310 0.039928 -0.947146 530.930786
-0.947589 0.027028 -0.318348 207.508972 0.013083 0.998862 0.045862 -48.623772 0.319225 0.039293 -0.946864 529.598755
-0.947295 0.027257 -0.319202 207.042358 0.013294 0.998861 0.045841 -48.558224 0.320087 0.039180 -0.946577 528.268311
-0.946925 0.026996 -0.320319 206.575867 0.012373 0.998790 0.047597 -48.492043 0.321216 0.041107 -0.946114 526.938354
-0.946552 0.025078 -0.321575 206.113007 0.009544 0.998714 0.049789 -48.427876 0.322411 0.044059 -0.945573 525.610352
-0.946129 0.023676 -0.322925 205.651169 0.007689 0.998685 0.050695 -48.361671 0.323700 0.045481 -0.945065 524.288452
-0.945820 0.018871 -0.324145 205.192627 0.003191 0.998802 0.048836 -48.296738 0.324677 0.045155 -0.944746 522.970398
-0.945524 0.014148 -0.325247 204.735550 -0.000095 0.999043 0.043731 -48.232792 0.325555 0.041380 -0.944617 521.659058
-0.945245 0.010576 -0.326192 204.277435 -0.003202 0.999126 0.041672 -48.172134 0.326348 0.040434 -0.944385 520.346252
-0.944937 0.007539 -0.327167 203.818695 -0.006439 0.999113 0.041622 -48.113853 0.327190 0.041437 -0.944049 519.032471
-0.944657 0.007129 -0.327983 203.356873 -0.006610 0.999147 0.040755 -48.056290 0.327993 0.040667 -0.943805 517.721802
-0.944472 0.008396 -0.328485 202.892517 -0.004858 0.999207 0.039506 -48.000473 0.328555 0.038907 -0.943683 516.413574
-0.944414 0.011039 -0.328575 202.426208 -0.001515 0.999279 0.037925 -47.946564 0.328757 0.036315 -0.943716 515.107605
-0.944416 0.016411 -0.328344 201.957169 0.003970 0.999250 0.038523 -47.893425 0.328729 0.035078 -0.943772 513.803040
-0.944423 0.021513 -0.328029 201.487183 0.008311 0.999100 0.041596 -47.839935 0.328629 0.036559 -0.943752 512.493591
-0.944416 0.024289 -0.327855 201.021332 0.010797 0.999021 0.042907 -47.786671 0.328575 0.036981 -0.943754 511.188934
-0.944338 0.023530 -0.328137 200.559570 0.011100 0.999150 0.039703 -47.735199 0.328791 0.033851 -0.943796 509.886749
-0.944729 0.018581 -0.327328 200.103378 0.007171 0.999325 0.036030 -47.684792 0.327776 0.031692 -0.944224 508.615540
-0.945037 0.014966 -0.326622 199.646606 0.004231 0.999429 0.033553 -47.635735 0.326937 0.030327 -0.944559 507.355988
-0.945040 0.013226 -0.326689 199.185028 0.002676 0.999462 0.032721 -47.584816 0.326946 0.030048 -0.944565 506.088562
-0.945132 0.013506 -0.326411 198.722870 0.003060 0.999467 0.032491 -47.539650 0.326675 0.029709 -0.944669 504.821411
-0.945364 0.014122 -0.325712 198.261612 0.003700 0.999462 0.032593 -47.496441 0.325997 0.029607 -0.944907 503.553711
-0.945664 0.014284 -0.324834 197.804840 0.003742 0.999447 0.033052 -47.455513 0.325126 0.030040 -0.945193 502.284058
-0.945891 0.013791 -0.324192 197.350433 0.003138 0.999439 0.033359 -47.415627 0.324470 0.030536 -0.945403 501.013031
-0.946261 0.012222 -0.323172 196.893768 0.001633 0.999454 0.033014 -47.368774 0.323399 0.030712 -0.945764 499.736023
-0.946529 0.010465 -0.322451 196.438309 0.000216 0.999494 0.031802 -47.322712 0.322621 0.030031 -0.946052 498.460785
-0.946695 0.008402 -0.322020 195.992737 -0.001497 0.999535 0.030478 -47.286572 0.322126 0.029335 -0.946242 497.185638
-0.946882 0.006433 -0.321518 195.539215 -0.003275 0.999555 0.029642 -47.243519 0.321565 0.029121 -0.946439 495.907410
-0.947049 0.004836 -0.321055 195.086105 -0.004937 0.999550 0.029615 -47.200523 0.321053 0.029631 -0.946598 494.629639
-0.946426 0.003453 -0.322902 194.694321 -0.007239 0.999465 0.031905 -47.188297 0.322840 0.032533 -0.945894 493.356781
-0.946503 0.001718 -0.322691 194.306076 -0.009172 0.999439 0.032225 -47.177696 0.322565 0.033461 -0.945955 492.086182
-0.946558 -0.000693 -0.322531 193.918625 -0.011345 0.999451 0.031145 -47.168350 0.322332 0.033139 -0.946046 490.815857
-0.946624 -0.002520 -0.322331 193.531128 -0.012963 0.999459 0.030252 -47.159977 0.322080 0.032816 -0.946144 489.547180
-0.946729 -0.003592 -0.322014 193.143829 -0.013912 0.999460 0.029750 -47.151787 0.321733 0.032645 -0.946267 488.280029
-0.946872 -0.005428 -0.321566 192.758545 -0.015039 0.999511 0.027412 -47.145370 0.321260 0.030791 -0.946490 487.016846
-0.947223 -0.007507 -0.320488 192.374298 -0.016503 0.999542 0.025363 -47.136574 0.320151 0.029313 -0.946913 485.758423
-0.947462 -0.009325 -0.319733 191.983978 -0.018423 0.999507 0.025441 -47.128773 0.319338 0.029995 -0.947166 484.503418
-0.947602 -0.011610 -0.319245 191.583908 -0.020774 0.999464 0.025314 -47.118389 0.318780 0.030619 -0.947334 483.256500
-0.947725 -0.013326 -0.318811 191.181244 -0.022171 0.999463 0.024130 -47.107048 0.318319 0.029937 -0.947511 482.015900
-0.947919 -0.014763 -0.318172 190.777267 -0.023352 0.999458 0.023196 -47.094955 0.317657 0.029419 -0.947749 480.781128
-0.948370 -0.014144 -0.316853 190.350540 -0.022602 0.999479 0.023033 -47.082008 0.316362 0.029005 -0.948195 479.546143
-0.948539 -0.013969 -0.316353 189.899597 -0.022206 0.999502 0.022447 -47.061996 0.315881 0.028317 -0.948376 478.321350
-0.948721 -0.013743 -0.315815 189.455704 -0.022135 0.999490 0.023000 -47.042908 0.315339 0.028811 -0.948542 477.095398
-0.948962 -0.012715 -0.315135 189.018036 -0.021172 0.999502 0.023427 -47.024101 0.314679 0.028903 -0.948758 475.871124
-0.949270 -0.012034 -0.314230 188.585831 -0.020048 0.999551 0.022282 -47.009094 0.313821 0.027452 -0.949086 474.650024
-0.949407 -0.012557 -0.313797 188.186691 -0.019682 0.999615 0.019548 -46.990128 0.313431 0.024736 -0.949289 473.423889
-0.949841 -0.012080 -0.312502 187.807648 -0.018551 0.999671 0.017742 -46.968445 0.312185 0.022649 -0.949751 472.195435
-0.950296 -0.010462 -0.311171 187.428299 -0.017387 0.999659 0.019488 -46.950912 0.310861 0.023929 -0.950154 470.965576
-0.950788 -0.008900 -0.309712 187.048065 -0.016079 0.999658 0.020629 -46.934868 0.309423 0.024594 -0.950606 469.739868
-0.951410 -0.008251 -0.307816 186.665024 -0.014848 0.999707 0.019096 -46.919399 0.307569 0.022739 -0.951254 468.517456
-0.952046 -0.008095 -0.305847 186.279510 -0.014180 0.999744 0.017678 -46.905190 0.305625 0.021167 -0.951916 467.298401
-0.952645 -0.008620 -0.303964 185.890350 -0.014629 0.999740 0.017496 -46.893791 0.303734 0.021114 -0.952523 466.078705
-0.953194 -0.009036 -0.302226 185.511963 -0.015174 0.999723 0.017966 -46.878475 0.301979 0.021711 -0.953067 464.853210
-0.954038 -0.011221 -0.299475 185.108521 -0.017839 0.999653 0.019374 -46.845985 0.299153 0.023826 -0.953908 463.611938
-0.954615 -0.012303 -0.297588 184.705215 -0.019869 0.999552 0.022410 -46.810310 0.297179 0.027305 -0.954431 462.370972
-0.955174 -0.014239 -0.295701 184.303848 -0.022501 0.999445 0.024556 -46.773724 0.295187 0.030109 -0.954965 461.128448
-0.955739 -0.016849 -0.293733 183.904922 -0.024878 0.999411 0.023621 -46.737804 0.293161 0.029883 -0.955596 459.889465
-0.956406 -0.018405 -0.291458 183.506058 -0.025604 0.999454 0.020901 -46.703243 0.290914 0.027453 -0.956355 458.651703
-0.957176 -0.018485 -0.288916 183.107224 -0.025211 0.999490 0.019576 -46.670486 0.288407 0.026021 -0.957154 457.410461
-0.957905 -0.017140 -0.286573 182.714386 -0.023864 0.999516 0.019988 -46.644073 0.286092 0.025985 -0.957850 456.170959
-0.958662 -0.015859 -0.284106 182.328674 -0.022306 0.999562 0.019472 -46.621460 0.283672 0.025005 -0.958595 454.930176
-0.959445 -0.015791 -0.281453 181.952164 -0.021659 0.999608 0.017748 -46.600929 0.281062 0.023125 -0.959411 453.689087
-0.960340 -0.017195 -0.278300 181.583237 -0.022478 0.999623 0.015805 -46.582245 0.277923 0.021434 -0.960364 452.448059
-0.961413 -0.019486 -0.274421 181.221115 -0.024140 0.999616 0.013588 -46.566235 0.274051 0.019688 -0.961513 451.204865
-0.962594 -0.022705 -0.269996 180.867081 -0.027199 0.999547 0.012918 -46.551346 0.269579 0.019778 -0.962775 449.959686
-0.963729 -0.023825 -0.265816 180.516693 -0.029434 0.999421 0.017133 -46.534634 0.265253 0.024335 -0.963872 448.707428
-0.964755 -0.026033 -0.261860 180.173553 -0.033157 0.999190 0.022827 -46.515427 0.261053 0.030705 -0.964836 447.453339
-0.965807 -0.026895 -0.257864 179.834351 -0.033819 0.999176 0.022454 -46.494713 0.257047 0.030406 -0.965920 446.202179
-0.966864 -0.027457 -0.253811 179.500732 -0.033156 0.999285 0.018205 -46.476185 0.253129 0.026017 -0.967083 444.955261
-0.967926 -0.028298 -0.249641 179.173416 -0.032524 0.999389 0.012818 -46.461571 0.249125 0.020526 -0.968254 443.707672
-0.968998 -0.028100 -0.245466 178.850662 -0.031655 0.999443 0.010547 -46.450348 0.245034 0.017990 -0.969348 442.454254
-0.969953 -0.027354 -0.241751 178.533920 -0.031457 0.999419 0.013124 -46.439857 0.241251 0.020334 -0.970250 441.196198
-0.970798 -0.026534 -0.238429 178.222473 -0.031678 0.999340 0.017769 -46.427635 0.237800 0.024803 -0.970997 439.933014
-0.971616 -0.025881 -0.235144 177.916824 -0.031455 0.999305 0.019985 -46.413445 0.234463 0.026813 -0.971755 438.672729
-0.972466 -0.026026 -0.231586 177.626953 -0.031243 0.999333 0.018886 -46.399147 0.230940 0.025602 -0.972631 437.419830
-0.973304 -0.026163 -0.228025 177.344742 -0.030990 0.999364 0.017612 -46.385498 0.227418 0.024208 -0.973496 436.167023
-0.974137 -0.026140 -0.224441 177.064499 -0.030755 0.999381 0.017085 -46.373352 0.223856 0.023546 -0.974338 434.913788
-0.974926 -0.026723 -0.220921 176.787598 -0.031189 0.999373 0.016748 -46.363113 0.220335 0.023219 -0.975147 433.661438
-0.975645 -0.028366 -0.217516 176.514954 -0.032530 0.999350 0.015584 -46.354275 0.216932 0.022280 -0.975932 432.411957
-0.976330 -0.030797 -0.214083 176.247055 -0.034747 0.999288 0.014703 -46.346050 0.213477 0.021794 -0.976705 431.166138
-0.976933 -0.033699 -0.210872 175.981369 -0.037679 0.999179 0.014882 -46.335876 0.210197 0.022484 -0.977400 429.919678
-0.977444 -0.037001 -0.207928 175.719040 -0.041170 0.999028 0.015757 -46.324997 0.207143 0.023962 -0.978017 428.676331
-0.977873 -0.041793 -0.204988 175.463821 -0.046067 0.998808 0.016118 -46.317051 0.204070 0.025205 -0.978632 427.435303
-0.978319 -0.044699 -0.202223 175.209534 -0.048613 0.998714 0.014419 -46.308220 0.201318 0.023938 -0.979233 426.201294
-0.978839 -0.045762 -0.199451 174.956024 -0.048944 0.998741 0.011043 -46.301495 0.198695 0.020572 -0.979846 424.973480
-0.979481 -0.044956 -0.196456 174.708481 -0.047614 0.998827 0.008823 -46.296947 0.195829 0.017996 -0.980473 423.748169
-0.980298 -0.041692 -0.193077 174.463730 -0.044334 0.998973 0.009380 -46.294518 0.192487 0.017756 -0.981139 422.529327
-0.981095 -0.038327 -0.189696 174.223526 -0.041012 0.999107 0.010242 -46.292747 0.189133 0.017828 -0.981789 421.315186
-0.981734 -0.037183 -0.186590 173.991867 -0.039739 0.999160 0.009976 -46.291527 0.186063 0.017209 -0.982387 420.109711
-0.982249 -0.037790 -0.183736 173.767883 -0.040250 0.999143 0.009675 -46.290173 0.183213 0.016898 -0.982928 418.908691
-0.982713 -0.038728 -0.181040 173.549927 -0.041379 0.999084 0.010891 -46.288254 0.180452 0.018194 -0.983415 417.713745
-0.983187 -0.038790 -0.178432 173.335434 -0.041760 0.999044 0.012913 -46.285782 0.177760 0.020147 -0.983867 416.523285
-0.983678 -0.037297 -0.176029 173.123291 -0.040396 0.999085 0.014056 -46.281956 0.175343 0.020938 -0.984285 415.341614
-0.984132 -0.036270 -0.173691 172.915009 -0.039306 0.999129 0.014065 -46.277435 0.173029 0.020669 -0.984700 414.165955
-0.984643 -0.035707 -0.170891 172.711044 -0.038403 0.999184 0.012495 -46.272270 0.170305 0.018866 -0.985210 413.007111
-0.985068 -0.035071 -0.168557 172.510788 -0.037489 0.999234 0.011178 -46.266724 0.168035 0.017330 -0.985628 411.854370
-0.985398 -0.035590 -0.166507 172.316788 -0.037956 0.999219 0.011046 -46.262634 0.165983 0.017204 -0.985979 410.705872
-0.985734 -0.036223 -0.164370 172.127457 -0.038559 0.999195 0.011040 -46.260010 0.163837 0.017220 -0.986337 409.560608
-0.986116 -0.036847 -0.161918 171.942551 -0.039141 0.999173 0.010992 -46.257568 0.161379 0.017177 -0.986743 408.421997
-0.986530 -0.035719 -0.159630 171.759277 -0.038186 0.999194 0.012405 -46.254116 0.159059 0.018334 -0.987099 407.287506
-0.986980 -0.033744 -0.157265 171.574036 -0.036445 0.999233 0.014317 -46.249008 0.156661 0.019862 -0.987453 406.154846
-0.987588 -0.032910 -0.153581 171.386703 -0.034793 0.999349 0.009587 -46.229904 0.153166 0.014812 -0.988089 405.028229
-0.988089 -0.030846 -0.150764 171.199112 -0.032159 0.999464 0.006279 -46.208553 0.150489 0.011052 -0.988549 403.903564
-0.988565 -0.028264 -0.148126 171.013428 -0.029344 0.999557 0.005101 -46.187515 0.147916 0.009389 -0.988956 402.781952
-0.989000 -0.026525 -0.145516 170.830902 -0.027948 0.999580 0.007733 -46.164871 0.145250 0.011714 -0.989326 401.659485
-0.989505 -0.024812 -0.142353 170.651123 -0.026651 0.999584 0.011027 -46.139801 0.142020 0.014705 -0.989755 400.542023
-0.990038 -0.024405 -0.138671 170.475708 -0.026269 0.999587 0.011628 -46.115601 0.138329 0.015155 -0.990270 399.429840
-0.990520 -0.025124 -0.135058 170.307373 -0.026712 0.999594 0.009955 -46.098404 0.134752 0.013468 -0.990788 398.323883
-0.990931 -0.026621 -0.131711 170.146896 -0.027880 0.999582 0.007720 -46.084908 0.131450 0.011322 -0.991258 397.229218
-0.991390 -0.027931 -0.127930 169.994186 -0.029077 0.999552 0.007094 -46.073227 0.127675 0.010752 -0.991758 396.141846
-0.991952 -0.028063 -0.123465 169.846893 -0.029237 0.999543 0.007699 -46.062565 0.123193 0.011246 -0.992319 395.062408
-0.992635 -0.026822 -0.118138 169.704758 -0.028094 0.999564 0.009108 -46.051922 0.117841 0.012360 -0.992955 393.988434
-0.993583 -0.023494 -0.110634 169.568726 -0.024938 0.999621 0.011683 -46.043427 0.110317 0.014367 -0.993793 392.943695
-0.994464 -0.020265 -0.103100 169.447739 -0.021944 0.999644 0.015179 -46.041245 0.102756 0.017357 -0.994555 391.919006
-0.995392 -0.018476 -0.094092 169.339203 -0.020181 0.999648 0.017200 -46.037766 0.093741 0.019020 -0.995414 390.900970
-0.996348 -0.017091 -0.083649 169.232101 -0.018567 0.999685 0.016897 -46.028839 0.083334 0.018388 -0.996351 389.886658
-0.997272 -0.015771 -0.072110 169.144394 -0.016967 0.999728 0.016001 -46.023346 0.071837 0.017181 -0.997268 388.880402
-0.998102 -0.015420 -0.059633 169.073730 -0.016359 0.999749 0.015270 -46.017807 0.059382 0.016216 -0.998103 387.880676
-0.998830 -0.015465 -0.045824 169.019577 -0.016144 0.999765 0.014463 -46.011467 0.045589 0.015187 -0.998845 386.885529
-0.999418 -0.014993 -0.030647 168.980057 -0.015422 0.999786 0.013804 -46.004234 0.030433 0.014269 -0.999435 385.896393
-0.999794 -0.014279 -0.014443 168.955688 -0.014480 0.999800 0.013837 -45.996105 0.014243 0.014042 -0.999800 384.910583
-0.999891 -0.014646 0.002063 168.956726 -0.014616 0.999793 0.014138 -45.991093 -0.002269 0.014105 -0.999898 383.939667
-0.999729 -0.014986 0.017866 168.988617 -0.014733 0.999791 0.014214 -45.985947 -0.018075 0.013947 -0.999740 382.977509
-0.999323 -0.015690 0.033276 169.031708 -0.015247 0.999792 0.013567 -45.979462 -0.033482 0.013051 -0.999354 382.017029
-0.998655 -0.017411 0.048839 169.063675 -0.016794 0.999775 0.013003 -45.969589 -0.049055 0.012164 -0.998722 381.070374
-0.997886 -0.019131 0.062110 169.101852 -0.018392 0.999753 0.012449 -45.958862 -0.062333 0.011281 -0.997992 380.129242
-0.997004 -0.023775 0.073603 169.177338 -0.022941 0.999663 0.012160 -45.942207 -0.073868 0.010435 -0.997214 379.164948
-0.996059 -0.026702 0.084584 169.256714 -0.025771 0.999595 0.012086 -45.924881 -0.084873 0.009858 -0.996343 378.200653
-0.995058 -0.029511 0.094812 169.340408 -0.028449 0.999517 0.012543 -45.907288 -0.095137 0.009784 -0.995416 377.235046
-0.994049 -0.031601 0.104243 169.426132 -0.030346 0.999447 0.013599 -45.889099 -0.104614 0.010355 -0.994459 376.270538
-0.992961 -0.033752 0.113529 169.527603 -0.032324 0.999374 0.014408 -45.874149 -0.113945 0.010637 -0.993430 375.306183
-0.991758 -0.035550 0.123101 169.629791 -0.033869 0.999302 0.015728 -45.855865 -0.123575 0.011429 -0.992269 374.346954
-0.990372 -0.036700 0.133485 169.750824 -0.034698 0.999249 0.017294 -45.842651 -0.134020 0.012496 -0.990899 373.387665
-0.988783 -0.036965 0.144720 169.880753 -0.034597 0.999224 0.018852 -45.830803 -0.145305 0.013633 -0.989293 372.436829
-0.986999 -0.037612 0.156266 170.022736 -0.034958 0.999195 0.019705 -45.818718 -0.156881 0.013986 -0.987519 371.495819
-0.985156 -0.038217 0.167355 170.176559 -0.035144 0.999156 0.021288 -45.805359 -0.168027 0.015091 -0.985667 370.559052
-0.983207 -0.038963 0.178286 170.324051 -0.035348 0.999101 0.023410 -45.786415 -0.179038 0.016714 -0.983700 369.627258
-0.981154 -0.038272 0.189400 170.492783 -0.033982 0.999088 0.025846 -45.770779 -0.190217 0.018923 -0.981560 368.699493
-0.978819 -0.037846 0.201200 170.673080 -0.032889 0.999069 0.027930 -45.752800 -0.202071 0.020720 -0.979152 367.779083
-0.976189 -0.036708 0.213792 170.864380 -0.030990 0.999068 0.030035 -45.733208 -0.214695 0.022694 -0.976417 366.865265
-0.973159 -0.035232 0.227424 171.066772 -0.028635 0.999070 0.032245 -45.712051 -0.228348 0.024867 -0.973262 365.959534
-0.969720 -0.033444 0.241920 171.281601 -0.026399 0.999130 0.032308 -45.691055 -0.242790 0.024943 -0.969758 365.061951
-0.965867 -0.031066 0.257169 171.508240 -0.023960 0.999241 0.030722 -45.669662 -0.257928 0.023511 -0.965878 364.173889
-0.961612 -0.026942 0.273089 171.753616 -0.019634 0.999373 0.029461 -45.646797 -0.273711 0.022969 -0.961537 363.301605
-0.956794 -0.023873 0.289787 172.031433 -0.015946 0.999432 0.029683 -45.625519 -0.290331 0.023779 -0.956631 362.440552
-0.951168 -0.019011 0.308091 172.310303 -0.009741 0.999453 0.031599 -45.610363 -0.308523 0.027054 -0.950832 361.584839
-0.944874 -0.014718 0.327104 172.598495 -0.004217 0.999454 0.032789 -45.594757 -0.327407 0.029602 -0.944419 360.732056
-0.937851 -0.010083 0.346891 172.895889 0.001371 0.999463 0.032757 -45.579643 -0.347035 0.031197 -0.937333 359.884460
-0.930207 -0.005334 0.366998 173.203003 0.007099 0.999446 0.032518 -45.564445 -0.366968 0.032854 -0.929653 359.038666
-0.922114 -0.000932 0.386916 173.519547 0.012679 0.999387 0.032623 -45.548435 -0.386710 0.034989 -0.921537 358.196014
-0.913466 -0.000997 0.406914 173.901443 0.015030 0.999233 0.036189 -45.522774 -0.406638 0.039173 -0.912749 357.343475
-0.904449 0.000084 0.426584 174.290756 0.018283 0.999089 0.038565 -45.498226 -0.426193 0.042679 -0.903625 356.494507
-0.895015 0.002516 0.446029 174.687729 0.022560 0.998960 0.039638 -45.472893 -0.445466 0.045538 -0.894140 355.646088
-0.885031 0.004923 0.465505 175.109833 0.025823 0.998924 0.038531 -45.441757 -0.464814 0.046122 -0.884206 354.809875
-0.874491 0.007448 0.484985 175.551880 0.029186 0.998878 0.037288 -45.409172 -0.484163 0.046763 -0.873728 353.979584
-0.863164 0.009613 0.504833 176.013000 0.032950 0.998760 0.037321 -45.376945 -0.503848 0.048849 -0.862410 353.154419
-0.850800 0.011919 0.525355 176.492844 0.037253 0.998595 0.037675 -45.345306 -0.524168 0.051624 -0.850048 352.335541
-0.837572 0.013852 0.546152 176.984406 0.041590 0.998394 0.038458 -45.315651 -0.544743 0.054926 -0.836802 351.514709
-0.823897 0.015535 0.566527 177.487198 0.046533 0.998104 0.040302 -45.284370 -0.564826 0.059567 -0.823057 350.697357
-0.810089 0.015513 0.586102 178.013840 0.048952 0.997950 0.041247 -45.252289 -0.584260 0.062104 -0.809186 349.895325
-0.796221 0.016889 0.604770 178.564178 0.051368 0.997888 0.039762 -45.221062 -0.602820 0.062725 -0.795407 349.106812
-0.781955 0.018928 0.623047 179.134613 0.053759 0.997863 0.037155 -45.189159 -0.621012 0.062548 -0.781301 348.328125
-0.767248 0.018689 0.641078 179.725708 0.054802 0.997830 0.036499 -45.157295 -0.639005 0.063137 -0.766607 347.561096
-0.751104 0.016358 0.659981 180.358368 0.055631 0.997706 0.038582 -45.115791 -0.657836 0.065695 -0.750291 346.800018
-0.734168 0.014957 0.678803 181.031494 0.056814 0.997605 0.039467 -45.075321 -0.676587 0.067541 -0.733259 346.065216
-0.716817 0.012989 0.697141 181.727127 0.057368 0.997535 0.040401 -45.036018 -0.694898 0.068954 -0.715794 345.349152
-0.698332 0.011285 0.715685 182.436356 0.056337 0.997640 0.039242 -44.998905 -0.713553 0.067724 -0.697320 344.651794
-0.677900 0.010508 0.735079 183.162842 0.059147 0.997437 0.040288 -44.956112 -0.732771 0.070789 -0.676783 343.976776
-0.656222 0.007817 0.754527 183.921722 0.061768 0.997147 0.043392 -44.914219 -0.752035 0.075080 -0.654833 343.330780
-0.633171 0.001455 0.774010 184.697174 0.063118 0.996765 0.049760 -44.873512 -0.771434 0.080360 -0.631214 342.699707
-0.608826 -0.000757 0.793303 185.483200 0.066820 0.996397 0.052233 -44.831833 -0.790485 0.084809 -0.606582 342.082458
-0.583914 0.000101 0.811816 186.282944 0.070681 0.996209 0.050715 -44.788925 -0.808733 0.086994 -0.581707 341.483795
-0.560034 -0.001107 0.828469 187.111008 0.072071 0.996143 0.050051 -44.741783 -0.825329 0.087738 -0.557794 340.917450
-0.536450 -0.003404 0.843926 187.967499 0.073003 0.996057 0.050423 -44.698872 -0.840769 0.088657 -0.534085 340.375824
-0.513159 -0.006679 0.858268 188.838440 0.073826 0.995920 0.051891 -44.655636 -0.855113 0.089990 -0.510572 339.848633
-0.490128 -0.010126 0.871592 189.726807 0.074179 0.995821 0.053284 -44.610203 -0.868489 0.090770 -0.487329 339.336761
-0.467882 -0.012525 0.883703 190.631454 0.074395 0.995793 0.053503 -44.563358 -0.880655 0.090777 -0.464981 338.841217
-0.447302 -0.013981 0.894274 191.549454 0.074690 0.995802 0.052927 -44.515236 -0.891258 0.090468 -0.444380 338.362366
-0.428754 -0.014827 0.903300 192.480972 0.074635 0.995866 0.051772 -44.466431 -0.900334 0.089614 -0.425875 337.898376
-0.412079 -0.015632 0.911014 193.426788 0.074517 0.995925 0.050794 -44.417255 -0.908096 0.088817 -0.409234 337.446655
-0.397324 -0.016678 0.917527 194.384552 0.074652 0.995933 0.050431 -44.367649 -0.914637 0.088534 -0.394463 337.006714
-0.385672 -0.017784 0.922464 195.372009 0.075044 0.995897 0.050576 -44.321266 -0.919578 0.088731 -0.382755 336.598053
-0.382311 -0.019991 0.923818 196.389359 0.074782 0.995818 0.052496 -44.311501 -0.921003 0.089154 -0.379216 336.363007
-0.372571 -0.021445 0.927756 197.418900 0.074486 0.995817 0.052932 -44.306534 -0.925010 0.088826 -0.369415 336.155090
-0.363881 -0.022607 0.931171 198.453812 0.075302 0.995719 0.053601 -44.300911 -0.928396 0.089623 -0.360621 335.949188
-0.355695 -0.023344 0.934311 199.491302 0.075847 0.995670 0.053754 -44.287285 -0.931519 0.089984 -0.352385 335.715790
-0.348228 -0.023728 0.937110 200.537628 0.077215 0.995556 0.053901 -44.265976 -0.934224 0.091128 -0.344849 335.465637
-0.341254 -0.024442 0.939653 201.585297 0.078384 0.995440 0.054361 -44.236221 -0.936697 0.092205 -0.337782 335.187134
-0.334122 -0.024990 0.942199 202.613556 0.078785 0.995409 0.054340 -44.140537 -0.939232 0.092388 -0.330619 334.639038
-0.328535 -0.025712 0.944142 203.652573 0.079267 0.995352 0.054689 -44.021904 -0.941159 0.092807 -0.324969 334.010925
-0.324848 -0.027790 0.945358 204.731079 0.079381 0.995240 0.056534 -43.951542 -0.942429 0.093408 -0.321096 333.585938
-0.322922 -0.031170 0.945912 205.817535 0.078096 0.995171 0.059455 -43.874977 -0.943198 0.093071 -0.318929 333.149475
-0.322124 -0.035818 0.946020 206.916199 0.076108 0.995070 0.063591 -43.812256 -0.943634 0.092484 -0.317810 332.778687
-0.321831 -0.040342 0.945938 208.021500 0.074809 0.994885 0.067881 -43.744598 -0.943837 0.092611 -0.317166 332.404053
-0.322510 -0.043063 0.945586 209.148331 0.074847 0.994677 0.070828 -43.653610 -0.943602 0.093617 -0.317570 332.035461
-0.322684 -0.046474 0.945365 210.283188 0.074324 0.994465 0.074258 -43.547691 -0.943584 0.094225 -0.317445 331.647308
-0.323211 -0.047334 0.945143 211.417694 0.072942 0.994531 0.074751 -43.444817 -0.943512 0.093101 -0.317990 331.257172
-0.324408 -0.045584 0.944818 212.548935 0.072685 0.994684 0.072946 -43.346115 -0.943121 0.092338 -0.319370 330.867706
-0.326165 -0.045640 0.944211 213.681717 0.072516 0.994683 0.073130 -43.251629 -0.942527 0.092322 -0.321121 330.477570
-0.328458 -0.048478 0.943274 214.816376 0.072770 0.994415 0.076446 -43.158733 -0.941712 0.093751 -0.323095 330.085602
-0.331311 -0.053292 0.942016 215.955429 0.073410 0.993922 0.082047 -43.056526 -0.940661 0.096337 -0.325385 329.694397
-0.334698 -0.058776 0.940490 217.094650 0.074450 0.993284 0.088571 -42.949944 -0.939379 0.099664 -0.328075 329.300415
-0.338882 -0.063523 0.938683 218.231354 0.076087 0.992600 0.094641 -42.840263 -0.937748 0.103493 -0.331540 328.903473
-0.343704 -0.066863 0.936695 219.366165 0.078005 0.991982 0.099432 -42.728027 -0.935833 0.107242 -0.335731 328.503235
-0.348593 -0.068443 0.934772 220.500320 0.079633 0.991562 0.102299 -42.614647 -0.933885 0.110099 -0.340200 328.099976
-0.354228 -0.068129 0.932674 221.623154 0.081965 0.991243 0.103537 -42.508041 -0.931561 0.113122 -0.345542 327.684753
-0.359521 -0.068103 0.930649 222.744125 0.083656 0.990965 0.104834 -42.398567 -0.929379 0.115545 -0.350575 327.260437
-0.365874 -0.070375 0.928000 223.862137 0.083058 0.990689 0.107875 -42.284126 -0.926951 0.116546 -0.356622 326.835846
-0.371792 -0.074645 0.925310 224.979004 0.081787 0.990252 0.112746 -42.164497 -0.924706 0.117597 -0.362063 326.404388
-0.378194 -0.078734 0.922372 226.097244 0.080991 0.989742 0.117694 -42.038788 -0.922177 0.119215 -0.367937 325.959900
-0.385247 -0.080636 0.919284 227.211761 0.080185 0.989482 0.120398 -41.907242 -0.919323 0.120096 -0.374729 325.505859
-0.392990 -0.082611 0.915825 228.331100 0.079555 0.989167 0.123366 -41.771755 -0.916095 0.121341 -0.382161 325.054535
-0.400963 -0.084682 0.912171 229.448669 0.079026 0.988809 0.126534 -41.634621 -0.912679 0.122820 -0.389784 324.598022
-0.409206 -0.086422 0.908341 230.559265 0.078759 0.988443 0.129524 -41.492271 -0.909036 0.124541 -0.397671 324.118683
-0.417699 -0.087492 0.904363 231.666046 0.078703 0.988128 0.131947 -41.350563 -0.905170 0.126290 -0.405853 323.645355
-0.426412 -0.087378 0.900299 232.769318 0.079228 0.987890 0.133405 -41.208672 -0.901053 0.128215 -0.414325 323.166412
-0.435112 -0.086172 0.896243 233.861588 0.078088 0.988048 0.132909 -41.062996 -0.896984 0.127816 -0.423183 322.664368
-0.444787 -0.080830 0.891982 234.936813 0.078776 0.988529 0.128861 -40.915154 -0.892165 0.127582 -0.433317 322.140289
-0.453985 -0.075083 0.887840 235.997772 0.079498 0.989056 0.124293 -40.765411 -0.887455 0.127008 -0.443047 321.598083
-0.463695 -0.072879 0.882993 237.050735 0.079374 0.989187 0.123326 -40.619934 -0.882433 0.127272 -0.452896 321.049713
-0.473831 -0.073097 0.877578 238.091660 0.080305 0.988810 0.125721 -40.477219 -0.876947 0.130044 -0.462658 320.493591
-0.485390 -0.073902 0.871169 239.116348 0.078798 0.988669 0.127774 -40.341957 -0.870740 0.130665 -0.474066 319.928619
-0.497662 -0.072827 0.864308 240.125046 0.078353 0.988620 0.128417 -40.206596 -0.863825 0.131629 -0.486292 319.356171
-0.511700 -0.072063 0.856137 241.132141 0.076073 0.988762 0.128695 -40.066887 -0.855790 0.130982 -0.500467 318.783142
-0.525185 -0.071917 0.847944 242.127960 0.073869 0.988809 0.129615 -39.927246 -0.847776 0.130709 -0.513996 318.202972
-0.539363 -0.070014 0.839157 243.110352 0.073566 0.988810 0.129783 -39.787971 -0.838853 0.131734 -0.528177 317.602936
-0.552608 -0.068685 0.830606 244.079041 0.072332 0.988886 0.129896 -39.649395 -0.830297 0.131861 -0.541498 316.996124
-0.566127 -0.068355 0.821480 245.039154 0.070186 0.988940 0.130660 -39.511482 -0.821325 0.131627 -0.555066 316.383759
-0.580779 -0.069485 0.811090 245.944519 0.065189 0.989182 0.131419 -39.383945 -0.811447 0.129199 -0.569966 315.761353
-0.594951 -0.069004 0.800795 246.894363 0.061883 0.989418 0.131234 -39.230431 -0.801376 0.127633 -0.584385 315.121429
-0.608176 -0.067789 0.790902 247.800934 0.060346 0.989516 0.131217 -39.087311 -0.791505 0.127531 -0.597709 314.453827
-0.621892 -0.065967 0.780320 248.685532 0.058991 0.989668 0.130679 -38.946037 -0.780878 0.127300 -0.611574 313.790649
-0.634648 -0.064022 0.770144 249.557571 0.058448 0.989732 0.130442 -38.802639 -0.770588 0.127798 -0.624390 313.124359
-0.647508 -0.060810 0.759629 250.420456 0.058399 0.989920 0.129025 -38.662300 -0.759818 0.127906 -0.637430 312.417511
-0.659744 -0.057698 0.749273 251.273865 0.059241 0.989953 0.128395 -38.521866 -0.749152 0.129096 -0.649696 311.707092
-0.671622 -0.053741 0.738942 252.118576 0.060766 0.990011 0.127232 -38.382347 -0.738398 0.130354 -0.661647 310.992126
-0.683137 -0.050102 0.728569 252.954117 0.062322 0.990005 0.126517 -38.243401 -0.727626 0.131834 -0.673186 310.274658
-0.694042 -0.047683 0.718355 253.787537 0.062987 0.989956 0.126566 -38.104092 -0.717174 0.133089 -0.684067 309.556824
-0.704601 -0.044706 0.708195 254.528244 0.062868 0.990156 0.125055 -37.986504 -0.706814 0.132636 -0.694854 308.830109
-0.714848 -0.041891 0.698024 255.246262 0.062020 0.990472 0.122958 -37.872971 -0.696524 0.131187 -0.705439 308.099884
-0.724890 -0.039086 0.687756 255.952103 0.060728 0.990876 0.120319 -37.760582 -0.686184 0.128984 -0.715901 307.370483
-0.734686 -0.036598 0.677420 256.639069 0.058871 0.991338 0.117405 -37.651440 -0.675848 0.126136 -0.726168 306.636688
-0.744452 -0.032026 0.666909 257.307495 0.059754 0.991646 0.114323 -37.544563 -0.664997 0.124958 -0.736318 305.898834
-0.754121 -0.028953 0.656097 257.966858 0.060387 0.991739 0.113174 -37.439812 -0.653954 0.124965 -0.746142 305.160248
-0.763821 -0.030661 0.644700 258.619537 0.058578 0.991455 0.116555 -37.333702 -0.642764 0.126792 -0.755498 304.421783
-0.773473 -0.031563 0.633044 259.276154 0.056729 0.991303 0.118740 -37.219204 -0.631286 0.127753 -0.764956 303.659790
-0.782922 -0.030358 0.621379 259.919830 0.054558 0.991610 0.117189 -37.099400 -0.619723 0.125650 -0.774697 302.890228
-0.792511 -0.027741 0.609226 260.548889 0.051987 0.992255 0.112811 -36.982864 -0.607637 0.121076 -0.784931 302.127716
-0.801747 -0.028504 0.596984 261.159210 0.047556 0.992653 0.111263 -36.869793 -0.595769 0.117594 -0.794500 301.371979
-0.809967 -0.029791 0.585719 261.675323 0.046210 0.992362 0.114375 -36.775604 -0.584653 0.119705 -0.802404 300.650909
-0.818352 -0.030482 0.573910 262.163940 0.045048 0.992118 0.116929 -36.686035 -0.572950 0.121542 -0.810528 299.939270
-0.826683 -0.029057 0.561917 262.634460 0.044430 0.992176 0.116672 -36.598328 -0.560911 0.121417 -0.818924 299.236237
-0.835104 -0.028197 0.549370 263.093994 0.042943 0.992296 0.116210 -36.511856 -0.548413 0.120639 -0.827460 298.539276
-0.843455 -0.027911 0.536476 263.542053 0.040668 0.992466 0.115574 -36.427063 -0.535660 0.119299 -0.835964 297.848694
-0.852102 -0.027126 0.522673 263.976868 0.039986 0.992364 0.116691 -36.342369 -0.521847 0.120332 -0.844510 297.161804
-0.861083 -0.024933 0.507852 264.396576 0.041560 0.992004 0.119169 -36.256569 -0.506763 0.123721 -0.853162 296.478912
-0.870337 -0.020681 0.492023 264.801697 0.045429 0.991486 0.122036 -36.170822 -0.490357 0.128564 -0.861987 295.800446
-0.879659 -0.016022 0.475336 265.192993 0.049568 0.990901 0.125132 -36.085041 -0.473016 0.133636 -0.870860 295.129303
-0.888800 -0.011171 0.458160 265.571991 0.052401 0.990670 0.125809 -36.001434 -0.455291 0.135827 -0.879921 294.467621
-0.898044 -0.005170 0.439876 265.943329 0.054718 0.990853 0.123356 -35.921539 -0.436491 0.134848 -0.889546 293.811859
-0.907619 0.002554 0.419788 266.282562 0.057875 0.991194 0.119103 -35.843098 -0.415787 0.132395 -0.899773 293.170776
-0.917564 0.010780 0.397443 266.600128 0.061203 0.991547 0.114407 -35.765182 -0.392851 0.129300 -0.910466 292.538483
-0.927799 0.016987 0.372695 266.899597 0.063009 0.991748 0.111655 -35.687798 -0.367723 0.127077 -0.921212 291.913940
-0.938181 0.022302 0.345426 267.180603 0.064872 0.991569 0.112173 -35.611748 -0.340013 0.127648 -0.931717 291.293488
-0.948158 0.028335 0.316533 267.440063 0.067704 0.991162 0.114076 -35.537941 -0.310504 0.129593 -0.941697 290.678741
-0.957841 0.035150 0.285141 267.677826 0.070573 0.990865 0.114921 -35.466995 -0.278497 0.130200 -0.951571 290.072510
-0.967286 0.040691 0.250405 267.859528 0.071240 0.990903 0.114170 -35.398361 -0.243481 0.128274 -0.961386 289.490875
-0.976102 0.045194 0.212562 268.013123 0.070211 0.991263 0.111660 -35.330208 -0.205659 0.123916 -0.970746 288.918243
-0.983804 0.050704 0.171931 268.136841 0.069973 0.991693 0.107932 -35.261230 -0.165030 0.118214 -0.979178 288.349030
-0.990066 0.056848 0.128603 268.268829 0.070568 0.991989 0.104779 -35.190376 -0.121617 0.112813 -0.986145 287.763885
-0.994499 0.063148 0.083579 268.338165 0.071636 0.992119 0.102804 -35.122749 -0.076428 0.108226 -0.991184 287.195068
-0.997174 0.065200 0.037338 268.379639 0.068662 0.992565 0.100503 -35.059235 -0.030508 0.102783 -0.994236 286.628143
-0.997868 0.064260 -0.011416 268.393311 0.062823 0.993116 0.098861 -34.997383 0.017691 0.097933 -0.995036 286.065430
-0.996041 0.062556 -0.063159 268.372803 0.056229 0.993655 0.097408 -34.935368 0.068852 0.093471 -0.993238 285.508545
-0.991188 0.061895 -0.117117 268.313995 0.050736 0.994090 0.095973 -34.873192 0.122365 0.089184 -0.988470 284.959167
-0.982990 0.062026 -0.172866 268.214813 0.045794 0.994294 0.096352 -34.812065 0.177856 0.086797 -0.980221 284.417236
-0.971394 0.060325 -0.229686 268.079590 0.038212 0.994301 0.099536 -34.752705 0.234381 0.087912 -0.968161 283.882660
-0.956183 0.060056 -0.286546 267.902527 0.031627 0.994196 0.102832 -34.692375 0.291058 0.089263 -0.952532 283.356903
-0.937199 0.060895 -0.343438 267.679749 0.025619 0.994000 0.106334 -34.629555 0.347852 0.090857 -0.933137 282.841125
-0.914067 0.061504 -0.400874 267.411774 0.018448 0.993716 0.110396 -34.564991 0.405144 0.093514 -0.909458 282.334900
-0.886588 0.063008 -0.458249 267.096497 0.010683 0.993204 0.115894 -34.500401 0.462436 0.097854 -0.881236 281.840332
-0.855199 0.062058 -0.514572 266.734497 -0.001715 0.992462 0.122541 -34.431858 0.518298 0.105679 -0.848646 281.357056
-0.819793 0.060786 -0.569424 266.325012 -0.014262 0.991875 0.126414 -34.356781 0.572482 0.111755 -0.812265 280.890167
-0.781393 0.059350 -0.621210 265.935638 -0.027294 0.991264 0.129035 -34.275497 0.623441 0.117782 -0.772947 280.409698
-0.740574 0.060928 -0.669208 265.513855 -0.037169 0.990643 0.131326 -34.194077 0.670946 0.122131 -0.731378 279.943207
-0.698238 0.061992 -0.713177 265.063965 -0.046078 0.990286 0.131192 -34.112373 0.714381 0.124464 -0.688598 279.491486
-0.656000 0.060089 -0.752365 264.589050 -0.055488 0.990289 0.127471 -34.029289 0.752718 0.125367 -0.646295 279.053711
-0.615506 0.056689 -0.786091 264.089508 -0.064536 0.990436 0.121956 -33.944817 0.785486 0.125795 -0.605960 278.627563
-0.577893 0.055679 -0.814211 263.562775 -0.070853 0.990481 0.118021 -33.858109 0.813031 0.125892 -0.568446 278.212646
-0.543117 0.058979 -0.837583 263.008881 -0.071753 0.990621 0.116281 -33.770943 0.836585 0.123254 -0.533792 277.811920
-0.511823 0.061746 -0.856869 262.432495 -0.072895 0.990696 0.114930 -33.684387 0.855993 0.121285 -0.502560 277.418060
-0.484983 0.063902 -0.872186 261.836151 -0.074680 0.990658 0.114108 -33.597012 0.871328 0.120475 -0.475680 277.028839
-0.463633 0.066162 -0.883554 261.221344 -0.071454 0.991168 0.111714 -33.508217 0.883141 0.114928 -0.454811 276.648346
-0.448401 0.069268 -0.891145 260.586884 -0.064442 0.991893 0.109525 -33.418571 0.891506 0.106538 -0.440301 276.273529
-0.438802 0.072016 -0.895693 259.936676 -0.057845 0.992452 0.108134 -33.327034 0.896720 0.099260 -0.431325 275.895416
-0.437097 0.073320 -0.896421 259.153656 -0.055859 0.992535 0.108417 -33.226311 0.897678 0.097461 -0.429739 275.532471
-0.435385 0.075294 -0.897090 258.346252 -0.053222 0.992601 0.109141 -33.123199 0.898670 0.095263 -0.428156 275.170013
-0.437414 0.076620 -0.895991 257.528595 -0.050422 0.992706 0.109506 -33.021595 0.897845 0.093078 -0.430360 274.784882
-0.441368 0.078289 -0.893904 256.698456 -0.047622 0.992739 0.110459 -32.920746 0.896062 0.091322 -0.434435 274.394104
-0.445618 0.080534 -0.891593 255.858322 -0.045064 0.992665 0.112186 -32.819176 0.894088 0.090171 -0.438721 273.998474
-0.450726 0.082952 -0.888799 255.005798 -0.041899 0.992610 0.113887 -32.716385 0.891678 0.088571 -0.443920 273.593445
-0.456928 0.084340 -0.885496 254.142914 -0.038864 0.992651 0.114599 -32.610081 0.888654 0.086776 -0.450292 273.172394
-0.463301 0.085703 -0.882047 253.273560 -0.035818 0.992689 0.115267 -32.501789 0.885477 0.084997 -0.456844 272.743469
-0.469890 0.088532 -0.878275 252.397903 -0.032738 0.992526 0.117563 -32.391598 0.882118 0.083994 -0.463479 272.306763
-0.475843 0.091674 -0.874740 251.528519 -0.029693 0.992312 0.120148 -32.277351 0.879029 0.083145 -0.469462 271.851562
-0.482273 0.092876 -0.871083 250.654510 -0.027313 0.992287 0.120919 -32.159210 0.875595 0.082108 -0.476017 271.371490
-0.489062 0.093257 -0.867249 249.773453 -0.023198 0.992526 0.119810 -32.037888 0.871940 0.078713 -0.483244 270.876801
-0.497352 0.092625 -0.862590 248.849869 -0.023073 0.992521 0.119880 -31.918642 0.867242 0.079525 -0.491495 270.361359
-0.505043 0.092112 -0.858165 247.924194 -0.023342 0.992468 0.120264 -31.795572 0.862778 0.080769 -0.499089 269.809113
-0.512814 0.091458 -0.853615 246.999939 -0.023672 0.992425 0.120551 -31.670897 0.858173 0.082027 -0.506764 269.242676
-0.520422 0.090353 -0.849116 246.069427 -0.024963 0.992351 0.120894 -31.550802 0.853544 0.084112 -0.514186 268.682434
-0.528061 0.088581 -0.844574 245.146713 -0.027385 0.992252 0.121191 -31.425119 0.848765 0.087125 -0.521543 268.098267
-0.535562 0.088175 -0.839880 244.213730 -0.027603 0.992175 0.121765 -31.302946 0.844045 0.088396 -0.528937 267.519409
-0.542893 0.090323 -0.834931 243.278915 -0.024777 0.992044 0.123429 -31.178419 0.839436 0.087696 -0.536335 266.937469
-0.549888 0.093174 -0.830025 242.342010 -0.021301 0.991872 0.125452 -31.052645 0.834967 0.086664 -0.543433 266.349701
-0.556894 0.093571 -0.825296 241.421951 -0.019009 0.991938 0.125291 -30.921656 0.830365 0.085462 -0.550626 265.739868
-0.563625 0.092040 -0.820887 240.493423 -0.015604 0.992409 0.121985 -30.781971 0.825883 0.081563 -0.557911 265.107300
-0.569925 0.091159 -0.816625 239.567612 -0.013623 0.992642 0.120314 -30.639437 0.821584 0.079695 -0.564490 264.450195
-0.575760 0.092986 -0.812314 238.630386 -0.013129 0.992332 0.122898 -30.501255 0.817513 0.081425 -0.570124 263.798737
-0.581494 0.095142 -0.807968 237.703690 -0.012227 0.992004 0.125613 -30.363283 0.813459 0.082921 -0.575681 263.125031
-0.586602 0.096959 -0.804049 236.777496 -0.009122 0.991954 0.126274 -30.225540 0.809823 0.081407 -0.580998 262.446259
-0.591868 0.095921 -0.800307 235.831543 -0.011198 0.991820 0.127156 -30.082857 0.805957 0.084221 -0.585953 261.767242
-0.596387 0.095562 -0.796989 234.887268 -0.012587 0.991653 0.128322 -29.940027 0.802598 0.086561 -0.590205 261.085938
-0.600958 0.093483 -0.793795 233.950104 -0.015940 0.991538 0.128837 -29.798586 0.799121 0.090078 -0.594382 260.403320
-0.606309 0.091372 -0.789963 233.025757 -0.017949 0.991552 0.128464 -29.659586 0.795027 0.092068 -0.599547 259.722748
-0.610638 0.088670 -0.786930 232.107803 -0.022023 0.991426 0.128801 -29.521673 0.791604 0.095981 -0.603449 259.042328
-0.614539 0.088140 -0.783948 231.204254 -0.023393 0.991266 0.129786 -29.386944 0.788540 0.098097 -0.607110 258.357208
-0.618807 0.088029 -0.780596 230.303497 -0.024874 0.991008 0.131475 -29.250193 0.785149 0.100774 -0.611052 257.680939
-0.623115 0.090161 -0.776916 229.409042 -0.023553 0.990721 0.133862 -29.113111 0.781775 0.101709 -0.615209 257.009308
-0.627655 0.094205 -0.772772 228.534042 -0.020230 0.990342 0.137159 -28.978239 0.778229 0.101721 -0.619686 256.330750
-0.632705 0.096901 -0.768306 227.677383 -0.017653 0.990078 0.139408 -28.843828 0.774191 0.101766 -0.624716 255.656662
-0.638320 0.098867 -0.763396 226.822708 -0.014964 0.989937 0.140718 -28.706774 0.769626 0.101245 -0.630416 254.991989
-0.644041 0.100609 -0.758346 225.978287 -0.012563 0.989789 0.141984 -28.570314 0.764888 0.100970 -0.636201 254.329819
-0.649653 0.101274 -0.753456 225.143356 -0.012106 0.989583 0.143450 -28.434490 0.760135 0.102314 -0.641660 253.667938
-0.654938 0.100230 -0.749006 224.319168 -0.014184 0.989360 0.144795 -28.299288 0.755549 0.105455 -0.646548 253.007278
-0.659850 0.097562 -0.745037 223.506042 -0.016999 0.989343 0.144608 -28.166208 0.751205 0.108085 -0.651159 252.351456
-0.663969 0.094093 -0.741816 222.708557 -0.019781 0.989494 0.143213 -28.036329 0.747498 0.109764 -0.655132 251.698074
-0.666772 0.090639 -0.739729 221.929306 -0.022380 0.989694 0.141439 -27.908831 0.744925 0.110862 -0.657872 251.053864
-0.668197 0.087341 -0.738840 221.163406 -0.026611 0.989644 0.141055 -27.782724 0.743507 0.113914 -0.658953 250.417145
-0.667954 0.086034 -0.739213 220.407730 -0.029576 0.989442 0.141880 -27.659294 0.743615 0.116632 -0.658357 249.792236
-0.666246 0.084298 -0.740952 219.663712 -0.032496 0.989365 0.141778 -27.539717 0.745024 0.118538 -0.656421 249.181366
-0.662026 0.080905 -0.745102 218.931076 -0.036747 0.989457 0.140087 -27.422258 0.748579 0.120121 -0.652074 248.585220
-0.654788 0.078322 -0.751744 218.206406 -0.041347 0.989415 0.139098 -27.306215 0.754681 0.122161 -0.644619 248.005722
-0.644503 0.077705 -0.760643 217.486267 -0.045538 0.989155 0.139634 -27.192829 0.763245 0.124632 -0.633976 247.444992
-0.629546 0.078059 -0.773033 216.884308 -0.049735 0.988851 0.140354 -27.102434 0.775370 0.126806 -0.618645 246.955093
-0.613899 0.078308 -0.785491 216.300476 -0.053074 0.988721 0.140049 -27.015886 0.787599 0.127665 -0.602819 246.485397
-0.594924 0.078689 -0.799921 215.718109 -0.055453 0.988808 0.138511 -26.931005 0.801868 0.126762 -0.583901 246.035324
-0.572151 0.078130 -0.816418 215.136353 -0.058618 0.989011 0.135727 -26.848953 0.818051 0.125513 -0.561284 245.603729
-0.545855 0.074856 -0.834529 214.557907 -0.064502 0.989291 0.130929 -26.771433 0.835393 0.125297 -0.535181 245.191467
-0.516696 0.070463 -0.853265 213.975372 -0.069111 0.989923 0.123599 -26.696428 0.853375 0.122834 -0.506619 244.844742
-0.483575 0.066297 -0.872789 213.386459 -0.074367 0.990411 0.116436 -26.623182 0.872138 0.121211 -0.474007 244.500015
-0.446058 0.064733 -0.892660 212.743423 -0.078940 0.990649 0.111283 -26.544405 0.891516 0.120105 -0.436778 244.240128
-0.403630 0.064252 -0.912664 212.074997 -0.086234 0.990419 0.107863 -26.468008 0.910850 0.122239 -0.394222 244.031158
-0.357405 0.064245 -0.931738 211.395203 -0.095998 0.989820 0.105073 -26.398973 0.929003 0.126998 -0.347600 243.871597
-0.308734 0.065255 -0.948907 210.748215 -0.105267 0.989171 0.102273 -26.338007 0.945305 0.131464 -0.298521 243.690857
-0.258815 0.067382 -0.963574 210.092392 -0.112608 0.988657 0.099382 -26.277342 0.959341 0.134227 -0.248291 243.541229
-0.207648 0.071070 -0.975619 209.426376 -0.119038 0.988109 0.097316 -26.217974 0.970933 0.136343 -0.196718 243.421951
-0.154746 0.074625 -0.985132 208.762283 -0.126539 0.987433 0.094676 -26.162020 0.979817 0.139308 -0.143358 243.317245
-0.100230 0.076748 -0.992000 208.098007 -0.133622 0.986951 0.089857 -26.107916 0.985951 0.141559 -0.088667 243.231735
-0.044436 0.078746 -0.995904 207.433731 -0.139127 0.986686 0.084225 -26.055296 0.989277 0.142299 -0.032888 243.167007
0.012240 0.082045 -0.996553 206.770126 -0.143065 0.986518 0.079462 -26.003992 0.989637 0.141599 0.023812 243.118225
0.068933 0.085816 -0.993923 206.102524 -0.144850 0.986597 0.075138 -25.956120 0.987049 0.138790 0.080439 243.118332
0.125739 0.088629 -0.988097 205.437775 -0.144274 0.987047 0.070175 -25.911108 0.981517 0.133733 0.136896 243.154205
0.182108 0.091257 -0.979035 204.777023 -0.144617 0.987342 0.065132 -25.869574 0.972585 0.129723 0.193000 243.221527
0.238070 0.092381 -0.966845 204.122223 -0.145605 0.987611 0.058513 -25.831533 0.960271 0.126847 0.248572 243.318558
0.293368 0.091236 -0.951636 203.463516 -0.146239 0.988003 0.049640 -25.802130 0.944748 0.124604 0.303191 243.520386
0.347972 0.086683 -0.933489 202.815308 -0.144747 0.988744 0.037857 -25.779102 0.926263 0.121946 0.356602 243.777176
0.401353 0.079614 -0.912457 202.188431 -0.140432 0.989785 0.024591 -25.756632 0.905094 0.118268 0.408434 244.004272
0.452098 0.072432 -0.889022 201.570587 -0.133311 0.990990 0.012946 -25.737341 0.881950 0.112664 0.457680 244.262405
0.498783 0.066477 -0.864174 200.959686 -0.123733 0.992303 0.004917 -25.721621 0.857850 0.104474 0.503169 244.549225
0.540132 0.060124 -0.839429 200.357758 -0.111198 0.993798 -0.000370 -25.710627 0.834202 0.093542 0.543468 244.862732
0.575860 0.052502 -0.815861 199.763397 -0.096639 0.995311 -0.004162 -25.702953 0.811816 0.081241 0.578233 245.199707
0.606440 0.043090 -0.793961 199.175903 -0.081285 0.996659 -0.007998 -25.696692 0.790964 0.069387 0.607917 245.555984
0.631870 0.031668 -0.774427 198.593948 -0.065506 0.997772 -0.012647 -25.691671 0.772301 0.058720 0.632537 245.929276
0.651751 0.019365 -0.758185 198.014053 -0.051188 0.998518 -0.018499 -25.688856 0.756703 0.050867 0.651776 246.315048
0.666145 0.006502 -0.745794 197.432434 -0.037495 0.998990 -0.024782 -25.688486 0.744879 0.044471 0.665715 246.712662
0.675274 -0.005637 -0.737546 196.846222 -0.025596 0.999190 -0.031072 -25.690372 0.737122 0.039861 0.674582 247.119492
0.680490 -0.015004 -0.732604 196.249802 -0.016933 0.999201 -0.036194 -25.694998 0.732562 0.037035 0.679692 247.534256
0.682886 -0.020933 -0.730225 195.641541 -0.012495 0.999109 -0.040327 -25.702930 0.730418 0.036663 0.682016 247.954071
0.682710 -0.024877 -0.730266 195.021790 -0.011124 0.998951 -0.044431 -25.714075 0.730605 0.038456 0.681716 248.378555
0.680401 -0.028147 -0.732299 194.393448 -0.010377 0.998792 -0.048033 -25.734344 0.732766 0.040280 0.679287 248.864929
0.675938 -0.031329 -0.736292 193.748764 -0.009544 0.998641 -0.051254 -25.751554 0.736896 0.041672 0.674719 249.310593
0.667866 -0.032440 -0.743575 193.104889 -0.008208 0.998668 -0.050942 -25.801491 0.744237 0.040126 0.666710 249.909439
0.658897 -0.032601 -0.751527 192.445160 -0.007887 0.998706 -0.050238 -25.845999 0.752192 0.039029 0.657787 250.504349
0.649073 -0.033123 -0.760005 191.763397 -0.007134 0.998743 -0.049621 -25.898016 0.760693 0.037629 0.648020 251.106125
0.639414 -0.033202 -0.768146 191.069443 -0.007482 0.998751 -0.049397 -25.951967 0.768826 0.037332 0.638367 251.709732
0.628085 -0.034365 -0.777386 190.352859 -0.006372 0.998764 -0.049301 -25.997835 0.778119 0.035919 0.627089 252.308350
0.616260 -0.034509 -0.786787 189.614883 -0.005265 0.998837 -0.047934 -26.047495 0.787525 0.033682 0.615361 252.898499
0.604698 -0.031637 -0.795826 188.850998 -0.006992 0.998962 -0.045027 -26.094961 0.796424 0.032792 0.603848 253.481323
0.593163 -0.029380 -0.804546 188.068604 -0.006834 0.999114 -0.041524 -26.136045 0.805053 0.030129 0.592436 254.058945
0.580974 -0.031245 -0.813323 187.260849 -0.003250 0.999166 -0.040707 -26.175516 0.813916 0.026293 0.580388 254.647110
0.568641 -0.033198 -0.821915 186.437714 -0.001163 0.999152 -0.041161 -26.214487 0.822584 0.024362 0.568121 255.237808
0.555520 -0.037110 -0.830675 185.595566 -0.001096 0.998970 -0.045363 -26.253447 0.831502 0.026110 0.554907 255.812210
0.542451 -0.039060 -0.839179 184.748596 -0.001424 0.998874 -0.047413 -26.299372 0.840086 0.026915 0.541784 256.341675
0.529445 -0.036204 -0.847571 183.877884 -0.005220 0.998932 -0.045930 -26.348097 0.848328 0.028742 0.528690 256.854980
0.517447 -0.026096 -0.855318 182.984818 -0.012229 0.999207 -0.037886 -26.395300 0.855628 0.030064 0.516717 257.364655
0.505895 -0.015375 -0.862458 182.077637 -0.019894 0.999367 -0.029486 -26.441412 0.862366 0.032075 0.505269 257.870392
0.494696 -0.014569 -0.868945 181.170288 -0.022994 0.999291 -0.029846 -26.484766 0.868762 0.034745 0.494009 258.371429
0.483563 -0.019756 -0.875086 180.259399 -0.021813 0.999162 -0.034612 -26.527094 0.875037 0.035825 0.482726 258.871063
0.472396 -0.023408 -0.881076 179.338730 -0.016998 0.999220 -0.035662 -26.569563 0.881223 0.031823 0.471628 259.372559
0.461162 -0.023099 -0.887015 178.405899 -0.011141 0.999431 -0.031819 -26.614067 0.887247 0.024556 0.460643 259.873901
0.450026 -0.024421 -0.892682 177.465240 -0.007896 0.999479 -0.031324 -26.658289 0.892981 0.021144 0.449597 260.364990
0.439686 -0.027766 -0.897722 176.517410 -0.005994 0.999410 -0.033846 -26.701548 0.898131 0.020263 0.439260 260.846893
0.430664 -0.026156 -0.902134 175.559082 -0.008365 0.999422 -0.032970 -26.744829 0.902474 0.021745 0.430196 261.318878
0.423313 -0.019671 -0.905770 174.589401 -0.013832 0.999508 -0.028171 -26.787245 0.905878 0.024453 0.422833 261.783752
0.417205 -0.014110 -0.908703 173.614487 -0.017592 0.999567 -0.023599 -26.826559 0.908642 0.025831 0.416775 262.246857
0.412183 -0.012647 -0.911013 172.637100 -0.017454 0.999611 -0.021774 -26.864073 0.910934 0.024875 0.411801 262.711609
0.407983 -0.013767 -0.912886 171.657974 -0.016257 0.999618 -0.022340 -26.900225 0.912845 0.023956 0.407603 263.174988
0.404107 -0.015788 -0.914576 170.675095 -0.013614 0.999637 -0.023271 -26.936419 0.914611 0.021854 0.403744 263.638428
0.399815 -0.019379 -0.916391 169.689407 -0.010581 0.999612 -0.025755 -26.975309 0.916535 0.019993 0.399455 264.100159
0.395666 -0.024519 -0.918067 168.700745 -0.007310 0.999528 -0.029846 -27.015457 0.918366 0.018520 0.395299 264.559418
0.391642 -0.026721 -0.919730 167.705719 -0.005648 0.999489 -0.031445 -27.056257 0.920101 0.017509 0.391291 265.015137
0.388423 -0.022972 -0.921195 166.675858 -0.006384 0.999598 -0.027619 -27.090506 0.921460 0.016609 0.388120 265.450226
0.384948 -0.018715 -0.922748 165.632019 -0.006775 0.999710 -0.023102 -27.127935 0.922914 0.015145 0.384710 265.880524
0.381309 -0.015616 -0.924316 164.587875 -0.008056 0.999763 -0.020214 -27.162222 0.924413 0.015153 0.381092 266.315796
0.378350 -0.013297 -0.925567 163.540100 -0.010615 0.999768 -0.018703 -27.185289 0.925602 0.016901 0.378122 266.738922
0.375096 -0.010261 -0.926929 162.489975 -0.013656 0.999769 -0.016593 -27.213835 0.926886 0.018882 0.374868 267.164001
0.371167 -0.006715 -0.928543 161.448792 -0.016410 0.999771 -0.013791 -27.237856 0.928421 0.020357 0.370971 267.592133
0.369192 -0.003374 -0.929347 160.401260 -0.017326 0.999795 -0.010513 -27.267284 0.929192 0.019982 0.369057 267.999451
0.366516 -0.001568 -0.930411 159.354660 -0.017956 0.999800 -0.008760 -27.296614 0.930239 0.019916 0.366414 268.405090
0.363906 -0.004047 -0.931426 158.315292 -0.020710 0.999708 -0.012435 -27.328787 0.931205 0.023815 0.363717 268.800964
0.361023 -0.007845 -0.932523 157.275864 -0.021439 0.999631 -0.016710 -27.361294 0.932310 0.026025 0.360722 269.196899
0.358694 -0.010347 -0.933398 156.235611 -0.021298 0.999588 -0.019267 -27.394636 0.933212 0.026790 0.358326 269.593048
0.357286 -0.008327 -0.933958 155.190216 -0.022980 0.999579 -0.017703 -27.426142 0.933712 0.027787 0.356944 269.991974
0.356426 -0.005854 -0.934306 154.140610 -0.024655 0.999574 -0.015670 -27.456251 0.933998 0.028621 0.356129 270.395905
0.355346 -0.005624 -0.934718 153.094269 -0.024027 0.999597 -0.015148 -27.484934 0.934426 0.027840 0.355068 270.800751
0.353610 -0.007663 -0.935362 152.054825 -0.022107 0.999618 -0.016547 -27.494564 0.935132 0.026529 0.353305 271.217255
0.352251 -0.008386 -0.935868 151.021866 -0.021228 0.999631 -0.016947 -27.524817 0.935665 0.025835 0.351944 271.622986
0.352152 -0.009347 -0.935896 149.990906 -0.019751 0.999654 -0.017415 -27.555134 0.935735 0.024617 0.351844 272.030243
0.352828 -0.009813 -0.935637 148.962479 -0.018774 0.999669 -0.017565 -27.585241 0.935500 0.023763 0.352527 272.437012
0.354325 -0.009108 -0.935078 147.935516 -0.018549 0.999687 -0.016766 -27.614836 0.934938 0.023285 0.354045 272.844086
0.356573 -0.008007 -0.934233 146.910400 -0.019111 0.999692 -0.015863 -27.643862 0.934072 0.023510 0.356310 273.251648
0.359322 -0.006515 -0.933191 145.887207 -0.020510 0.999679 -0.014877 -27.672411 0.932988 0.024485 0.359073 273.659454
0.362462 -0.004774 -0.931986 144.866440 -0.022137 0.999661 -0.013730 -27.700092 0.931736 0.025608 0.362233 274.068726
0.366432 -0.001761 -0.930443 143.841904 -0.024540 0.999632 -0.011555 -27.721104 0.930122 0.027067 0.366254 274.485504
0.369954 0.000857 -0.929050 142.824005 -0.026493 0.999603 -0.009627 -27.746479 0.928672 0.028174 0.369829 274.910156
0.374441 0.003027 -0.927246 141.813019 -0.027760 0.999583 -0.007947 -27.770531 0.926835 0.028716 0.374367 275.341217
0.378802 0.006113 -0.925457 140.802109 -0.028919 0.999568 -0.005234 -27.791723 0.925026 0.028747 0.378815 275.775665
0.383209 0.008488 -0.923622 139.794479 -0.028796 0.999582 -0.002762 -27.811590 0.923213 0.027655 0.383293 276.213165
0.387707 0.007153 -0.921756 138.793198 -0.025925 0.999659 -0.003146 -27.830734 0.921418 0.025116 0.387760 276.655334
0.392857 0.003923 -0.919591 137.807510 -0.023849 0.999698 -0.005924 -27.852497 0.919290 0.024259 0.392832 277.099823
0.398783 0.000990 -0.917045 136.825012 -0.021608 0.999732 -0.008318 -27.876040 0.916791 0.023132 0.398697 277.548157
0.405246 -0.000102 -0.914207 135.844360 -0.019339 0.999776 -0.008685 -27.898203 0.914003 0.021200 0.405153 278.001129
0.412973 -0.000047 -0.910744 134.855072 -0.016273 0.999841 -0.007430 -27.915281 0.910598 0.017888 0.412906 278.459808
0.421634 0.000854 -0.906766 133.881393 -0.014222 0.999883 -0.005672 -27.936634 0.906654 0.015288 0.421596 278.924042
0.430721 0.000143 -0.902486 132.905197 -0.011167 0.999924 -0.005172 -27.953615 0.902416 0.012305 0.430690 279.396851
0.439813 -0.001451 -0.898088 131.942673 -0.008287 0.999950 -0.005674 -27.974142 0.898052 0.009937 0.439778 279.874969
0.449708 -0.002542 -0.893173 130.984863 -0.006730 0.999958 -0.006234 -27.995352 0.893150 0.008815 0.449671 280.356354
0.460669 -0.002407 -0.887568 130.030365 -0.006187 0.999963 -0.005924 -28.015862 0.887551 0.008220 0.460637 280.842957
0.474996 -0.001233 -0.879987 129.110199 -0.007602 0.999956 -0.005504 -28.036928 0.879955 0.009304 0.474966 281.310211
0.489542 -0.002489 -0.871975 128.166519 -0.007592 0.999946 -0.007117 -28.037645 0.871946 0.010104 0.489497 281.808563
0.504102 -0.003862 -0.863636 127.232559 -0.007761 0.999930 -0.009002 -28.044127 0.863609 0.011241 0.504036 282.328796
0.518027 -0.004664 -0.855352 126.301308 -0.010604 0.999874 -0.011874 -28.052727 0.855299 0.015221 0.517911 282.852875
0.533255 -0.008849 -0.845908 125.416924 -0.011957 0.999766 -0.017998 -28.074368 0.845869 0.019711 0.533025 283.405457
0.548402 -0.012076 -0.836127 124.535286 -0.013137 0.999648 -0.023053 -28.097069 0.836112 0.023626 0.548051 283.967865
0.564748 -0.008973 -0.825214 123.653366 -0.015345 0.999654 -0.021371 -28.118502 0.825120 0.024731 0.564415 284.542328
0.580955 -0.002112 -0.813933 122.769104 -0.016760 0.999754 -0.014558 -28.135088 0.813763 0.022099 0.580776 285.126099
0.596847 0.001247 -0.802355 121.899292 -0.014724 0.999848 -0.009400 -28.151014 0.802221 0.017423 0.596773 285.717743
0.612317 0.000494 -0.790612 121.042046 -0.010849 0.999911 -0.007778 -28.165844 0.790538 0.013340 0.612268 286.339172
0.627763 -0.003034 -0.778399 120.199684 -0.006622 0.999936 -0.009238 -28.180704 0.778376 0.010954 0.627703 286.980865
0.643301 -0.006130 -0.765589 119.365913 -0.003171 0.999938 -0.010671 -28.195684 0.765607 0.009292 0.643241 287.639252
0.658247 -0.005602 -0.752781 118.572517 -0.001520 0.999960 -0.008770 -28.215481 0.752800 0.006917 0.658212 288.401855
0.673455 -0.003948 -0.739217 117.789207 -0.000436 0.999984 -0.005739 -28.229643 0.739229 0.004187 0.673442 289.144867
0.688362 -0.002421 -0.725363 117.013252 0.001100 0.999997 -0.002295 -28.238672 0.725367 0.000782 0.688362 289.892395
0.702803 0.001465 -0.711383 116.244949 -0.000142 0.999998 0.001918 -28.244911 0.711385 -0.001247 0.702802 290.652649
0.716975 0.000164 -0.697100 115.492218 0.001952 0.999996 0.002244 -28.253901 0.697097 -0.002969 0.716971 291.426147
0.730803 -0.004701 -0.682572 114.755341 0.001765 0.999987 -0.004998 -28.261522 0.682586 0.002448 0.730801 292.193970
0.744698 -0.010084 -0.667326 114.025200 0.001383 0.999908 -0.013566 -28.275530 0.667400 0.009179 0.744643 292.979523
0.757930 -0.011100 -0.652241 113.304482 0.003317 0.999908 -0.013161 -28.289129 0.652327 0.007812 0.757896 293.777496
0.770755 -0.006249 -0.637102 112.585869 0.003268 0.999978 -0.005856 -28.299858 0.637124 0.002431 0.770757 294.596924
0.783094 -0.002881 -0.621896 111.882484 0.002430 0.999996 -0.001574 -28.310652 0.621898 -0.000279 0.783098 295.431000
0.794717 -0.005552 -0.606956 111.197853 0.002730 0.999981 -0.005574 -28.321529 0.606974 0.002773 0.794716 296.274811
0.805727 -0.007440 -0.592242 110.546425 0.000305 0.999927 -0.012147 -28.343197 0.592288 0.009606 0.805669 297.182709
0.816335 -0.004377 -0.577563 109.908081 -0.003889 0.999907 -0.013074 -28.369125 0.577566 0.012919 0.816242 298.120087
0.826553 -0.000030 -0.562859 109.264870 -0.006461 0.999934 -0.009541 -28.388613 0.562823 0.011523 0.826497 299.032257
0.836545 0.004688 -0.547879 108.633766 -0.009025 0.999946 -0.005223 -28.406246 0.547824 0.009314 0.836541 299.959259
0.846263 0.007550 -0.532711 108.017754 -0.011187 0.999932 -0.003599 -28.422825 0.532648 0.009005 0.846289 300.896942
0.855666 0.007505 -0.517474 107.416718 -0.011305 0.999928 -0.004193 -28.438623 0.517405 0.009439 0.855689 301.848877
0.864734 0.006523 -0.502189 106.831612 -0.010600 0.999930 -0.005266 -28.454550 0.502120 0.009877 0.864742 302.813873
0.873635 0.004473 -0.486562 106.280594 -0.008466 0.999946 -0.006009 -28.465010 0.486509 0.009369 0.873625 303.779297
0.881866 0.002153 -0.471497 105.768242 -0.006256 0.999955 -0.007136 -28.474295 0.471460 0.009243 0.881838 304.775085
0.890172 -0.000388 -0.455625 105.268372 -0.003553 0.999964 -0.007796 -28.481621 0.455610 0.008558 0.890137 305.779266
0.898170 -0.002518 -0.439643 104.776093 -0.000999 0.999969 -0.007770 -28.488695 0.439649 0.007417 0.898138 306.790833
0.905857 -0.005383 -0.423550 104.292763 0.002197 0.999965 -0.008012 -28.496426 0.423578 0.006327 0.905837 307.808655
0.913290 -0.008440 -0.407222 103.817665 0.004537 0.999934 -0.010552 -28.505756 0.407285 0.007789 0.913268 308.830444
0.920773 -0.012489 -0.389901 103.371002 0.007228 0.999862 -0.014958 -28.523067 0.390034 0.010954 0.920735 309.871063
0.927724 -0.015513 -0.372945 102.931152 0.009736 0.999802 -0.017368 -28.542231 0.373141 0.012482 0.927691 310.919037
0.934978 -0.015598 -0.354363 102.505455 0.011644 0.999844 -0.013289 -28.569103 0.354515 0.008298 0.935013 311.991364
0.941242 -0.016039 -0.337351 102.086464 0.013568 0.999861 -0.009682 -28.596323 0.337460 0.004535 0.941329 313.070190
0.947035 -0.016469 -0.320710 101.672852 0.014678 0.999861 -0.008005 -28.624638 0.320797 0.002874 0.947143 314.149902
0.952411 -0.018799 -0.304238 101.276527 0.015749 0.999799 -0.012476 -28.655573 0.304411 0.007090 0.952514 315.241608
0.957419 -0.020279 -0.287989 100.897438 0.015423 0.999698 -0.019123 -28.687021 0.288290 0.013867 0.957443 316.342316
0.962103 -0.015650 -0.272238 100.526657 0.010664 0.999748 -0.019785 -28.719576 0.272478 0.016131 0.962026 317.458099
0.966522 -0.008100 -0.256457 100.168266 0.004488 0.999883 -0.014670 -28.750267 0.256546 0.013028 0.966444 318.587555
0.970614 0.004356 -0.240601 99.819389 -0.006237 0.999956 -0.007057 -28.776045 0.240559 0.008351 0.970598 319.729401
0.974351 0.014470 -0.224567 99.487373 -0.015424 0.999878 -0.002497 -28.798605 0.224504 0.005897 0.974456 320.876282
0.977801 0.008644 -0.209357 99.245949 -0.012053 0.999814 -0.015010 -28.817743 0.209189 0.017201 0.977723 322.070953
0.980653 -0.003005 -0.195731 99.048325 -0.003911 0.999382 -0.034943 -28.840158 0.195716 0.035032 0.980035 323.283417
0.982995 -0.017727 -0.182778 98.865402 0.009002 0.998785 -0.048456 -28.878086 0.183415 0.045987 0.981959 324.506561
0.985051 -0.028483 -0.169896 98.726837 0.021569 0.998868 -0.042402 -28.946726 0.170912 0.038103 0.984549 325.833038
0.987066 -0.031489 -0.157197 98.516258 0.027316 0.999216 -0.028640 -28.996620 0.157977 0.023976 0.987152 327.086426
0.989075 -0.030014 -0.144331 98.322083 0.027735 0.999458 -0.017774 -29.037130 0.144786 0.013577 0.989370 328.327423
0.990968 -0.025979 -0.131561 98.136749 0.024370 0.999607 -0.013827 -29.069071 0.131869 0.010495 0.991212 329.561951
0.992638 -0.023603 -0.118796 97.969688 0.022039 0.999653 -0.014466 -29.099081 0.119097 0.011741 0.992814 330.793610
0.994062 -0.023786 -0.106177 97.824081 0.022234 0.999628 -0.015778 -29.128519 0.106513 0.013323 0.994222 332.015320
0.995334 -0.024520 -0.093331 97.696800 0.023315 0.999630 -0.013974 -29.159819 0.093640 0.011733 0.995537 333.251221
0.996490 -0.025171 -0.079834 97.590614 0.024443 0.999650 -0.010079 -29.185982 0.080060 0.008091 0.996757 334.469635
0.997455 -0.026357 -0.066246 97.499100 0.025993 0.999642 -0.006364 -29.209223 0.066391 0.004626 0.997783 335.687286
0.998234 -0.027645 -0.052586 97.437019 0.027348 0.999606 -0.006357 -29.234549 0.052742 0.004907 0.998596 336.909515
0.998829 -0.029208 -0.038578 97.392235 0.028911 0.999548 -0.008219 -29.258757 0.038800 0.007094 0.999221 338.135834
0.999233 -0.030479 -0.024605 97.364220 0.030297 0.999511 -0.007746 -29.272949 0.024829 0.006994 0.999667 339.350555
0.999473 -0.030652 -0.010697 97.337578 0.030585 0.999512 -0.006341 -29.288500 0.010886 0.006010 0.999923 340.574005
0.999537 -0.030114 0.004597 97.324036 0.030143 0.999525 -0.006392 -29.302172 -0.004403 0.006528 0.999969 341.798065
0.999386 -0.028948 0.019720 97.322723 0.029110 0.999545 -0.007915 -29.309649 -0.019482 0.008484 0.999775 343.021881
0.999001 -0.029039 0.033965 97.357071 0.029339 0.999535 -0.008341 -29.339842 -0.033707 0.009330 0.999388 344.243378
0.998424 -0.029608 0.047692 97.400612 0.030080 0.999505 -0.009216 -29.371042 -0.047395 0.010636 0.998819 345.466614
0.997716 -0.028891 0.061061 97.450874 0.029531 0.999518 -0.009608 -29.402920 -0.060754 0.011389 0.998088 346.690674
0.996820 -0.028513 0.074410 97.509468 0.029321 0.999522 -0.009780 -29.434725 -0.074096 0.011929 0.997180 347.915070
0.995771 -0.027611 0.087625 97.574326 0.028590 0.999542 -0.009935 -29.466961 -0.087310 0.012398 0.996104 349.138550
0.994625 -0.027061 0.099941 97.649216 0.028192 0.999553 -0.009926 -29.498280 -0.099628 0.012690 0.994944 350.370453
0.993402 -0.028918 0.110979 97.774902 0.030304 0.999482 -0.010817 -29.517567 -0.110608 0.014109 0.993764 351.594635
0.992153 -0.030923 0.121143 97.924736 0.032549 0.999405 -0.011462 -29.530212 -0.120717 0.015315 0.992568 352.825928
0.990946 -0.033600 0.129991 98.090958 0.035499 0.999294 -0.012321 -29.543848 -0.129485 0.016824 0.991439 354.058411
0.989729 -0.035446 0.138492 98.261528 0.037517 0.999220 -0.012366 -29.566124 -0.137946 0.017435 0.990286 355.289612
0.988572 -0.037566 0.145996 98.448891 0.039732 0.999139 -0.011942 -29.596706 -0.145421 0.017606 0.989213 356.516937
0.987374 -0.039083 0.153509 98.647491 0.041402 0.999072 -0.011940 -29.629522 -0.152900 0.018145 0.988075 357.745728
0.986163 -0.040344 0.160793 98.850235 0.042887 0.999004 -0.012370 -29.662170 -0.160133 0.019095 0.986910 358.975067
0.984942 -0.041531 0.167827 99.059784 0.044299 0.998937 -0.012778 -29.694777 -0.167118 0.020019 0.985734 360.195374
0.983782 -0.041608 0.174478 99.271904 0.044554 0.998922 -0.012997 -29.727655 -0.173749 0.020559 0.984575 361.415222
0.982707 -0.041434 0.180475 99.491158 0.044560 0.998919 -0.013293 -29.752375 -0.179729 0.021105 0.983490 362.621704
0.981676 -0.040443 0.186217 99.709259 0.043442 0.998984 -0.012048 -29.783485 -0.185540 0.019916 0.982435 363.820831
0.980704 -0.039935 0.191379 99.930275 0.042841 0.999021 -0.011066 -29.815058 -0.190750 0.019052 0.981454 365.018646
0.979777 -0.039588 0.196143 100.153831 0.042527 0.999038 -0.010795 -29.846470 -0.195527 0.018917 0.980516 366.213043
0.978863 -0.038994 0.200762 100.379883 0.042153 0.999046 -0.011480 -29.878428 -0.200122 0.019699 0.979573 367.406555
0.978024 -0.038167 0.204972 100.607796 0.041511 0.999065 -0.012040 -29.910845 -0.204320 0.020284 0.978694 368.598938
0.977243 -0.036875 0.208890 100.836700 0.040367 0.999108 -0.012474 -29.943331 -0.208244 0.020622 0.977860 369.788788
0.976478 -0.035448 0.212687 101.070938 0.039087 0.999153 -0.012926 -29.977076 -0.212048 0.020935 0.977035 370.989197
0.975845 -0.033734 0.215845 101.310883 0.037635 0.999194 -0.013982 -30.008564 -0.215200 0.021768 0.976327 372.187927
0.975330 -0.032067 0.218413 101.556252 0.036329 0.999219 -0.015522 -30.040766 -0.217744 0.023074 0.975733 373.387817
0.974964 -0.031918 0.220060 101.827797 0.036535 0.999190 -0.016933 -30.070429 -0.219340 0.024550 0.975339 374.582245
0.974586 -0.033134 0.221549 102.114441 0.038023 0.999117 -0.017841 -30.098783 -0.220762 0.025812 0.974986 375.780273
0.974038 -0.038500 0.223090 102.385117 0.043228 0.998932 -0.016346 -30.125675 -0.222222 0.025565 0.974661 376.976196
0.973852 -0.048704 0.221906 102.674019 0.053758 0.998413 -0.016787 -30.156431 -0.220736 0.028277 0.974924 378.150848
0.973558 -0.058835 0.220735 102.963684 0.064381 0.997763 -0.018007 -30.186193 -0.219181 0.031743 0.975168 379.322601
0.973230 -0.070398 0.218785 103.255074 0.076700 0.996845 -0.020434 -30.215282 -0.216656 0.036667 0.975559 380.492828
0.973024 -0.080445 0.216222 103.543442 0.086799 0.996024 -0.020032 -30.245165 -0.213750 0.038259 0.976138 381.667480
0.972945 -0.086846 0.214094 103.826721 0.093061 0.995477 -0.019104 -30.273844 -0.211466 0.038511 0.976627 382.843353
0.973222 -0.088035 0.212345 104.103180 0.094016 0.995404 -0.018216 -30.303837 -0.209765 0.037691 0.977025 384.019867
0.973718 -0.085289 0.211184 104.374100 0.090906 0.995714 -0.017012 -30.334089 -0.208827 0.035763 0.977298 385.195648
0.974017 -0.080143 0.211823 104.621742 0.085983 0.996125 -0.018489 -30.370558 -0.209520 0.036222 0.977134 386.377197
0.974253 -0.075122 0.212574 104.873810 0.081557 0.996433 -0.021651 -30.404837 -0.210188 0.038431 0.976906 387.554291
0.974588 -0.070321 0.212681 105.126106 0.077169 0.996728 -0.024065 -30.440382 -0.210293 0.039866 0.976825 388.732300
0.974784 -0.067714 0.212629 105.380638 0.074474 0.996936 -0.023932 -30.475025 -0.210357 0.039163 0.976840 389.910767
0.974991 -0.065407 0.212402 105.634964 0.071861 0.997154 -0.022799 -30.508665 -0.210306 0.037492 0.976916 391.087799
0.975169 -0.063789 0.212080 105.890175 0.070075 0.997294 -0.022249 -30.541824 -0.210087 0.036558 0.976999 392.264008
0.975487 -0.061514 0.211284 106.144424 0.067774 0.997447 -0.022511 -30.575109 -0.209359 0.036278 0.977166 393.441376
0.975950 -0.058113 0.210108 106.396210 0.064264 0.997678 -0.022560 -30.608427 -0.208308 0.035519 0.977418 394.617615
0.976623 -0.052980 0.208331 106.643745 0.058835 0.998026 -0.021997 -30.643663 -0.206754 0.033739 0.977811 395.807465
0.977237 -0.047470 0.206774 106.891533 0.053194 0.998338 -0.022206 -30.678652 -0.205377 0.032700 0.978136 396.996399
0.977771 -0.043786 0.205058 107.140282 0.049670 0.998486 -0.023636 -30.714972 -0.203712 0.033296 0.978465 398.184937
0.978180 -0.041932 0.203485 107.369461 0.048063 0.998525 -0.025275 -30.753593 -0.202124 0.034502 0.978751 399.368042
0.978880 -0.043121 0.199834 107.608429 0.048934 0.998508 -0.024235 -30.797857 -0.198490 0.033501 0.979530 400.554932
0.979789 -0.044117 0.195110 107.855423 0.049499 0.998514 -0.022790 -30.845280 -0.193814 0.031987 0.980516 401.747803
0.980951 -0.043800 0.189253 108.089256 0.049212 0.998500 -0.023990 -30.881197 -0.187919 0.032847 0.981635 402.927246
0.982099 -0.043469 0.183279 108.317253 0.048857 0.998493 -0.024981 -30.911966 -0.181917 0.033488 0.982743 404.107452
0.983217 -0.043321 0.177225 108.539261 0.048420 0.998526 -0.024546 -30.944460 -0.175900 0.032715 0.983864 405.291199
0.984320 -0.045763 0.170355 108.762695 0.050169 0.998507 -0.021646 -30.992867 -0.169110 0.029853 0.985145 406.481873
0.985433 -0.048010 0.163151 108.979836 0.051807 0.998475 -0.019089 -31.032816 -0.161986 0.027262 0.986416 407.672028
0.986627 -0.047450 0.155933 109.181839 0.050661 0.998577 -0.016677 -31.067678 -0.154920 0.024354 0.987626 408.861725
0.987599 -0.046751 0.149875 109.379929 0.049756 0.998627 -0.016361 -31.102432 -0.148905 0.023614 0.988570 410.044861
0.988437 -0.046576 0.144300 109.563118 0.050140 0.998518 -0.021156 -31.128258 -0.143101 0.028147 0.989308 411.229797
0.989225 -0.046077 0.138966 109.742538 0.049929 0.998456 -0.024354 -31.154484 -0.137629 0.031030 0.989998 412.416534
0.989976 -0.045752 0.133625 109.919868 0.049497 0.998466 -0.024833 -31.179256 -0.132284 0.031198 0.990721 413.604736
0.990473 -0.049123 0.128651 110.099007 0.052482 0.998361 -0.022845 -31.203360 -0.127318 0.029379 0.991427 414.796387
0.990932 -0.051244 0.124212 110.274750 0.054254 0.998308 -0.020966 -31.225714 -0.122927 0.027515 0.992034 415.987549
0.991538 -0.048358 0.120476 110.448746 0.051543 0.998395 -0.023462 -31.255449 -0.119148 0.029473 0.992439 417.181976
0.992187 -0.045351 0.116231 110.608902 0.048711 0.998469 -0.026225 -31.287374 -0.114863 0.031682 0.992876 418.379944
0.992944 -0.038999 0.111989 110.757729 0.042139 0.998778 -0.025803 -31.323008 -0.110847 0.030340 0.993374 419.582672
0.993731 -0.031194 0.107360 110.895882 0.033926 0.999144 -0.023712 -31.359415 -0.106529 0.027206 0.993937 420.787689
0.994156 -0.035678 0.101890 111.041519 0.037789 0.999108 -0.018849 -31.391298 -0.101126 0.022589 0.994617 421.997589
0.994714 -0.038405 0.095231 111.152412 0.039798 0.999126 -0.012762 -31.436609 -0.094658 0.016485 0.995373 423.240448
0.995141 -0.044900 0.087625 111.262840 0.046064 0.998875 -0.011308 -31.475328 -0.087018 0.015289 0.996089 424.486237
0.995595 -0.048446 0.080279 111.376122 0.049924 0.998616 -0.016523 -31.507994 -0.079366 0.020458 0.996635 425.733612
0.996149 -0.046338 0.074432 111.489197 0.048214 0.998558 -0.023605 -31.538527 -0.073230 0.027102 0.996947 426.962128
0.996762 -0.040734 0.069336 111.585022 0.042720 0.998712 -0.027406 -31.576700 -0.068130 0.030278 0.997217 428.183868
0.997262 -0.036304 0.064437 111.673340 0.038084 0.998921 -0.026597 -31.618563 -0.063401 0.028978 0.997567 429.405090
0.997596 -0.035851 0.059315 111.761543 0.037282 0.999035 -0.023195 -31.658678 -0.058426 0.025351 0.997970 430.628387
0.997831 -0.037851 0.053867 111.847656 0.038944 0.999054 -0.019363 -31.694849 -0.053082 0.021418 0.998361 431.852600
0.998088 -0.038541 0.048343 111.925392 0.039378 0.999089 -0.016472 -31.727983 -0.047664 0.018344 0.998695 433.074005
0.998395 -0.036969 0.042920 111.992485 0.037682 0.999163 -0.015926 -31.760275 -0.042296 0.017518 0.998951 434.294525
0.998663 -0.035328 0.037729 112.052521 0.036019 0.999193 -0.017758 -31.792562 -0.037070 0.019094 0.999130 435.514008
0.998930 -0.033035 0.032360 112.102692 0.033674 0.999244 -0.019418 -31.822783 -0.031694 0.020487 0.999287 436.723328
0.999081 -0.033445 0.026801 112.134506 0.033904 0.999284 -0.016822 -31.847761 -0.026219 0.017714 0.999499 437.929199
0.999189 -0.033913 0.021751 112.158401 0.034211 0.999325 -0.013424 -31.881544 -0.021280 0.014157 0.999673 439.146912
0.999323 -0.032914 0.016436 112.177223 0.033106 0.999387 -0.011467 -31.914362 -0.016048 0.012003 0.999799 440.363617
0.999441 -0.031192 0.012019 112.193375 0.031349 0.999423 -0.013063 -31.949240 -0.011604 0.013432 0.999843 441.578827
0.999530 -0.029370 0.008777 112.208076 0.029511 0.999434 -0.016210 -31.986292 -0.008296 0.016461 0.999830 442.791321
0.999567 -0.028732 0.006391 112.223755 0.028847 0.999408 -0.018726 -32.024879 -0.005849 0.018902 0.999804 444.004425
0.999491 -0.031607 0.004435 112.243195 0.031691 0.999289 -0.020405 -32.063553 -0.003787 0.020535 0.999782 445.218018
0.999279 -0.037897 0.002410 112.266121 0.037941 0.999043 -0.021744 -32.101990 -0.001583 0.021819 0.999761 446.430817
0.998981 -0.045142 0.000108 112.301430 0.045134 0.998736 -0.022096 -32.132771 0.000890 0.022079 0.999755 447.647125
0.998857 -0.047792 -0.001394 112.333717 0.047747 0.998585 -0.023414 -32.166031 0.002511 0.023319 0.999725 448.866333
0.998883 -0.047223 -0.002017 112.361061 0.047155 0.998546 -0.026100 -32.199238 0.003247 0.025975 0.999657 450.084229
0.998996 -0.044785 -0.001537 112.381104 0.044731 0.998661 -0.026006 -32.234711 0.002700 0.025911 0.999660 451.305573
0.999135 -0.041596 -0.000543 112.392685 0.041575 0.998888 -0.022208 -32.273453 0.001466 0.022166 0.999753 452.527863
0.999227 -0.039332 0.000204 112.404404 0.039328 0.999033 -0.019626 -32.309792 0.000567 0.019618 0.999807 453.746918
0.999219 -0.039511 0.000596 112.422379 0.039516 0.999039 -0.018950 -32.342438 0.000154 0.018959 0.999821 454.964691
0.999187 -0.040258 0.002046 112.421097 0.040287 0.999049 -0.016699 -32.362801 -0.001372 0.016768 0.999858 456.176727
0.999198 -0.039960 0.002783 112.417587 0.039995 0.999102 -0.013989 -32.383633 -0.002222 0.014089 0.999898 457.389191
0.999206 -0.039678 0.003548 112.422859 0.039733 0.999067 -0.016962 -32.407738 -0.002870 0.017089 0.999849 458.596405
0.999152 -0.040990 0.004113 112.440979 0.041075 0.998879 -0.023520 -32.438461 -0.003144 0.023669 0.999715 459.790710
0.999038 -0.043567 0.005065 112.467911 0.043685 0.998700 -0.026255 -32.474041 -0.003914 0.026452 0.999643 460.984589
0.998930 -0.045864 0.005880 112.496300 0.045980 0.998712 -0.021431 -32.510933 -0.004890 0.021678 0.999753 462.192780
0.998838 -0.047670 0.007091 112.526382 0.047777 0.998734 -0.015758 -32.545929 -0.006331 0.016078 0.999850 463.406006
0.998878 -0.046463 0.009152 112.555122 0.046587 0.998820 -0.013705 -32.578064 -0.008504 0.014116 0.999865 464.619049
0.998966 -0.043610 0.012884 112.601303 0.043847 0.998863 -0.018745 -32.622967 -0.012052 0.019291 0.999741 465.861145
0.999123 -0.037837 0.017944 112.641266 0.038378 0.998790 -0.030748 -32.661427 -0.016759 0.031411 0.999366 467.092255
0.999199 -0.032665 0.023120 112.680649 0.033530 0.998713 -0.038047 -32.702610 -0.021847 0.038792 0.999009 468.321503
0.999098 -0.031952 0.027979 112.727875 0.032864 0.998925 -0.032716 -32.749084 -0.026904 0.033605 0.999073 469.553772
0.998834 -0.035552 0.032671 112.786308 0.036309 0.999079 -0.022883 -32.790855 -0.031828 0.024042 0.999204 470.791107
0.998503 -0.039966 0.037335 112.855186 0.040653 0.999015 -0.017830 -32.824810 -0.036585 0.019320 0.999144 472.030670
0.998166 -0.043461 0.042149 112.931007 0.044297 0.998836 -0.019095 -32.854496 -0.041271 0.020926 0.998929 473.263367
0.997980 -0.042160 0.047531 113.004601 0.043265 0.998812 -0.022447 -32.887447 -0.046527 0.024459 0.998617 474.492157
0.997806 -0.038271 0.054024 113.081665 0.039671 0.998898 -0.025085 -32.925339 -0.053004 0.027173 0.998224 475.722351
0.997497 -0.034500 0.061716 113.166168 0.036074 0.999047 -0.024556 -32.965351 -0.060810 0.026720 0.997791 476.953247
0.996951 -0.034608 0.069929 113.266380 0.036140 0.999131 -0.020769 -33.002686 -0.069150 0.023233 0.997335 478.186279
0.996348 -0.034868 0.077951 113.376968 0.036347 0.999184 -0.017639 -33.037750 -0.077272 0.020408 0.996801 479.417053
0.995717 -0.034649 0.085717 113.483215 0.036391 0.999160 -0.018848 -33.066261 -0.084992 0.021887 0.996142 480.635376
0.995081 -0.030824 0.094155 113.583534 0.032775 0.999278 -0.019246 -33.098286 -0.093494 0.022237 0.995372 481.856659
0.994399 -0.026013 0.102446 113.692596 0.028043 0.999437 -0.018417 -33.134064 -0.101909 0.021187 0.994568 483.080292
0.993538 -0.019800 0.111766 113.805046 0.022025 0.999582 -0.018697 -33.163471 -0.111349 0.021038 0.993558 484.292664
0.992700 -0.015041 0.119671 113.928886 0.017468 0.999662 -0.019254 -33.190132 -0.119340 0.021204 0.992627 485.500916
0.991818 -0.013134 0.126982 114.071251 0.015708 0.999691 -0.019280 -33.218376 -0.126689 0.021117 0.991717 486.709351
0.990907 -0.012027 0.134006 114.228508 0.014683 0.999714 -0.018843 -33.249046 -0.133741 0.020639 0.990802 487.916779
0.989998 -0.010865 0.140663 114.398933 0.013766 0.999712 -0.019662 -33.282059 -0.140408 0.021402 0.989863 489.120026
0.989171 -0.009081 0.146486 114.580200 0.012317 0.999700 -0.021196 -33.316730 -0.146249 0.022770 0.988985 490.320160
0.988432 -0.008522 0.151431 114.747314 0.011832 0.999710 -0.020972 -33.347675 -0.151209 0.022521 0.988245 491.518188
0.987769 -0.008309 0.155703 114.917038 0.011490 0.999743 -0.019536 -33.377232 -0.155501 0.021086 0.987611 492.717957
0.987151 -0.007810 0.159596 115.088524 0.010879 0.999772 -0.018356 -33.406334 -0.159416 0.019856 0.987012 493.917725
0.986588 -0.006954 0.163082 115.261566 0.009975 0.999793 -0.017710 -33.434990 -0.162925 0.019098 0.986454 495.117401
0.986102 -0.006640 0.166010 115.467720 0.009667 0.999801 -0.017428 -33.469524 -0.165862 0.018791 0.985970 496.313812
0.985705 -0.003730 0.168445 115.662254 0.007163 0.999779 -0.019774 -33.503429 -0.168333 0.020697 0.985513 497.487183
0.985423 -0.001724 0.170118 115.866508 0.005434 0.999758 -0.021342 -33.536533 -0.170039 0.021955 0.985193 498.665070
0.984948 -0.001308 0.172848 116.068001 0.005081 0.999758 -0.021387 -33.581661 -0.172778 0.021944 0.984717 499.844269
0.984554 -0.001068 0.175077 116.282173 0.005123 0.999729 -0.022708 -33.622307 -0.175005 0.023254 0.984293 501.025482
0.984153 -0.002086 0.177313 116.509338 0.006584 0.999671 -0.024782 -33.661015 -0.177203 0.025557 0.983843 502.200836
0.983806 -0.002948 0.179215 116.724770 0.007371 0.999685 -0.024015 -33.704453 -0.179088 0.024947 0.983516 503.382935
0.983449 -0.004013 0.181144 116.941895 0.008396 0.999691 -0.023438 -33.749443 -0.180993 0.024571 0.983177 504.566437
0.982982 -0.003283 0.183676 117.165054 0.007571 0.999715 -0.022647 -33.790836 -0.183549 0.023651 0.982726 505.756317
0.981994 -0.001231 0.188907 117.374290 0.006044 0.999672 -0.024902 -33.823238 -0.188814 0.025595 0.981679 506.943970
0.981130 0.001563 0.193344 117.592392 0.003787 0.999620 -0.027297 -33.852283 -0.193314 0.027514 0.980751 508.124603
0.980334 0.000400 0.197347 117.833153 0.005429 0.999565 -0.028990 -33.898609 -0.197273 0.029491 0.979904 509.306335
0.979530 -0.002365 0.201287 118.079948 0.008598 0.999511 -0.030090 -33.933212 -0.201117 0.031205 0.979070 510.488739
0.978985 -0.004066 0.203893 118.331451 0.010690 0.999450 -0.031400 -33.970505 -0.203653 0.032920 0.978490 511.664642
0.978392 -0.007740 0.206613 118.588799 0.014357 0.999431 -0.030541 -34.013046 -0.206258 0.032847 0.977946 512.840454
0.977757 -0.007594 0.209603 118.840950 0.014156 0.999455 -0.029821 -34.050407 -0.209262 0.032124 0.977332 514.011536
0.976968 -0.003794 0.213355 119.091797 0.010829 0.999436 -0.031819 -34.089191 -0.213113 0.033396 0.976457 515.181152
0.976184 -0.001261 0.216939 119.348663 0.009868 0.999207 -0.038598 -34.138077 -0.216718 0.039820 0.975422 516.352356
0.975413 0.000002 0.220385 119.612099 0.009708 0.999029 -0.042977 -34.190399 -0.220171 0.044060 0.974466 517.526184
0.974766 -0.003871 0.223197 119.880905 0.012828 0.999169 -0.038694 -34.260456 -0.222862 0.040581 0.974005 518.703613
0.974180 -0.007979 0.225631 120.157181 0.016079 0.999290 -0.034087 -34.334400 -0.225199 0.036835 0.973616 519.886169
0.973572 -0.011446 0.228092 120.436829 0.019285 0.999297 -0.032167 -34.398338 -0.227563 0.035716 0.973108 521.067200
0.973125 -0.011308 0.230001 120.714981 0.019621 0.999233 -0.033886 -34.456543 -0.229441 0.037489 0.972600 522.246155
0.972820 -0.008640 0.231405 120.991638 0.017222 0.999236 -0.035091 -34.513184 -0.230925 0.038122 0.972224 523.427246
0.972444 -0.011788 0.232840 121.270599 0.021198 0.999055 -0.037948 -34.557823 -0.232173 0.041838 0.971775 524.611084
0.972198 -0.012213 0.233845 121.537849 0.022906 0.998810 -0.043063 -34.605927 -0.233040 0.047221 0.971320 525.800781
0.972197 -0.017169 0.233537 121.809059 0.028937 0.998474 -0.047059 -34.655434 -0.232371 0.052509 0.971208 526.990479
0.972474 -0.022838 0.231890 122.080841 0.035368 0.998122 -0.050020 -34.704865 -0.230312 0.056844 0.971455 528.183655
0.972688 -0.027771 0.230453 122.351227 0.040477 0.997899 -0.050591 -34.756474 -0.228563 0.058538 0.971767 529.379883
0.972636 -0.027265 0.230729 122.619965 0.039484 0.998042 -0.048506 -34.837944 -0.228954 0.056288 0.971809 530.562073
0.972680 -0.028272 0.230425 122.888023 0.040406 0.998025 -0.048111 -34.919426 -0.228609 0.056106 0.971900 531.745300
0.972670 -0.029519 0.230309 123.156479 0.041216 0.998084 -0.046139 -34.998909 -0.228506 0.054370 0.972023 532.930908
0.972829 -0.028195 0.229803 123.420204 0.038565 0.998424 -0.040756 -35.075764 -0.228291 0.048512 0.972384 534.119446
0.972927 -0.026102 0.229637 123.695435 0.035553 0.998679 -0.037111 -35.147125 -0.228365 0.044270 0.972569 535.308655
0.972870 -0.022015 0.230305 123.967422 0.031873 0.998724 -0.039168 -35.213013 -0.229149 0.045446 0.972329 536.497925
0.972334 -0.017730 0.232924 124.240082 0.028153 0.998742 -0.041498 -35.262161 -0.231896 0.046908 0.971609 537.700256
0.972061 -0.011040 0.234469 124.511299 0.021954 0.998791 -0.043986 -35.305580 -0.233700 0.047904 0.971127 538.910828
0.971627 -0.006379 0.236429 124.790390 0.017683 0.998798 -0.045721 -35.351601 -0.235853 0.048605 0.970572 540.123230
0.970975 -0.004353 0.239145 125.080368 0.015709 0.998836 -0.045600 -35.401245 -0.238668 0.048034 0.969913 541.339722
0.970010 0.002661 0.243055 125.373024 0.008536 0.998950 -0.045003 -35.453522 -0.242919 0.045728 0.968968 542.560974
0.968924 0.004739 0.247312 125.685143 0.006450 0.998993 -0.044411 -35.518101 -0.247274 0.044627 0.967918 543.781067
0.967597 0.006348 0.252421 126.004700 0.004688 0.999060 -0.043091 -35.580212 -0.252458 0.042879 0.966657 545.011047
0.966221 0.005666 0.257656 126.319412 0.005431 0.999089 -0.042335 -35.642086 -0.257661 0.042305 0.965309 546.239990
0.965525 0.000850 0.260310 126.673164 0.011269 0.998921 -0.045056 -35.700562 -0.260067 0.046436 0.964473 547.453735
0.964312 -0.008129 0.264645 127.017685 0.021085 0.998712 -0.046156 -35.764435 -0.263929 0.050089 0.963240 548.667664
0.963179 -0.016017 0.268381 127.364861 0.029168 0.998557 -0.045083 -35.829472 -0.267272 0.051250 0.962257 549.885803
0.962118 -0.022602 0.271692 127.724358 0.033540 0.998800 -0.035682 -35.903664 -0.270560 0.043443 0.961723 551.115967
0.961156 -0.027539 0.274627 128.083725 0.036984 0.998888 -0.029268 -35.977619 -0.273515 0.038287 0.961106 552.343384
0.960451 -0.029855 0.276844 128.442001 0.039527 0.998785 -0.029419 -36.052231 -0.275629 0.039199 0.960464 553.567261
0.960153 -0.028093 0.278058 128.796982 0.039320 0.998617 -0.034882 -36.132858 -0.276694 0.044425 0.959931 554.786316
0.959998 -0.029166 0.278486 129.154861 0.041019 0.998479 -0.036828 -36.216629 -0.276988 0.046778 0.959734 556.009705
0.959875 -0.032461 0.278544 129.515106 0.043332 0.998517 -0.032958 -36.289536 -0.277061 0.043706 0.959858 557.237976
0.960323 -0.037678 0.276333 129.895920 0.049766 0.998080 -0.036860 -36.336578 -0.274414 0.049149 0.960355 558.465149
0.960764 -0.041360 0.274264 130.257751 0.055849 0.997415 -0.045228 -36.389030 -0.271684 0.058771 0.960590 559.684570
0.960988 -0.048058 0.272386 130.601181 0.063459 0.996829 -0.048012 -36.438972 -0.269215 0.063425 0.960990 560.929504
0.961321 -0.049178 0.271005 130.931656 0.063181 0.997067 -0.043184 -36.502060 -0.268087 0.058636 0.961608 562.179260
0.961828 -0.048350 0.269350 131.266785 0.060248 0.997531 -0.036079 -36.568127 -0.266940 0.050929 0.962366 563.417542
0.962498 -0.047530 0.267095 131.623550 0.058254 0.997778 -0.032368 -36.619354 -0.264962 0.046713 0.963127 564.648499
0.963060 -0.048203 0.264938 131.977158 0.058138 0.997865 -0.029779 -36.665333 -0.262937 0.044081 0.963805 565.866333
0.963347 -0.051691 0.263230 132.327774 0.061450 0.997690 -0.028972 -36.711918 -0.261123 0.044085 0.964298 567.080383
0.963558 -0.058181 0.261093 132.677948 0.068570 0.997170 -0.030850 -36.759251 -0.258560 0.047630 0.964820 568.292664
0.963457 -0.066000 0.259606 133.013412 0.077923 0.996313 -0.035894 -36.805679 -0.256279 0.054812 0.965047 569.516357
0.963808 -0.068545 0.257636 133.343781 0.080786 0.996036 -0.037217 -36.857563 -0.254063 0.056683 0.965525 570.743042
0.964041 -0.073027 0.255523 133.672775 0.085346 0.995647 -0.037442 -36.910088 -0.251676 0.057903 0.966078 571.970947
0.964163 -0.077672 0.253685 133.999268 0.089316 0.995400 -0.034689 -36.964321 -0.249824 0.056104 0.966665 573.204895
0.964832 -0.076068 0.251623 134.319550 0.086209 0.995840 -0.029513 -37.013187 -0.248330 0.050167 0.967375 574.434631
0.965354 -0.075024 0.249926 134.639252 0.085020 0.995945 -0.029426 -37.069698 -0.246704 0.049655 0.967817 575.654602
0.966355 -0.068087 0.248037 134.968307 0.079524 0.996169 -0.036373 -37.117882 -0.244609 0.054873 0.968068 576.865479
0.967156 -0.059504 0.247120 135.278320 0.072300 0.996454 -0.043025 -37.171814 -0.243683 0.059478 0.968029 578.090942
0.967727 -0.059287 0.244926 135.601425 0.073523 0.996070 -0.049385 -37.233395 -0.241035 0.065799 0.968283 579.303711
0.968125 -0.057093 0.243873 135.924316 0.072336 0.995917 -0.054002 -37.295708 -0.239795 0.069921 0.968302 580.517029
0.968232 -0.060631 0.242594 136.252686 0.075030 0.995900 -0.050548 -37.354431 -0.238535 0.067144 0.968810 581.735840
0.968782 -0.063009 0.239773 136.601135 0.075943 0.996093 -0.045080 -37.424183 -0.235996 0.061881 0.969782 582.961182
0.969254 -0.055317 0.239766 136.897049 0.067887 0.996701 -0.044483 -37.487293 -0.236514 0.059392 0.969811 584.179321
0.969496 -0.045738 0.240804 137.188614 0.059710 0.996910 -0.051044 -37.567986 -0.237726 0.063866 0.969230 585.364014
0.969209 -0.036459 0.243525 137.463913 0.051700 0.997064 -0.056484 -37.633324 -0.240751 0.067335 0.968249 586.593811
0.969031 -0.025322 0.245637 137.731934 0.041421 0.997303 -0.060593 -37.697159 -0.243440 0.068891 0.967466 587.837891
0.968704 -0.019737 0.247433 138.006775 0.035569 0.997585 -0.059673 -37.762970 -0.245657 0.066606 0.967065 589.081238
0.968423 -0.020148 0.248498 138.294174 0.035879 0.997617 -0.058939 -37.826637 -0.246718 0.065993 0.966837 590.318054
0.967881 -0.022133 0.250432 138.596924 0.037614 0.997654 -0.057201 -37.890671 -0.248579 0.064783 0.966443 591.533386
0.967302 -0.023010 0.252584 138.900391 0.037727 0.997851 -0.053577 -37.951500 -0.250809 0.061354 0.966091 592.750122
0.966902 -0.023838 0.254031 139.204559 0.037173 0.998164 -0.047819 -38.006927 -0.252425 0.055679 0.966013 593.971924
0.966279 -0.026157 0.256167 139.533539 0.038442 0.998333 -0.043066 -38.063988 -0.254614 0.051462 0.965673 595.189575
0.965681 -0.031563 0.257808 139.880371 0.043017 0.998317 -0.038906 -38.118496 -0.256146 0.048660 0.965413 596.401123
0.965131 -0.037230 0.259109 140.228333 0.049254 0.997982 -0.040069 -38.171211 -0.257095 0.051434 0.965016 597.599915
0.964472 -0.044623 0.260391 140.575333 0.058460 0.997246 -0.045635 -38.222473 -0.257637 0.059236 0.964424 598.780090
0.963826 -0.049687 0.261858 140.904831 0.063871 0.996901 -0.045929 -38.293476 -0.258764 0.060992 0.964012 599.957642
0.962874 -0.055278 0.264234 141.222488 0.068663 0.996769 -0.041684 -38.366169 -0.261076 0.058280 0.963557 601.135559
0.962378 -0.058799 0.265278 141.535233 0.070993 0.996805 -0.036606 -38.435417 -0.262277 0.054062 0.963477 602.317383
0.962046 -0.060864 0.266012 141.849640 0.072386 0.996807 -0.033713 -38.498280 -0.263110 0.051689 0.963380 603.498840
0.961999 -0.064360 0.265362 142.183121 0.075052 0.996718 -0.030337 -38.552235 -0.262538 0.049100 0.963672 604.689209
0.962178 -0.067251 0.263990 142.523254 0.077183 0.996640 -0.027420 -38.601479 -0.261259 0.046758 0.964136 605.883118
0.962361 -0.067242 0.263328 142.851959 0.076576 0.996742 -0.025333 -38.643539 -0.260767 0.044544 0.964374 607.073486
0.962733 -0.065824 0.262324 143.182571 0.075078 0.996855 -0.025402 -38.681549 -0.259826 0.044151 0.964646 608.266296
0.962941 -0.063867 0.262041 143.511108 0.073900 0.996856 -0.028604 -38.721241 -0.259390 0.046908 0.964633 609.459351
0.963217 -0.059602 0.262034 143.831512 0.070605 0.996966 -0.032770 -38.766724 -0.259285 0.050065 0.964502 610.648865
0.963111 -0.059576 0.262427 144.154449 0.072106 0.996659 -0.038365 -38.815147 -0.259265 0.055872 0.964189 611.840820
0.963150 -0.058120 0.262611 144.474640 0.072852 0.996249 -0.046704 -38.872822 -0.258911 0.064114 0.963771 613.030762
0.963188 -0.057130 0.262690 144.796371 0.073042 0.996014 -0.051205 -38.940220 -0.258718 0.068508 0.963521 614.224426
0.963369 -0.058324 0.261762 145.122452 0.073565 0.996096 -0.048799 -39.012177 -0.257894 0.066267 0.963898 615.423889
0.963587 -0.059990 0.260578 145.449951 0.073571 0.996377 -0.042674 -39.083382 -0.257074 0.060291 0.964509 616.630127
0.963804 -0.061789 0.259353 145.776382 0.073875 0.996578 -0.037105 -39.147511 -0.256172 0.054921 0.965070 617.838196
0.964090 -0.062630 0.258085 146.098267 0.073887 0.996682 -0.034144 -39.206379 -0.255090 0.051987 0.965518 619.044617
0.964403 -0.064863 0.256360 146.414597 0.076677 0.996394 -0.036346 -39.259197 -0.253078 0.054709 0.965897 620.242310
0.964843 -0.068153 0.253837 146.736954 0.080050 0.996111 -0.036827 -39.313950 -0.250339 0.055851 0.966546 621.441467
0.965311 -0.072473 0.250844 147.060165 0.083728 0.995893 -0.034476 -39.372311 -0.247315 0.054284 0.967413 622.643250
0.965935 -0.073598 0.248098 147.373688 0.084713 0.995811 -0.034415 -39.428432 -0.244526 0.054260 0.968124 623.843689
0.966467 -0.069650 0.247168 147.661682 0.081002 0.996062 -0.036046 -39.475433 -0.243683 0.054858 0.968302 625.041443
0.967167 -0.064721 0.245762 147.946167 0.076121 0.996406 -0.037163 -39.525761 -0.242474 0.054650 0.968617 626.239929
0.967725 -0.057484 0.245368 148.232010 0.068764 0.996923 -0.037647 -39.581261 -0.242449 0.053304 0.968699 627.438232
0.967902 -0.050648 0.246170 148.519272 0.061732 0.997388 -0.037512 -39.642174 -0.243626 0.051505 0.968501 628.627869
0.967589 -0.045323 0.248428 148.780334 0.056157 0.997747 -0.036695 -39.698357 -0.246205 0.049456 0.967955 629.819824
0.967530 -0.040090 0.249559 149.055466 0.051809 0.997833 -0.040563 -39.762043 -0.247391 0.052175 0.967510 630.996826
0.967602 -0.036988 0.249755 149.350754 0.049807 0.997735 -0.045200 -39.827213 -0.247518 0.056175 0.967253 632.166870
0.967611 -0.035547 0.249932 149.657272 0.048801 0.997701 -0.047029 -39.894825 -0.247685 0.057702 0.967121 633.339233
0.967534 -0.036387 0.250111 149.964066 0.048560 0.997909 -0.042667 -39.961514 -0.248035 0.053427 0.967277 634.517578
0.967504 -0.036689 0.250181 150.270691 0.047410 0.998192 -0.036956 -40.023670 -0.248372 0.047615 0.967493 635.699158
0.967356 -0.039249 0.250364 150.579987 0.048765 0.998301 -0.031913 -40.078362 -0.248685 0.043080 0.967625 636.880859
0.967319 -0.038201 0.250670 150.885284 0.047377 0.998406 -0.030674 -40.130878 -0.249098 0.041548 0.967587 638.062317
0.967094 -0.036924 0.251726 151.188110 0.047748 0.998173 -0.037023 -40.185143 -0.249899 0.047823 0.967090 639.234741
0.966891 -0.035794 0.252669 151.491348 0.049587 0.997595 -0.048429 -40.242405 -0.250327 0.059355 0.966340 640.400208
0.966737 -0.033950 0.253507 151.794464 0.048883 0.997406 -0.052844 -40.305489 -0.251056 0.063478 0.965889 641.569763
0.966656 -0.032677 0.253984 152.098190 0.045921 0.997868 -0.046387 -40.371243 -0.251926 0.056503 0.966096 642.752014
0.966544 -0.030392 0.254694 152.401047 0.040724 0.998544 -0.035390 -40.434635 -0.253246 0.044577 0.966374 643.938904
0.966260 -0.024264 0.256424 152.699387 0.033246 0.998974 -0.030751 -40.488819 -0.255414 0.038239 0.966075 645.123169
0.965720 -0.016825 0.259040 152.995590 0.026362 0.999095 -0.033386 -40.540443 -0.258244 0.039071 0.965289 646.296082
0.964984 -0.013551 0.261962 153.299255 0.024552 0.998947 -0.038766 -40.595238 -0.261160 0.043840 0.964299 647.455139
0.964096 -0.015329 0.265112 153.613297 0.027337 0.998757 -0.041662 -40.655266 -0.264143 0.047414 0.963317 648.609436
0.963102 -0.020086 0.268388 153.937637 0.032407 0.998611 -0.041555 -40.716782 -0.267180 0.048718 0.962414 649.763367
0.962151 -0.022942 0.271549 154.263885 0.034951 0.998610 -0.039467 -40.778019 -0.270265 0.047464 0.961615 650.917358
0.961205 -0.023752 0.274811 154.588959 0.035424 0.998665 -0.037589 -40.835464 -0.273551 0.045865 0.960763 652.069763
0.960116 -0.024616 0.278517 154.916199 0.036030 0.998705 -0.035934 -40.892357 -0.277272 0.044536 0.959759 653.219116
0.958860 -0.022517 0.282986 155.238144 0.034169 0.998757 -0.036303 -40.949486 -0.281817 0.044478 0.958437 654.364685
0.957685 -0.023277 0.286878 155.574661 0.035391 0.998685 -0.037112 -41.005390 -0.285636 0.045694 0.957248 655.502075
0.956483 -0.026232 0.290607 155.919006 0.038620 0.998570 -0.036970 -41.061367 -0.289222 0.046584 0.956128 656.637085
0.954972 -0.033481 0.294802 156.274124 0.045750 0.998346 -0.034815 -41.115692 -0.293149 0.046734 0.954924 657.767273
0.953973 -0.026585 0.298710 156.618240 0.037693 0.998794 -0.031485 -41.167953 -0.297513 0.041294 0.953824 658.900940
0.952507 -0.019203 0.303913 156.960770 0.029208 0.999170 -0.028405 -41.217377 -0.303115 0.035932 0.952276 660.032104
0.950810 -0.009185 0.309639 157.301331 0.018623 0.999448 -0.027536 -41.264412 -0.309215 0.031947 0.950455 661.162109
0.948695 -0.000522 0.316194 157.647659 0.010610 0.999488 -0.030180 -41.311050 -0.316016 0.031987 0.948214 662.284851
0.947003 -0.000366 0.321224 158.015442 0.011536 0.999394 -0.032868 -41.358513 -0.321017 0.034832 0.946432 663.396057
0.945855 -0.006217 0.324531 158.396912 0.017960 0.999288 -0.033199 -41.407612 -0.324093 0.037230 0.945293 664.502625
0.944941 -0.015068 0.326894 158.788727 0.026673 0.999162 -0.031047 -41.459400 -0.326151 0.038057 0.944551 665.606201
0.944174 -0.019664 0.328862 159.176392 0.031670 0.999012 -0.031192 -41.508926 -0.327923 0.039866 0.943863 666.706970
0.943489 -0.017198 0.330959 159.554916 0.030691 0.998895 -0.035584 -41.559704 -0.329981 0.043731 0.942975 667.803284
0.942751 -0.012629 0.333257 159.927887 0.027859 0.998772 -0.040962 -41.611828 -0.332330 0.047902 0.941946 668.895142
0.941945 -0.009146 0.335644 160.290421 0.023693 0.998947 -0.039273 -41.666473 -0.334932 0.044946 0.941170 669.986206
0.941188 -0.009396 0.337753 160.663788 0.022743 0.999108 -0.035581 -41.722900 -0.337118 0.041170 0.940562 671.064697
0.932704 0.004461 0.360614 160.804489 0.014282 0.998682 -0.049294 -41.541477 -0.360359 0.051126 0.931412 672.240601
0.931987 -0.003076 0.362481 161.211151 0.020391 0.998825 -0.043951 -41.613197 -0.361920 0.048353 0.930954 673.298096
0.931998 -0.011720 0.362274 161.622559 0.031541 0.998308 -0.048845 -41.674500 -0.361089 0.056949 0.930791 674.324097
0.932368 -0.016422 0.361138 162.028229 0.038687 0.997764 -0.054508 -41.733196 -0.359435 0.064793 0.930918 675.345337
0.933820 -0.022843 0.357014 162.459656 0.047909 0.996955 -0.061524 -41.794987 -0.354522 0.074556 0.932070 676.372742
0.934933 -0.026447 0.353838 162.884277 0.052132 0.996635 -0.063252 -41.858772 -0.350974 0.077582 0.933165 677.400269
0.936030 -0.029403 0.350691 163.302292 0.051897 0.997142 -0.054911 -41.918854 -0.348073 0.069599 0.934880 678.438843
0.939037 -0.026451 0.342796 163.681671 0.044951 0.997923 -0.046132 -42.001045 -0.340864 0.058729 0.938276 679.506348
0.940125 -0.026850 0.339774 164.013550 0.045067 0.997932 -0.045835 -42.062363 -0.337840 0.058404 0.939390 680.570435
0.941796 -0.017853 0.335712 164.387039 0.038917 0.997665 -0.056120 -42.123821 -0.333926 0.065918 0.940291 681.608948
0.942612 -0.011461 0.333695 164.756866 0.035721 0.997137 -0.066657 -42.193359 -0.331975 0.074752 0.940322 682.637085
0.943257 -0.005296 0.332022 165.117859 0.031793 0.996720 -0.074422 -42.270187 -0.330539 0.080756 0.940331 683.661621
0.943904 -0.005260 0.330177 165.481003 0.030175 0.997064 -0.070378 -42.357071 -0.328838 0.076394 0.941291 684.706177
0.944257 -0.007251 0.329129 165.830185 0.030021 0.997489 -0.064154 -42.436272 -0.327837 0.070459 0.942103 685.755066
0.944966 -0.011887 0.326952 166.170364 0.033125 0.997681 -0.059467 -42.502533 -0.325486 0.067024 0.943168 686.803955
0.945733 -0.017559 0.324469 166.534973 0.039274 0.997396 -0.060499 -42.564476 -0.322562 0.069959 0.943959 687.837158
0.946595 -0.018928 0.321870 166.904449 0.040686 0.997308 -0.061008 -42.620655 -0.319848 0.070845 0.944816 688.871643
0.947671 -0.018246 0.318727 167.262894 0.039438 0.997410 -0.060162 -42.675617 -0.316803 0.069584 0.945935 689.908020
0.948788 -0.022303 0.315127 167.620789 0.042088 0.997537 -0.056118 -42.729694 -0.313099 0.066506 0.947389 690.945374
0.949937 -0.020498 0.311769 167.960526 0.039115 0.997797 -0.053576 -42.792156 -0.309984 0.063089 0.948646 691.984741
0.951181 -0.017768 0.308124 168.290314 0.035926 0.997929 -0.053358 -42.855457 -0.306537 0.061824 0.949849 693.023193
0.952454 -0.018232 0.304136 168.620865 0.037251 0.997688 -0.056850 -42.917526 -0.302396 0.065477 0.950931 694.055542
0.953315 -0.018119 0.301434 168.950058 0.038178 0.997421 -0.060787 -42.991066 -0.299554 0.069457 0.951547 695.083008
0.953655 -0.017234 0.300407 169.278107 0.036950 0.997510 -0.060071 -43.065281 -0.298624 0.068386 0.951918 696.115051
0.953884 -0.016666 0.299713 169.601593 0.034993 0.997824 -0.055882 -43.126629 -0.298130 0.063793 0.952391 697.151672
0.953997 -0.017780 0.299290 169.921768 0.034989 0.998021 -0.052238 -43.187229 -0.297769 0.060307 0.952732 698.193909
0.954056 -0.019774 0.298976 170.241318 0.036038 0.998150 -0.048982 -43.246407 -0.297454 0.057505 0.953003 699.235657
0.953877 -0.019712 0.299551 170.559723 0.034709 0.998392 -0.044829 -43.301094 -0.298185 0.053158 0.953027 700.278015
0.953241 -0.019186 0.301602 170.879791 0.033409 0.998556 -0.042070 -43.354145 -0.300358 0.050178 0.952506 701.319397
0.952464 -0.016062 0.304229 171.199890 0.030733 0.998581 -0.043499 -43.406982 -0.303098 0.050782 0.951605 702.355225
0.951142 -0.016478 0.308313 171.532166 0.032910 0.998297 -0.048171 -43.455399 -0.306994 0.055964 0.950064 703.399048
0.949270 -0.012481 0.314215 171.842957 0.028918 0.998443 -0.047705 -43.500408 -0.313129 0.054372 0.948153 704.457092
0.947286 -0.015430 0.320018 172.178070 0.029511 0.998795 -0.039199 -43.554054 -0.319027 0.046577 0.946600 705.506653
0.945507 -0.012870 0.325350 172.524475 0.024945 0.999146 -0.032967 -43.597542 -0.324648 0.039285 0.945018 706.570435
0.943683 -0.010382 0.330691 172.875717 0.022136 0.999249 -0.031797 -43.628025 -0.330112 0.037326 0.943204 707.636230
0.942111 -0.011929 0.335087 173.276810 0.025845 0.998977 -0.037101 -43.639191 -0.334302 0.043614 0.941456 708.671631
0.940597 -0.012871 0.339282 173.681244 0.028681 0.998722 -0.041627 -43.668419 -0.338312 0.048885 0.939764 709.707397
0.938781 -0.014656 0.344204 174.063690 0.029938 0.998786 -0.039125 -43.718529 -0.343211 0.047033 0.938079 710.753845
0.936928 -0.022496 0.348799 174.459946 0.035167 0.998930 -0.030038 -43.768917 -0.347750 0.040410 0.936716 711.806763
0.935242 -0.029715 0.352761 174.863373 0.041736 0.998776 -0.026515 -43.812763 -0.351541 0.039521 0.935337 712.859558
0.933847 -0.033208 0.356128 175.266510 0.046969 0.998444 -0.030059 -43.852757 -0.354576 0.044797 0.933954 713.902771
0.932870 -0.032882 0.358708 175.670792 0.048558 0.998215 -0.034777 -43.893105 -0.356925 0.049861 0.932802 714.948425
0.932157 -0.031187 0.360708 176.076035 0.045990 0.998413 -0.032528 -43.922493 -0.359121 0.046909 0.932111 715.993774
0.931130 -0.031219 0.363350 176.483978 0.044514 0.998609 -0.028274 -43.953331 -0.361962 0.042502 0.931223 717.043213
0.929886 -0.032220 0.366436 176.897690 0.045020 0.998637 -0.026437 -43.987770 -0.365085 0.041080 0.930068 718.097046
0.928862 -0.028868 0.369298 177.308914 0.042799 0.998646 -0.029584 -44.024010 -0.367944 0.043285 0.928840 719.148987
0.927870 -0.029959 0.371699 177.729706 0.045130 0.998463 -0.032182 -44.063313 -0.370163 0.046635 0.927795 720.204529
0.927006 -0.031912 0.373686 178.155869 0.047476 0.998343 -0.032516 -44.105579 -0.372029 0.047884 0.926986 721.264099
0.925834 -0.035991 0.376214 178.588531 0.052135 0.998101 -0.032815 -44.152466 -0.374318 0.049995 0.925952 722.327393
0.924796 -0.037098 0.378652 179.023453 0.055436 0.997753 -0.037637 -44.203232 -0.376404 0.055797 0.924773 723.390198
0.922916 -0.038694 0.383052 179.423416 0.057765 0.997591 -0.038403 -44.246761 -0.380644 0.057569 0.922928 724.471741
0.921707 -0.048692 0.384820 179.884109 0.065206 0.997421 -0.029972 -44.277580 -0.382369 0.052717 0.922505 725.552856
0.920553 -0.053338 0.386958 180.339325 0.068502 0.997326 -0.025492 -44.303822 -0.384563 0.049975 0.921745 726.635010
0.919681 -0.058727 0.388251 180.794724 0.073197 0.997063 -0.022570 -44.324486 -0.385784 0.049175 0.921277 727.716370
0.920271 -0.058063 0.386951 181.286499 0.074190 0.996882 -0.026858 -44.365757 -0.384186 0.053424 0.921709 728.797180
0.920329 -0.054781 0.387290 181.786026 0.072249 0.996915 -0.030676 -44.411102 -0.384415 0.056213 0.921448 729.880005
0.920615 -0.053407 0.386803 182.283386 0.070759 0.997020 -0.030749 -44.458118 -0.384008 0.055677 0.921650 730.972595
0.920752 -0.050550 0.386860 182.729874 0.065838 0.997482 -0.026360 -44.513084 -0.384553 0.049741 0.921762 732.089417
0.921443 -0.049567 0.385339 183.188843 0.063364 0.997722 -0.023180 -44.556114 -0.383311 0.045775 0.922484 733.200073
0.922000 -0.048908 0.384089 183.620544 0.061744 0.997869 -0.021148 -44.601147 -0.382236 0.043213 0.923054 734.335083
0.922419 -0.047879 0.383213 184.080994 0.059638 0.998042 -0.018857 -44.635342 -0.381560 0.040247 0.923468 735.461975
0.922638 -0.045716 0.382949 184.525070 0.057498 0.998158 -0.019370 -44.670509 -0.381358 0.039891 0.923566 736.587463
0.922836 -0.046184 0.382416 184.985870 0.059469 0.997966 -0.022984 -44.707554 -0.380577 0.043952 0.923704 737.716309
0.923231 -0.046205 0.381458 185.455444 0.061791 0.997676 -0.028704 -44.745377 -0.379245 0.050070 0.923940 738.848145
0.923607 -0.046097 0.380560 185.926788 0.063776 0.997386 -0.033968 -44.786842 -0.377999 0.055643 0.924132 739.981323
0.923926 -0.046152 0.379777 186.398453 0.064169 0.997328 -0.034912 -44.829182 -0.377151 0.056625 0.924419 741.120789
0.924091 -0.044074 0.379623 186.868454 0.061973 0.997463 -0.035051 -44.871677 -0.377115 0.055917 0.924477 742.264404
0.924073 -0.038573 0.380265 187.335999 0.057689 0.997573 -0.038998 -44.916672 -0.377837 0.057974 0.924055 743.406860
0.923685 -0.036426 0.381418 187.808640 0.056149 0.997592 -0.040703 -44.963474 -0.379017 0.059014 0.923506 744.550720
0.923267 -0.037781 0.382295 188.285538 0.056685 0.997657 -0.038304 -45.008068 -0.379951 0.057035 0.923246 745.697693
0.922791 -0.041879 0.383019 188.767136 0.060149 0.997546 -0.035842 -45.049438 -0.380577 0.056113 0.923045 746.843689
0.922421 -0.044605 0.383599 189.248764 0.062141 0.997507 -0.033435 -45.090202 -0.381152 0.054678 0.922894 747.991089
0.921289 -0.049277 0.385744 189.732483 0.064221 0.997598 -0.025942 -45.145084 -0.383539 0.048672 0.922241 749.148560
0.921346 -0.048164 0.385749 190.255371 0.062452 0.997745 -0.024588 -45.182320 -0.383694 0.046745 0.922276 750.313843
0.920677 -0.046900 0.387498 190.760818 0.062993 0.997595 -0.028925 -45.219219 -0.385209 0.051040 0.921417 751.464478
0.919478 -0.045337 0.390519 191.269119 0.063741 0.997377 -0.034290 -45.256374 -0.387940 0.056421 0.919956 752.611511
0.918138 -0.044735 0.393727 191.781479 0.064933 0.997162 -0.038118 -45.296101 -0.390905 0.060562 0.918436 753.759583
0.916726 -0.044644 0.397015 192.297516 0.066558 0.996915 -0.041584 -45.340088 -0.393934 0.064546 0.916870 754.906067
0.915300 -0.044508 0.400306 192.817947 0.068173 0.996655 -0.045061 -45.388466 -0.396961 0.068534 0.915274 756.054565
0.913940 -0.044409 0.403414 193.337738 0.069765 0.996390 -0.048368 -45.441647 -0.399809 0.072350 0.913739 757.201782
0.912408 -0.046890 0.406588 193.874847 0.071739 0.996358 -0.046079 -45.520931 -0.402946 0.071212 0.912449 758.355225
0.910729 -0.046626 0.410363 194.415588 0.073339 0.996074 -0.049586 -45.626587 -0.406440 0.075255 0.910573 759.505798
0.909191 -0.046056 0.413825 194.958054 0.074671 0.995787 -0.053233 -45.724739 -0.409629 0.079300 0.908799 760.645630
0.907602 -0.045495 0.417359 195.502396 0.075856 0.995521 -0.056439 -45.838230 -0.412921 0.082883 0.906988 761.808044
0.905934 -0.045765 0.420938 196.081161 0.078322 0.995099 -0.060373 -45.995457 -0.416112 0.087661 0.905078 762.980042
0.904443 -0.045116 0.424204 196.645844 0.079649 0.994765 -0.064021 -46.114311 -0.419094 0.091690 0.903301 764.125977
0.902908 -0.045417 0.427428 197.246231 0.081770 0.994392 -0.067072 -46.265083 -0.421984 0.095511 0.901558 765.269287
0.901376 -0.045212 0.430671 197.840744 0.083498 0.994018 -0.070404 -46.413647 -0.424912 0.099420 0.899758 766.409546
0.899640 -0.043643 0.434447 198.384033 0.082916 0.993963 -0.071849 -46.523270 -0.428688 0.100660 0.897828 767.554199
0.898272 -0.044421 0.437188 199.024033 0.086592 0.993265 -0.076992 -46.717396 -0.430822 0.107017 0.896068 768.666809
0.896728 -0.044445 0.440345 199.666931 0.088758 0.992791 -0.080543 -46.915245 -0.433590 0.111310 0.894209 769.785034
0.895279 -0.045584 0.443167 200.291016 0.089668 0.992833 -0.079022 -47.093395 -0.436388 0.110484 0.892949 770.901550
0.894025 -0.046523 0.445595 200.910370 0.090651 0.992807 -0.078222 -47.267128 -0.438751 0.110326 0.891811 772.007141
0.892874 -0.048875 0.447647 201.543869 0.093773 0.992480 -0.078678 -47.439823 -0.440435 0.112226 0.890742 773.101013
0.891760 -0.050402 0.449694 202.147598 0.095720 0.992300 -0.078597 -47.577812 -0.442271 0.113135 0.889718 774.206055
0.890622 -0.050043 0.451984 202.801590 0.095152 0.992433 -0.077610 -47.780205 -0.444680 0.112128 0.888644 775.270203
0.889497 -0.049326 0.454270 203.421707 0.092995 0.992893 -0.074278 -47.949135 -0.447377 0.108315 0.887762 776.344604
0.888453 -0.048546 0.456392 204.049332 0.090346 0.993433 -0.070206 -48.114010 -0.449986 0.103608 0.887005 777.401672
0.887462 -0.045676 0.458612 204.668961 0.086379 0.993928 -0.068161 -48.272545 -0.452714 0.100104 0.886019 778.461243
0.886871 -0.041977 0.460107 205.294083 0.080887 0.994590 -0.065172 -48.427204 -0.454881 0.095014 0.885468 779.507812
0.886073 -0.042157 0.461624 205.921921 0.080277 0.994765 -0.063242 -48.579567 -0.456541 0.093094 0.884818 780.545105
0.885305 -0.033355 0.463813 206.512604 0.074732 0.994665 -0.071112 -48.692703 -0.458967 0.097617 0.883075 781.630493
0.884359 -0.025190 0.466127 207.088486 0.072329 0.993878 -0.083517 -48.790810 -0.461169 0.107574 0.880767 782.726135
0.883514 -0.020260 0.467968 207.673950 0.073129 0.992780 -0.095084 -48.898926 -0.462663 0.118229 0.878616 783.810181
0.881736 -0.024477 0.471107 208.249176 0.074323 0.993389 -0.087492 -49.028717 -0.465852 0.112159 0.877725 784.912415
0.880540 -0.030749 0.472973 208.843216 0.073962 0.994583 -0.073034 -49.145538 -0.468166 0.099291 0.878044 786.032349
0.878972 -0.038272 0.475334 209.441849 0.076625 0.995158 -0.061567 -49.250675 -0.470676 0.090538 0.877649 787.140991
0.877910 -0.039064 0.477231 210.045670 0.081232 0.994370 -0.068040 -49.344814 -0.471886 0.098499 0.876140 788.234619
0.876938 -0.032990 0.479470 210.651443 0.083881 0.992835 -0.085104 -49.443413 -0.473227 0.114850 0.873422 789.315308
0.876017 -0.029890 0.481353 211.294098 0.085205 0.991970 -0.093466 -49.585663 -0.474694 0.122891 0.871530 790.374329
0.875139 -0.029786 0.482955 211.939743 0.081716 0.992865 -0.086841 -49.743347 -0.476923 0.115462 0.871328 791.442993
0.873805 -0.030873 0.485296 212.587311 0.078859 0.993769 -0.078769 -49.867500 -0.479841 0.107098 0.870795 792.515381
0.872362 -0.030554 0.487907 213.206726 0.079424 0.993644 -0.079781 -49.960827 -0.482367 0.108349 0.869242 793.596252
0.871191 -0.029613 0.490052 213.824020 0.079844 0.993436 -0.081910 -50.050854 -0.484410 0.110486 0.867837 794.667297
0.870176 -0.026870 0.492008 214.458252 0.080406 0.992871 -0.087983 -50.184505 -0.486137 0.116120 0.866133 795.735229
0.869166 -0.024804 0.493898 215.114182 0.081228 0.992337 -0.093109 -50.332558 -0.487803 0.121045 0.864520 796.776855
0.867925 -0.023953 0.496117 215.749542 0.080872 0.992323 -0.093568 -50.465294 -0.490067 0.121331 0.863200 797.834473
0.866507 -0.028536 0.498349 216.394302 0.082869 0.992734 -0.087241 -50.594872 -0.492239 0.116892 0.862576 798.888000
0.865322 -0.035524 0.499956 217.073517 0.085168 0.993401 -0.076823 -50.738949 -0.493928 0.109057 0.862637 799.905212
0.864153 -0.041572 0.501510 217.760315 0.089053 0.993486 -0.071094 -50.881943 -0.495287 0.106097 0.862226 800.899841
0.862956 -0.043011 0.503444 218.433350 0.091998 0.993091 -0.072849 -50.997318 -0.496832 0.109182 0.860951 801.907166
0.861632 -0.037969 0.506113 219.101166 0.089741 0.992883 -0.078291 -51.126133 -0.499537 0.112878 0.858907 802.914062
0.860358 -0.031587 0.508711 219.772125 0.086371 0.992678 -0.084435 -51.259590 -0.502320 0.116582 0.856786 803.906982
0.858942 -0.030417 0.511168 220.405136 0.085577 0.992722 -0.084729 -51.372089 -0.504870 0.116522 0.855294 804.952515
0.857774 -0.031066 0.513087 221.046341 0.083234 0.993394 -0.079002 -51.493973 -0.507244 0.110472 0.854693 806.001221
0.856730 -0.031768 0.514786 221.694305 0.081487 0.993903 -0.074279 -51.618904 -0.509287 0.105585 0.854095 807.036438
0.855415 -0.035346 0.516735 222.337234 0.084933 0.993737 -0.072624 -51.729290 -0.510931 0.106011 0.853059 808.064087
0.854290 -0.037507 0.518441 222.976990 0.086798 0.993683 -0.071138 -51.834282 -0.512498 0.105772 0.852149 809.086121
0.853287 -0.039137 0.519972 223.617477 0.088050 0.993675 -0.069701 -51.940811 -0.513953 0.105259 0.851335 810.098816
0.852260 -0.040381 0.521557 224.260849 0.091094 0.993240 -0.071952 -52.049271 -0.515126 0.108832 0.850177 811.096863
0.850711 -0.036765 0.524347 224.889420 0.090406 0.992919 -0.077056 -52.158020 -0.517801 0.112957 0.848011 812.127441
0.849494 -0.032436 0.526601 225.529404 0.086668 0.993129 -0.078635 -52.268116 -0.520432 0.112438 0.846468 813.166565
0.847437 -0.031942 0.529934 226.164780 0.084326 0.993616 -0.074957 -52.368721 -0.524156 0.108209 0.844720 814.215576
0.844879 -0.035713 0.533764 226.796936 0.085551 0.993948 -0.068912 -52.473293 -0.528073 0.103885 0.842821 815.248535
0.843235 -0.037543 0.536233 227.427704 0.086094 0.994113 -0.065783 -52.575298 -0.530606 0.101637 0.841503 816.276367
0.841914 -0.038264 0.538254 228.064758 0.087028 0.994053 -0.065459 -52.682743 -0.532548 0.101954 0.840237 817.292419
0.840869 -0.040129 0.539750 228.730347 0.090155 0.993701 -0.066570 -52.782291 -0.533678 0.104638 0.839189 818.302856
0.839901 -0.040919 0.541195 229.404251 0.092737 0.993310 -0.068818 -52.878029 -0.534758 0.107989 0.838076 819.299194
0.838769 -0.041641 0.542893 230.070190 0.094479 0.993077 -0.069798 -52.972870 -0.536229 0.109836 0.836896 820.286194
0.837664 -0.042780 0.544507 230.738449 0.094543 0.993236 -0.067406 -53.066658 -0.537940 0.107942 0.836044 821.270142
0.836057 -0.043157 0.546944 231.395416 0.094875 0.993256 -0.066651 -53.161457 -0.540378 0.107615 0.834512 822.284973
0.834601 -0.041010 0.549327 232.063568 0.095976 0.992798 -0.071698 -53.255192 -0.542430 0.112561 0.832526 823.290710
0.832756 -0.043117 0.551959 232.730286 0.100176 0.992242 -0.073629 -53.344879 -0.544502 0.116608 0.830614 824.292053
0.831584 -0.042886 0.553740 233.403198 0.099955 0.992292 -0.073256 -53.450924 -0.546330 0.116267 0.829461 825.293579
0.830444 -0.045016 0.555281 234.081436 0.100873 0.992405 -0.070405 -53.548878 -0.547894 0.114479 0.828678 826.287109
0.829343 -0.044320 0.556979 234.756760 0.099843 0.992561 -0.069685 -53.647964 -0.549747 0.113403 0.827597 827.276062
0.826753 -0.044524 0.560799 235.404205 0.098928 0.992836 -0.067018 -53.746971 -0.553797 0.110886 0.825235 828.271179
0.825388 -0.043653 0.562876 236.049530 0.097347 0.993078 -0.065731 -53.846710 -0.556110 0.109048 0.823924 829.261108
0.824325 -0.044746 0.564346 236.724655 0.097181 0.993258 -0.063196 -53.939747 -0.557712 0.106938 0.823117 830.252441
0.823240 -0.045569 0.565861 237.413467 0.097343 0.993342 -0.061624 -54.029594 -0.559285 0.105814 0.822194 831.236450
0.822770 -0.044062 0.566665 238.108093 0.095681 0.993500 -0.061674 -54.109711 -0.560264 0.104962 0.821637 832.208618
0.821214 -0.040802 0.569161 238.780701 0.095484 0.993203 -0.066569 -54.196529 -0.562575 0.109012 0.819527 833.184570
0.819989 -0.038914 0.571056 239.455200 0.095416 0.993020 -0.069338 -54.282539 -0.564371 0.111344 0.817978 834.158630
0.818943 -0.036973 0.572682 240.129044 0.094142 0.993059 -0.070508 -54.369148 -0.566101 0.111655 0.816739 835.128784
0.817811 -0.040665 0.574049 240.809235 0.096912 0.992986 -0.067722 -54.451675 -0.567268 0.111016 0.816016 836.096558
0.817024 -0.045297 0.574822 241.489136 0.098426 0.993235 -0.061630 -54.529541 -0.568140 0.106931 0.815955 837.064087
0.816576 -0.049442 0.575117 242.166367 0.097983 0.993738 -0.053689 -54.602608 -0.568862 0.100193 0.816307 838.028687
0.816415 -0.048754 0.575405 242.837875 0.096233 0.993983 -0.052320 -54.675636 -0.569392 0.098089 0.816194 838.986084
0.816360 -0.044060 0.575860 243.506226 0.093696 0.993981 -0.056775 -54.753834 -0.569892 0.100304 0.815574 839.927002
0.816019 -0.038330 0.576753 244.169418 0.089403 0.994161 -0.060419 -54.834812 -0.571070 0.100865 0.814681 840.859619
0.815667 -0.035925 0.577405 244.832596 0.084377 0.994785 -0.057301 -54.915237 -0.572336 0.095458 0.814444 841.787537
0.815113 -0.036153 0.578172 245.495132 0.079381 0.995607 -0.049656 -54.991951 -0.573837 0.086370 0.814402 842.708496
0.813541 -0.037301 0.580311 246.158188 0.076990 0.996065 -0.043907 -55.060665 -0.576389 0.080397 0.813211 843.630676
0.811715 -0.041377 0.582587 246.824844 0.078155 0.996211 -0.038139 -55.124096 -0.578801 0.076490 0.811874 844.538574
0.809958 -0.046666 0.584628 247.480759 0.080295 0.996267 -0.031718 -55.184444 -0.580965 0.072633 0.810680 845.434204
0.808221 -0.053145 0.586476 248.138428 0.084360 0.996096 -0.025992 -55.240852 -0.582805 0.070482 0.809550 846.324768
0.806661 -0.058090 0.588153 248.799622 0.087605 0.995917 -0.021787 -55.292908 -0.584486 0.069099 0.808456 847.208374
0.804694 -0.059839 0.590667 249.455917 0.087816 0.995961 -0.018736 -55.340923 -0.587160 0.066947 0.806697 848.083069
0.802383 -0.055724 0.594203 250.111206 0.082731 0.996404 -0.018273 -55.375439 -0.591048 0.063821 0.804108 848.969971
0.798741 -0.046124 0.599906 250.749130 0.072438 0.997177 -0.019780 -55.404167 -0.597300 0.059255 0.799827 849.885315
0.793989 -0.039508 0.606647 251.394257 0.066847 0.997509 -0.022526 -55.453571 -0.604246 0.058437 0.794652 850.773193
0.788895 -0.034335 0.613569 252.052841 0.060241 0.997950 -0.021610 -55.494797 -0.611569 0.054011 0.789345 851.636292
0.783044 -0.032547 0.621114 252.721786 0.056073 0.998258 -0.018381 -55.524147 -0.619434 0.049221 0.783504 852.480774
0.776620 -0.037511 0.628851 253.408493 0.057028 0.998314 -0.010878 -55.545582 -0.627382 0.044309 0.777450 853.335205
0.769719 -0.045351 0.636770 254.110413 0.060855 0.998143 -0.002472 -55.557060 -0.635476 0.040653 0.771050 854.195129
0.763011 -0.056559 0.643907 254.826843 0.068990 0.997601 0.005876 -55.570213 -0.642694 0.039939 0.765082 855.037598
0.756487 -0.066307 0.650640 255.545776 0.075621 0.997043 0.013687 -55.579594 -0.649623 0.038848 0.759263 855.873596
0.749086 -0.076277 0.658067 256.268524 0.084933 0.996209 0.018791 -55.585648 -0.657005 0.041815 0.752725 856.698242
0.741618 -0.082316 0.665752 256.992950 0.090046 0.995677 0.022801 -55.589355 -0.664751 0.043038 0.745825 857.519592
0.733732 -0.089453 0.673525 257.723358 0.093542 0.995156 0.030267 -55.589272 -0.672970 0.040795 0.738544 858.337402
0.724872 -0.104858 0.680857 258.484650 0.102552 0.993760 0.043867 -55.564613 -0.681208 0.038024 0.731102 859.139343
0.716683 -0.114898 0.687869 259.242218 0.107260 0.992759 0.054075 -55.539101 -0.689101 0.035026 0.723819 859.941162
0.708551 -0.110333 0.696981 260.019958 0.109074 0.992955 0.046301 -55.495525 -0.697179 0.043216 0.715594 860.726013
0.700181 -0.100600 0.706842 260.779358 0.107729 0.993575 0.034695 -55.461632 -0.705790 0.051854 0.706520 861.493591
0.692149 -0.090608 0.716045 261.533112 0.105678 0.994120 0.023645 -55.428040 -0.713976 0.059304 0.697654 862.202515
0.684021 -0.080231 0.725037 262.289307 0.103427 0.994558 0.012482 -55.391403 -0.722093 0.066450 0.688597 862.893311
0.675655 -0.076646 0.733223 263.084625 0.102582 0.994680 0.009450 -55.384109 -0.730046 0.068830 0.679922 863.602722
0.667346 -0.067710 0.741663 263.881042 0.102026 0.994782 -0.000982 -55.387218 -0.737725 0.076323 0.670772 864.284485
0.658960 -0.056455 0.750056 264.676025 0.100252 0.994874 -0.013195 -55.383072 -0.745467 0.083889 0.661242 864.946838
0.650733 -0.043089 0.758083 265.452209 0.095780 0.995072 -0.025657 -55.329971 -0.753242 0.089304 0.651653 865.498718
0.642007 -0.031888 0.766036 266.239868 0.094691 0.994784 -0.037948 -55.297329 -0.760829 0.096900 0.641677 866.109863
0.633133 -0.020697 0.773767 267.026184 0.093738 0.994335 -0.050103 -55.255211 -0.768346 0.104253 0.631486 866.701111
0.625518 -0.016431 0.780036 267.851349 0.092803 0.994248 -0.053476 -55.291996 -0.774670 0.105840 0.623445 867.337402
0.616126 -0.002380 0.787644 268.655945 0.090955 0.993521 -0.068147 -55.293617 -0.782379 0.113627 0.612350 867.882629
0.607482 0.008511 0.794287 269.444458 0.090321 0.992717 -0.079714 -55.294903 -0.789182 0.120165 0.602290 868.415283
0.597890 0.021383 0.801293 270.218994 0.089372 0.991633 -0.093147 -55.259174 -0.796579 0.127304 0.590978 868.912537
0.588156 0.033824 0.808040 270.981750 0.088933 0.990362 -0.106189 -55.197388 -0.803842 0.134318 0.579478 869.378662
0.579068 0.043833 0.814100 271.757690 0.088288 0.989310 -0.116066 -55.217247 -0.810485 0.139086 0.569008 869.873962
0.569650 0.054795 0.820059 272.537415 0.089277 0.987746 -0.128014 -55.271442 -0.817024 0.146136 0.557778 870.378967
0.562532 0.057501 0.824774 273.331726 0.092285 0.986978 -0.131751 -55.377007 -0.821609 0.150228 0.549900 870.893738
0.557105 0.055313 0.828598 274.113129 0.095303 0.986928 -0.129959 -55.399788 -0.824955 0.151368 0.544552 871.346619
0.551666 0.051506 0.832473 274.887482 0.097408 0.987283 -0.125634 -55.476402 -0.828357 0.150397 0.539634 871.809875
0.546791 0.047402 0.835926 275.642731 0.101852 0.987216 -0.122603 -55.544270 -0.831052 0.152178 0.534973 872.249146
0.542386 0.047412 0.838791 276.374603 0.108179 0.986154 -0.125693 -55.602158 -0.833135 0.158913 0.529747 872.661194
0.537865 0.051908 0.841432 277.062561 0.111209 0.985012 -0.131853 -55.564396 -0.835664 0.164494 0.524030 873.023743
0.533081 0.053817 0.844350 277.723572 0.113678 0.984370 -0.134512 -55.504684 -0.838392 0.167691 0.518632 873.363159
0.528649 0.051744 0.847262 278.358551 0.114759 0.984620 -0.131736 -55.424484 -0.841048 0.166872 0.514580 873.678955
0.524518 0.049739 0.849945 278.984375 0.114356 0.985131 -0.128220 -55.410183 -0.843684 0.164450 0.511032 874.002197
0.521381 0.047179 0.852019 279.560791 0.114875 0.985501 -0.124866 -55.295536 -0.845556 0.162978 0.508402 874.272766
0.519545 0.044814 0.853267 280.103790 0.118197 0.985253 -0.123715 -55.160831 -0.846229 0.165129 0.506587 874.510010
0.518614 0.045092 0.853818 280.609863 0.120123 0.984862 -0.124977 -55.010250 -0.846528 0.167378 0.505346 874.719910
0.518184 0.050669 0.853767 281.259644 0.118861 0.984290 -0.130556 -55.012730 -0.846969 0.169132 0.504021 875.073181
0.518270 0.055655 0.853405 281.932739 0.117810 0.983721 -0.135699 -55.037758 -0.847063 0.170868 0.503277 875.451416
0.519621 0.063578 0.852028 282.607727 0.120561 0.981793 -0.146787 -55.119205 -0.845849 0.178994 0.502495 875.835693
0.520869 0.071063 0.850674 283.226959 0.121777 0.980152 -0.156442 -55.115097 -0.844905 0.185079 0.501877 876.176270
0.522067 0.077020 0.849420 283.840820 0.119663 0.979449 -0.162357 -55.168747 -0.844468 0.186404 0.502122 876.525940
0.522771 0.077816 0.848915 284.435181 0.116273 0.980010 -0.161434 -55.219589 -0.844507 0.183099 0.503273 876.864624
0.523161 0.076493 0.848794 285.006805 0.114149 0.980700 -0.158737 -55.265797 -0.844554 0.179934 0.504334 877.186401
0.522503 0.079906 0.848885 285.550507 0.111075 0.980736 -0.160683 -55.307419 -0.845371 0.178247 0.503562 877.491272
0.520886 0.085039 0.849379 286.063995 0.106616 0.980753 -0.163575 -55.336323 -0.846942 0.175761 0.501795 877.776184
0.518043 0.088424 0.850773 286.653748 0.103043 0.980947 -0.164697 -55.436741 -0.849126 0.172986 0.499061 878.142029
0.515115 0.089939 0.852390 287.257629 0.100012 0.981379 -0.163989 -55.562771 -0.851267 0.169722 0.496528 878.528381
0.510389 0.092386 0.854967 287.849762 0.096999 0.981683 -0.163984 -55.691109 -0.854456 0.166626 0.492079 878.908386
0.502519 0.096061 0.859213 288.413757 0.094165 0.981815 -0.164841 -55.809250 -0.859423 0.163743 0.484335 879.242981
0.493264 0.099887 0.864125 288.954437 0.091684 0.981883 -0.165834 -55.911415 -0.865034 0.161026 0.475170 879.560486
0.483351 0.102511 0.869404 289.468506 0.090309 0.981984 -0.165992 -56.006332 -0.870755 0.158747 0.465385 879.861816
0.471927 0.104181 0.875460 289.956726 0.090083 0.982099 -0.165431 -56.099281 -0.877023 0.156935 0.454094 880.136414
0.459210 0.104242 0.882190 290.428101 0.093032 0.981987 -0.164459 -56.186565 -0.883442 0.157593 0.441241 880.390076
0.445676 0.106738 0.888808 290.878662 0.095321 0.981563 -0.165674 -56.271130 -0.890105 0.158559 0.427286 880.628296
0.431810 0.110336 0.895191 291.296875 0.098138 0.980850 -0.168232 -56.344376 -0.896610 0.160497 0.412713 880.842529
0.416242 0.112830 0.902226 291.705078 0.101017 0.980390 -0.169210 -56.424057 -0.903625 0.161572 0.396681 881.024353
0.402207 0.116472 0.908111 292.088867 0.103880 0.979664 -0.171658 -56.503120 -0.909637 0.163376 0.381929 881.178772
0.387962 0.120164 0.913809 292.442200 0.106788 0.978927 -0.174063 -56.572937 -0.915468 0.165113 0.366954 881.310181
0.373578 0.123868 0.919291 292.764130 0.109724 0.978185 -0.176392 -56.633598 -0.921086 0.166765 0.351837 881.419861
0.359274 0.127572 0.924472 293.035461 0.112655 0.977440 -0.178662 -56.662304 -0.926408 0.168334 0.336796 881.499756
0.344736 0.131322 0.929469 293.285065 0.115668 0.976677 -0.180892 -56.699924 -0.931547 0.169869 0.321506 881.561340
0.322530 0.135047 0.936876 293.627838 0.119871 0.975974 -0.181949 -56.760338 -0.938938 0.170989 0.298593 881.651306
0.316316 0.137289 0.938667 294.004608 0.120274 0.975685 -0.183234 -56.827045 -0.940998 0.170857 0.292112 881.766235
0.295257 0.139428 0.945190 294.364014 0.126016 0.974969 -0.183184 -56.869793 -0.947071 0.173195 0.270296 881.836243
0.280889 0.141650 0.949229 294.718811 0.128504 0.974592 -0.183461 -56.922127 -0.951098 0.173512 0.255549 881.928223
0.263772 0.144468 0.953705 295.072601 0.132012 0.974011 -0.184055 -56.960838 -0.955509 0.174448 0.237845 882.005066
0.241714 0.147254 0.959110 295.374969 0.134024 0.973879 -0.183298 -56.934361 -0.961047 0.172850 0.215664 882.059753
0.222509 0.149293 0.963432 295.683441 0.136688 0.973668 -0.182448 -56.918377 -0.965301 0.172285 0.196243 882.104858
0.202774 0.150849 0.967537 296.002869 0.139790 0.973485 -0.181073 -56.909386 -0.969196 0.171969 0.176311 882.156372
0.167503 0.155053 0.973602 296.348114 0.146195 0.972730 -0.180066 -56.943741 -0.974971 0.172496 0.140268 882.188293
0.130880 0.158737 0.978608 296.691071 0.153526 0.971945 -0.178189 -56.972393 -0.979439 0.173563 0.102838 882.202576
0.092430 0.162971 0.982292 297.045044 0.162612 0.970800 -0.176364 -57.016289 -0.982352 0.176034 0.063230 882.199402
0.053475 0.168638 0.984227 297.392029 0.170393 0.969640 -0.175395 -57.059315 -0.983924 0.177085 0.023117 882.174683
0.012980 0.175295 0.984430 297.733887 0.175285 0.968869 -0.174835 -57.101833 -0.984432 0.174826 -0.018151 882.131775
-0.029793 0.182510 0.982753 298.071320 0.176932 0.968626 -0.174522 -57.143044 -0.983772 0.168681 -0.061150 882.068604
-0.074344 0.189084 0.979143 298.404633 0.177483 0.968693 -0.173590 -57.180931 -0.981311 0.160876 -0.105575 881.978943
-0.119525 0.194400 0.973613 298.734009 0.180517 0.968553 -0.171229 -57.214226 -0.976283 0.155288 -0.150859 881.858032
-0.164240 0.198239 0.966296 299.059174 0.188376 0.967873 -0.166545 -57.243473 -0.968267 0.154673 -0.196306 881.703430
-0.208171 0.200407 0.957341 299.379272 0.197983 0.967156 -0.159411 -57.269711 -0.957846 0.156351 -0.241011 881.519348
-0.249802 0.202088 0.946974 299.694733 0.204348 0.966955 -0.152446 -57.293953 -0.946489 0.155431 -0.282844 881.312622
-0.288795 0.202105 0.935816 300.005859 0.207515 0.967441 -0.144895 -57.316475 -0.934631 0.152351 -0.321332 881.085144
-0.325880 0.202333 0.923506 300.311188 0.210388 0.967857 -0.137809 -57.335663 -0.921705 0.149385 -0.357973 880.832092
-0.361165 0.202441 0.910262 300.608307 0.213323 0.968201 -0.130687 -57.351669 -0.907773 0.146981 -0.392865 880.553223
-0.394306 0.201547 0.896605 300.900116 0.215137 0.968787 -0.123159 -57.363831 -0.893442 0.144330 -0.425359 880.248901
-0.424595 0.200992 0.882792 301.184265 0.217075 0.969207 -0.116259 -57.371391 -0.878975 0.142269 -0.455151 879.919983
-0.451837 0.201143 0.869129 301.460510 0.220390 0.969220 -0.109731 -57.373878 -0.864448 0.141967 -0.482260 879.564697
-0.475318 0.201439 0.856443 301.729095 0.226169 0.968700 -0.102320 -57.370941 -0.850248 0.145066 -0.505999 879.181946
-0.486616 0.202441 0.849837 302.212250 0.231129 0.967951 -0.098233 -57.406708 -0.842487 0.148620 -0.517810 878.727905
-0.504179 0.202597 0.839499 302.745667 0.234067 0.967765 -0.092976 -57.449146 -0.831274 0.149623 -0.535347 878.232666
-0.520478 0.200897 0.829906 303.148804 0.233232 0.968417 -0.088155 -57.405319 -0.821405 0.147678 -0.550895 877.653564
-0.533253 0.200057 0.821960 303.569305 0.231676 0.969024 -0.085549 -57.368050 -0.813614 0.144809 -0.563084 877.145752
-0.541892 0.201066 0.816042 304.102356 0.234023 0.968659 -0.083266 -57.400055 -0.807208 0.145852 -0.571962 876.701050
-0.550442 0.199664 0.810647 304.515411 0.234271 0.968910 -0.079570 -57.359531 -0.801331 0.146112 -0.580104 876.178894
-0.559197 0.194407 0.805919 305.102631 0.231921 0.969987 -0.073063 -57.408264 -0.795934 0.146053 -0.587501 875.712708
-0.560988 0.193643 0.804857 305.669861 0.233466 0.969799 -0.070599 -57.439301 -0.794221 0.148302 -0.589255 875.227844
-0.562986 0.193284 0.803547 306.211212 0.234013 0.969760 -0.069309 -57.456963 -0.792644 0.149021 -0.591192 874.721191
-0.564653 0.193136 0.802412 306.742615 0.232780 0.970030 -0.069675 -57.468266 -0.791821 0.147443 -0.592689 874.197021
-0.565073 0.194030 0.801900 307.306946 0.231322 0.970228 -0.071754 -57.500782 -0.791948 0.144951 -0.593133 873.682312
-0.564939 0.193891 0.802029 307.827026 0.231017 0.970293 -0.071844 -57.505096 -0.792134 0.144694 -0.592949 873.116943
-0.564688 0.191875 0.802690 308.339386 0.230279 0.970603 -0.070011 -57.503197 -0.792527 0.145308 -0.592272 872.530823
-0.564736 0.188502 0.803456 308.842865 0.228779 0.971167 -0.067045 -57.496384 -0.792927 0.145952 -0.591578 871.925537
-0.564130 0.186227 0.804411 309.334473 0.227409 0.971597 -0.065452 -57.484779 -0.793753 0.146006 -0.590457 871.301392
-0.563154 0.185907 0.805169 309.814209 0.226024 0.971862 -0.066308 -57.466049 -0.794841 0.144646 -0.589327 870.660583
-0.561983 0.189211 0.805217 310.518250 0.226656 0.971450 -0.070083 -57.510925 -0.795490 0.143121 -0.588823 870.137329
-0.559807 0.190906 0.806332 311.243530 0.227403 0.971133 -0.072047 -57.571217 -0.796809 0.143030 -0.587059 869.612976
-0.557642 0.192624 0.807422 311.959564 0.228546 0.970736 -0.073740 -57.633408 -0.797998 0.143412 -0.585348 869.074158
-0.555419 0.192465 0.808992 312.704926 0.229544 0.970535 -0.073302 -57.697182 -0.799262 0.144985 -0.583231 868.529724
-0.553382 0.191685 0.810571 313.462158 0.230892 0.970325 -0.071831 -57.766190 -0.800286 0.147405 -0.581219 867.985657
-0.551599 0.191099 0.811924 314.242371 0.232220 0.970101 -0.070562 -57.831734 -0.801133 0.149622 -0.579483 867.429199
-0.550612 0.194670 0.811744 315.024261 0.232950 0.969630 -0.074521 -57.893845 -0.801598 0.148064 -0.579238 866.870972
-0.550036 0.197528 0.811446 315.805023 0.232911 0.969358 -0.078091 -57.952988 -0.802006 0.146042 -0.579188 866.305115
-0.550080 0.200342 0.810725 316.581635 0.232768 0.969108 -0.081547 -58.012161 -0.802017 0.143853 -0.579718 865.731018
-0.550993 0.195537 0.811278 317.374817 0.232053 0.969720 -0.076122 -58.083618 -0.801597 0.146316 -0.579683 865.156311
-0.552772 0.189822 0.811425 318.161804 0.230397 0.970569 -0.070096 -58.155529 -0.800849 0.148203 -0.580237 864.574890
-0.556552 0.188520 0.809142 318.958710 0.227375 0.971295 -0.069904 -58.226151 -0.799094 0.145074 -0.583440 864.026306
-0.558281 0.188408 0.807976 319.746124 0.226027 0.971575 -0.070379 -58.300301 -0.798269 0.143333 -0.584997 863.448914
-0.560841 0.187555 0.806400 320.527069 0.223383 0.972161 -0.070747 -58.373856 -0.797219 0.140458 -0.587124 862.864807
-0.563773 0.185186 0.804902 321.303223 0.220234 0.972961 -0.069594 -58.446289 -0.796026 0.138032 -0.589313 862.273315
-0.566541 0.183092 0.803436 322.071655 0.218019 0.973564 -0.068126 -58.517670 -0.794670 0.136568 -0.591481 861.674072
-0.569075 0.183028 0.801658 322.830200 0.217263 0.973735 -0.068086 -58.587181 -0.793064 0.135425 -0.593893 861.067932
-0.571092 0.186168 0.799497 323.578949 0.218601 0.973265 -0.070481 -58.656162 -0.791245 0.134520 -0.596520 860.457764
-0.571994 0.188759 0.798244 324.312653 0.220774 0.972678 -0.071808 -58.719555 -0.789988 0.135157 -0.598038 859.835999
-0.573240 0.188454 0.797422 325.029968 0.222344 0.972453 -0.069983 -58.777534 -0.788644 0.137185 -0.599351 859.203552
-0.574639 0.187562 0.796625 325.730896 0.223785 0.972299 -0.067498 -58.833138 -0.787217 0.139486 -0.600693 858.564514
-0.576255 0.187757 0.795410 326.384369 0.224077 0.972255 -0.067163 -58.860039 -0.785951 0.139531 -0.602338 857.910339
-0.577170 0.189967 0.794221 327.058502 0.222858 0.972291 -0.070604 -58.897110 -0.785627 0.136248 -0.603512 857.309448
-0.579119 0.190039 0.792785 327.752258 0.219531 0.972883 -0.072846 -58.936195 -0.785130 0.131854 -0.605133 856.741882
-0.580077 0.189516 0.792208 328.450897 0.219509 0.972948 -0.072023 -58.991722 -0.784428 0.132117 -0.605985 856.175354
-0.580188 0.189159 0.792212 329.130768 0.221224 0.972690 -0.070236 -59.044037 -0.783863 0.134506 -0.606191 855.601135
-0.579812 0.190674 0.792124 329.792358 0.223526 0.972152 -0.070395 -59.092728 -0.783488 0.136245 -0.606286 855.024231
-0.579077 0.192414 0.792242 330.437012 0.224435 0.971827 -0.071983 -59.138752 -0.783772 0.136123 -0.605947 854.447205
-0.577697 0.191901 0.793373 331.069641 0.224361 0.971864 -0.071705 -59.183033 -0.784811 0.136578 -0.604498 853.867188
-0.574571 0.191840 0.795654 331.686493 0.226016 0.971531 -0.071030 -59.225239 -0.786628 0.139019 -0.601573 853.283997
-0.569246 0.191968 0.799442 332.286438 0.228524 0.970987 -0.070438 -59.264328 -0.789769 0.142595 -0.596599 852.697510
-0.560572 0.202028 0.803084 332.925049 0.236606 0.968433 -0.078468 -59.236771 -0.793585 0.146028 -0.590677 852.161804
-0.553182 0.202211 0.808147 333.573883 0.236897 0.968227 -0.080107 -59.166206 -0.798668 0.147134 -0.583508 851.646362
-0.543844 0.205176 0.813718 334.175751 0.238266 0.967499 -0.084707 -59.190910 -0.804651 0.147814 -0.575055 851.179993
-0.535110 0.204427 0.819675 334.675964 0.236632 0.967708 -0.086866 -59.161537 -0.810964 0.147478 -0.566204 850.667053
-0.525997 0.201183 0.826349 335.100098 0.234859 0.968198 -0.086222 -59.091747 -0.817416 0.148723 -0.556519 850.118530
-0.512569 0.200648 0.834873 335.669708 0.236405 0.967713 -0.087434 -59.134800 -0.825461 0.152552 -0.543453 849.694824
-0.495971 0.200554 0.844862 336.270782 0.238152 0.967071 -0.089758 -59.211449 -0.835043 0.156688 -0.527401 849.328186
-0.476824 0.199656 0.856024 336.867401 0.238342 0.966745 -0.092718 -59.291023 -0.846068 0.159817 -0.508553 848.973755
-0.454793 0.198016 0.868305 337.457977 0.236467 0.966823 -0.096627 -59.364708 -0.858631 0.161380 -0.486529 848.622131
-0.429619 0.197110 0.881235 338.036224 0.232561 0.967118 -0.102941 -59.436401 -0.872550 0.160716 -0.461332 848.285339
-0.400840 0.198452 0.894397 338.600342 0.228466 0.967067 -0.112185 -59.507767 -0.887204 0.159369 -0.432977 847.962952
-0.367459 0.199879 0.908308 339.154907 0.223586 0.966977 -0.122338 -59.580063 -0.902764 0.158130 -0.400014 847.653320
-0.329138 0.200550 0.922740 339.704132 0.217266 0.967053 -0.132683 -59.654354 -0.918947 0.156809 -0.361866 847.358337
-0.286538 0.198421 0.937296 340.247742 0.209008 0.967701 -0.140961 -59.728264 -0.934993 0.155513 -0.318755 847.081726
-0.239214 0.191581 0.951878 340.790131 0.200096 0.969026 -0.144746 -59.802910 -0.950125 0.155842 -0.270139 846.821655
-0.188260 0.181242 0.965251 341.304901 0.191627 0.970714 -0.144892 -59.848877 -0.963243 0.157691 -0.217477 846.549683
-0.135686 0.172563 0.975609 341.807739 0.179877 0.972641 -0.147020 -59.893291 -0.974287 0.155541 -0.163013 846.300293
-0.081669 0.167531 0.982478 342.296204 0.168415 0.973915 -0.152071 -59.935036 -0.982328 0.153045 -0.107753 846.068420
-0.024515 0.167195 0.985620 342.794617 0.160507 0.973784 -0.161195 -59.998520 -0.986730 0.154247 -0.050708 845.874146
0.035261 0.167364 0.985265 343.262482 0.155434 0.972962 -0.170837 -60.031776 -0.987217 0.159167 0.008294 845.668335
0.094917 0.165584 0.981617 343.720642 0.146953 0.972935 -0.178329 -60.065952 -0.984579 0.161178 0.068015 845.484192
0.153780 0.163221 0.974532 344.189819 0.133814 0.973737 -0.184202 -60.131371 -0.979002 0.158732 0.127900 845.350403
0.213070 0.160284 0.963800 344.628967 0.120842 0.974554 -0.188788 -60.170456 -0.969536 0.156693 0.188279 845.213013
0.272912 0.155941 0.949316 345.057556 0.110607 0.975146 -0.191980 -60.204887 -0.955660 0.157395 0.248880 845.091675
0.332239 0.149967 0.931197 345.474762 0.101477 0.975865 -0.193366 -60.235954 -0.937720 0.158738 0.309002 844.987305
0.389538 0.143531 0.909758 345.878510 0.090350 0.977063 -0.192835 -60.266022 -0.916568 0.157314 0.367634 844.906128
0.444065 0.137427 0.885393 346.267151 0.079407 0.978243 -0.191664 -60.294403 -0.892469 0.155418 0.423491 844.844666
0.495393 0.132449 0.858512 346.640503 0.068934 0.979197 -0.190845 -60.319904 -0.865929 0.153724 0.475957 844.801514
0.542655 0.128409 0.830083 346.998810 0.059413 0.979903 -0.190425 -60.341232 -0.837851 0.152652 0.524119 844.775269
0.585625 0.125576 0.800796 347.340973 0.050442 0.980366 -0.190623 -60.360001 -0.809010 0.152027 0.567793 844.764221
0.624365 0.124227 0.771191 347.667786 0.041564 0.980591 -0.191609 -60.377445 -0.780026 0.151688 0.607084 844.767517
0.658321 0.124918 0.742300 347.978790 0.031593 0.980680 -0.193053 -60.392887 -0.752074 0.150542 0.641656 844.784790
0.687853 0.125196 0.714971 348.278046 0.023313 0.980694 -0.194154 -60.406242 -0.725475 0.150217 0.671655 844.812439
0.713658 0.122999 0.689611 348.569244 0.018131 0.980891 -0.193713 -60.418400 -0.700260 0.150748 0.697791 844.847961
0.734670 0.113673 0.668834 349.083649 0.021866 0.981383 -0.190812 -60.561615 -0.678073 0.154809 0.718506 845.398315
0.755403 0.104055 0.646946 349.616486 0.025974 0.981781 -0.188238 -60.719116 -0.654745 0.158999 0.738937 846.013428
0.775031 0.095562 0.624657 350.141388 0.030773 0.981620 -0.188352 -60.879036 -0.631175 0.165201 0.757844 846.635742
0.793352 0.089282 0.602180 350.646301 0.036889 0.980319 -0.193946 -61.033230 -0.607644 0.176081 0.774444 847.271545
0.810445 0.083032 0.579900 351.143585 0.042259 0.979039 -0.199242 -61.193039 -0.584289 0.185980 0.789949 847.922058
0.826065 0.075768 0.558458 351.632324 0.047681 0.977973 -0.203214 -61.356781 -0.561554 0.194495 0.804257 848.579651
0.839214 0.069597 0.539330 352.113037 0.051572 0.977121 -0.206338 -61.523361 -0.541351 0.200975 0.816424 849.245117
0.847605 0.069444 0.526065 352.572632 0.048574 0.977083 -0.207244 -61.713421 -0.528401 0.201214 0.824806 849.978638
0.853800 0.072316 0.515554 353.031921 0.044735 0.976452 -0.211049 -61.902069 -0.518675 0.203257 0.830459 850.732544
0.857469 0.075129 0.509021 353.491577 0.041427 0.975991 -0.213838 -62.090084 -0.512865 0.204446 0.833770 851.493347
0.859302 0.076459 0.505722 353.958221 0.038925 0.976119 -0.213719 -62.285103 -0.509986 0.203334 0.835805 852.266296
0.860811 0.076775 0.503101 354.424103 0.036466 0.976710 -0.211444 -62.482300 -0.507617 0.200359 0.837963 853.041443
0.861122 0.073988 0.502985 354.897491 0.038015 0.977213 -0.208828 -62.680431 -0.506975 0.198946 0.838687 853.843445
0.861830 0.071857 0.502082 355.369568 0.038519 0.977783 -0.206055 -62.876640 -0.505732 0.196924 0.839914 854.646118
0.862464 0.070526 0.501181 355.840515 0.039233 0.977948 -0.205130 -63.073540 -0.504596 0.196580 0.840677 855.446655
0.863234 0.068687 0.500111 356.310760 0.040933 0.977914 -0.204962 -63.270340 -0.503144 0.197401 0.841356 856.244812
0.864015 0.066905 0.499001 356.803680 0.042838 0.977767 -0.205270 -63.473579 -0.501641 0.198732 0.841939 857.084045
0.865594 0.064234 0.496610 357.290863 0.044752 0.977848 -0.204479 -63.676003 -0.498743 0.199220 0.843544 857.928406
0.867242 0.060825 0.494157 357.775391 0.046552 0.978256 -0.202109 -63.874954 -0.495705 0.198282 0.845554 858.765320
0.869252 0.057543 0.491010 358.252655 0.047858 0.978743 -0.199426 -64.073097 -0.492047 0.196850 0.848021 859.598999
0.870970 0.054501 0.488305 358.742371 0.050205 0.978755 -0.198792 -64.282249 -0.488765 0.197657 0.849730 860.460022
0.873017 0.052197 0.484890 359.231171 0.051665 0.978763 -0.198378 -64.487999 -0.484946 0.198238 0.851779 861.329102
0.874996 0.050443 0.481495 359.713959 0.051951 0.979032 -0.196973 -64.697289 -0.481336 0.197364 0.854028 862.198608
0.877054 0.046674 0.478119 360.194855 0.053447 0.979610 -0.193672 -64.904869 -0.477409 0.195414 0.856676 863.065735
0.878866 0.043956 0.475039 360.686859 0.053868 0.980236 -0.190361 -65.107323 -0.474017 0.192891 0.859128 863.948914
0.880848 0.040941 0.471625 361.177582 0.055239 0.980558 -0.188291 -65.306427 -0.470165 0.191907 0.861461 864.830444
0.882479 0.039775 0.468667 361.656281 0.055029 0.980845 -0.186857 -65.508804 -0.467122 0.190687 0.863387 865.718445
0.884137 0.040244 0.465491 362.140137 0.052555 0.981396 -0.184667 -65.702034 -0.464263 0.187735 0.865573 866.621582
0.885530 0.041365 0.462737 362.617889 0.049248 0.982059 -0.182034 -65.893806 -0.461964 0.183986 0.867605 867.520691
0.886710 0.044052 0.460222 363.100464 0.045985 0.982110 -0.182606 -66.073410 -0.460034 0.183082 0.868822 868.421265
0.887443 0.047151 0.458499 363.578156 0.042679 0.982075 -0.183600 -66.237801 -0.458937 0.182503 0.869523 869.310303
0.887614 0.049684 0.457902 364.031982 0.040680 0.981824 -0.185384 -66.420494 -0.458789 0.183177 0.869459 870.202209
0.887985 0.050050 0.457140 364.492889 0.040935 0.981511 -0.186977 -66.606720 -0.458046 0.184746 0.869518 871.081177
0.888394 0.049358 0.456422 364.961212 0.041324 0.981571 -0.186580 -66.788353 -0.457219 0.184617 0.869981 871.946594
0.889492 0.047535 0.454472 365.461426 0.043195 0.981374 -0.187186 -66.968315 -0.454905 0.186131 0.870871 872.781311
0.890407 0.045589 0.452876 365.978424 0.044303 0.981567 -0.185912 -67.170174 -0.453004 0.185601 0.871975 873.624451
0.889736 0.042416 0.454501 366.495178 0.047143 0.981811 -0.183914 -67.379311 -0.454035 0.185062 0.871553 874.460327
0.888005 0.039191 0.458160 366.962921 0.049841 0.982289 -0.180624 -67.570107 -0.457124 0.183231 0.870324 875.328552
0.886509 0.033863 0.461470 367.441376 0.055238 0.982442 -0.178205 -67.739517 -0.459401 0.183470 0.869074 876.201538
0.884062 0.030103 0.466400 367.919983 0.058476 0.982957 -0.174285 -67.904213 -0.463698 0.181352 0.867234 877.062744
0.880635 0.028377 0.472945 368.395813 0.059727 0.983593 -0.170228 -68.073570 -0.470016 0.178155 0.864492 877.917236
0.875948 0.029678 0.481492 368.860962 0.058800 0.984096 -0.167628 -68.242340 -0.478808 0.175145 0.860272 878.755676
0.870386 0.032308 0.491310 369.338776 0.057959 0.984184 -0.167398 -68.411415 -0.488947 0.174176 0.854748 879.596863
0.863967 0.036489 0.502224 369.825470 0.055365 0.984441 -0.166768 -68.574043 -0.500495 0.171888 0.848504 880.434326
0.855052 0.040453 0.516962 370.304047 0.054580 0.984393 -0.167305 -68.754486 -0.515661 0.171270 0.839500 881.272766
0.846499 0.040700 0.530832 370.822052 0.056891 0.984450 -0.166200 -68.908943 -0.529342 0.170887 0.831021 882.059448
0.836698 0.042535 0.546012 371.342499 0.058043 0.984478 -0.165636 -69.062607 -0.544581 0.170279 0.821241 882.832031
0.825807 0.043295 0.562289 371.868225 0.061065 0.984322 -0.165472 -69.215790 -0.560637 0.170984 0.810216 883.588379
0.813689 0.044029 0.579631 372.413422 0.066111 0.983649 -0.167524 -69.378136 -0.577530 0.174633 0.797473 884.331543
0.800863 0.043920 0.597234 372.969238 0.072088 0.982984 -0.168954 -69.540062 -0.594492 0.178362 0.784069 885.055237
0.787282 0.043219 0.615076 373.527527 0.078707 0.982336 -0.169769 -69.700737 -0.611548 0.182067 0.769974 885.766541
0.773160 0.041294 0.632866 374.088776 0.086323 0.981740 -0.169515 -69.856255 -0.628309 0.185694 0.755476 886.454773
0.757489 0.038812 0.651693 374.659393 0.093776 0.981410 -0.167449 -70.008987 -0.646077 0.187955 0.739768 887.117004
0.740241 0.037241 0.671309 375.235626 0.099300 0.981460 -0.163942 -70.158325 -0.664968 0.188018 0.722819 887.754517
0.721766 0.034764 0.691264 375.819611 0.105096 0.981653 -0.159101 -70.304085 -0.684112 0.187483 0.704870 888.368347
0.702584 0.034014 0.710788 376.406921 0.110494 0.981528 -0.156188 -70.446037 -0.702970 0.188273 0.685848 888.955811
0.682793 0.035348 0.729756 376.998688 0.115279 0.981106 -0.155382 -70.585526 -0.721460 0.190220 0.665817 889.519409
0.662456 0.037995 0.748136 377.594147 0.119330 0.980608 -0.155464 -70.721672 -0.739535 0.192263 0.645076 890.058472
0.640250 0.041260 0.767058 378.280487 0.123154 0.980127 -0.155516 -70.859940 -0.758230 0.194035 0.622444 890.648926
0.617864 0.043931 0.785056 378.984772 0.125974 0.980010 -0.153986 -70.997253 -0.776128 0.194039 0.599979 891.235168
0.594736 0.044815 0.802671 379.695343 0.129568 0.980049 -0.150721 -71.132042 -0.793410 0.193641 0.577064 891.802734
0.571243 0.044627 0.819567 380.411499 0.132995 0.980293 -0.146078 -71.261322 -0.809934 0.192444 0.554051 892.341858
0.547140 0.046091 0.835771 381.132355 0.135704 0.980389 -0.142904 -71.387444 -0.825967 0.191605 0.530156 892.852051
0.522135 0.049249 0.851439 381.856171 0.137805 0.980341 -0.141211 -71.510391 -0.841656 0.191064 0.505084 893.334961
0.495924 0.052743 0.866763 382.586670 0.140705 0.980083 -0.140143 -71.629082 -0.856891 0.191457 0.478626 893.791321
0.468103 0.055224 0.881946 383.321655 0.142299 0.980310 -0.136909 -71.745346 -0.872141 0.189587 0.451028 894.225464
0.438635 0.056499 0.896888 384.063263 0.142580 0.981006 -0.131528 -71.858345 -0.887283 0.185570 0.422248 894.628052
0.407323 0.056750 0.911520 384.847626 0.143502 0.981693 -0.125244 -71.944313 -0.901940 0.181820 0.391722 894.971497
0.376057 0.053252 0.925065 385.661896 0.142376 0.983171 -0.114474 -71.962708 -0.915593 0.174756 0.362147 895.118713
0.344544 0.053078 0.937269 386.477295 0.144106 0.983577 -0.108674 -72.018303 -0.927644 0.172508 0.331237 895.353455
0.312816 0.053489 0.948306 387.300140 0.145959 0.983847 -0.103641 -72.084961 -0.938532 0.170834 0.299956 895.600830
0.280719 0.052690 0.958343 388.130035 0.147092 0.984335 -0.097206 -72.147079 -0.948451 0.168253 0.268571 895.820984
0.248536 0.052330 0.967208 388.963440 0.146771 0.984975 -0.091005 -72.206024 -0.957438 0.164576 0.237121 896.014771
0.216226 0.053004 0.974904 389.801971 0.145689 0.985595 -0.085898 -72.261803 -0.965412 0.160606 0.205389 896.181458
0.183266 0.054288 0.981564 390.645599 0.142238 0.986503 -0.081118 -72.314293 -0.972719 0.154482 0.173071 896.322510
0.149590 0.055790 0.987173 391.495056 0.136850 0.987629 -0.076552 -72.364464 -0.979232 0.146546 0.140105 896.437500
0.115988 0.056261 0.991656 392.351227 0.133488 0.988454 -0.071693 -72.411072 -0.984240 0.140689 0.107139 896.522705
0.083417 0.058471 0.994798 393.213379 0.132869 0.988711 -0.069254 -72.454597 -0.987617 0.137954 0.074706 896.574280
0.052449 0.062175 0.996687 394.079071 0.135315 0.988412 -0.068779 -72.496025 -0.989413 0.138474 0.043429 896.592957
0.023667 0.064000 0.997670 394.958069 0.140171 0.987878 -0.066697 -72.511589 -0.989845 0.141423 0.014408 896.492676
-0.001582 0.063823 0.997960 395.895905 0.147031 0.987130 -0.062897 -72.563019 -0.989131 0.146632 -0.010945 896.467590
-0.026285 0.061353 0.997770 396.857452 0.152478 0.986681 -0.056654 -72.617493 -0.987957 0.150648 -0.035289 896.428894
-0.049662 0.055843 0.997203 397.828674 0.155219 0.986736 -0.047527 -72.661667 -0.986631 0.152424 -0.057671 896.345337
-0.071959 0.050070 0.996151 398.806549 0.155196 0.987137 -0.038405 -72.700157 -0.985260 0.151835 -0.078803 896.239563
-0.093593 0.050535 0.994328 399.825378 0.152999 0.987578 -0.035790 -72.733986 -0.983785 0.148781 -0.100162 896.166077
-0.111541 0.056575 0.992148 400.828033 0.154443 0.987234 -0.038931 -72.761337 -0.981686 0.148888 -0.118854 896.052429
-0.126958 0.062250 0.989953 401.827637 0.154249 0.987126 -0.042289 -72.789909 -0.979841 0.147330 -0.134926 895.912659
-0.142168 0.061480 0.987931 402.840454 0.155650 0.987041 -0.039026 -72.833878 -0.977528 0.148223 -0.149894 895.757812
-0.156746 0.059777 0.985828 403.860138 0.156574 0.987047 -0.034956 -72.880562 -0.975149 0.148876 -0.164074 895.590271
-0.169697 0.058391 0.983765 404.876312 0.157311 0.987048 -0.031450 -72.923889 -0.972860 0.149419 -0.176685 895.413452
-0.178550 0.060276 0.982083 405.912811 0.157847 0.986949 -0.031877 -72.966820 -0.971187 0.149327 -0.185734 895.203857
-0.187242 0.061253 0.980403 406.951691 0.159261 0.986742 -0.031232 -73.008980 -0.969318 0.150292 -0.194515 894.983765
-0.194714 0.059520 0.979053 407.995697 0.160344 0.986662 -0.028093 -73.050018 -0.967665 0.151514 -0.201660 894.755615
-0.201454 0.056422 0.977872 409.045258 0.160484 0.986750 -0.023873 -73.090157 -0.966262 0.152124 -0.207840 894.520203
-0.208337 0.054625 0.976531 410.092865 0.158800 0.987080 -0.021336 -73.126167 -0.965079 0.150628 -0.214320 894.281006
-0.215236 0.054344 0.975049 411.149170 0.155792 0.987575 -0.020652 -73.161850 -0.964055 0.147459 -0.221027 894.025024
-0.222504 0.053309 0.973473 412.211060 0.153557 0.987958 -0.019004 -73.194679 -0.962763 0.145254 -0.228009 893.749634
-0.230382 0.049059 0.971863 413.311676 0.150842 0.988457 -0.014140 -73.217102 -0.961338 0.143340 -0.235123 893.486938
-0.237927 0.045646 0.970210 414.419708 0.148656 0.988838 -0.010066 -73.232323 -0.959840 0.141832 -0.242057 893.211792
-0.245462 0.045126 0.968355 415.515686 0.145713 0.989284 -0.009166 -73.235054 -0.958393 0.138852 -0.249406 892.932678
-0.252735 0.045649 0.966458 416.616547 0.142223 0.989789 -0.009558 -73.237648 -0.957025 0.135036 -0.256647 892.644226
-0.260157 0.045961 0.964472 417.726532 0.139003 0.990244 -0.009695 -73.241982 -0.955508 0.131542 -0.264007 892.343811
-0.267299 0.045654 0.962531 418.846283 0.135421 0.990744 -0.009385 -73.244385 -0.954051 0.127839 -0.271007 892.031006
-0.274028 0.044032 0.960713 419.981049 0.132044 0.991213 -0.007767 -73.251785 -0.952614 0.124728 -0.277434 891.714539
-0.280308 0.041401 0.959017 421.128204 0.128518 0.991693 -0.005247 -73.261833 -0.951267 0.121780 -0.283300 891.389099
-0.286511 0.041953 0.957159 422.287506 0.126770 0.991916 -0.005529 -73.254623 -0.949653 0.119755 -0.289513 891.061829
-0.291612 0.042676 0.955584 423.424896 0.121507 0.992564 -0.007247 -73.283066 -0.948788 0.113996 -0.294628 890.704590
-0.297605 0.044003 0.953675 424.564972 0.118793 0.992881 -0.008740 -73.311157 -0.947270 0.110688 -0.300712 890.335876
-0.303695 0.043525 0.951774 425.706970 0.116862 0.993115 -0.008125 -73.338570 -0.945575 0.108758 -0.306691 889.957886
-0.309832 0.041378 0.949890 426.852234 0.114301 0.993428 -0.005992 -73.365395 -0.943896 0.106716 -0.312526 889.572998
-0.315998 0.039972 0.947918 427.995422 0.114163 0.993454 -0.003834 -73.391045 -0.941866 0.107005 -0.318494 889.176941
-0.322218 0.039824 0.945828 429.145325 0.115372 0.993320 -0.002519 -73.414146 -0.939609 0.108310 -0.324660 888.763062
-0.328522 0.040132 0.943644 430.293427 0.116391 0.993203 -0.001718 -73.436295 -0.937298 0.109267 -0.330959 888.335510
-0.334745 0.038519 0.941521 431.441498 0.118584 0.992943 0.001537 -73.456429 -0.934817 0.112163 -0.336951 887.894653
-0.341202 0.035589 0.939316 432.588409 0.118870 0.992895 0.005561 -73.474907 -0.932444 0.113554 -0.343007 887.443787
-0.348637 0.032501 0.936695 433.717010 0.117730 0.993001 0.009364 -73.476196 -0.929834 0.113542 -0.350023 887.019043
-0.356162 0.028429 0.933991 434.850311 0.115188 0.993250 0.013694 -73.465317 -0.927298 0.112462 -0.357032 886.598267
-0.364260 0.027551 0.930890 435.973267 0.117211 0.992970 0.016478 -73.450439 -0.923892 0.115114 -0.364929 886.163452
-0.371468 0.027372 0.928042 437.090546 0.117044 0.992972 0.017563 -73.431511 -0.921039 0.115146 -0.372060 885.721069
-0.378400 0.029924 0.925159 438.204498 0.118899 0.992769 0.016520 -73.411980 -0.917974 0.116251 -0.379221 885.265137
-0.385224 0.031550 0.922283 439.317291 0.121494 0.992450 0.016795 -73.391785 -0.914790 0.118522 -0.386148 884.797241
-0.392323 0.029048 0.919369 440.419525 0.119437 0.992649 0.019605 -73.367508 -0.912041 0.117497 -0.392908 884.324646
-0.399375 0.025848 0.916423 441.515564 0.117177 0.992844 0.023063 -73.338707 -0.909269 0.116594 -0.399545 883.843323
-0.406173 0.024952 0.913456 442.609436 0.116016 0.992946 0.024464 -73.307693 -0.906402 0.115912 -0.406201 883.349243
-0.412809 0.025698 0.910455 443.699066 0.115078 0.993063 0.024148 -73.276901 -0.903519 0.114742 -0.412902 882.846252
-0.419067 0.028138 0.907519 444.786346 0.113991 0.993242 0.021842 -73.247864 -0.900771 0.112603 -0.419442 882.334229
-0.424731 0.032119 0.904750 445.872894 0.113836 0.993333 0.018177 -73.221550 -0.898134 0.110713 -0.425555 881.811584
-0.429321 0.036802 0.902402 446.958771 0.116005 0.993140 0.014688 -73.197441 -0.895671 0.110989 -0.430645 881.277893
-0.433094 0.039421 0.900486 448.021912 0.120759 0.992575 0.014628 -73.195274 -0.893223 0.115078 -0.434638 880.780701
-0.435335 0.040034 0.899378 449.090759 0.123305 0.992248 0.015517 -73.203728 -0.891784 0.117653 -0.436895 880.293579
-0.436971 0.040060 0.898583 450.151306 0.125239 0.991987 0.016678 -73.191460 -0.890714 0.119825 -0.438487 879.768433
-0.438630 0.038329 0.897850 451.225891 0.124605 0.992033 0.018524 -73.175369 -0.889987 0.120002 -0.439911 879.232788
-0.440404 0.035605 0.897093 452.308472 0.122191 0.992293 0.020604 -73.161964 -0.889446 0.118691 -0.441361 878.698608
-0.441979 0.031224 0.896482 453.401123 0.118335 0.992689 0.023767 -73.146523 -0.889186 0.116590 -0.442442 878.156860
-0.443277 0.026912 0.895981 454.496155 0.115125 0.992981 0.027132 -73.128868 -0.888961 0.115177 -0.443263 877.609314
-0.444400 0.025115 0.895477 455.595734 0.111845 0.993341 0.027646 -73.111572 -0.888819 0.112439 -0.444249 877.052185
-0.445553 0.030306 0.894743 456.686188 0.112224 0.993434 0.022235 -73.086967 -0.888195 0.110318 -0.446029 876.512207
-0.445917 0.032024 0.894501 457.768372 0.112248 0.993471 0.020389 -73.059639 -0.888009 0.109498 -0.446600 875.964661
-0.446743 0.030765 0.894133 458.853058 0.112236 0.993441 0.021895 -73.035896 -0.887594 0.110135 -0.447266 875.400635
-0.447151 0.027463 0.894037 459.941193 0.112740 0.993287 0.025876 -73.011971 -0.887325 0.112364 -0.447246 874.842407
-0.447711 0.025031 0.893828 461.021240 0.113662 0.993092 0.029121 -72.983696 -0.886925 0.114632 -0.447463 874.287537
-0.448360 0.024140 0.893527 462.099976 0.113832 0.993039 0.030290 -72.956230 -0.886576 0.115293 -0.447986 873.731262
-0.448125 0.026063 0.893592 463.185333 0.114073 0.993071 0.028243 -72.928459 -0.886663 0.114592 -0.447992 873.164185
-0.448317 0.028720 0.893414 464.271271 0.115095 0.993019 0.025832 -72.896843 -0.886434 0.114408 -0.448492 872.611450
-0.448677 0.030474 0.893174 465.361206 0.115742 0.992984 0.024263 -72.865692 -0.886167 0.114263 -0.449056 872.053589
-0.449010 0.031231 0.892981 466.457306 0.116584 0.992893 0.023896 -72.833870 -0.885888 0.114837 -0.449460 871.489563
-0.449500 0.030862 0.892747 467.560913 0.116328 0.992915 0.024248 -72.801888 -0.885673 0.114750 -0.449906 870.920349
-0.450152 0.032205 0.892371 468.666412 0.117402 0.992809 0.023394 -72.769714 -0.885201 0.115298 -0.450695 870.345093
-0.450844 0.033840 0.891962 469.778076 0.117564 0.992827 0.021758 -72.739235 -0.884827 0.114671 -0.451588 869.764343
-0.451046 0.035615 0.891790 470.927368 0.120256 0.992517 0.021185 -72.709785 -0.884361 0.116798 -0.451954 869.176453
-0.452284 0.035857 0.891153 472.079010 0.121803 0.992313 0.021892 -72.682350 -0.883518 0.118446 -0.453173 868.597290
-0.453218 0.035780 0.890681 473.237335 0.123117 0.992130 0.022794 -72.654358 -0.882856 0.119989 -0.454056 868.012146
-0.454750 0.033789 0.889978 474.398254 0.122732 0.992124 0.025045 -72.625511 -0.882122 0.120618 -0.455315 867.424805
-0.456767 0.030026 0.889079 475.578400 0.119227 0.992480 0.027735 -72.598236 -0.881561 0.118670 -0.456911 866.830322
-0.459647 0.030725 0.887570 476.755951 0.119374 0.992470 0.027464 -72.562538 -0.880042 0.118577 -0.459853 866.236877
-0.461446 0.031050 0.886625 477.917419 0.118631 0.992572 0.026982 -72.534195 -0.879201 0.117631 -0.461701 865.621948
-0.463147 0.029987 0.885774 479.093445 0.120364 0.992296 0.029342 -72.506142 -0.878070 0.120206 -0.463189 865.000732
-0.464680 0.027923 0.885039 480.292908 0.122059 0.991981 0.032789 -72.482475 -0.877025 0.123264 -0.464362 864.370422
-0.467294 0.023485 0.883790 481.494171 0.120040 0.992075 0.037108 -72.440926 -0.875915 0.123430 -0.466409 863.754456
-0.469611 0.019367 0.882661 482.700928 0.117232 0.992274 0.040600 -72.389336 -0.875055 0.122542 -0.468253 863.148193
-0.471727 0.014728 0.881622 483.894623 0.113034 0.992621 0.043898 -72.333809 -0.874470 0.120361 -0.469911 862.537170
-0.473579 0.010858 0.880684 485.097412 0.110123 0.992807 0.046978 -72.280754 -0.873839 0.119232 -0.471368 861.923462
-0.475660 0.010979 0.879560 486.242249 0.108702 0.992991 0.046391 -72.213394 -0.872887 0.117676 -0.473519 861.316772
-0.478019 0.010705 0.878284 487.381744 0.108313 0.993013 0.046849 -72.153290 -0.871646 0.117525 -0.475837 860.712585
-0.479609 0.008515 0.877441 488.527985 0.107337 0.993013 0.049033 -72.098228 -0.870893 0.117698 -0.477172 860.108032
-0.481048 0.005328 0.876678 489.673981 0.105622 0.993050 0.051922 -72.043114 -0.870308 0.117573 -0.478267 859.499878
-0.482996 0.004513 0.875611 490.810181 0.104294 0.993165 0.052412 -71.990601 -0.869389 0.116636 -0.480165 858.893250
-0.484902 0.004402 0.874558 491.938446 0.102524 0.993379 0.051845 -71.936172 -0.868539 0.114802 -0.482142 858.288208
-0.485356 0.004184 0.874307 493.036591 0.101960 0.993437 0.051847 -71.876106 -0.868351 0.114308 -0.482597 857.658508
-0.485955 0.001579 0.873983 494.132660 0.101061 0.993392 0.054398 -71.816307 -0.868121 0.114760 -0.482903 857.027893
-0.487007 -0.002900 0.873393 495.242920 0.099646 0.993281 0.058861 -71.756134 -0.867695 0.115695 -0.483445 856.412109
-0.488708 -0.008014 0.872411 496.344940 0.097347 0.993213 0.063657 -71.687477 -0.866999 0.116036 -0.484610 855.817200
-0.489789 -0.010870 0.871774 497.437347 0.092761 0.993597 0.064506 -71.612427 -0.866892 0.112461 -0.485644 855.220276
-0.490387 -0.012922 0.871409 498.506561 0.086717 0.994205 0.063543 -71.534142 -0.867179 0.106727 -0.486425 854.624268
-0.491840 -0.012977 0.870589 499.571289 0.083435 0.994585 0.061961 -71.466156 -0.866679 0.103112 -0.488094 854.034851
-0.492452 -0.013110 0.870241 500.621124 0.082203 0.994716 0.061503 -71.403038 -0.866449 0.101824 -0.488772 853.449585
-0.492771 -0.013089 0.870061 501.666504 0.081600 0.994786 0.061181 -71.341583 -0.866325 0.101145 -0.489133 852.862732
-0.492712 -0.013230 0.870092 502.705780 0.083915 0.994503 0.062641 -71.280083 -0.866138 0.103877 -0.488892 852.273987
-0.493166 -0.013293 0.869834 503.723602 0.085361 0.994318 0.063591 -71.220444 -0.865738 0.105610 -0.489229 851.707336
-0.493071 -0.014621 0.869866 504.738037 0.085351 0.994223 0.065091 -71.163971 -0.865792 0.106338 -0.488974 851.156616
-0.492915 -0.015865 0.869933 505.742950 0.085098 0.994161 0.066348 -71.108818 -0.865906 0.106734 -0.488686 850.612244
-0.493537 -0.016716 0.869564 506.702515 0.084836 0.994123 0.067260 -71.053627 -0.865578 0.106965 -0.489218 850.085266
-0.493499 -0.018306 0.869554 507.653961 0.083779 0.994130 0.068476 -71.002831 -0.865703 0.106642 -0.489068 849.572937
-0.494596 -0.018449 0.868928 508.568939 0.083728 0.994113 0.068766 -70.946983 -0.865081 0.106765 -0.490139 849.089966
-0.494317 -0.018935 0.869076 509.464691 0.084209 0.994017 0.069555 -70.889320 -0.865194 0.107566 -0.489765 848.626404
-0.494137 -0.019204 0.869172 510.351288 0.085059 0.993892 0.070317 -70.832069 -0.865213 0.108677 -0.489485 848.166016
-0.493842 -0.020831 0.869303 511.228058 0.084853 0.993788 0.072018 -70.774712 -0.865402 0.109328 -0.489006 847.710999
-0.493464 -0.023782 0.869441 512.108887 0.083709 0.993687 0.074691 -70.719833 -0.865729 0.109637 -0.488358 847.262634
-0.492988 -0.026095 0.869645 512.975830 0.082489 0.993645 0.076579 -70.667381 -0.866117 0.109489 -0.487703 846.822266
-0.492480 -0.026546 0.869919 513.829529 0.080880 0.993813 0.076115 -70.616943 -0.866558 0.107844 -0.487286 846.390625
-0.491947 -0.024690 0.870275 514.674377 0.079715 0.994121 0.073264 -70.567894 -0.866968 0.105415 -0.487087 845.963135
-0.491409 -0.022202 0.870647 515.509216 0.079575 0.994349 0.070271 -70.520515 -0.867287 0.103814 -0.486864 845.537720
-0.490757 -0.021235 0.871037 516.376221 0.078613 0.994546 0.068539 -70.486176 -0.867742 0.102111 -0.486411 845.124878
-0.490226 -0.021495 0.871330 517.239258 0.078223 0.994576 0.068546 -70.455116 -0.868078 0.101761 -0.485886 844.718079
-0.489732 -0.022698 0.871578 518.060852 0.078878 0.994408 0.070219 -70.415489 -0.868298 0.103136 -0.485202 844.306641
-0.489222 -0.023980 0.871830 518.915344 0.077704 0.994448 0.070957 -70.389603 -0.868691 0.102459 -0.484642 843.913757
-0.494648 -0.026524 0.868689 519.596375 0.076351 0.994343 0.073836 -70.385796 -0.865733 0.102847 -0.489824 843.626221
-0.494445 -0.026790 0.868796 520.239929 0.075754 0.994394 0.073775 -70.344963 -0.865902 0.102293 -0.489643 843.283936
-0.493521 -0.027473 0.869300 520.879944 0.074890 0.994447 0.073945 -70.294044 -0.866504 0.101595 -0.488722 842.914673
-0.494075 -0.026894 0.869004 521.529785 0.075957 0.994365 0.073959 -70.233879 -0.866095 0.102548 -0.489247 842.568542
-0.493815 -0.027084 0.869145 522.184204 0.075123 0.994449 0.073671 -70.169067 -0.866316 0.101672 -0.489038 842.234558
-0.493045 -0.026670 0.869595 522.838196 0.074336 0.994583 0.072651 -70.105148 -0.866821 0.100463 -0.488392 841.903931
-0.491788 -0.026748 0.870304 523.491943 0.073905 0.994638 0.072332 -70.041626 -0.867573 0.099891 -0.487175 841.576416
-0.490673 -0.027034 0.870924 524.148804 0.073440 0.994679 0.072252 -69.977348 -0.868243 0.099412 -0.486077 841.241211
-0.490401 -0.026401 0.871097 524.808777 0.072547 0.994836 0.070993 -69.913841 -0.868472 0.098010 -0.485952 840.897888
-0.490371 -0.026017 0.871125 525.474670 0.071425 0.994992 0.069923 -69.849983 -0.868582 0.096508 -0.486057 840.550110
-0.490169 -0.026779 0.871217 526.158325 0.069490 0.995146 0.069686 -69.789352 -0.868853 0.094699 -0.485928 840.204224
-0.490596 -0.028191 0.870931 526.844727 0.067671 0.995225 0.070333 -69.723770 -0.868756 0.093442 -0.486346 839.844055
-0.491299 -0.027897 0.870544 527.537415 0.066615 0.995356 0.069491 -69.658913 -0.868440 0.092132 -0.487158 839.477234
-0.491955 -0.026585 0.870215 528.236084 0.066009 0.995518 0.067730 -69.593567 -0.868115 0.090762 -0.487994 839.105042
-0.492654 -0.023810 0.869900 528.952759 0.066006 0.995724 0.064636 -69.530624 -0.867718 0.089261 -0.488975 838.730835
-0.493277 -0.022317 0.869586 529.679932 0.066626 0.995766 0.063350 -69.468658 -0.867317 0.089185 -0.489701 838.349365
-0.493892 -0.023133 0.869216 530.425293 0.068613 0.995493 0.065480 -69.406891 -0.866812 0.091979 -0.490078 837.954956
-0.494597 -0.023720 0.868799 531.174011 0.072094 0.995063 0.068210 -69.340271 -0.866127 0.096371 -0.490444 837.544800
-0.494783 -0.025584 0.868640 531.933228 0.072514 0.994865 0.070606 -69.272400 -0.865985 0.097923 -0.490387 837.132080
-0.494687 -0.028719 0.868597 532.704468 0.071178 0.994757 0.073429 -69.202232 -0.866151 0.098149 -0.490049 836.714478
-0.494208 -0.031258 0.868781 533.483887 0.071007 0.994563 0.076175 -69.131493 -0.866439 0.099335 -0.489302 836.289795
-0.493534 -0.032931 0.869104 534.273621 0.070898 0.994434 0.077941 -69.059250 -0.866832 0.100083 -0.488451 835.859436
-0.492923 -0.033193 0.869440 535.071411 0.069563 0.994570 0.077409 -68.987091 -0.867288 0.098636 -0.487937 835.426086
-0.491955 -0.032586 0.870011 535.879089 0.068783 0.994722 0.076153 -68.915512 -0.867900 0.097305 -0.487117 834.985779
-0.490561 -0.032118 0.870815 536.696838 0.069168 0.994733 0.075653 -68.843704 -0.868658 0.097345 -0.485754 834.538513
-0.489025 -0.031564 0.871699 537.523438 0.070395 0.994657 0.075509 -68.771614 -0.869425 0.098288 -0.484190 834.085388
-0.487506 -0.031621 0.872548 538.361084 0.071525 0.994539 0.076004 -68.698608 -0.870186 0.099461 -0.482581 833.626099
-0.485468 -0.030915 0.873708 539.182922 0.072653 0.994491 0.075557 -68.625183 -0.871230 0.100158 -0.480547 833.161865
-0.484403 -0.030456 0.874315 540.012756 0.073378 0.994458 0.075297 -68.551109 -0.871762 0.100630 -0.479483 832.691650
-0.483423 -0.029734 0.874882 540.851929 0.071601 0.994731 0.073371 -68.477913 -0.872454 0.098111 -0.478746 832.218872
-0.482183 -0.029203 0.875584 541.709473 0.073165 0.994611 0.073464 -68.400276 -0.873011 0.099485 -0.477447 831.741150
-0.481286 -0.030740 0.876025 542.578247 0.074314 0.994356 0.075721 -68.322075 -0.873407 0.101544 -0.476285 831.255249
-0.480764 -0.035213 0.876143 543.457642 0.074036 0.993996 0.080576 -68.241585 -0.873719 0.103603 -0.475269 830.765137
-0.480225 -0.037133 0.876359 544.344666 0.074269 0.993795 0.082807 -68.160881 -0.873995 0.104852 -0.474487 830.269653
-0.479866 -0.037063 0.876559 545.238037 0.074386 0.993791 0.082743 -68.079376 -0.874183 0.104909 -0.474129 829.769836
-0.479678 -0.037926 0.876625 546.142273 0.074246 0.993728 0.083619 -67.996651 -0.874297 0.105196 -0.473853 829.263367
-0.480370 -0.040120 0.876148 547.072205 0.075120 0.993401 0.086677 -67.901138 -0.873843 0.107453 -0.474186 828.766052
-0.480708 -0.038473 0.876036 548.003174 0.076339 0.993408 0.085518 -67.821983 -0.873551 0.107985 -0.474603 828.252441
-0.481792 -0.033727 0.875636 548.953430 0.075240 0.993977 0.079685 -67.725471 -0.873050 0.104274 -0.476352 827.739014
-0.483599 -0.031606 0.874719 549.909058 0.073067 0.994402 0.076327 -67.638603 -0.872235 0.100824 -0.478583 827.223816
-0.485115 -0.031498 0.873883 550.874084 0.070108 0.994733 0.074773 -67.553780 -0.871635 0.097539 -0.480352 826.703064
-0.486814 -0.035018 0.872804 551.851196 0.065602 0.994909 0.076508 -67.467438 -0.871039 0.094503 -0.482037 826.175415
-0.488722 -0.039332 0.871553 552.835266 0.061664 0.994927 0.079478 -67.378395 -0.870258 0.092586 -0.483816 825.640930
-0.491086 -0.043678 0.870016 553.827515 0.058355 0.994850 0.082885 -67.287262 -0.869155 0.091473 -0.486007 825.098206
-0.494517 -0.044346 0.868036 554.836487 0.054186 0.995182 0.081712 -67.191261 -0.867478 0.087444 -0.489731 824.550049
-0.498811 -0.043188 0.865635 555.854797 0.052116 0.995456 0.079696 -67.097298 -0.865143 0.084866 -0.494293 823.995789
-0.502439 -0.043539 0.863516 556.871033 0.049138 0.995680 0.078793 -66.990456 -0.863216 0.082020 -0.498128 823.439636
-0.507111 -0.043313 0.860792 557.892700 0.047136 0.995848 0.077878 -66.897865 -0.860590 0.080067 -0.502964 822.865112
-0.510775 -0.043439 0.858617 558.922119 0.044973 0.996005 0.077143 -66.807381 -0.858538 0.078017 -0.506781 822.286316
-0.515258 -0.042710 0.855970 559.947327 0.044543 0.996073 0.076514 -66.720238 -0.855877 0.077552 -0.511332 821.692749
-0.518967 -0.044529 0.853634 560.982727 0.045585 0.995780 0.079658 -66.624077 -0.853579 0.080252 -0.514746 821.074097
-0.522892 -0.047750 0.851060 562.027954 0.047272 0.995269 0.084886 -66.526711 -0.851087 0.084618 -0.518161 820.440125
-0.527005 -0.051733 0.848287 563.079102 0.049017 0.994633 0.091110 -66.428101 -0.848447 0.089596 -0.521640 819.794434
-0.531283 -0.052371 0.845575 564.122131 0.051580 0.994237 0.093986 -66.322121 -0.845623 0.093548 -0.525520 819.145386
-0.535586 -0.050809 0.842951 565.167664 0.052202 0.994287 0.093099 -66.213501 -0.842865 0.093867 -0.529873 818.495911
-0.540002 -0.045574 0.840429 566.203125 0.053895 0.994612 0.088565 -66.100479 -0.839936 0.093120 -0.534636 817.841492
-0.544346 -0.041758 0.837821 567.235168 0.053721 0.994975 0.084496 -65.985130 -0.837140 0.091003 -0.539366 817.182495
-0.549053 -0.044306 0.834613 568.259888 0.053634 0.994668 0.088087 -65.880470 -0.834065 0.093126 -0.543749 816.512024
-0.553871 -0.054137 0.830841 569.294861 0.045474 0.994428 0.095110 -65.821075 -0.831360 0.090460 -0.548322 815.856628
-0.558864 -0.050966 0.827692 570.296936 0.048694 0.994371 0.094108 -65.712021 -0.827829 0.092897 -0.553236 815.185303
-0.563351 -0.046729 0.824895 571.288269 0.049821 0.994662 0.090371 -65.606728 -0.824714 0.092007 -0.558015 814.519409
-0.567635 -0.042731 0.822170 572.281189 0.052269 0.994767 0.087789 -65.505943 -0.821620 0.092806 -0.562431 813.847961
-0.572616 -0.043139 0.818688 573.267212 0.054720 0.994377 0.090669 -65.424782 -0.817996 0.096717 -0.567035 813.180481
-0.576894 -0.043675 0.815651 574.248047 0.055986 0.994107 0.092829 -65.358025 -0.814898 0.099217 -0.571048 812.519714
-0.580618 -0.042813 0.813050 575.208435 0.057146 0.994010 0.093153 -65.266586 -0.812168 0.100550 -0.574694 811.844666
-0.583439 -0.041913 0.811075 576.159607 0.058362 0.993922 0.093345 -65.160561 -0.810058 0.101798 -0.577446 811.164001
-0.585036 -0.040940 0.809973 577.114868 0.060694 0.993715 0.094067 -65.060188 -0.808733 0.104192 -0.578874 810.477844
-0.585546 -0.039709 0.809667 578.062378 0.063837 0.993439 0.094888 -64.961838 -0.808123 0.107247 -0.579168 809.803162
-0.585137 -0.039079 0.809992 579.008484 0.066012 0.993228 0.095606 -64.863792 -0.808243 0.109411 -0.578595 809.138794
-0.584445 -0.036616 0.810607 579.955688 0.069671 0.993027 0.095089 -64.765144 -0.808437 0.112050 -0.577819 808.471924
-0.583034 -0.035397 0.811677 580.905334 0.071469 0.992943 0.094639 -64.667091 -0.809298 0.113188 -0.576389 807.806946
-0.581436 -0.035243 0.812829 581.859436 0.073714 0.992671 0.095771 -64.569519 -0.810246 0.115601 -0.574577 807.142639
-0.579179 -0.034741 0.814460 582.815796 0.076692 0.992339 0.096865 -64.473915 -0.811585 0.118565 -0.572076 806.479065
-0.576426 -0.033192 0.816475 583.773010 0.079624 0.992139 0.096547 -64.378235 -0.813261 0.120663 -0.569251 805.819824
-0.572929 -0.031678 0.818993 584.728271 0.083853 0.991744 0.097020 -64.279945 -0.815304 0.124261 -0.565542 805.161743
-0.569146 -0.029802 0.821696 585.688538 0.089007 0.991238 0.097603 -64.185791 -0.817404 0.128686 -0.561506 804.505249
-0.565354 -0.029473 0.824322 586.645935 0.092123 0.990853 0.098611 -64.093468 -0.819688 0.131689 -0.557468 803.858643
-0.561603 -0.031322 0.826814 587.605042 0.092271 0.990679 0.100205 -64.002754 -0.822246 0.132566 -0.553478 803.220276
-0.557853 -0.032217 0.829314 588.557983 0.092463 0.990613 0.100680 -63.915260 -0.824774 0.132846 -0.549636 802.590454
-0.554264 -0.031559 0.831742 589.504700 0.090442 0.991080 0.097875 -63.830536 -0.827412 0.129473 -0.546466 801.971924
-0.551006 -0.031376 0.833911 590.447571 0.087007 0.991687 0.094801 -63.748940 -0.829953 0.124791 -0.543695 801.362488
-0.549023 -0.029225 0.835296 591.246338 0.086252 0.992072 0.091403 -63.667099 -0.831346 0.122229 -0.542149 800.858521
-0.546060 -0.028969 0.837245 592.032837 0.085413 0.992269 0.090041 -63.585060 -0.833381 0.120679 -0.539364 800.367310
-0.543597 -0.026187 0.838938 592.810059 0.086756 0.992407 0.087192 -63.505211 -0.834851 0.120181 -0.537198 799.881714
-0.541143 -0.022471 0.840630 593.584412 0.088100 0.992627 0.083247 -63.427483 -0.836303 0.119108 -0.535172 799.398682
-0.538952 -0.020202 0.842095 594.361572 0.087461 0.992967 0.079797 -63.351219 -0.837784 0.116657 -0.533394 798.920715
-0.536888 -0.017779 0.843466 595.142151 0.087973 0.993148 0.076931 -63.280258 -0.839054 0.115506 -0.531644 798.443054
-0.535078 -0.016317 0.844645 595.923828 0.087972 0.993301 0.074920 -63.212357 -0.840210 0.114393 -0.530058 797.966614
-0.534675 -0.014067 0.844942 596.668213 0.087876 0.993516 0.072148 -63.152054 -0.840477 0.112825 -0.529971 797.512207
-0.533520 -0.012095 0.845701 597.405151 0.088203 0.993650 0.069856 -63.098354 -0.841177 0.111863 -0.529064 797.064880
-0.533171 -0.011287 0.845933 598.136963 0.087860 0.993766 0.068634 -63.061623 -0.841434 0.110917 -0.528854 796.623901
-0.531923 -0.010997 0.846722 598.868164 0.087591 0.993837 0.067935 -63.032310 -0.842250 0.110301 -0.527681 796.188477
-0.530902 -0.011812 0.847351 599.606384 0.086524 0.993922 0.068066 -63.003654 -0.843004 0.109452 -0.526654 795.752136
-0.530073 -0.011374 0.847876 600.348389 0.085767 0.994063 0.066956 -62.976849 -0.843604 0.108212 -0.525950 795.313843
-0.529585 -0.008944 0.848210 601.094604 0.084795 0.994377 0.063428 -62.952278 -0.844008 0.105515 -0.525848 794.873230
-0.529345 -0.007527 0.848373 601.847229 0.080488 0.995005 0.059050 -62.923080 -0.844580 0.099542 -0.526095 794.432800
-0.529086 -0.008410 0.848527 602.612061 0.074681 0.995610 0.056435 -62.896187 -0.845275 0.093228 -0.526134 793.989380
-0.529043 -0.010003 0.848536 603.387207 0.072472 0.995745 0.056923 -62.871483 -0.845494 0.091610 -0.526067 793.533447
-0.530228 -0.009615 0.847800 604.141541 0.069844 0.996042 0.054978 -62.822598 -0.844974 0.088364 -0.527458 793.086853
-0.531051 -0.009457 0.847287 604.899902 0.065961 0.996442 0.052464 -62.761356 -0.844769 0.083749 -0.528537 792.642090
-0.531965 -0.008712 0.846722 605.649963 0.068929 0.996183 0.053556 -62.719040 -0.843956 0.086854 -0.529334 792.168579
-0.532940 -0.006370 0.846129 606.411926 0.071465 0.996060 0.052512 -62.675381 -0.843130 0.088453 -0.530385 791.681641
-0.533589 -0.004963 0.845731 607.191589 0.068287 0.996465 0.048931 -62.621185 -0.842983 0.083861 -0.531362 791.195862
-0.534135 -0.001420 0.845398 607.979126 0.061298 0.997301 0.040404 -62.574398 -0.843174 0.073401 -0.532606 790.710693
-0.534595 -0.002405 0.845106 608.770325 0.059352 0.997420 0.040383 -62.532120 -0.843022 0.071748 -0.533072 790.223022
-0.534956 -0.006356 0.844856 609.574036 0.054855 0.997601 0.042239 -62.496120 -0.843098 0.068940 -0.533323 789.731506
-0.535703 -0.013413 0.844300 610.387695 0.049565 0.997650 0.047299 -62.455933 -0.842951 0.067187 -0.533779 789.234680
-0.535881 -0.017321 0.844116 611.207397 0.047212 0.997611 0.050443 -62.412956 -0.842973 0.066883 -0.533783 788.729858
-0.535231 -0.017631 0.844522 612.030701 0.047997 0.997532 0.051245 -62.371346 -0.843341 0.067962 -0.533063 788.218872
-0.533945 -0.015274 0.845382 612.861206 0.049244 0.997578 0.049127 -62.331738 -0.844084 0.067861 -0.531899 787.703552
-0.533138 -0.007113 0.845998 613.680603 0.052007 0.997799 0.041164 -62.278801 -0.844428 0.065944 -0.531594 787.179443
-0.532463 -0.000919 0.846452 614.509949 0.052789 0.998017 0.034291 -62.223026 -0.844806 0.062942 -0.531359 786.652954
-0.532209 0.003356 0.846607 615.354187 0.050719 0.998323 0.027927 -62.179817 -0.845093 0.057802 -0.531485 786.123657
-0.531749 0.006657 0.846876 616.208252 0.050717 0.998425 0.023997 -62.137169 -0.845382 0.055711 -0.531249 785.584656
-0.530871 0.010880 0.847383 617.069885 0.054401 0.998293 0.021264 -62.098389 -0.845704 0.057387 -0.530556 785.037415
-0.529942 0.014530 0.847910 617.941956 0.058269 0.998114 0.019315 -62.061813 -0.846030 0.059643 -0.529789 784.483337
-0.528705 0.017842 0.848618 618.804199 0.061561 0.997953 0.017372 -62.047054 -0.846570 0.061426 -0.528721 783.936340
-0.528881 0.021668 0.848420 619.665527 0.064603 0.997802 0.014789 -62.029808 -0.846234 0.062632 -0.529117 783.400757
-0.528325 0.024063 0.848701 620.530701 0.066258 0.997718 0.012958 -62.012352 -0.846452 0.063079 -0.528714 782.852417
-0.528598 0.026415 0.848461 621.403870 0.067762 0.997639 0.011158 -61.996300 -0.846163 0.063392 -0.529139 782.310730
-0.528427 0.028301 0.848507 622.281555 0.069927 0.997499 0.010278 -61.991871 -0.846095 0.064764 -0.529084 781.754150
-0.528601 0.030484 0.848322 623.164368 0.071703 0.997387 0.008839 -61.988205 -0.845836 0.065499 -0.529405 781.193909
-0.528837 0.032594 0.848098 624.053955 0.072285 0.997361 0.006744 -61.985279 -0.845640 0.064871 -0.529797 780.631287
-0.529241 0.034096 0.847786 624.948975 0.074654 0.997189 0.006500 -61.981438 -0.845181 0.066731 -0.530299 780.062378
-0.529663 0.031992 0.847605 625.855408 0.073352 0.997273 0.008197 -61.977577 -0.845031 0.066514 -0.530565 779.491577
-0.530412 0.029342 0.847232 626.768555 0.071602 0.997380 0.010285 -61.972027 -0.844711 0.066120 -0.531123 778.916809
-0.530533 0.028047 0.847200 627.687317 0.070039 0.997486 0.010838 -61.966454 -0.844766 0.065087 -0.531164 778.338806
-0.531142 0.029368 0.846775 628.581482 0.069701 0.997527 0.009125 -61.948845 -0.844411 0.063868 -0.531874 777.781860
-0.531530 0.029216 0.846536 629.484802 0.068009 0.997650 0.008271 -61.929531 -0.844306 0.061968 -0.532268 777.221741
-0.531683 0.028955 0.846448 630.393005 0.067723 0.997669 0.008412 -61.910248 -0.844231 0.061797 -0.532405 776.656128
-0.531224 0.028528 0.846751 631.308960 0.068810 0.997585 0.009561 -61.890251 -0.844432 0.063343 -0.531904 776.084412
-0.530409 0.030888 0.847179 632.211731 0.071726 0.997388 0.008544 -61.873341 -0.844703 0.065297 -0.531239 775.512390
-0.529528 0.031607 0.847703 633.121460 0.073937 0.997222 0.009004 -61.854336 -0.845064 0.067445 -0.530394 774.938354
-0.528428 0.030982 0.848412 634.040100 0.074639 0.997159 0.010074 -61.835266 -0.845691 0.068648 -0.529239 774.362427
-0.527317 0.030459 0.849123 634.964539 0.074766 0.997144 0.010662 -61.816864 -0.846373 0.069108 -0.528087 773.784607
-0.526236 0.032149 0.849731 635.894531 0.076200 0.997048 0.009469 -61.798813 -0.846918 0.069733 -0.527131 773.202454
-0.525205 0.034287 0.850284 636.830750 0.078066 0.996916 0.008020 -61.781239 -0.847388 0.070590 -0.526262 772.616943
-0.524241 0.034401 0.850875 637.775513 0.079693 0.996780 0.008801 -61.762779 -0.847832 0.072423 -0.525295 772.027039
-0.522827 0.033694 0.851772 638.710205 0.081387 0.996627 0.010532 -61.753441 -0.848544 0.074830 -0.523805 771.433716
-0.522285 0.033033 0.852131 639.648987 0.081413 0.996617 0.011266 -61.747025 -0.848875 0.075258 -0.523207 770.839355
-0.521875 0.034311 0.852332 640.597412 0.080778 0.996688 0.009338 -61.736149 -0.849189 0.073724 -0.522918 770.242371
-0.521604 0.035171 0.852463 641.552551 0.081417 0.996643 0.008698 -61.724915 -0.849294 0.073941 -0.522715 769.639893
-0.521654 0.034214 0.852471 642.513794 0.082604 0.996527 0.010552 -61.712296 -0.849149 0.075923 -0.522668 769.033325
-0.521283 0.032113 0.852780 643.483643 0.083565 0.996410 0.013560 -61.697575 -0.849282 0.078331 -0.522096 768.422302
-0.520457 0.030441 0.853345 644.460266 0.084822 0.996265 0.016194 -61.680054 -0.849665 0.080811 -0.521094 767.808289
-0.519823 0.026733 0.853856 645.444214 0.085688 0.996102 0.020980 -61.664639 -0.849965 0.084071 -0.520087 767.189209
-0.519664 0.023745 0.854042 646.440430 0.083217 0.996267 0.022936 -61.650162 -0.850308 0.082989 -0.519699 766.570923
-0.519560 0.024675 0.854078 647.441528 0.079561 0.996637 0.019607 -61.637054 -0.850722 0.078138 -0.519775 765.953491
-0.519157 0.026716 0.854261 648.451294 0.077183 0.996893 0.015730 -61.624836 -0.851186 0.074101 -0.519606 765.330139
-0.518714 0.027107 0.854519 649.468323 0.077957 0.996833 0.015700 -61.613270 -0.851386 0.074759 -0.519184 764.698608
-0.517301 0.024497 0.855454 650.418335 0.077541 0.996820 0.018345 -61.618076 -0.852284 0.075823 -0.517555 764.100037
-0.516728 0.024602 0.855797 651.350525 0.078323 0.996754 0.018638 -61.626389 -0.852560 0.076658 -0.516977 763.508362
-0.515800 0.025035 0.856343 652.284546 0.079490 0.996659 0.018742 -61.634907 -0.853013 0.077737 -0.516067 762.916565
-0.514982 0.021616 0.856928 653.225037 0.078691 0.996653 0.022151 -61.647587 -0.853581 0.078840 -0.514960 762.326477
-0.514073 0.018223 0.857553 654.164429 0.077618 0.996661 0.025351 -61.662285 -0.854228 0.079594 -0.513770 761.740967
-0.512845 0.017763 0.858298 655.099731 0.077536 0.996658 0.025703 -61.675400 -0.854973 0.079731 -0.512508 761.158081
-0.511283 0.018288 0.859218 656.029785 0.078308 0.996606 0.025386 -61.686501 -0.855837 0.080262 -0.510979 760.577759
-0.509621 0.017793 0.860215 656.915649 0.079167 0.996515 0.026290 -61.666428 -0.856750 0.081499 -0.509253 760.064331
-0.507626 0.016047 0.861428 657.792847 0.080265 0.996360 0.028739 -61.639030 -0.857831 0.083732 -0.507065 759.565308
-0.505664 0.015071 0.862599 658.669800 0.081260 0.996234 0.030229 -61.613045 -0.858895 0.085380 -0.504984 759.068481
-0.503832 0.015288 0.863667 659.542725 0.082216 0.996153 0.030329 -61.588642 -0.859881 0.086288 -0.503150 758.577148
-0.502142 0.015315 0.864650 660.414429 0.082081 0.996174 0.030024 -61.564224 -0.860882 0.086047 -0.501476 758.091614
-0.500638 0.014494 0.865536 661.284607 0.081155 0.996242 0.030259 -61.539051 -0.861845 0.085392 -0.499932 757.611206
-0.499439 0.012881 0.866253 662.152954 0.080552 0.996248 0.031628 -61.513260 -0.862596 0.085573 -0.498604 757.133972
-0.498780 0.009359 0.866678 663.020386 0.079366 0.996233 0.034919 -61.487526 -0.863088 0.086201 -0.497643 756.659058
-0.498855 0.004044 0.866677 663.890381 0.075111 0.996428 0.038585 -61.460579 -0.863425 0.084345 -0.497377 756.188293
-0.496979 0.000427 0.867763 664.636292 0.069407 0.996816 0.039261 -61.418484 -0.864982 0.079741 -0.495426 755.717896
-0.499748 -0.004613 0.866159 665.384094 0.063388 0.997110 0.041884 -61.388454 -0.863848 0.075836 -0.498010 755.293396
-0.503225 -0.008127 0.864118 666.137329 0.058660 0.997329 0.043542 -61.359886 -0.862162 0.072600 -0.501404 754.874268
-0.509642 -0.010956 0.860318 666.874939 0.053661 0.997568 0.044493 -61.330914 -0.858712 0.068840 -0.507814 754.452148
-0.516585 -0.013706 0.856126 667.609009 0.048913 0.997766 0.045489 -61.300659 -0.854837 0.065375 -0.514760 754.025024
-0.525573 -0.016070 0.850597 668.341614 0.044683 0.997920 0.046462 -61.267929 -0.849575 0.062426 -0.523762 753.586243
-0.536457 -0.019039 0.843713 669.078308 0.041286 0.997956 0.048770 -61.234913 -0.842917 0.060997 -0.534574 753.130371
-0.547976 -0.024273 0.836142 669.792603 0.038117 0.997816 0.053948 -61.190582 -0.835625 0.061434 -0.545853 752.645874
-0.560630 -0.030214 0.827515 670.497192 0.034528 0.997613 0.059817 -61.144817 -0.827346 0.062108 -0.558248 752.143555
-0.573893 -0.035101 0.818178 671.197815 0.032246 0.997338 0.065406 -61.092049 -0.818295 0.063919 -0.571234 751.628540
-0.588580 -0.038328 0.807530 671.879761 0.029456 0.997196 0.068799 -61.052559 -0.807902 0.064280 -0.585800 751.142090
-0.602576 -0.045602 0.796758 672.553162 0.022895 0.996968 0.074376 -60.977184 -0.797733 0.063059 -0.599704 750.622681
-0.617798 -0.055262 0.784393 673.212646 0.017749 0.996294 0.084172 -60.912601 -0.786136 0.065923 -0.614528 750.096313
-0.635381 -0.064638 0.769489 673.859131 0.011202 0.995614 0.092884 -60.840168 -0.772118 0.067636 -0.631870 749.569702
-0.652939 -0.074651 0.753723 674.505737 0.002498 0.994913 0.100705 -60.764431 -0.757406 0.067637 -0.649431 749.036377
-0.672384 -0.080485 0.735814 675.146912 -0.008653 0.994858 0.100913 -60.689514 -0.740152 0.061485 -0.669623 748.495667
-0.693428 -0.083368 0.715686 675.780273 -0.019179 0.995067 0.097330 -60.616898 -0.720271 0.053765 -0.691606 747.943420
-0.715678 -0.085415 0.693189 676.411499 -0.027123 0.995144 0.094619 -60.543716 -0.697904 0.048915 -0.714518 747.374329
-0.738574 -0.090962 0.668008 677.038025 -0.036240 0.994780 0.095392 -60.476452 -0.673198 0.046246 -0.738014 746.794861
-0.761440 -0.098360 0.640730 677.659790 -0.047045 0.994200 0.096715 -60.408752 -0.646526 0.043500 -0.761651 746.194519
-0.783688 -0.098580 0.613282 678.270813 -0.050788 0.994190 0.094908 -60.354073 -0.619075 0.043231 -0.784141 745.570190
-0.805429 -0.098392 0.584467 678.865051 -0.055516 0.994313 0.090884 -60.300453 -0.590087 0.040754 -0.806311 744.919861
-0.826108 -0.099668 0.554629 679.450928 -0.061870 0.994327 0.086528 -60.245010 -0.560106 0.037167 -0.827586 744.250793
-0.846035 -0.098857 0.523882 680.027710 -0.065392 0.994481 0.082055 -60.220383 -0.529102 0.035164 -0.847829 743.527466
-0.864634 -0.102065 0.491925 680.591125 -0.070563 0.994112 0.082236 -60.171291 -0.497423 0.036393 -0.866745 742.801147
-0.882914 -0.104598 0.457735 681.044800 -0.076748 0.993909 0.079084 -60.106308 -0.463220 0.034694 -0.885565 742.043274
-0.900098 -0.102207 0.423530 681.448547 -0.079208 0.994283 0.071606 -60.064407 -0.428427 0.030906 -0.903048 741.226990
-0.915818 -0.103486 0.388033 681.834778 -0.083480 0.994178 0.068118 -60.000557 -0.392824 0.029990 -0.919125 740.406128
-0.930089 -0.107929 0.351121 682.169434 -0.088980 0.993591 0.069713 -59.938911 -0.356395 0.033597 -0.933731 739.568787
-0.942929 -0.110736 0.314041 682.480713 -0.092785 0.993109 0.071592 -59.883686 -0.319805 0.038368 -0.946706 738.712036
-0.954340 -0.110263 0.277628 682.744324 -0.094001 0.993019 0.071262 -59.816917 -0.283548 0.041910 -0.958042 737.827881
-0.964245 -0.107858 0.242074 682.985107 -0.093558 0.993161 0.069845 -59.745911 -0.247952 0.044700 -0.967740 736.926208
-0.972656 -0.104040 0.207644 683.205200 -0.091927 0.993497 0.067189 -59.671799 -0.213283 0.046264 -0.975894 736.005005
-0.979481 -0.099385 0.175325 683.416504 -0.089278 0.993907 0.064649 -59.598289 -0.180683 0.047669 -0.982386 735.074158
-0.984595 -0.095119 0.146716 683.623230 -0.086734 0.994267 0.062535 -59.525291 -0.151823 0.048847 -0.987200 734.134583
-0.988175 -0.090504 0.123772 683.832397 -0.083656 0.994720 0.059458 -59.454033 -0.128501 0.048400 -0.990527 733.186462
-0.990597 -0.085898 0.106483 684.038513 -0.080344 0.995226 0.055409 -59.385433 -0.110734 0.046331 -0.992770 732.221802
-0.992171 -0.082224 0.093994 684.246948 -0.077642 0.995655 0.051415 -59.317760 -0.097813 0.043714 -0.994244 731.243652
-0.993030 -0.080708 0.085895 684.342590 -0.076587 0.995796 0.050245 -59.266266 -0.089589 0.043317 -0.995036 730.232788
-0.993861 -0.078115 0.078358 684.429382 -0.074453 0.996039 0.048623 -59.224121 -0.081846 0.042490 -0.995739 729.202087
-0.994588 -0.074094 0.072832 684.518066 -0.070843 0.996415 0.046249 -59.185959 -0.075998 0.040839 -0.996271 728.149231
-0.995147 -0.069717 0.069452 684.611633 -0.066768 0.996801 0.043923 -59.149143 -0.072292 0.039072 -0.996618 727.083191
-0.995599 -0.065249 0.067283 684.706421 -0.062437 0.997118 0.043097 -59.106636 -0.069901 0.038706 -0.996803 726.016174
-0.995991 -0.060834 0.065591 684.808105 -0.058065 0.997371 0.043339 -59.064140 -0.068055 0.039357 -0.996905 724.935425
-0.996270 -0.057604 0.064247 684.918335 -0.054872 0.997545 0.043508 -59.021481 -0.066595 0.039820 -0.996985 723.840210
-0.996631 -0.052266 0.063211 685.033569 -0.049472 0.997761 0.045012 -58.977539 -0.065422 0.041733 -0.996985 722.730713
-0.996927 -0.047030 0.062652 685.155151 -0.044064 0.997879 0.047908 -58.931686 -0.064772 0.045000 -0.996885 721.608887
-0.996974 -0.045062 0.063356 685.214722 -0.042008 0.997927 0.048744 -58.870590 -0.065423 0.045934 -0.996800 720.485474
-0.997023 -0.043659 0.063563 685.262329 -0.040562 0.997964 0.049231 -58.802948 -0.065583 0.046506 -0.996763 719.356201
-0.996924 -0.044899 0.064244 685.323303 -0.041737 0.997889 0.049756 -58.735584 -0.066344 0.046921 -0.996693 718.213928
-0.996756 -0.047367 0.065070 685.397034 -0.044038 0.997692 0.051689 -58.666660 -0.067368 0.048655 -0.996541 717.055054
-0.996540 -0.050250 0.066207 685.480347 -0.046769 0.997493 0.053116 -58.597931 -0.068710 0.049837 -0.996391 715.884460
-0.996393 -0.051198 0.067687 685.570435 -0.047789 0.997551 0.051070 -58.529438 -0.070136 0.047650 -0.996398 714.704285
-0.996311 -0.050773 0.069194 685.666565 -0.047544 0.997738 0.047535 -58.460716 -0.071451 0.044070 -0.996470 713.514954
-0.996284 -0.049539 0.070459 685.771179 -0.046357 0.997861 0.046095 -58.393139 -0.072592 0.042658 -0.996449 712.310608
-0.996203 -0.049129 0.071866 685.886475 -0.045817 0.997842 0.047039 -58.327011 -0.074022 0.043568 -0.996304 711.091919
-0.996149 -0.047932 0.073416 686.009033 -0.044474 0.997856 0.048030 -58.260986 -0.075562 0.044579 -0.996144 709.860291
-0.995917 -0.049704 0.075361 686.142761 -0.046109 0.997747 0.048720 -58.193825 -0.077614 0.045045 -0.995965 708.619934
-0.995698 -0.051679 0.076917 686.285522 -0.047966 0.997628 0.049371 -58.125076 -0.079285 0.045470 -0.995814 707.367432
-0.995409 -0.055120 0.078248 686.438171 -0.051338 0.997451 0.049544 -58.055672 -0.080780 0.045300 -0.995702 706.105103
-0.995207 -0.057258 0.079281 686.597656 -0.053660 0.997462 0.046798 -57.987961 -0.081759 0.042319 -0.995754 704.836304
-0.995164 -0.056568 0.080313 686.760925 -0.053238 0.997655 0.043019 -57.922779 -0.082558 0.038535 -0.995841 703.556274
-0.995249 -0.053511 0.081340 686.927734 -0.050271 0.997878 0.041393 -57.859165 -0.083384 0.037107 -0.995826 702.263306
-0.995328 -0.050747 0.082147 687.100830 -0.047277 0.997927 0.043664 -57.795147 -0.084193 0.039577 -0.995663 700.957275
-0.995331 -0.049585 0.082814 687.282776 -0.045762 0.997825 0.047441 -57.728348 -0.084987 0.043429 -0.995435 699.639160
-0.995317 -0.049842 0.082825 687.473450 -0.045768 0.997681 0.050397 -57.658699 -0.085145 0.046370 -0.995289 698.312561
-0.995362 -0.049932 0.082227 687.611267 -0.045891 0.997678 0.050332 -57.595367 -0.084550 0.046324 -0.995342 697.016846
-0.995378 -0.049044 0.082569 687.728821 -0.044986 0.997720 0.050330 -57.534184 -0.084849 0.046383 -0.995314 695.728210
-0.995403 -0.047845 0.082972 687.850342 -0.043616 0.997691 0.052065 -57.464378 -0.085272 0.048207 -0.995191 694.442383
-0.995471 -0.045845 0.083288 687.978333 -0.041361 0.997640 0.054794 -57.394585 -0.085604 0.051101 -0.995018 693.148010
-0.995515 -0.045356 0.083026 688.097168 -0.040792 0.997604 0.055865 -57.327332 -0.085362 0.052228 -0.994980 691.860901
-0.995566 -0.044253 0.083003 688.211975 -0.039653 0.997627 0.056284 -57.260696 -0.085298 0.052743 -0.994958 690.573792
-0.995629 -0.043333 0.082739 688.333557 -0.038793 0.997694 0.055709 -57.193230 -0.084962 0.052256 -0.995013 689.283752
-0.995685 -0.043173 0.082153 688.464294 -0.038708 0.997726 0.055187 -57.124924 -0.084349 0.051769 -0.995090 687.993774
-0.995723 -0.042725 0.081919 688.599243 -0.038438 0.997844 0.053212 -57.060665 -0.084015 0.049835 -0.995218 686.696411
-0.995737 -0.042355 0.081945 688.739929 -0.038246 0.997961 0.051089 -56.997963 -0.083942 0.047737 -0.995326 685.395630
-0.995770 -0.041422 0.082005 688.885742 -0.037339 0.998015 0.050720 -56.935673 -0.083943 0.047443 -0.995340 684.086304
-0.995564 -0.041101 0.084635 688.972595 -0.036836 0.998001 0.051349 -56.882469 -0.086577 0.048004 -0.995088 682.802185
-0.995508 -0.040677 0.085489 689.046082 -0.036405 0.998037 0.050967 -56.832230 -0.087394 0.047626 -0.995035 681.519836
-0.995439 -0.040523 0.086368 689.125793 -0.036264 0.998074 0.050328 -56.783661 -0.088241 0.046966 -0.994992 680.231689
-0.995324 -0.041933 0.087012 689.216797 -0.037575 0.997984 0.051144 -56.735458 -0.088982 0.047636 -0.994893 678.933105
-0.995302 -0.044233 0.086128 689.349060 -0.039824 0.997839 0.052260 -56.666523 -0.088254 0.048585 -0.994912 677.652161
-0.995165 -0.046563 0.086485 689.497925 -0.042001 0.997666 0.053839 -56.590965 -0.088790 0.049947 -0.994797 676.368896
-0.994947 -0.050266 0.086920 689.655640 -0.045563 0.997431 0.055278 -56.513733 -0.089475 0.051038 -0.994681 675.080139
-0.994486 -0.057937 0.087416 689.826660 -0.053025 0.996937 0.057507 -56.433743 -0.090480 0.052554 -0.994510 673.784790
-0.994135 -0.063983 0.087192 690.006592 -0.058928 0.996495 0.059372 -56.352661 -0.090685 0.053886 -0.994420 672.480896
-0.993996 -0.066649 0.086770 690.189148 -0.061779 0.996424 0.057651 -56.271877 -0.090302 0.051943 -0.994559 671.174438
-0.994121 -0.064399 0.087046 690.371948 -0.059994 0.996827 0.052312 -56.194912 -0.090140 0.046782 -0.994830 669.867371
-0.994535 -0.055439 0.088469 690.547546 -0.051609 0.997652 0.045015 -56.135612 -0.090757 0.040203 -0.995062 668.542114
-0.994880 -0.046926 0.089513 690.725342 -0.043369 0.998206 0.041273 -56.080452 -0.091291 0.037180 -0.995130 667.205566
-0.995157 -0.041203 0.089245 690.909363 -0.037426 0.998349 0.043585 -56.027241 -0.090894 0.040033 -0.995055 665.859009
-0.995128 -0.042052 0.089171 691.024719 -0.037809 0.998096 0.048752 -55.979164 -0.091052 0.045143 -0.994823 664.546631
-0.995205 -0.042159 0.088269 691.105408 -0.037504 0.997849 0.053762 -55.934734 -0.090346 0.050193 -0.994644 663.243591
-0.995083 -0.046421 0.087495 691.192627 -0.041319 0.997388 0.059257 -55.881165 -0.090018 0.055351 -0.994401 661.946960
-0.994954 -0.051935 0.085850 691.311340 -0.046695 0.996985 0.061961 -55.833462 -0.088809 0.057640 -0.994380 660.673218
-0.994923 -0.056209 0.083484 691.447510 -0.051365 0.996931 0.059078 -55.777718 -0.086548 0.054489 -0.994756 659.408081
-0.994790 -0.057607 0.084110 691.543762 -0.052875 0.996948 0.057447 -55.713570 -0.087163 0.052700 -0.994799 658.134277
-0.994811 -0.057913 0.083641 691.621887 -0.053407 0.997048 0.055163 -55.654854 -0.086589 0.050410 -0.994968 656.854004
-0.994948 -0.056154 0.083230 691.705200 -0.051875 0.997261 0.052716 -55.598354 -0.085961 0.048132 -0.995135 655.570984
-0.995072 -0.053702 0.083363 691.805847 -0.049505 0.997439 0.051626 -55.543491 -0.085921 0.047245 -0.995181 654.297241
-0.995137 -0.053690 0.082588 691.929321 -0.049458 0.997398 0.052459 -55.459023 -0.085190 0.048120 -0.995202 653.030029
-0.995069 -0.055077 0.082492 692.042725 -0.050815 0.997305 0.052915 -55.380535 -0.085185 0.048462 -0.995186 651.751770
-0.995002 -0.056877 0.082077 692.151306 -0.052625 0.997203 0.053079 -55.309597 -0.084867 0.048494 -0.995211 650.464417
-0.994918 -0.059005 0.081582 692.264038 -0.054820 0.997108 0.052638 -55.239491 -0.084453 0.047898 -0.995276 649.173218
-0.994822 -0.061346 0.081032 692.380493 -0.057143 0.996947 0.053211 -55.168690 -0.084049 0.048305 -0.995290 647.877747
-0.994785 -0.062965 0.080231 692.498962 -0.058615 0.996738 0.055472 -55.096767 -0.083462 0.050479 -0.995231 646.579346
-0.994848 -0.063508 0.079023 692.619507 -0.059014 0.996573 0.057965 -55.022427 -0.082434 0.053003 -0.995186 645.275940
-0.994901 -0.064947 0.077166 692.743225 -0.060464 0.996420 0.059078 -54.947762 -0.080726 0.054110 -0.995267 643.971985
-0.995055 -0.065829 0.074384 692.866699 -0.061463 0.996331 0.059549 -54.876945 -0.078031 0.054683 -0.995450 642.660950
-0.995174 -0.068296 0.070469 692.995361 -0.063973 0.996031 0.061888 -54.802975 -0.074416 0.057080 -0.995593 641.340393
-0.995432 -0.069760 0.065195 693.122742 -0.065473 0.995688 0.065722 -54.728027 -0.069498 0.061153 -0.995706 640.013977
-0.995773 -0.069761 0.059732 693.248779 -0.065886 0.995737 0.064563 -54.653805 -0.063982 0.060355 -0.996124 638.685425
-0.996404 -0.064029 0.055482 693.317566 -0.061014 0.996651 0.054437 -54.553288 -0.058782 0.050856 -0.996974 637.395630
-0.997012 -0.057955 0.051069 693.372009 -0.055593 0.997369 0.046540 -54.446121 -0.053632 0.043562 -0.997610 636.105957
-0.997565 -0.052207 0.046240 693.425964 -0.050208 0.997795 0.043395 -54.346680 -0.048404 0.040968 -0.997987 634.804260
-0.997873 -0.049571 0.042329 693.466858 -0.047710 0.997896 0.043904 -54.299870 -0.044416 0.041791 -0.998139 633.515381
-0.998186 -0.046983 0.037647 693.516724 -0.045244 0.997928 0.045767 -54.251659 -0.039720 0.043981 -0.998242 632.216492
-0.998426 -0.044789 0.033732 693.573730 -0.043189 0.997971 0.046776 -54.197044 -0.035759 0.045246 -0.998336 630.907104
-0.998652 -0.041864 0.030700 693.631470 -0.040441 0.998142 0.045594 -54.145042 -0.032552 0.044290 -0.998488 629.589111
-0.998846 -0.039202 0.027757 693.693237 -0.037980 0.998341 0.043281 -54.094193 -0.029408 0.042177 -0.998677 628.261841
-0.998961 -0.038612 0.024230 693.733093 -0.037551 0.998377 0.042835 -54.032791 -0.025846 0.041880 -0.998788 626.914124
-0.999052 -0.038222 0.020851 693.759033 -0.037306 0.998391 0.042713 -53.971844 -0.022450 0.041895 -0.998869 625.552856
-0.999141 -0.037530 0.017631 693.789246 -0.036764 0.998443 0.041943 -53.910542 -0.019177 0.041258 -0.998964 624.182617
-0.999221 -0.036692 0.014522 693.822754 -0.036073 0.998516 0.040800 -53.849464 -0.015998 0.040244 -0.999061 622.805359
-0.999284 -0.036074 0.011394 693.859253 -0.035575 0.998513 0.041311 -53.789124 -0.012867 0.040875 -0.999081 621.420715
-0.999307 -0.036247 0.008434 693.899719 -0.035850 0.998420 0.043268 -53.728386 -0.009989 0.042935 -0.999028 620.028320
-0.999261 -0.038007 0.005692 693.944824 -0.037715 0.998280 0.044887 -53.666622 -0.007389 0.044639 -0.998975 618.631958
-0.999198 -0.039937 0.002837 693.994019 -0.039764 0.998140 0.046198 -53.603287 -0.004677 0.046047 -0.998929 617.228210
-0.999156 -0.041090 -0.000273 694.045105 -0.041056 0.997993 0.048210 -53.538399 -0.001709 0.048180 -0.998837 615.816895
-0.999150 -0.041074 -0.003353 694.096191 -0.041190 0.997913 0.049717 -53.472759 0.001304 0.049814 -0.998757 614.401367
-0.999206 -0.039433 -0.005649 694.081360 -0.039661 0.998040 0.048404 -53.404190 0.003730 0.048589 -0.998812 613.067688
-0.999258 -0.037656 -0.008127 694.057068 -0.038002 0.998132 0.047832 -53.334496 0.006311 0.048105 -0.998822 611.742310
-0.999284 -0.036293 -0.010624 694.035645 -0.036756 0.998213 0.047121 -53.264946 0.008895 0.047478 -0.998832 610.413940
-0.999250 -0.036367 -0.013370 694.018372 -0.036963 0.998192 0.047397 -53.194817 0.011622 0.047856 -0.998786 609.077759
-0.999207 -0.036377 -0.016186 694.005066 -0.037128 0.998119 0.048785 -53.127792 0.014382 0.049347 -0.998678 607.727478
-0.999164 -0.036131 -0.019119 693.993408 -0.037058 0.998035 0.050524 -53.059875 0.017255 0.051191 -0.998540 606.372070
-0.999074 -0.036924 -0.022111 693.985413 -0.038031 0.997927 0.051919 -52.990814 0.020148 0.052712 -0.998407 605.010193
-0.998971 -0.037642 -0.025294 693.982544 -0.038930 0.997861 0.052511 -52.919773 0.023263 0.053441 -0.998300 603.641724
-0.998864 -0.037971 -0.028806 693.981567 -0.039426 0.997883 0.051732 -52.851707 0.026781 0.052809 -0.998245 602.270569
-0.998689 -0.039421 -0.032664 693.982788 -0.041016 0.997923 0.049688 -52.785397 0.030637 0.050962 -0.998230 600.896729
-0.998506 -0.040611 -0.036555 693.984619 -0.042403 0.997866 0.049649 -52.719906 0.034460 0.051125 -0.998098 599.521057
-0.998268 -0.041530 -0.041666 693.947083 -0.043718 0.997634 0.053051 -52.667183 0.039364 0.054781 -0.997722 598.199707
-0.997995 -0.043527 -0.045963 693.903198 -0.046061 0.997391 0.055598 -52.617065 0.043423 0.057603 -0.997395 596.892944
-0.997696 -0.045594 -0.050258 693.861267 -0.048485 0.997146 0.057885 -52.564144 0.047475 0.060188 -0.997057 595.584778
-0.997435 -0.046575 -0.054354 693.818726 -0.049859 0.996911 0.060692 -52.513641 0.051360 0.063247 -0.996675 594.272766
-0.997168 -0.047525 -0.058294 693.778625 -0.051186 0.996700 0.062999 -52.461647 0.055108 0.065804 -0.996309 592.960754
-0.996902 -0.048263 -0.062107 693.740173 -0.052275 0.996536 0.064676 -52.407814 0.058770 0.067721 -0.995971 591.647034
-0.996679 -0.048243 -0.065601 693.703491 -0.052535 0.996478 0.065364 -52.352734 0.062216 0.068593 -0.995703 590.335327
-0.996482 -0.047590 -0.068988 693.667969 -0.052076 0.996543 0.064729 -52.295589 0.065669 0.068093 -0.995515 589.018311
-0.996334 -0.045921 -0.072177 693.632751 -0.050440 0.996795 0.062082 -52.239368 0.069095 0.065494 -0.995458 587.697937
-0.996313 -0.041877 -0.074881 693.589233 -0.046246 0.997268 0.057595 -52.195904 0.072264 0.060846 -0.995528 586.364441
-0.996291 -0.036549 -0.077899 693.542114 -0.040940 0.997618 0.055524 -52.154274 0.075683 0.058506 -0.995413 585.024414
-0.996181 -0.032136 -0.081176 693.502625 -0.036949 0.997604 0.058504 -52.103004 0.079101 0.061281 -0.994981 583.685852
-0.996077 -0.027728 -0.084026 693.455139 -0.032869 0.997631 0.060430 -52.059944 0.082152 0.062956 -0.994630 582.333008
-0.995925 -0.025082 -0.086636 693.408325 -0.030322 0.997756 0.059701 -52.015423 0.084944 0.062085 -0.994450 580.979187
-0.995666 -0.025786 -0.089356 693.365295 -0.031086 0.997807 0.058440 -51.970890 0.087653 0.060964 -0.994283 579.618835
-0.995315 -0.028423 -0.092413 693.324585 -0.033869 0.997748 0.057900 -51.927345 0.090559 0.060759 -0.994036 578.253540
-0.994960 -0.030871 -0.095402 693.282654 -0.036546 0.997630 0.058312 -51.884266 0.093375 0.061505 -0.993729 576.879639
-0.994764 -0.029120 -0.097959 693.197876 -0.034880 0.997730 0.057612 -51.867332 0.096059 0.060727 -0.993521 575.473450
-0.994541 -0.029012 -0.100233 693.108704 -0.034815 0.997788 0.056639 -51.850262 0.098367 0.059819 -0.993350 574.058899
-0.994189 -0.033000 -0.102466 693.053711 -0.038914 0.997658 0.056264 -51.809628 0.100369 0.059924 -0.993144 572.660217
-0.993933 -0.033270 -0.104838 692.939514 -0.038735 0.997971 0.050532 -51.777496 0.102943 0.054287 -0.993204 571.327820
-0.993838 -0.030828 -0.106472 692.803955 -0.035671 0.998400 0.043878 -51.727070 0.104949 0.047405 -0.993347 570.028564
-0.993929 -0.024388 -0.107282 692.640503 -0.028376 0.998956 0.035802 -51.686001 0.106297 0.038629 -0.993584 568.736267
-0.994089 -0.015467 -0.107458 692.474121 -0.018971 0.999319 0.031664 -51.649719 0.106895 0.033516 -0.993705 567.430664
-0.994206 -0.006200 -0.107321 692.309692 -0.009837 0.999394 0.033389 -51.615662 0.107049 0.034251 -0.993663 566.113892
-0.994225 -0.000479 -0.107313 692.152161 -0.004511 0.999293 0.037335 -51.578926 0.107219 0.037604 -0.993524 564.786926
-0.994205 0.000271 -0.107502 692.007568 -0.004146 0.999156 0.040861 -51.533276 0.107423 0.041070 -0.993364 563.466614
-0.994235 -0.000636 -0.107229 691.869446 -0.005327 0.999041 0.043462 -51.484642 0.107098 0.043782 -0.993284 562.139526
-0.994310 -0.000969 -0.106520 691.735474 -0.005848 0.998948 0.045496 -51.434265 0.106364 0.045860 -0.993269 560.808350
-0.994419 -0.000150 -0.105509 691.603333 -0.005111 0.998894 0.046756 -51.383465 0.105386 0.047034 -0.993319 559.471802
-0.994572 0.001296 -0.104038 691.473694 -0.003639 0.998878 0.047220 -51.332603 0.103982 0.047342 -0.993451 558.132629
-0.994809 0.002482 -0.101738 691.321228 -0.002504 0.998804 0.048844 -51.274574 0.101738 0.048845 -0.993611 556.802856
-0.994983 0.003524 -0.099988 691.157593 -0.001628 0.998677 0.051400 -51.215027 0.100036 0.051305 -0.993660 555.471497
-0.995165 0.003599 -0.098151 691.000488 -0.001671 0.998564 0.053562 -51.154846 0.098203 0.053467 -0.993729 554.137817
-0.995342 0.003192 -0.096349 690.849121 -0.002076 0.998510 0.054527 -51.093376 0.096379 0.054474 -0.993853 552.804382
-0.995489 0.002871 -0.094833 690.700623 -0.002442 0.998436 0.055863 -51.030350 0.094845 0.055842 -0.993924 551.457275
-0.995626 0.001320 -0.093427 690.559814 -0.004005 0.998379 0.056782 -50.968475 0.093350 0.056909 -0.994006 550.129211
-0.995629 0.000711 -0.093399 690.446838 -0.004493 0.998449 0.055496 -50.894634 0.093294 0.055672 -0.994080 548.827454
-0.995641 -0.000203 -0.093266 690.334229 -0.005432 0.998427 0.055818 -50.832363 0.093109 0.056081 -0.994075 547.513855
-0.995748 -0.000519 -0.092124 690.224548 -0.005677 0.998429 0.055735 -50.770622 0.091950 0.056021 -0.994187 546.199768
-0.995852 -0.000714 -0.090993 690.116577 -0.005705 0.998492 0.054602 -50.709373 0.090817 0.054895 -0.994353 544.882874
-0.995935 0.000329 -0.090070 690.009583 -0.004435 0.998602 0.052682 -50.649815 0.089961 0.052868 -0.994541 543.566040
-0.995997 0.000508 -0.089392 689.905396 -0.004076 0.998687 0.051076 -50.590767 0.089300 0.051236 -0.994685 542.244629
-0.996052 0.000734 -0.088782 689.802856 -0.003936 0.998618 0.052419 -50.530308 0.088697 0.052562 -0.994671 540.918701
-0.996142 0.000112 -0.087762 689.705811 -0.004784 0.998443 0.055581 -50.472500 0.087631 0.055786 -0.994590 539.582947
-0.996182 -0.001418 -0.087285 689.613770 -0.006290 0.998435 0.055568 -50.413914 0.087069 0.055904 -0.994632 538.246094
-0.996218 -0.003870 -0.086808 689.523621 -0.008512 0.998550 0.053164 -50.355293 0.086476 0.053702 -0.994806 536.908752
-0.996239 -0.006299 -0.086420 689.435486 -0.010755 0.998632 0.051188 -50.299881 0.085979 0.051925 -0.994942 535.570190
-0.996258 -0.008077 -0.086057 689.348572 -0.012440 0.998658 0.050273 -50.246338 0.085535 0.051155 -0.995021 534.226990
-0.996272 -0.008291 -0.085871 689.262268 -0.012761 0.998584 0.051632 -50.193466 0.085322 0.052536 -0.994967 532.881653
-0.996295 -0.007317 -0.085691 689.176697 -0.012033 0.998434 0.054643 -50.139153 0.085157 0.055471 -0.994823 531.531921
-0.996346 -0.005036 -0.085261 689.091553 -0.009946 0.998311 0.057258 -50.083332 0.084829 0.057896 -0.994712 530.183533
-0.996403 -0.002249 -0.084706 689.007629 -0.007189 0.998288 0.058049 -50.027008 0.084431 0.058448 -0.994713 528.834656
-0.996454 -0.000330 -0.084141 688.926758 -0.005149 0.998358 0.057059 -49.971458 0.083983 0.057290 -0.994819 527.488647
-0.996495 -0.000088 -0.083650 688.850220 -0.004771 0.998432 0.055774 -49.917286 0.083514 0.055977 -0.994933 526.140747
-0.996513 -0.001076 -0.083429 688.777771 -0.005696 0.998462 0.055157 -49.864235 0.083241 0.055439 -0.994986 524.791809
-0.996520 -0.002576 -0.083321 688.708252 -0.007272 0.998399 0.056097 -49.811031 0.083043 0.056507 -0.994943 523.441101
-0.996489 -0.001223 -0.083717 688.598145 -0.006119 0.998284 0.058238 -49.750286 0.083502 0.058546 -0.994787 522.142334
-0.996508 -0.000368 -0.083490 688.479126 -0.005395 0.998184 0.059987 -49.688354 0.083315 0.060228 -0.994701 520.853943
-0.996492 -0.000080 -0.083686 688.374573 -0.004988 0.998279 0.058430 -49.627514 0.083537 0.058642 -0.994778 519.564514
-0.996533 0.000520 -0.083198 688.280090 -0.004075 0.998475 0.055047 -49.563591 0.083099 0.055195 -0.995011 518.274719
-0.996585 0.000775 -0.082561 688.191711 -0.003475 0.998676 0.051319 -49.504547 0.082491 0.051430 -0.995264 516.980469
-0.996679 0.001658 -0.081408 688.106323 -0.002454 0.998727 0.050379 -49.447899 0.081388 0.050412 -0.995407 515.679504
-0.996840 0.004779 -0.079294 688.011780 0.000589 0.998607 0.052775 -49.387962 0.079436 0.052561 -0.995453 514.389587
-0.997106 0.008166 -0.075588 687.916687 0.003968 0.998450 0.055511 -49.322437 0.075925 0.055050 -0.995593 513.107971
-0.997454 0.012178 -0.070262 687.826599 0.008226 0.998383 0.056248 -49.256653 0.070834 0.055527 -0.995941 511.827362
-0.997875 0.014909 -0.063421 687.744080 0.011429 0.998427 0.054885 -49.196442 0.064138 0.054044 -0.996476 510.543427
-0.998341 0.015785 -0.055363 687.673889 0.012734 0.998404 0.055024 -49.137482 0.056142 0.054227 -0.996949 509.257294
-0.998820 0.014458 -0.046373 687.618652 0.011837 0.998344 0.056296 -49.075310 0.047111 0.055681 -0.997336 507.973328
-0.999235 0.013361 -0.036759 687.571289 0.011264 0.998330 0.056657 -49.013336 0.037454 0.056199 -0.997717 506.688629
-0.999556 0.012415 -0.027110 687.532043 0.010860 0.998329 0.056760 -48.951965 0.027769 0.056440 -0.998020 505.405975
-0.999803 0.010108 -0.017095 687.502563 0.009109 0.998304 0.057498 -48.890198 0.017647 0.057331 -0.998199 504.122925
-0.999932 0.009684 -0.006480 687.479492 0.009293 0.998279 0.057912 -48.828194 0.007029 0.057848 -0.998301 502.840027
-0.999942 0.009787 0.004549 687.464844 0.010029 0.998337 0.056771 -48.766731 -0.003986 0.056814 -0.998377 501.557953
-0.999828 0.009798 0.015765 687.458801 0.010665 0.998380 0.055898 -48.705940 -0.015192 0.056057 -0.998312 500.275360
-0.999577 0.009624 0.027426 687.474121 0.011217 0.998223 0.058537 -48.637955 -0.026814 0.058820 -0.997908 499.012207
-0.999246 0.008192 0.037960 687.518921 0.010541 0.998013 0.062130 -48.571770 -0.037376 0.062483 -0.997346 497.746613
-0.998833 0.006014 0.047928 687.573120 0.009162 0.997794 0.065756 -48.503647 -0.047427 0.066119 -0.996683 496.481171
-0.998398 0.003391 0.056475 687.633667 0.007238 0.997654 0.068066 -48.434143 -0.056112 0.068366 -0.996081 495.216827
-0.997956 0.001353 0.063900 687.699463 0.005830 0.997535 0.069924 -48.363884 -0.063648 0.070153 -0.995503 493.951202
-0.997633 -0.004131 0.068633 687.808777 0.000713 0.997518 0.070409 -48.281494 -0.068754 0.070291 -0.995154 492.704498
-0.997196 -0.008101 0.074391 687.924561 -0.002805 0.997471 0.071025 -48.197723 -0.074778 0.070616 -0.994697 491.455322
-0.996833 -0.012239 0.078587 688.044250 -0.006633 0.997440 0.071203 -48.113861 -0.079258 0.070457 -0.994361 490.205902
-0.996564 -0.015748 0.081321 688.165833 -0.009970 0.997428 0.070976 -48.030632 -0.082230 0.069921 -0.994158 488.956360
-0.996344 -0.017693 0.083586 688.288513 -0.011855 0.997489 0.069831 -47.948097 -0.084612 0.068584 -0.994051 487.706879
-0.996178 -0.017511 0.085573 688.409729 -0.011649 0.997581 0.068529 -47.866646 -0.086566 0.067270 -0.993972 486.456787
-0.995997 -0.015784 0.087980 688.536011 -0.009867 0.997684 0.067296 -47.790482 -0.088838 0.066158 -0.993847 485.204193
-0.995747 -0.015133 0.090885 688.673340 -0.009219 0.997833 0.065152 -47.717094 -0.091674 0.064037 -0.993728 483.951721
-0.995534 -0.014444 0.093290 688.812439 -0.008628 0.998011 0.062456 -47.647099 -0.094006 0.061372 -0.993678 482.699738
-0.995319 -0.015603 0.095379 688.958008 -0.009832 0.998108 0.060685 -47.579094 -0.096145 0.059463 -0.993590 481.444885
-0.995123 -0.016930 0.097182 689.107422 -0.011118 0.998134 0.060042 -47.512909 -0.098018 0.058668 -0.993454 480.189911
-0.994946 -0.017752 0.098832 689.259827 -0.011926 0.998173 0.059231 -47.448059 -0.099703 0.057753 -0.993339 478.933350
-0.994782 -0.017743 0.100473 689.414429 -0.011937 0.998239 0.058106 -47.384407 -0.101327 0.056604 -0.993241 477.676636
-0.994635 -0.017858 0.101900 689.572083 -0.011991 0.998251 0.057904 -47.321579 -0.102757 0.056371 -0.993108 476.420502
-0.994560 -0.018329 0.102540 689.732727 -0.012218 0.998128 0.059921 -47.258072 -0.103447 0.058342 -0.992923 475.161774
-0.994572 -0.019442 0.102215 689.895630 -0.013038 0.997931 0.062953 -47.193893 -0.103228 0.061279 -0.992768 473.903046
-0.994645 -0.020741 0.101243 690.060181 -0.014264 0.997830 0.064286 -47.129677 -0.102357 0.062498 -0.992782 472.648804
-0.994764 -0.021504 0.099915 690.224976 -0.015142 0.997834 0.064014 -47.065189 -0.101075 0.062165 -0.992935 471.395813
-0.994938 -0.023548 0.097696 690.391052 -0.017348 0.997810 0.063838 -47.001469 -0.098985 0.061819 -0.993167 470.143555
-0.995193 -0.027125 0.094098 690.557495 -0.021207 0.997767 0.063337 -46.939255 -0.095605 0.061037 -0.993546 468.894409
-0.995839 -0.026351 0.087245 690.718689 -0.021253 0.998040 0.058857 -46.864342 -0.088625 0.056757 -0.994446 467.655823
-0.996289 -0.026425 0.081924 690.879761 -0.022098 0.998334 0.053291 -46.784340 -0.083196 0.051283 -0.995213 466.424286
-0.996757 -0.024624 0.076613 691.034729 -0.020831 0.998535 0.049933 -46.707466 -0.077730 0.048174 -0.995810 465.192505
-0.997221 -0.020812 0.071542 691.183350 -0.017175 0.998547 0.051082 -46.632095 -0.072501 0.049711 -0.996128 463.956635
-0.997642 -0.016776 0.066554 691.324280 -0.013234 0.998490 0.053312 -46.572838 -0.067347 0.052306 -0.996357 462.723053
-0.997979 -0.014176 0.061942 691.465088 -0.010786 0.998444 0.054727 -46.515263 -0.062623 0.053948 -0.996578 461.495117
-0.998330 -0.015320 0.055703 691.576477 -0.012207 0.998367 0.055810 -46.453018 -0.056467 0.055036 -0.996886 460.325043
-0.998501 -0.013144 0.053122 691.681152 -0.010171 0.998386 0.055871 -46.407154 -0.053770 0.055247 -0.997024 459.172943
-0.998661 -0.010585 0.050631 691.776245 -0.007707 0.998362 0.056693 -46.356857 -0.051148 0.056227 -0.997107 458.038300
-0.998753 -0.007547 0.049373 691.871643 -0.004663 0.998289 0.058285 -46.306793 -0.049728 0.057981 -0.997078 456.917603
-0.998764 -0.004127 0.049553 691.968079 -0.001025 0.998047 0.062462 -46.257240 -0.049714 0.062333 -0.996816 455.809326
-0.998717 0.000002 0.050654 692.066040 0.003369 0.997789 0.066376 -46.207180 -0.050543 0.066462 -0.996508 454.715973
-0.998630 0.003127 0.052240 692.167969 0.006732 0.997596 0.068973 -46.156219 -0.051899 0.069230 -0.996249 453.636230
-0.998521 0.003304 0.054281 692.229004 0.006877 0.997811 0.065777 -46.091778 -0.053944 0.066053 -0.996356 452.598816
-0.998320 0.006003 0.057626 692.283386 0.009583 0.998026 0.062060 -46.037777 -0.057140 0.062507 -0.996407 451.576660
-0.998057 0.008677 0.061718 692.337097 0.012434 0.998076 0.060749 -45.971161 -0.061072 0.061398 -0.996244 450.567291
-0.997720 0.011478 0.066503 692.396362 0.015722 0.997848 0.063656 -45.905910 -0.065629 0.064556 -0.995754 449.570251
-0.997349 0.012750 0.071646 692.463196 0.017556 0.997608 0.066866 -45.842697 -0.070623 0.067947 -0.995186 448.586243
-0.996928 0.015078 0.076865 692.534485 0.020139 0.997650 0.065490 -45.780998 -0.075698 0.066838 -0.994888 447.621002
-0.996493 0.016493 0.082035 692.612000 0.021647 0.997819 0.062361 -45.721458 -0.080828 0.063919 -0.994676 446.671448
-0.996101 0.016711 0.086624 692.679749 0.022046 0.997893 0.061009 -45.662956 -0.085422 0.062681 -0.994371 445.761292
-0.995725 0.016428 0.090895 692.750061 0.022039 0.997890 0.061077 -45.612396 -0.089700 0.062819 -0.993985 444.869995
-0.995416 0.016002 0.094292 692.825012 0.021952 0.997808 0.062422 -45.563774 -0.093086 0.064206 -0.993586 443.989227
-0.995072 0.015194 0.097980 692.874390 0.021401 0.997809 0.062614 -45.515995 -0.096813 0.064402 -0.993216 443.131653
-0.994963 0.015377 0.099062 692.912231 0.021588 0.997846 0.061943 -45.473000 -0.097897 0.063769 -0.993151 442.291840
-0.995005 0.015477 0.098614 692.951416 0.021535 0.997926 0.060670 -45.431396 -0.097470 0.062490 -0.993275 441.467316
-0.995277 0.014425 0.096002 692.992249 0.020215 0.998017 0.059604 -45.391842 -0.094952 0.061263 -0.993595 440.656494
-0.995796 0.011276 0.090902 693.034546 0.016649 0.998145 0.058564 -45.354187 -0.090073 0.059831 -0.994137 439.858429
-0.996545 0.007897 0.082676 693.073364 0.012796 0.998182 0.058899 -45.317352 -0.082061 0.059753 -0.994834 439.075073
-0.997459 0.005386 0.071040 693.104309 0.009676 0.998140 0.060188 -45.280983 -0.070584 0.060722 -0.995656 438.304871
-0.998432 0.002774 0.055907 693.127014 0.006212 0.998092 0.061426 -45.246101 -0.055630 0.061677 -0.996545 437.548920
-0.999308 -0.000440 0.037195 693.141479 0.001842 0.998118 0.061299 -45.212936 -0.037151 0.061324 -0.997426 436.804901
-0.999879 -0.003644 0.015149 693.138428 -0.002727 0.998189 0.060087 -45.175827 -0.015341 0.060038 -0.998078 436.069946
-0.999929 -0.006192 -0.010159 693.124329 -0.006781 0.998236 0.058973 -45.138458 0.009776 0.059037 -0.998208 435.337677
-0.999240 -0.007005 -0.038333 693.098083 -0.009253 0.998228 0.058782 -45.100975 0.037853 0.059091 -0.997534 434.606750
-0.997602 -0.007534 -0.068807 693.060730 -0.011621 0.998179 0.059188 -45.063286 0.068235 0.059846 -0.995872 433.878815
-0.994853 -0.007682 -0.101036 693.017029 -0.013654 0.998191 0.058547 -45.029068 0.100403 0.059625 -0.993159 433.156372
-0.990814 -0.007409 -0.135032 692.955933 -0.015221 0.998264 0.056907 -44.995960 0.134375 0.058439 -0.989206 432.441162
-0.985342 -0.005756 -0.170496 692.877319 -0.015573 0.998293 0.056298 -44.962368 0.169881 0.058127 -0.983749 431.731598
-0.978406 -0.001708 -0.206686 692.717102 -0.014522 0.998063 0.060493 -44.924095 0.206183 0.062188 -0.976536 431.080597
-0.970216 0.001791 -0.242237 692.535950 -0.014587 0.997726 0.065799 -44.886166 0.241803 0.067372 -0.967984 430.443939
-0.960516 0.003950 -0.278199 692.344604 -0.016632 0.997296 0.071583 -44.849293 0.277730 0.073384 -0.957852 429.812134
-0.949046 0.005876 -0.315083 692.136902 -0.018304 0.997110 0.073731 -44.816586 0.314606 0.075741 -0.946196 429.191833
-0.935063 0.005033 -0.354445 691.890869 -0.020661 0.997426 0.068668 -44.784508 0.353878 0.071532 -0.932552 428.589325
-0.919017 0.001879 -0.394214 691.622742 -0.024226 0.997830 0.061231 -44.750778 0.393473 0.065822 -0.916976 427.994202
-0.900580 -0.000938 -0.434690 691.334839 -0.027431 0.998127 0.054677 -44.715637 0.433825 0.061166 -0.898919 427.401917
-0.879941 -0.000081 -0.475084 691.023987 -0.028692 0.998184 0.052972 -44.680801 0.474217 0.060243 -0.878344 426.810455
-0.857296 0.005864 -0.514791 690.690918 -0.026255 0.998136 0.055093 -44.654221 0.514154 0.060747 -0.855544 426.216675
-0.832394 0.011382 -0.554068 690.334045 -0.024372 0.998070 0.057117 -44.627121 0.553649 0.061047 -0.830510 425.631866
-0.804851 0.015120 -0.593285 689.954285 -0.025184 0.997905 0.059597 -44.598728 0.592943 0.062907 -0.802783 425.053406
-0.774727 0.017578 -0.632051 689.549805 -0.027166 0.997765 0.061046 -44.563908 0.631711 0.064465 -0.772519 424.494049
-0.742282 0.020269 -0.669781 689.122375 -0.030221 0.997513 0.063679 -44.531525 0.669406 0.067509 -0.739823 423.937286
-0.707345 0.022458 -0.706511 688.666748 -0.035657 0.997089 0.067393 -44.497887 0.705968 0.072862 -0.704485 423.393799
-0.669946 0.025466 -0.741973 688.182251 -0.040220 0.996699 0.070524 -44.461872 0.741319 0.077090 -0.666710 422.866943
-0.630654 0.027730 -0.775568 687.671082 -0.045221 0.996350 0.072395 -44.425270 0.774746 0.080727 -0.627099 422.359436
-0.589990 0.028177 -0.806919 687.135620 -0.050485 0.996148 0.071698 -44.388966 0.805831 0.083038 -0.586294 421.871887
-0.549214 0.026929 -0.835248 686.584351 -0.056255 0.996023 0.069102 -44.350296 0.833786 0.084938 -0.545514 421.407959
-0.509551 0.026155 -0.860043 686.004395 -0.059614 0.996063 0.065611 -44.312126 0.858374 0.084703 -0.505984 420.958160
-0.471765 0.026246 -0.881334 685.398560 -0.061385 0.996154 0.062524 -44.274750 0.879585 0.083596 -0.468339 420.528992
-0.436456 0.027232 -0.899314 684.770386 -0.063012 0.996163 0.060746 -44.238693 0.897516 0.083180 -0.433066 420.114990
-0.404446 0.028945 -0.914104 684.120972 -0.063325 0.996214 0.059563 -44.203850 0.912367 0.081975 -0.401081 419.716888
-0.375893 0.032714 -0.926086 683.450806 -0.061703 0.996275 0.060237 -44.167229 0.924607 0.079785 -0.372475 419.333893
-0.351016 0.036755 -0.935648 682.762085 -0.059309 0.996350 0.061389 -44.129181 0.934489 0.077041 -0.347555 418.962616
-0.330577 0.040374 -0.942915 682.056885 -0.056278 0.996463 0.062398 -44.092125 0.942099 0.073693 -0.327137 418.600586
-0.316515 0.039533 -0.947763 681.257629 -0.051393 0.996950 0.058748 -44.040394 0.947194 0.067302 -0.313517 418.315582
-0.304666 0.040777 -0.951586 680.403870 -0.043076 0.997472 0.056534 -43.979370 0.951485 0.058214 -0.302139 418.062256
-0.298705 0.040150 -0.953501 679.541687 -0.037595 0.997844 0.053794 -43.934032 0.953605 0.051914 -0.296552 417.801300
-0.295160 0.041895 -0.954528 678.665405 -0.033178 0.997987 0.054061 -43.888931 0.954871 0.047625 -0.293176 417.531342
-0.293353 0.045066 -0.954942 677.772888 -0.030129 0.997957 0.056352 -43.841759 0.955529 0.045302 -0.291396 417.255371
-0.292913 0.046559 -0.955005 676.879700 -0.029837 0.997882 0.057801 -43.794155 0.955674 0.045425 -0.290903 416.981354
-0.293329 0.047392 -0.954837 675.979614 -0.028578 0.997890 0.058309 -43.746223 0.955584 0.044391 -0.291355 416.703979
-0.295176 0.047392 -0.954267 675.070557 -0.027823 0.997919 0.058166 -43.697140 0.955038 0.043720 -0.293243 416.420898
-0.297639 0.046727 -0.953535 674.153137 -0.028643 0.997915 0.057842 -43.647034 0.954249 0.044528 -0.295680 416.128845
-0.300334 0.046994 -0.952676 673.187134 -0.029863 0.997833 0.058634 -43.598549 0.953367 0.046059 -0.298280 415.817627
-0.304447 0.046704 -0.951384 672.201599 -0.030615 0.997802 0.058779 -43.551613 0.952038 0.047022 -0.302348 415.492676
-0.310662 0.046217 -0.949396 671.214417 -0.033712 0.997653 0.059597 -43.499840 0.949923 0.050521 -0.308375 415.186432
-0.316091 0.045151 -0.947655 670.225647 -0.037051 0.997518 0.059886 -43.446541 0.948005 0.054041 -0.313633 414.888336
-0.321878 0.043073 -0.945801 669.231567 -0.039821 0.997465 0.058977 -43.394524 0.945943 0.056647 -0.319348 414.582489
-0.327532 0.041026 -0.943949 668.235046 -0.041868 0.997445 0.057879 -43.341393 0.943912 0.058478 -0.324978 414.269806
-0.333160 0.042071 -0.941931 667.231750 -0.043325 0.997266 0.059866 -43.287849 0.941875 0.060753 -0.330426 413.949524
-0.338878 0.045054 -0.939751 666.226074 -0.043933 0.997006 0.063641 -43.234661 0.939804 0.062853 -0.335883 413.624573
-0.344075 0.047106 -0.937760 665.212646 -0.042031 0.996968 0.065500 -43.179893 0.938000 0.061952 -0.341052 413.259613
-0.349487 0.048510 -0.935685 664.199036 -0.040450 0.996947 0.066794 -43.123894 0.936067 0.061192 -0.346459 412.873199
-0.354682 0.049440 -0.933679 663.182617 -0.039603 0.996910 0.067832 -43.066921 0.934148 0.061035 -0.351628 412.477173
-0.359505 0.048660 -0.931874 662.167664 -0.040599 0.996878 0.067717 -43.009720 0.932259 0.062177 -0.356407 412.075378
-0.363464 0.047060 -0.930419 661.151123 -0.041947 0.996884 0.066808 -42.952278 0.930663 0.063310 -0.360357 411.668915
-0.366133 0.045501 -0.929449 660.133728 -0.042255 0.996961 0.065450 -42.895721 0.929602 0.063237 -0.363098 411.261169
-0.367823 0.043554 -0.928875 659.113586 -0.043434 0.997008 0.063947 -42.840786 0.928881 0.063866 -0.364830 410.849487
-0.369243 0.042052 -0.928380 658.091187 -0.044212 0.997050 0.062747 -42.786133 0.928280 0.064214 -0.366295 410.437927
-0.370816 0.042700 -0.927724 657.063843 -0.046515 0.996835 0.064473 -42.730984 0.927540 0.067060 -0.367657 410.022156
-0.371865 0.045331 -0.927179 656.030945 -0.045092 0.996746 0.066816 -42.674850 0.927191 0.066655 -0.368612 409.607300
-0.372105 0.041895 -0.927245 654.998718 -0.043275 0.997112 0.062417 -42.617340 0.927181 0.063352 -0.369217 409.189178
-0.372863 0.036058 -0.927186 653.968689 -0.041889 0.997572 0.055640 -42.557293 0.926940 0.059584 -0.370447 408.767487
-0.373868 0.032218 -0.926923 652.933289 -0.036633 0.998104 0.049467 -42.500320 0.926758 0.052450 -0.371979 408.348572
-0.374969 0.034022 -0.926413 651.890991 -0.030762 0.998319 0.049113 -42.445297 0.926527 0.046915 -0.373292 407.928284
-0.375685 0.039522 -0.925905 650.850647 -0.026285 0.998235 0.053273 -42.399605 0.926375 0.044351 -0.373982 407.522919
-0.375974 0.043756 -0.925597 649.812073 -0.022856 0.998143 0.056469 -42.358330 0.926348 0.042386 -0.374276 407.124603
-0.376373 0.046879 -0.925281 648.773376 -0.018557 0.998137 0.058118 -42.314537 0.926282 0.039044 -0.374803 406.725677
-0.377008 0.047926 -0.924970 647.736755 -0.014483 0.998234 0.057625 -42.271057 0.926097 0.035121 -0.375648 406.327240
-0.377568 0.047635 -0.924756 646.698792 -0.009535 0.998424 0.055321 -42.228584 0.925933 0.029704 -0.376518 405.929138
-0.378590 0.047140 -0.924363 645.659546 -0.007405 0.998516 0.053953 -42.186172 0.925535 0.027270 -0.377679 405.527100
-0.379243 0.049217 -0.923988 644.618652 -0.007778 0.998380 0.056371 -42.142502 0.925265 0.028565 -0.378246 405.119324
-0.379863 0.051892 -0.923586 643.575195 -0.010944 0.998104 0.060580 -42.096680 0.924978 0.033119 -0.378575 404.705322
-0.380310 0.051156 -0.923443 642.534363 -0.014980 0.997998 0.061454 -42.049210 0.924738 0.037204 -0.378783 404.289001
-0.381062 0.048896 -0.923256 641.494995 -0.018027 0.998018 0.060296 -42.001724 0.924373 0.039621 -0.379426 403.873932
-0.381861 0.046872 -0.923030 640.453003 -0.020235 0.998050 0.059053 -41.955292 0.923998 0.041226 -0.380168 403.458374
-0.382549 0.046211 -0.922778 639.393250 -0.021961 0.998012 0.059081 -41.899689 0.923674 0.042866 -0.380774 403.015411
-0.383517 0.045350 -0.922420 638.323792 -0.023848 0.997974 0.058980 -41.840714 0.923226 0.044618 -0.381659 402.556366
-0.384278 0.043553 -0.922190 637.254517 -0.026007 0.997980 0.057970 -41.782387 0.922851 0.046260 -0.382369 402.094543
-0.384921 0.042286 -0.921980 636.185425 -0.027817 0.997965 0.057384 -41.723679 0.922531 0.047735 -0.382962 401.632751
-0.385488 0.043530 -0.921685 635.111145 -0.027752 0.997888 0.058736 -41.664925 0.922295 0.048220 -0.383465 401.171387
-0.386257 0.046136 -0.921237 634.037354 -0.026916 0.997759 0.061252 -41.605446 0.921998 0.048455 -0.384150 400.710815
-0.387207 0.047681 -0.920760 632.964111 -0.025427 0.997730 0.062359 -41.545357 0.921642 0.047558 -0.385115 400.251312
-0.387920 0.047860 -0.920450 631.888733 -0.024554 0.997760 0.062227 -41.484375 0.921366 0.046739 -0.385876 399.806793
-0.388485 0.047898 -0.920210 630.813904 -0.025163 0.997724 0.062555 -41.423351 0.921111 0.047457 -0.386396 399.368134
-0.389112 0.045711 -0.920056 629.751343 -0.027870 0.997727 0.061357 -41.367317 0.920769 0.049517 -0.386953 398.921326
-0.390346 0.044206 -0.919606 628.686157 -0.029107 0.997755 0.060317 -41.312019 0.920208 0.050311 -0.388182 398.484589
-0.391951 0.044943 -0.918888 627.626770 -0.027498 0.997788 0.060532 -41.258728 0.919575 0.048993 -0.389848 398.052612
-0.392625 0.045475 -0.918574 626.570312 -0.027205 0.997766 0.061023 -41.206505 0.919297 0.048949 -0.390510 397.621643
-0.393634 0.045561 -0.918138 625.518738 -0.026145 0.997812 0.060723 -41.154655 0.918896 0.047907 -0.391581 397.193878
-0.394805 0.044995 -0.917663 624.470947 -0.025385 0.997885 0.059849 -41.103683 0.918414 0.046923 -0.392827 396.766479
-0.395784 0.043946 -0.917291 623.428894 -0.025617 0.997937 0.058863 -41.053947 0.917986 0.046796 -0.393843 396.339691
-0.396679 0.042794 -0.916959 622.392761 -0.025508 0.998014 0.057611 -41.005440 0.917603 0.046243 -0.394799 395.915283
-0.397620 0.041859 -0.916595 621.362427 -0.024430 0.998122 0.056180 -40.958088 0.917225 0.044730 -0.395851 395.493866
-0.398565 0.042041 -0.916176 620.335144 -0.023306 0.998162 0.055941 -40.910194 0.916844 0.043649 -0.396853 395.079346
-0.400342 0.044090 -0.915305 619.317566 -0.021178 0.998130 0.057342 -40.863369 0.916121 0.042341 -0.398660 394.663361
-0.402479 0.046687 -0.914238 618.308838 -0.019000 0.998058 0.059332 -40.816273 0.915232 0.041250 -0.400810 394.248627
-0.404899 0.048343 -0.913082 617.307739 -0.018818 0.997950 0.061180 -40.768505 0.914167 0.041954 -0.403160 393.831940
-0.407544 0.049416 -0.911848 616.315674 -0.019281 0.997847 0.062693 -40.719894 0.912982 0.043131 -0.405714 393.415527
-0.410586 0.049749 -0.910464 615.335815 -0.020807 0.997740 0.063901 -40.670769 0.911584 0.045181 -0.408623 393.000183
-0.414167 0.049685 -0.908843 614.405884 -0.021949 0.997674 0.064544 -40.620056 0.909936 0.046680 -0.412113 392.587128
-0.417544 0.049646 -0.907299 613.502625 -0.023230 0.997597 0.065277 -40.569595 0.908360 0.048332 -0.415388 392.174469
-0.420962 0.049641 -0.905719 612.609924 -0.025013 0.997487 0.066296 -40.519497 0.906733 0.050563 -0.418663 391.763672
-0.424317 0.049538 -0.904158 611.741943 -0.026439 0.997399 0.067053 -40.471558 0.905127 0.052356 -0.421904 391.355438
-0.428188 0.048906 -0.902366 610.885742 -0.028052 0.997334 0.067363 -40.424316 0.903254 0.054156 -0.425674 390.950195
-0.432335 0.047009 -0.900487 610.040466 -0.029531 0.997367 0.066243 -40.378361 0.901230 0.055232 -0.429808 390.547607
-0.436525 0.044542 -0.898589 609.207214 -0.030019 0.997497 0.064026 -40.334267 0.899192 0.054923 -0.434095 390.149567
-0.439344 0.040641 -0.897400 608.405762 -0.031082 0.997691 0.060400 -40.272926 0.897781 0.054430 -0.437066 389.758942
-0.442951 0.038216 -0.895731 607.613464 -0.030681 0.997860 0.057744 -40.211777 0.896021 0.053059 -0.440831 389.371033
-0.445927 0.036403 -0.894330 606.827759 -0.029531 0.998030 0.055348 -40.152077 0.894583 0.051091 -0.443974 388.986481
-0.448233 0.034703 -0.893243 606.044922 -0.029348 0.998136 0.053504 -40.092720 0.893435 0.050197 -0.446380 388.603302
-0.449464 0.033461 -0.892672 605.277893 -0.029975 0.998171 0.052508 -40.034554 0.892796 0.050358 -0.447639 388.224945
-0.449313 0.034685 -0.892701 604.515076 -0.030755 0.998053 0.054257 -39.975765 0.892845 0.051834 -0.447371 387.850616
-0.447493 0.034943 -0.893604 603.767944 -0.034407 0.997824 0.056248 -39.918518 0.893625 0.055917 -0.445317 387.481201
-0.439824 0.030693 -0.897560 603.080261 -0.038306 0.997865 0.052894 -39.883118 0.897266 0.057647 -0.437709 387.120544
-0.431953 0.024952 -0.901551 602.416626 -0.043058 0.997907 0.048248 -39.852745 0.900868 0.059660 -0.429974 386.764893
-0.420744 0.018317 -0.906995 601.764832 -0.047865 0.997956 0.042358 -39.820862 0.905916 0.061234 -0.419007 386.426086
-0.405966 0.014837 -0.913768 601.118591 -0.052520 0.997838 0.039535 -39.791122 0.912378 0.064040 -0.404308 386.102356
-0.388312 0.016152 -0.921386 600.482910 -0.052639 0.997825 0.039675 -39.768341 0.920023 0.063907 -0.386618 385.806580
-0.367092 0.016907 -0.930031 599.856445 -0.052097 0.997892 0.038704 -39.747425 0.928725 0.062659 -0.365438 385.531921
-0.342212 0.015219 -0.939500 599.259094 -0.052133 0.998021 0.035157 -39.734077 0.938175 0.061010 -0.340742 385.304169
-0.312012 0.012494 -0.949996 598.643616 -0.052544 0.998156 0.030385 -39.719414 0.948624 0.059396 -0.310781 385.101196
-0.280815 0.009522 -0.959714 598.034973 -0.051082 0.998386 0.024852 -39.711246 0.958401 0.056003 -0.279875 384.937378
-0.245929 0.007590 -0.969258 597.423950 -0.048302 0.998631 0.020076 -39.705284 0.968084 0.051753 -0.245226 384.796570
-0.207593 0.007729 -0.978185 596.810059 -0.042194 0.998968 0.016847 -39.700806 0.977305 0.044771 -0.207053 384.681976
-0.165462 0.007822 -0.986185 596.191650 -0.037574 0.999193 0.014230 -39.697258 0.985500 0.039409 -0.165035 384.584015
-0.121037 0.008774 -0.992609 595.576050 -0.035172 0.999295 0.013120 -39.695244 0.992024 0.036500 -0.120644 384.511719
-0.074203 0.010186 -0.997191 594.957397 -0.034220 0.999333 0.012755 -39.691559 0.996655 0.035070 -0.073805 384.458771
-0.026731 0.012291 -0.999567 594.339905 -0.030774 0.999441 0.013112 -39.687199 0.999168 0.031111 -0.026337 384.430939
0.020750 0.013314 -0.999696 593.726196 -0.028728 0.999507 0.012715 -39.685204 0.999372 0.028455 0.021122 384.424591
0.069567 0.012319 -0.997501 593.117920 -0.029820 0.999503 0.010263 -39.686569 0.997132 0.029031 0.069899 384.436829
0.120073 0.008348 -0.992730 592.517151 -0.034002 0.999412 0.004291 -39.690750 0.992183 0.033239 0.120287 384.467773
0.172190 0.001004 -0.985063 591.924561 -0.033783 0.999417 -0.004887 -39.696049 0.984484 0.034120 0.172124 384.526306
0.225209 -0.005616 -0.974295 591.337952 -0.031886 0.999406 -0.013132 -39.702881 0.973788 0.034024 0.224897 384.612457
0.278003 -0.010071 -0.960528 590.755493 -0.029886 0.999371 -0.019129 -39.712051 0.960115 0.034024 0.277527 384.737671
0.330912 -0.011555 -0.943591 590.175720 -0.031295 0.999240 -0.023212 -39.724602 0.943143 0.037211 0.330299 384.892395
0.382981 -0.010887 -0.923692 589.602234 -0.030468 0.999238 -0.024410 -39.741150 0.923253 0.037491 0.382357 385.080780
0.433745 -0.012151 -0.900954 589.040405 -0.025906 0.999328 -0.025950 -39.760044 0.900663 0.034595 0.433138 385.306641
0.483969 -0.014406 -0.874966 588.490540 -0.021928 0.999351 -0.028584 -39.778255 0.874811 0.033020 0.483340 385.550171
0.533858 -0.015923 -0.845424 587.947937 -0.020829 0.999272 -0.031975 -39.797932 0.845318 0.034679 0.533137 385.832153
0.582164 -0.016693 -0.812900 587.416504 -0.019660 0.999208 -0.034599 -39.820389 0.812833 0.036123 0.581374 386.149414
0.628340 -0.016444 -0.777766 586.896790 -0.017346 0.999232 -0.035139 -39.843704 0.777746 0.035569 0.627572 386.503448
0.672453 -0.014316 -0.740002 586.389038 -0.015113 0.999339 -0.033067 -39.866035 0.739986 0.033420 0.671791 386.893524
0.713846 -0.010142 -0.700229 585.895691 -0.013472 0.999511 -0.028212 -39.886143 0.700173 0.029573 0.713360 387.302765
0.751827 -0.005561 -0.659337 585.415649 -0.012426 0.999667 -0.022602 -39.906326 0.659244 0.025186 0.751507 387.738708
0.785725 -0.003693 -0.618566 584.950867 -0.011091 0.999737 -0.020057 -39.927322 0.618476 0.022620 0.785477 388.198639
0.815176 -0.004549 -0.579196 584.500793 -0.009156 0.999743 -0.020741 -39.947247 0.579141 0.022211 0.814924 388.681641
0.840305 -0.007593 -0.542062 584.064087 -0.005912 0.999714 -0.023170 -39.965027 0.542083 0.022674 0.840019 389.188629
0.861146 -0.011881 -0.508218 583.639709 -0.000534 0.999705 -0.024277 -39.982292 0.508357 0.021177 0.860887 389.720642
0.878158 -0.015128 -0.478131 583.223022 0.004889 0.999732 -0.022653 -40.000183 0.478346 0.017555 0.877996 390.277039
0.891529 -0.017307 -0.452634 582.811096 0.009197 0.999755 -0.020113 -40.018600 0.452871 0.013768 0.891470 390.854401
0.901606 -0.020471 -0.432075 582.403503 0.014004 0.999738 -0.018143 -40.037102 0.432332 0.010308 0.901655 391.451050
0.908714 -0.024433 -0.416705 581.997864 0.018989 0.999671 -0.017208 -40.054459 0.416988 0.007725 0.908879 392.065308
0.912563 -0.027686 -0.407997 581.616394 0.021792 0.999580 -0.019090 -40.058231 0.408354 0.008531 0.912784 392.881989
0.914493 -0.030211 -0.403471 581.235413 0.024065 0.999504 -0.020295 -40.073406 0.403885 0.008850 0.914767 393.746277
0.915166 -0.033097 -0.401717 580.847595 0.026833 0.999415 -0.021211 -40.085739 0.402184 0.008632 0.915518 394.635559
0.915413 -0.034104 -0.401071 580.447754 0.027710 0.999380 -0.021738 -40.103371 0.401564 0.008785 0.915789 395.531403
0.915143 -0.034435 -0.401657 580.037292 0.028221 0.999373 -0.021380 -40.124466 0.402141 0.008231 0.915540 396.436127
0.914640 -0.033741 -0.402858 579.620483 0.028116 0.999407 -0.019873 -40.144253 0.403290 0.006850 0.915047 397.356842
0.914290 -0.032941 -0.403720 579.198303 0.028798 0.999452 -0.016333 -40.163017 0.404037 0.003306 0.914737 398.301239
0.913945 -0.032765 -0.404513 578.769653 0.029771 0.999463 -0.013692 -40.182041 0.404745 0.000471 0.914430 399.256378
0.913392 -0.033770 -0.405679 578.330750 0.030614 0.999430 -0.014269 -40.199745 0.405930 0.000614 0.913904 400.224731
0.912904 -0.035529 -0.406624 577.888672 0.031764 0.999367 -0.016007 -40.218189 0.406936 0.001698 0.913455 401.204010
0.912305 -0.036237 -0.407905 577.437744 0.032625 0.999342 -0.015810 -40.236885 0.408211 0.001115 0.912887 402.198517
0.911602 -0.037526 -0.409359 576.981140 0.034583 0.999296 -0.014593 -40.256996 0.409618 -0.000854 0.912257 403.205536
0.910860 -0.036983 -0.411055 576.514832 0.034163 0.999315 -0.014209 -40.277748 0.411299 -0.001102 0.911500 404.223755
0.910094 -0.034718 -0.412945 576.032898 0.033621 0.999385 -0.009923 -40.293526 0.413036 -0.004853 0.910702 405.294495
0.909651 -0.032687 -0.414086 575.537842 0.032540 0.999443 -0.007410 -40.317093 0.414098 -0.006734 0.910207 406.378265
0.909049 -0.031556 -0.415493 575.038330 0.031067 0.999486 -0.007939 -40.339615 0.415530 -0.005692 0.909562 407.466248
0.908645 -0.031543 -0.416376 574.537476 0.029188 0.999502 -0.012025 -40.366325 0.416548 -0.001226 0.909113 408.557190
0.908222 -0.032336 -0.417238 574.035217 0.028720 0.999476 -0.014941 -40.395332 0.417503 0.001586 0.908674 409.655151
0.907622 -0.032603 -0.418522 573.530640 0.029570 0.999468 -0.013732 -40.423286 0.418748 0.000088 0.908102 410.760620
0.907470 -0.031300 -0.418949 573.007874 0.029927 0.999504 -0.009851 -40.438187 0.419049 -0.003599 0.907957 411.858093
0.906874 -0.030862 -0.420271 572.469543 0.031865 0.999481 -0.004638 -40.441681 0.420196 -0.009187 0.907387 412.956635
0.906227 -0.030166 -0.421714 571.941101 0.032731 0.999464 -0.001158 -40.451134 0.421523 -0.012755 0.906728 414.091888
0.905631 -0.028429 -0.423114 571.411133 0.030594 0.999531 -0.001676 -40.464272 0.422963 -0.011427 0.906075 415.244781
0.905186 -0.029359 -0.423999 570.878845 0.025894 0.999568 -0.013934 -40.482567 0.424225 0.001633 0.905555 416.390198
0.905029 -0.030423 -0.424260 570.341675 0.020590 0.999403 -0.027746 -40.507824 0.424851 0.016376 0.905115 417.537476
0.904918 -0.025588 -0.424817 569.796570 0.015043 0.999491 -0.028157 -40.538918 0.425321 0.019089 0.904841 418.698090
0.904340 -0.020138 -0.426337 569.250366 0.014128 0.999751 -0.017254 -40.587715 0.426578 0.009580 0.904400 419.857605
0.903623 -0.016309 -0.428020 568.694153 0.014077 0.999866 -0.008380 -40.640701 0.428099 0.001548 0.903731 421.028351
0.902985 -0.016359 -0.429362 568.148499 0.015277 0.999866 -0.005969 -40.691097 0.429401 -0.001169 0.903113 422.183075
0.902486 -0.016502 -0.430404 567.600342 0.014440 0.999863 -0.008056 -40.739861 0.430478 0.001055 0.902600 423.333771
0.902028 -0.016186 -0.431373 567.049988 0.012453 0.999857 -0.011478 -40.790077 0.431497 0.004982 0.902100 424.483826
0.901559 -0.014261 -0.432423 566.494873 0.009307 0.999865 -0.013572 -40.842422 0.432558 0.008211 0.901569 425.638214
0.901080 -0.012569 -0.433469 565.938904 0.007517 0.999882 -0.013366 -40.895111 0.433587 0.008786 0.901069 426.796234
0.900596 -0.010294 -0.434536 565.380371 0.005867 0.999917 -0.011529 -40.946877 0.434619 0.007833 0.900581 427.958344
0.900155 -0.007987 -0.435497 564.815125 0.004445 0.999948 -0.009150 -40.976116 0.435548 0.006301 0.900144 429.123871
0.899643 -0.006648 -0.436578 564.246948 0.003737 0.999965 -0.007526 -40.995293 0.436612 0.005139 0.899634 430.290100
0.899346 -0.007846 -0.437168 563.670044 0.004679 0.999954 -0.008323 -41.018776 0.437214 0.005439 0.899341 431.459839
0.898775 -0.008773 -0.438323 563.086304 0.004928 0.999939 -0.009910 -41.045334 0.438383 0.006746 0.898763 432.631348
0.898238 -0.010304 -0.439389 562.501160 0.005654 0.999913 -0.011890 -41.074127 0.439474 0.008195 0.898218 433.804840
0.897717 -0.011375 -0.440426 561.912903 0.005858 0.999886 -0.013883 -41.104599 0.440534 0.009883 0.897681 434.982391
0.897408 -0.011014 -0.441064 561.321411 0.005165 0.999882 -0.014462 -41.136505 0.441171 0.010700 0.897359 436.163055
0.897320 -0.009589 -0.441275 560.726929 0.004083 0.999902 -0.013426 -41.169518 0.441360 0.010246 0.897271 437.346863
0.897577 -0.007671 -0.440791 560.141235 0.002590 0.999923 -0.012127 -41.195389 0.440850 0.009743 0.897527 438.525879
0.897945 -0.005730 -0.440070 559.559692 0.000701 0.999933 -0.011591 -41.217926 0.440106 0.010099 0.897889 439.700897
0.898841 -0.004820 -0.438248 558.973572 -0.000883 0.999918 -0.012808 -41.245377 0.438273 0.011900 0.898763 440.878052
0.899658 -0.004819 -0.436569 558.394226 -0.000627 0.999924 -0.012331 -41.274704 0.436596 0.011367 0.899586 442.064941
0.900403 -0.004547 -0.435034 557.819946 -0.000381 0.999937 -0.011241 -41.304916 0.435058 0.010287 0.900343 443.256897
0.901092 -0.005814 -0.433589 557.248840 0.001230 0.999940 -0.010852 -41.334282 0.433626 0.009245 0.901046 444.453247
0.901627 -0.007746 -0.432444 556.681519 0.003429 0.999937 -0.010761 -41.363243 0.432500 0.008218 0.901597 445.650513
0.901950 -0.009255 -0.431742 556.109924 0.005343 0.999933 -0.010274 -41.392250 0.431808 0.006959 0.901939 446.852905
0.902214 -0.010665 -0.431158 555.542480 0.007212 0.999927 -0.009645 -41.420975 0.431230 0.005592 0.902225 448.053131
0.902490 -0.010412 -0.430585 554.972290 0.007214 0.999933 -0.009062 -41.448963 0.430652 0.005071 0.902504 449.255280
0.902692 -0.009781 -0.430178 554.397827 0.006504 0.999937 -0.009089 -41.477745 0.430240 0.005406 0.902698 450.461151
0.902838 -0.011286 -0.429834 553.829285 0.006287 0.999895 -0.013051 -41.508186 0.429936 0.009080 0.902814 451.660675
0.902863 -0.014511 -0.429684 553.261230 0.007579 0.999812 -0.017842 -41.542206 0.429862 0.012852 0.902803 452.863159
0.902567 -0.016588 -0.430230 552.691833 0.010404 0.999806 -0.016723 -41.575481 0.430423 0.010617 0.902564 454.072174
0.901845 -0.019064 -0.431640 552.122192 0.014031 0.999791 -0.014841 -41.605473 0.431832 0.007328 0.901924 455.280914
0.900856 -0.023740 -0.433469 551.552856 0.018514 0.999696 -0.016274 -41.637321 0.433725 0.006635 0.901021 456.487823
0.899824 -0.027462 -0.435388 550.978149 0.021615 0.999598 -0.018379 -41.670887 0.435717 0.007127 0.900055 457.699585
0.899018 -0.028753 -0.436967 550.400574 0.022755 0.999562 -0.018955 -41.706615 0.437320 0.007097 0.899278 458.906799
0.898617 -0.027797 -0.437853 549.820251 0.022303 0.999595 -0.017688 -41.741901 0.438168 0.006129 0.898872 460.115082
0.898726 -0.025913 -0.437744 549.239258 0.020736 0.999647 -0.016606 -41.776684 0.438020 0.005847 0.898946 461.323120
0.899446 -0.026934 -0.436201 548.650024 0.020433 0.999599 -0.019588 -41.802795 0.436554 0.008705 0.899636 462.529083
0.900343 -0.025269 -0.434447 548.059082 0.019417 0.999651 -0.017906 -41.844639 0.434747 0.007686 0.900520 463.746552
0.902328 -0.023918 -0.430387 547.451843 0.020148 0.999708 -0.013317 -41.881924 0.430580 0.003345 0.902546 464.986725
0.903047 -0.020590 -0.429048 546.840210 0.018062 0.999788 -0.009962 -41.918503 0.429162 0.001246 0.903227 466.224640
0.903837 -0.019387 -0.427438 546.231995 0.015395 0.999800 -0.012799 -41.956825 0.427600 0.004987 0.903954 467.457001
0.904488 -0.018520 -0.426095 545.621643 0.012532 0.999780 -0.016852 -41.996380 0.426313 0.009902 0.904521 468.694733
0.904790 -0.018554 -0.425452 545.012207 0.012707 0.999782 -0.016578 -42.037865 0.425667 0.009594 0.904829 469.939941
0.904633 -0.017353 -0.425839 544.397949 0.013664 0.999838 -0.011719 -42.078896 0.425974 0.004783 0.904722 471.188080
0.904421 -0.017303 -0.426291 543.784973 0.015905 0.999850 -0.006841 -42.114830 0.426345 -0.000594 0.904560 472.441467
0.904200 -0.018403 -0.426712 543.173462 0.017453 0.999829 -0.006140 -42.148388 0.426753 -0.001896 0.904366 473.690796
0.904360 -0.019720 -0.426314 542.577209 0.016630 0.999802 -0.010970 -42.163994 0.426445 0.002832 0.904509 474.908234
0.904130 -0.020605 -0.426763 541.982971 0.016053 0.999769 -0.014262 -42.169617 0.426958 0.006044 0.904251 476.120605
0.903937 -0.019592 -0.427218 541.386841 0.014865 0.999786 -0.014398 -42.178162 0.427408 0.006664 0.904034 477.336273
0.903656 -0.019214 -0.427827 540.807068 0.015795 0.999809 -0.011542 -42.205723 0.427968 0.003672 0.903786 478.569672
0.903351 -0.019418 -0.428463 540.233398 0.017112 0.999812 -0.009233 -42.242500 0.428562 0.001008 0.903512 479.813751
0.903032 -0.021695 -0.429024 539.663818 0.020096 0.999764 -0.008257 -42.275993 0.429103 -0.001165 0.903255 481.055725
0.902570 -0.025183 -0.429805 539.091064 0.023386 0.999682 -0.009463 -42.310448 0.429907 -0.001510 0.902872 482.300629
0.902094 -0.028412 -0.430603 538.519104 0.026378 0.999595 -0.010693 -42.345726 0.430733 -0.001712 0.902478 483.544617
0.901494 -0.030569 -0.431712 537.945312 0.028656 0.999530 -0.010938 -42.381371 0.431843 -0.002511 0.901946 484.788025
0.900835 -0.032148 -0.432970 537.369934 0.030765 0.999475 -0.010200 -42.416561 0.433071 -0.004132 0.901351 486.032593
0.900119 -0.034215 -0.434299 536.790161 0.033378 0.999397 -0.009557 -42.451210 0.434364 -0.005894 0.900718 487.282227
0.899343 -0.037144 -0.435665 536.212341 0.035881 0.999294 -0.011131 -42.486504 0.435771 -0.005622 0.900041 488.526062
0.898608 -0.039593 -0.436962 535.628540 0.037242 0.999209 -0.013952 -42.523502 0.437169 -0.003736 0.899372 489.773315
0.898082 -0.040667 -0.437945 535.041992 0.037295 0.999172 -0.016303 -42.562645 0.438245 -0.001692 0.898854 491.019287
0.897748 -0.040333 -0.438660 534.450928 0.036499 0.999186 -0.017173 -42.602509 0.438995 -0.000594 0.898489 492.268219
0.897463 -0.038574 -0.439400 533.857361 0.035290 0.999255 -0.015645 -42.642647 0.439676 -0.001466 0.898155 493.517975
0.897214 -0.036857 -0.440056 533.262146 0.033892 0.999319 -0.014595 -42.681557 0.440295 -0.001820 0.897852 494.768127
0.897022 -0.035527 -0.440557 532.668701 0.033405 0.999363 -0.012576 -42.718796 0.440724 -0.003436 0.897637 496.019226
0.896834 -0.034514 -0.441019 532.071045 0.034173 0.999378 -0.008718 -42.753197 0.441045 -0.007253 0.897456 497.275635
0.896540 -0.034824 -0.441593 531.474182 0.035269 0.999352 -0.007204 -42.786392 0.441558 -0.009116 0.897186 498.529755
0.896251 -0.038178 -0.441902 530.863342 0.035896 0.999264 -0.013529 -42.809986 0.442093 -0.003737 0.896961 499.772461
0.895938 -0.040618 -0.442318 530.240356 0.035686 0.999174 -0.019472 -42.827007 0.442744 0.001661 0.896646 501.012238
0.895846 -0.040435 -0.442521 529.612976 0.035754 0.999182 -0.018921 -42.845551 0.442923 0.001128 0.896559 502.258484
0.895821 -0.037256 -0.442851 528.981934 0.035125 0.999298 -0.013015 -42.863876 0.443025 -0.003896 0.896501 503.510101
0.895545 -0.038490 -0.443304 528.355103 0.036157 0.999252 -0.013720 -42.880600 0.443501 -0.003741 0.896266 504.756195
0.895806 -0.041297 -0.442522 527.725220 0.034945 0.999136 -0.022499 -42.913399 0.443069 0.004690 0.896475 505.984924
0.895723 -0.042502 -0.442577 527.087524 0.032936 0.999029 -0.029284 -42.955807 0.443392 0.011653 0.896252 507.209076
0.895925 -0.038128 -0.442567 526.443237 0.029107 0.999207 -0.027160 -43.001183 0.443252 0.011452 0.896324 508.440308
0.896035 -0.031875 -0.442838 525.790771 0.025650 0.999470 -0.020040 -43.044685 0.443242 0.006597 0.896377 509.685669
0.895835 -0.030004 -0.443373 525.139954 0.025695 0.999547 -0.015726 -43.082062 0.443643 0.002695 0.896199 510.933746
0.895513 -0.033133 -0.443799 524.500244 0.029209 0.999450 -0.015677 -43.125267 0.444075 0.001076 0.895989 512.186096
0.895045 -0.038300 -0.444329 523.868164 0.033862 0.999265 -0.017924 -43.169067 0.444690 0.000996 0.895684 513.430237
0.894575 -0.042405 -0.444901 523.235046 0.037234 0.999099 -0.020362 -43.215069 0.445364 0.001651 0.895348 514.673157
0.894297 -0.043310 -0.445372 522.596252 0.037654 0.999059 -0.021544 -43.263603 0.445886 0.002495 0.895087 515.917542
0.894344 -0.040342 -0.445559 521.950928 0.034114 0.999176 -0.021994 -43.313488 0.446079 0.004471 0.894982 517.160339
0.894649 -0.035462 -0.445359 521.302246 0.028537 0.999345 -0.022250 -43.363873 0.445856 0.007195 0.895076 518.400085
0.895230 -0.032180 -0.444442 520.663452 0.025282 0.999451 -0.021441 -43.402107 0.444887 0.007958 0.895551 519.651245
0.895386 -0.029800 -0.444293 520.029236 0.023885 0.999536 -0.018907 -43.433338 0.444650 0.006317 0.895682 520.909424
0.895016 -0.032040 -0.444882 519.410889 0.027328 0.999482 -0.017004 -43.473110 0.445197 0.003061 0.895427 522.188843
0.894908 -0.035352 -0.444848 518.789856 0.030364 0.999371 -0.018338 -43.514412 0.445217 0.002903 0.895418 523.456604
0.894739 -0.038657 -0.444914 518.162231 0.033034 0.999246 -0.020389 -43.552715 0.445367 0.003546 0.895342 524.713745
0.894733 -0.039073 -0.444889 517.532410 0.034022 0.999234 -0.019337 -43.594208 0.445304 0.002165 0.895377 525.989258
0.895019 -0.038994 -0.444321 516.898499 0.033429 0.999233 -0.020356 -43.638710 0.444774 0.003366 0.895637 527.255981
0.894944 -0.039726 -0.444408 516.261108 0.032813 0.999192 -0.023241 -43.682079 0.444972 0.006216 0.895523 528.511353
0.895128 -0.039633 -0.444045 515.624634 0.032345 0.999189 -0.023981 -43.726456 0.444636 0.007103 0.895683 529.786743
0.895200 -0.038819 -0.443970 514.986572 0.032244 0.999230 -0.022354 -43.772610 0.444497 0.005696 0.895762 531.073425
0.894978 -0.039042 -0.444398 514.350098 0.034351 0.999237 -0.018608 -43.818703 0.444786 0.001387 0.895636 532.363159
0.894560 -0.041361 -0.445031 513.714844 0.037353 0.999144 -0.017775 -43.862778 0.445385 -0.000723 0.895339 533.653320
0.894766 -0.041729 -0.444580 513.068604 0.035673 0.999122 -0.021985 -43.908409 0.445107 0.003813 0.895469 534.923767
0.895019 -0.040320 -0.444203 512.417297 0.032188 0.999148 -0.025837 -43.953468 0.444866 0.008826 0.895553 536.186340
0.895466 -0.036250 -0.443653 511.763275 0.028390 0.999300 -0.024349 -43.997654 0.444226 0.009208 0.895868 537.449158
0.895457 -0.033614 -0.443877 511.121735 0.028878 0.999432 -0.017429 -44.040939 0.444211 0.002789 0.895918 538.724182
0.895175 -0.034716 -0.444363 510.488831 0.033473 0.999383 -0.010645 -44.081078 0.444458 -0.005345 0.895784 540.012207
0.893760 -0.039459 -0.446808 509.880371 0.038862 0.999190 -0.010506 -44.107632 0.446860 -0.007975 0.894569 541.308472
0.893400 -0.044078 -0.447095 509.251129 0.041864 0.999013 -0.014839 -44.135109 0.447308 -0.005460 0.894363 542.584900
0.892794 -0.046637 -0.448043 508.599121 0.042147 0.998912 -0.019992 -44.166351 0.448488 -0.001036 0.893788 543.849121
0.892767 -0.045598 -0.448206 507.939667 0.038493 0.998948 -0.024955 -44.204407 0.448871 0.005026 0.893582 545.109375
0.892983 -0.041687 -0.448155 507.274445 0.033524 0.999096 -0.026136 -44.246185 0.448839 0.008314 0.893574 546.373718
0.893069 -0.037866 -0.448323 506.608368 0.031159 0.999265 -0.022329 -44.288055 0.448839 0.005972 0.893592 547.643982
0.893050 -0.033755 -0.448689 505.942566 0.028168 0.999421 -0.019123 -44.325241 0.449074 0.004439 0.893483 548.914185
0.892997 -0.032595 -0.448880 505.279449 0.026366 0.999450 -0.020124 -44.360668 0.449289 0.006136 0.893366 550.179932
0.893247 -0.030540 -0.448529 504.616394 0.022245 0.999470 -0.023752 -44.398170 0.449017 0.011239 0.893452 551.438110
0.893640 -0.027264 -0.447956 503.952362 0.017942 0.999526 -0.025043 -44.438622 0.448426 0.014341 0.893704 552.695007
0.893711 -0.024669 -0.447966 503.291809 0.016415 0.999617 -0.022300 -44.479351 0.448344 0.012576 0.893773 553.950562
0.893587 -0.025773 -0.448150 502.657867 0.018138 0.999608 -0.021322 -44.519039 0.448524 0.010924 0.893704 555.206604
0.893254 -0.027729 -0.448698 502.035309 0.020517 0.999571 -0.020928 -44.555939 0.449086 0.009488 0.893438 556.459351
0.893052 -0.028258 -0.449065 501.412354 0.021286 0.999562 -0.020567 -44.592522 0.449450 0.008808 0.893262 557.704712
0.893059 -0.025869 -0.449195 500.788177 0.019627 0.999636 -0.018548 -44.627739 0.449511 0.007748 0.893241 558.940918
0.893772 -0.021689 -0.447999 500.156403 0.017236 0.999753 -0.014015 -44.664585 0.448192 0.004804 0.893924 560.152832
0.893929 -0.018413 -0.447830 499.521423 0.015171 0.999827 -0.010827 -44.700737 0.447951 0.002884 0.894053 561.346680
0.893919 -0.018970 -0.447828 498.891998 0.013989 0.999798 -0.014428 -44.737560 0.448011 0.006633 0.894003 562.529236
0.893653 -0.023787 -0.448129 498.267517 0.014864 0.999615 -0.023420 -44.777061 0.448514 0.014268 0.893662 563.704163
0.893428 -0.026768 -0.448407 497.643890 0.015307 0.999458 -0.029166 -44.820747 0.448945 0.019194 0.893353 564.873291
0.893321 -0.026569 -0.448634 497.015930 0.015162 0.999465 -0.029001 -44.866901 0.449165 0.019105 0.893244 566.045654
0.893067 -0.025924 -0.449175 496.395416 0.015721 0.999527 -0.026431 -44.909035 0.449648 0.016543 0.893052 567.241821
0.892755 -0.023107 -0.449951 495.796082 0.015018 0.999655 -0.021541 -44.950340 0.450293 0.012473 0.892794 568.438843
0.892654 -0.019262 -0.450332 495.189789 0.013799 0.999786 -0.015412 -44.986717 0.450533 0.007543 0.892728 569.635437
0.892714 -0.014610 -0.450387 494.592224 0.012630 0.999893 -0.007403 -45.019203 0.450447 0.000920 0.892803 570.829407
0.893425 -0.010769 -0.449085 493.977356 0.009253 0.999942 -0.005570 -45.052540 0.449119 0.000821 0.893472 571.997986
0.893791 -0.011509 -0.448335 493.369263 0.007529 0.999915 -0.010661 -45.082664 0.448420 0.006153 0.893802 573.159851
0.894086 -0.013020 -0.447708 492.765533 0.004141 0.999776 -0.020806 -45.105858 0.447877 0.016747 0.893938 574.330261
0.894097 -0.013697 -0.447664 492.155823 0.001074 0.999596 -0.028440 -45.126606 0.447873 0.024947 0.893749 575.508118
0.894021 -0.010665 -0.447898 491.541382 -0.002004 0.999611 -0.027802 -45.150692 0.448021 0.025754 0.893652 576.689453
0.893867 -0.005822 -0.448296 490.923401 -0.003928 0.999776 -0.020819 -45.172806 0.448317 0.020370 0.893642 577.872192
0.893487 -0.002372 -0.449083 490.288300 -0.004703 0.999882 -0.014639 -45.187244 0.449065 0.015192 0.893370 579.049988
0.893129 0.000587 -0.449801 489.654083 -0.007609 0.999876 -0.013804 -45.201031 0.449737 0.015751 0.893022 580.220703
0.892802 0.000612 -0.450451 489.022034 -0.009207 0.999815 -0.016892 -45.216789 0.450357 0.019229 0.892641 581.383911
0.892533 0.001088 -0.450981 488.387512 -0.010476 0.999778 -0.018322 -45.234615 0.450861 0.021077 0.892345 582.546814
0.892196 0.001354 -0.451646 487.753510 -0.009784 0.999819 -0.016330 -45.253345 0.451542 0.018989 0.892048 583.708740
0.891668 -0.001123 -0.452690 487.132935 -0.005601 0.999893 -0.013512 -45.268936 0.452656 0.014584 0.891566 584.871704
0.890925 -0.004802 -0.454126 486.502228 -0.000336 0.999937 -0.011233 -45.283257 0.454151 0.010160 0.890866 586.028442
0.890151 -0.009753 -0.455562 485.904419 0.005392 0.999927 -0.010873 -45.310932 0.455635 0.007222 0.890137 587.183899
0.889555 -0.011613 -0.456681 485.299316 0.007440 0.999912 -0.010936 -45.337723 0.456768 0.006330 0.889564 588.328247
0.889023 -0.013074 -0.457676 484.702637 0.009409 0.999903 -0.010287 -45.364754 0.457766 0.004839 0.889060 589.470886
0.889048 -0.012916 -0.457632 484.097809 0.010280 0.999914 -0.008250 -45.412094 0.457699 0.002631 0.889103 590.602356
0.888535 -0.014915 -0.458566 483.507294 0.011886 0.999885 -0.009492 -45.450214 0.458655 0.002984 0.888610 591.735596
0.887885 -0.018086 -0.459711 482.921600 0.013664 0.999823 -0.012944 -45.475063 0.459864 0.005212 0.887974 592.873596
0.887316 -0.020059 -0.460726 482.328857 0.013597 0.999758 -0.017342 -45.498920 0.460962 0.009123 0.887373 594.012817
0.886775 -0.018498 -0.461832 481.727661 0.009581 0.999720 -0.021644 -45.525059 0.462104 0.014768 0.886703 595.145447
0.886350 -0.014965 -0.462773 481.118896 0.005838 0.999759 -0.021148 -45.551914 0.462978 0.016043 0.886225 596.281189
0.886234 -0.009853 -0.463133 480.512054 0.002516 0.999862 -0.016459 -45.578789 0.463231 0.013420 0.886136 597.419312
0.886006 -0.008481 -0.463597 479.901764 0.001918 0.999891 -0.014626 -45.603096 0.463671 0.012070 0.885925 598.556458
0.885300 -0.012312 -0.464858 479.294525 0.005101 0.999847 -0.016765 -45.626091 0.464993 0.012470 0.885227 599.690186
0.884904 -0.016543 -0.465479 478.690582 0.009563 0.999804 -0.017354 -45.657768 0.465675 0.010906 0.884888 600.850647
0.884493 -0.018281 -0.466196 478.081177 0.012004 0.999793 -0.016430 -45.694489 0.466400 0.008937 0.884529 602.019775
0.884717 -0.017681 -0.465795 477.446747 0.011450 0.999803 -0.016204 -45.726353 0.465990 0.009003 0.884744 603.195740
0.884460 -0.017347 -0.466294 476.800507 0.011243 0.999811 -0.015871 -45.752640 0.466481 0.008794 0.884487 604.373169
0.884213 -0.015256 -0.466835 476.146301 0.010547 0.999864 -0.012701 -45.775642 0.466965 0.006306 0.884253 605.554077
0.883957 -0.013662 -0.467370 475.491455 0.012080 0.999907 -0.006381 -45.794090 0.467414 -0.000006 0.884038 606.737793
0.884848 -0.017853 -0.465538 474.867218 0.018221 0.999827 -0.003710 -45.814579 0.465524 -0.005200 0.885019 607.891724
0.883967 -0.025946 -0.466829 474.268005 0.027832 0.999609 -0.002855 -45.847420 0.466720 -0.010468 0.884343 609.093079
0.883289 -0.033127 -0.467658 473.668640 0.035507 0.999363 -0.003728 -45.880928 0.467483 -0.013313 0.883901 610.291870
0.882277 -0.036317 -0.469328 473.064819 0.038635 0.999243 -0.004695 -45.907726 0.469143 -0.013991 0.883011 611.499573
0.881249 -0.038259 -0.471102 472.461761 0.038271 0.999221 -0.009560 -45.920250 0.471101 -0.009605 0.882027 612.715149
0.882341 -0.038822 -0.469008 471.816162 0.037452 0.999223 -0.012253 -45.948097 0.469120 -0.006754 0.883109 613.902161
0.882767 -0.038237 -0.468254 471.167725 0.036041 0.999258 -0.013652 -45.978279 0.468428 -0.004825 0.883489 615.088379
0.882650 -0.040992 -0.468240 470.548828 0.041364 0.999099 -0.009492 -46.008381 0.468207 -0.010990 0.883550 616.297241
0.882255 -0.040314 -0.469042 469.931030 0.045471 0.998966 -0.000335 -46.030533 0.468571 -0.021032 0.883176 617.527710
0.882820 -0.039361 -0.468058 469.285889 0.047951 0.998829 0.006448 -46.048569 0.467256 -0.028136 0.883674 618.753235
0.883070 -0.039448 -0.467581 468.639557 0.050210 0.998683 0.010571 -46.062729 0.466548 -0.032812 0.883887 619.978210
0.883428 -0.040345 -0.466827 467.993317 0.051029 0.998644 0.010262 -46.078606 0.465780 -0.032888 0.884289 621.199646
0.883742 -0.040616 -0.466209 467.347107 0.049420 0.998756 0.006667 -46.096027 0.465358 -0.028933 0.884649 622.418030
0.884345 -0.037988 -0.465287 466.694366 0.044044 0.999028 0.002146 -46.117722 0.464752 -0.022391 0.885157 623.632812
0.885287 -0.034993 -0.463728 466.043884 0.038515 0.999256 -0.001877 -46.141037 0.463448 -0.016198 0.885976 624.848816
0.886124 -0.030416 -0.462448 465.388214 0.033576 0.999435 -0.001399 -46.167835 0.462229 -0.014288 0.886645 626.064331
0.886812 -0.025703 -0.461415 464.732574 0.029310 0.999570 0.000649 -46.194611 0.461201 -0.014100 0.887184 627.281921
0.887099 -0.023391 -0.460987 464.080383 0.027606 0.999616 0.002402 -46.216320 0.460753 -0.014857 0.887404 628.497742
0.887096 -0.023547 -0.460984 463.445923 0.030121 0.999522 0.006905 -46.214783 0.460601 -0.020010 0.887382 629.714050
0.886877 -0.023974 -0.461383 462.818878 0.031689 0.999458 0.008979 -46.218651 0.460918 -0.022584 0.887155 630.928284
0.886252 -0.027530 -0.462384 462.173187 0.032060 0.999484 0.001940 -46.209972 0.462093 -0.016543 0.886678 632.103760
0.886006 -0.029697 -0.462723 461.518524 0.029865 0.999530 -0.006967 -46.205254 0.462712 -0.007646 0.886475 633.270386
0.886076 -0.025995 -0.462811 460.855438 0.025801 0.999644 -0.006749 -46.204697 0.462821 -0.005961 0.886431 634.439880
0.886133 -0.017712 -0.463094 460.187073 0.020852 0.999781 0.001660 -46.201950 0.462963 -0.011127 0.886307 635.609802
0.885905 -0.012890 -0.463687 459.522797 0.020062 0.999744 0.010538 -46.192459 0.463432 -0.018638 0.885936 636.778381
0.885429 -0.013665 -0.464575 458.872131 0.022221 0.999669 0.012945 -46.181595 0.464244 -0.021785 0.885439 637.942383
0.884856 -0.016934 -0.465556 458.217377 0.023326 0.999697 0.007972 -46.171272 0.465280 -0.017914 0.884982 639.090637
0.884489 -0.017628 -0.466228 457.557922 0.021581 0.999762 0.003140 -46.165230 0.466062 -0.012840 0.884659 640.236816
0.884391 -0.014467 -0.466522 456.892822 0.018825 0.999812 0.004681 -46.160660 0.466367 -0.012923 0.884496 641.384827
0.884085 -0.010694 -0.467205 456.237762 0.016802 0.999819 0.008910 -46.160950 0.467024 -0.015728 0.884105 642.566162
0.883723 -0.009073 -0.467923 455.599487 0.016467 0.999796 0.011711 -46.158272 0.467721 -0.018055 0.883692 643.747375
0.883165 -0.009721 -0.468963 454.973785 0.017001 0.999792 0.011292 -46.157207 0.468756 -0.017946 0.883146 644.941284
0.882509 -0.013475 -0.470103 454.350098 0.018202 0.999819 0.005513 -46.145020 0.469943 -0.013422 0.882594 646.146423
0.882046 -0.018088 -0.470817 453.726929 0.020918 0.999781 0.000777 -46.127060 0.470700 -0.010534 0.882230 647.353333
0.881508 -0.020207 -0.471736 453.099182 0.023099 0.999733 0.000339 -46.111420 0.471603 -0.011196 0.881740 648.562561
0.880988 -0.022151 -0.472619 452.470184 0.026032 0.999659 0.001672 -46.096489 0.472421 -0.013777 0.881266 649.769714
0.880564 -0.024896 -0.473275 451.838928 0.028901 0.999581 0.001192 -46.081192 0.473047 -0.014727 0.880914 650.970764
0.880298 -0.024460 -0.473791 451.202545 0.026769 0.999640 -0.001871 -46.067574 0.473666 -0.011036 0.880636 652.161499
0.880119 -0.022117 -0.474238 450.563751 0.022645 0.999733 -0.004600 -46.056557 0.474213 -0.006691 0.880384 653.344299
0.880273 -0.018663 -0.474101 449.922211 0.019272 0.999808 -0.003574 -46.047337 0.474076 -0.005990 0.880463 654.526306
0.880506 -0.012926 -0.473859 449.277252 0.014380 0.999897 -0.000556 -46.038311 0.473817 -0.006324 0.880600 655.704895
0.880430 -0.012723 -0.474005 448.637848 0.014638 0.999893 0.000349 -46.026489 0.473950 -0.007245 0.880522 656.881470
0.880089 -0.014998 -0.474573 448.001923 0.017251 0.999852 0.000393 -46.013107 0.474496 -0.008534 0.880216 658.055176
0.879832 -0.017086 -0.474978 447.350800 0.019977 0.999801 0.001041 -46.001595 0.474866 -0.010404 0.879996 659.213806
0.879888 -0.014141 -0.474971 446.707001 0.017839 0.999835 0.003279 -45.986950 0.474846 -0.011357 0.879995 660.378052
0.880186 -0.011362 -0.474493 446.049225 0.016868 0.999831 0.007349 -45.971897 0.474330 -0.014472 0.880228 661.528748
0.880310 -0.010230 -0.474289 445.405396 0.015470 0.999855 0.007148 -45.953888 0.474147 -0.013630 0.880340 662.682861
0.880283 -0.011320 -0.474313 444.751282 0.015425 0.999870 0.004763 -45.937168 0.474197 -0.011510 0.880343 663.821411
0.880707 -0.011572 -0.473519 444.116302 0.016198 0.999852 0.005691 -45.937851 0.473384 -0.012683 0.880765 664.984436
0.880981 -0.010222 -0.473041 443.480408 0.015839 0.999844 0.007892 -45.948334 0.472887 -0.014446 0.881005 666.150635
0.881562 -0.008220 -0.471997 442.846619 0.015390 0.999818 0.011330 -45.948936 0.471818 -0.017253 0.881527 667.325256
0.882030 -0.005859 -0.471159 442.213501 0.015126 0.999760 0.015883 -45.944267 0.470952 -0.021138 0.881905 668.504395
0.882663 -0.007742 -0.469942 441.579681 0.018240 0.999676 0.017790 -45.936131 0.469652 -0.024274 0.882518 669.686035
0.883101 -0.007917 -0.469116 440.953430 0.017927 0.999697 0.016877 -45.919144 0.468840 -0.023314 0.882975 670.883850
0.883659 -0.008223 -0.468059 440.326050 0.018266 0.999690 0.016921 -45.899994 0.467775 -0.023502 0.883535 672.085510
0.884158 -0.007658 -0.467127 439.696777 0.017654 0.999699 0.017025 -45.879807 0.466856 -0.023299 0.884026 673.286438
0.885539 -0.004304 -0.464546 439.040497 0.013499 0.999773 0.016469 -45.866554 0.464370 -0.020855 0.885396 674.476929
0.885977 -0.001528 -0.463728 438.380615 0.010211 0.999816 0.016213 -45.853107 0.463618 -0.019099 0.885829 675.668274
0.886334 0.000635 -0.463047 437.714050 0.008217 0.999820 0.017097 -45.837326 0.462975 -0.018959 0.886169 676.859436
0.886671 0.001495 -0.462399 437.048401 0.007316 0.999825 0.017259 -45.821663 0.462344 -0.018686 0.886503 678.054382
0.886869 0.000070 -0.462021 436.383087 0.008036 0.999847 0.015574 -45.805733 0.461951 -0.017525 0.886733 679.251038
0.886913 -0.001386 -0.461936 435.716370 0.009757 0.999828 0.015732 -45.788761 0.461835 -0.018460 0.886774 680.451355
0.886970 -0.002380 -0.461823 435.067413 0.011883 0.999773 0.017667 -45.774345 0.461676 -0.021157 0.886796 681.699463
0.886843 -0.003015 -0.462061 434.420197 0.013035 0.999745 0.018496 -45.756908 0.461887 -0.022426 0.886655 682.958008
0.886612 -0.004077 -0.462496 433.768372 0.013718 0.999754 0.017484 -45.737061 0.462311 -0.021846 0.886449 684.216797
0.886334 -0.004089 -0.463028 433.111908 0.013433 0.999767 0.016885 -45.717457 0.462852 -0.021186 0.886183 685.475464
0.886134 -0.002143 -0.463425 432.449158 0.010984 0.999806 0.016379 -45.699165 0.463299 -0.019605 0.885984 686.733215
0.886053 -0.000098 -0.463585 431.782135 0.008358 0.999841 0.015763 -45.681076 0.463510 -0.017841 0.885912 687.991455
0.886000 0.003430 -0.463674 431.111359 0.004498 0.999862 0.015990 -45.663750 0.463665 -0.016253 0.885861 689.247925
0.885910 0.005264 -0.463827 430.441223 0.002352 0.999872 0.015839 -45.646935 0.463851 -0.015123 0.885784 690.498169
0.885708 0.003935 -0.464228 429.772888 0.004634 0.999840 0.017316 -45.628269 0.464222 -0.017489 0.885546 691.748962
0.885015 0.006734 -0.465512 429.099487 0.003282 0.999780 0.020702 -45.615410 0.465550 -0.019850 0.884799 692.996216
0.884197 0.005518 -0.467081 428.428741 0.004245 0.999794 0.019847 -45.607750 0.467094 -0.019533 0.883991 694.237976
0.883300 0.003650 -0.468795 427.756836 0.004692 0.999851 0.016624 -45.601280 0.468785 -0.016883 0.883151 695.471191
0.882447 0.002640 -0.470405 427.082428 0.002443 0.999946 0.010194 -45.598610 0.470406 -0.010145 0.882392 696.693848
0.881266 0.000223 -0.472622 426.409058 0.003164 0.999975 0.006371 -45.598389 0.472611 -0.007111 0.881242 697.913696
0.879906 -0.000568 -0.475147 425.732147 0.005115 0.999953 0.008273 -45.597092 0.475120 -0.009710 0.879867 699.135864
0.878713 0.003094 -0.477341 425.048218 0.004694 0.999875 0.015121 -45.589996 0.477328 -0.015527 0.878588 700.356567
0.877743 0.011346 -0.478997 424.356079 -0.000354 0.999735 0.023033 -45.575886 0.479132 -0.020047 0.877514 701.570557
0.876879 0.018133 -0.480369 423.659363 -0.007138 0.999670 0.024703 -45.543167 0.480659 -0.018233 0.876718 702.769409
0.875968 0.020808 -0.481921 422.974762 -0.012553 0.999714 0.020347 -45.518078 0.482206 -0.011774 0.875979 703.967590
0.874771 0.021094 -0.484078 422.279449 -0.015186 0.999755 0.016120 -45.487675 0.484299 -0.006751 0.874876 705.152832
0.873558 0.020652 -0.486282 421.583832 -0.015074 0.999768 0.015380 -45.460121 0.486487 -0.006104 0.873666 706.335876
0.872407 0.021367 -0.488311 420.883057 -0.015108 0.999746 0.016753 -45.432220 0.488545 -0.007239 0.872508 707.516663
0.871303 0.021672 -0.490267 420.179535 -0.013991 0.999716 0.019326 -45.402512 0.490547 -0.009980 0.871357 708.692810
0.870092 0.021848 -0.492404 419.483154 -0.013385 0.999697 0.020703 -45.377560 0.492707 -0.011423 0.870120 709.869690
0.868897 0.021529 -0.494524 418.784027 -0.012771 0.999696 0.021081 -45.351341 0.494827 -0.012003 0.868908 711.042480
0.867371 0.021528 -0.497197 418.098389 -0.013012 0.999703 0.020586 -45.339607 0.497493 -0.011387 0.867393 712.262634
0.866092 0.021900 -0.499405 417.412537 -0.013793 0.999707 0.019917 -45.329964 0.499695 -0.010362 0.866139 713.493652
0.864577 0.022508 -0.501997 416.723480 -0.014213 0.999692 0.020345 -45.318672 0.502300 -0.010456 0.864630 714.716736
0.861752 0.023783 -0.506771 416.040619 -0.013376 0.999618 0.024165 -45.300850 0.507152 -0.014046 0.861742 715.924438
0.859233 0.025256 -0.510961 415.362732 -0.012182 0.999508 0.028918 -45.278694 0.511439 -0.018623 0.859117 717.119202
0.856382 0.025937 -0.515693 414.681091 -0.011672 0.999455 0.030883 -45.254005 0.516212 -0.020429 0.856217 718.301758
0.853429 0.024744 -0.520621 413.996857 -0.011639 0.999528 0.028424 -45.228508 0.521079 -0.018199 0.853314 719.470703
0.850513 0.024250 -0.525396 413.285248 -0.012921 0.999598 0.025219 -45.193405 0.525796 -0.014659 0.850485 720.608276
0.847717 0.026350 -0.529795 412.540314 -0.015958 0.999581 0.024181 -45.160351 0.530210 -0.012043 0.847780 721.753479
0.844500 0.028732 -0.534783 411.768616 -0.018679 0.999533 0.024206 -45.125526 0.535229 -0.010452 0.844642 722.890686
0.840866 0.031024 -0.540355 410.992340 -0.020708 0.999469 0.025157 -45.089592 0.540848 -0.009964 0.841061 724.022522
0.836725 0.033838 -0.546576 410.221130 -0.022844 0.999377 0.026900 -45.059620 0.547147 -0.010021 0.836977 725.166321
0.832353 0.036603 -0.553035 409.441895 -0.024450 0.999271 0.029338 -45.027313 0.553706 -0.010898 0.832641 726.306702
0.827452 0.038898 -0.560188 408.677429 -0.026409 0.999190 0.030372 -44.996334 0.560916 -0.010337 0.827809 727.446533
0.822631 0.037672 -0.567326 407.907654 -0.026311 0.999256 0.028202 -44.963657 0.567966 -0.008273 0.823011 728.580444
0.818048 0.036436 -0.573993 407.126312 -0.026509 0.999320 0.025654 -44.927715 0.574538 -0.005771 0.818458 729.705444
0.813354 0.037172 -0.580580 406.334778 -0.027588 0.999299 0.025332 -44.891060 0.581115 -0.004586 0.813808 730.824341
0.808541 0.041419 -0.586980 405.528442 -0.029586 0.999119 0.029748 -44.860455 0.587695 -0.006686 0.809055 731.936829
0.803661 0.045569 -0.593341 404.713287 -0.031365 0.998922 0.034235 -44.830490 0.594261 -0.008904 0.804223 733.039917
0.798776 0.047267 -0.599769 403.891937 -0.031938 0.998835 0.036182 -44.797821 0.600780 -0.009746 0.799354 734.136536
0.793098 0.047559 -0.607235 403.069305 -0.032797 0.998835 0.035394 -44.761246 0.608211 -0.008156 0.793734 735.235046
0.788260 0.047003 -0.613546 402.220001 -0.032243 0.998864 0.035096 -44.708359 0.614498 -0.007883 0.788879 736.323608
0.782604 0.046608 -0.620773 401.370361 -0.032080 0.998888 0.034554 -44.662575 0.621694 -0.007128 0.783228 737.416809
0.776254 0.046988 -0.628666 400.499481 -0.031852 0.998868 0.035329 -44.632629 0.629615 -0.007401 0.776873 738.505920
0.769895 0.047748 -0.636383 399.608826 -0.032469 0.998837 0.035661 -44.593575 0.637344 -0.006792 0.770548 739.556763
0.763278 0.047030 -0.644357 398.714355 -0.032029 0.998876 0.034965 -44.561268 0.645277 -0.006050 0.763925 740.616455
0.756447 0.043916 -0.652578 397.807404 -0.029981 0.999023 0.032475 -44.533058 0.653368 -0.005001 0.757025 741.683472
0.749756 0.041663 -0.660402 396.886078 -0.027777 0.999118 0.031496 -44.525856 0.661132 -0.005270 0.750252 742.741333
0.743034 0.041081 -0.667991 395.949371 -0.027618 0.999147 0.030726 -44.529037 0.668683 -0.004382 0.743534 743.787292
0.736356 0.043565 -0.675191 395.002350 -0.028680 0.999038 0.033182 -44.530579 0.675987 -0.005069 0.736896 744.823608
0.729985 0.045039 -0.681978 394.030853 -0.031729 0.998984 0.032012 -44.491425 0.682726 -0.001730 0.730671 745.866516
0.723586 0.041346 -0.688995 393.061615 -0.030139 0.999145 0.028305 -44.468948 0.689576 0.000285 0.724213 746.893433
0.716837 0.039898 -0.696098 392.084106 -0.029442 0.999203 0.026950 -44.439869 0.696618 0.001176 0.717440 747.916260
0.710057 0.040611 -0.702973 391.098724 -0.028449 0.999175 0.028986 -44.400543 0.703570 -0.000583 0.710625 748.935181
0.703138 0.042935 -0.709756 390.105469 -0.028133 0.999074 0.032566 -44.358727 0.710497 -0.002932 0.703694 749.939636
0.696179 0.045974 -0.716394 389.104645 -0.028545 0.998931 0.036366 -44.312859 0.717301 -0.004868 0.696747 750.930786
0.689185 0.049438 -0.722897 388.099670 -0.030556 0.998765 0.039172 -44.265743 0.723941 -0.004908 0.689845 751.904480
0.682197 0.051031 -0.729386 387.091858 -0.033229 0.998694 0.038791 -44.219345 0.730414 -0.002227 0.683002 752.862183
0.675162 0.050756 -0.735922 386.083130 -0.035850 0.998709 0.035990 -44.174042 0.736798 0.002083 0.676110 753.803650
0.668101 0.050317 -0.742367 385.073975 -0.037149 0.998722 0.034261 -44.128944 0.743143 0.004688 0.669117 754.731567
0.660801 0.052123 -0.748750 384.059753 -0.037909 0.998630 0.036062 -44.083809 0.749604 0.004554 0.661871 755.649048
0.653349 0.050803 -0.755350 383.046021 -0.034387 0.998708 0.037427 -44.067684 0.756276 0.001521 0.654252 756.531555
0.645363 0.050425 -0.762209 382.023438 -0.033373 0.998728 0.037815 -44.058304 0.763147 0.001033 0.646224 757.388794
0.637124 0.050683 -0.769093 380.993561 -0.032105 0.998715 0.039218 -44.044983 0.770092 -0.000296 0.637932 758.234070
0.628810 0.050825 -0.775896 379.955353 -0.030489 0.998706 0.040710 -44.028816 0.776961 -0.001942 0.629545 759.070557
0.620350 0.047223 -0.782903 378.898163 -0.026788 0.998879 0.039024 -44.004253 0.783867 -0.003237 0.620919 759.916687
0.611623 0.046194 -0.789800 377.826141 -0.026686 0.998931 0.037760 -43.972691 0.790698 -0.002018 0.612202 760.757019
0.602874 0.047482 -0.796422 376.745056 -0.027660 0.998872 0.038614 -43.941032 0.797357 -0.001250 0.603507 761.586060
0.594304 0.050350 -0.802662 375.657745 -0.031822 0.998729 0.039086 -43.908401 0.803611 0.002314 0.595151 762.400696
0.586305 0.053970 -0.808291 374.565063 -0.036521 0.998525 0.040181 -43.873802 0.809267 0.005961 0.587411 763.202759
0.578806 0.058302 -0.813378 373.468048 -0.040334 0.998267 0.042852 -43.837067 0.814467 0.008004 0.580154 763.994934
0.571405 0.061258 -0.818379 372.369446 -0.041467 0.998092 0.045756 -43.798008 0.819620 0.007791 0.572854 764.778931
0.562963 0.062527 -0.824114 371.265991 -0.040485 0.998024 0.048065 -43.747620 0.825491 0.006305 0.564380 765.571716
0.555576 0.062580 -0.829108 370.158600 -0.039082 0.998027 0.049141 -43.690460 0.830547 0.005101 0.556924 766.363464
0.548143 0.060707 -0.834179 369.049530 -0.038359 0.998138 0.047433 -43.633110 0.835504 0.005998 0.549450 767.141663
0.540822 0.059713 -0.839015 367.936279 -0.039572 0.998179 0.045532 -43.576317 0.840206 0.008578 0.542200 767.906433
0.532998 0.056767 -0.844210 366.805328 -0.024954 0.998367 0.051377 -43.608917 0.845749 -0.006318 0.533545 768.671692
0.526277 0.062699 -0.847998 365.660278 -0.028897 0.998020 0.055858 -43.647358 0.849822 -0.004892 0.527047 769.402832
0.519875 0.067816 -0.851547 364.512512 -0.031352 0.997687 0.060313 -43.672585 0.853667 -0.004659 0.520798 770.117676
0.513691 0.070051 -0.855111 363.353485 -0.033152 0.997538 0.061802 -43.626202 0.857335 -0.003398 0.514748 770.766663
0.507581 0.071319 -0.858647 362.197662 -0.034452 0.997452 0.062482 -43.559402 0.860915 -0.002133 0.508745 771.401733
0.502168 0.072413 -0.861733 361.042114 -0.035855 0.997375 0.062917 -43.480026 0.864027 -0.000698 0.503445 772.024841
0.497650 0.073496 -0.864259 359.886261 -0.038936 0.997292 0.062389 -43.352871 0.866504 0.002603 0.499163 772.635498
0.493900 0.073430 -0.866413 358.740051 -0.040082 0.997291 0.061672 -43.227005 0.868595 0.004267 0.495506 773.227783
0.490654 0.073141 -0.868280 357.596069 -0.039830 0.997312 0.061501 -43.145439 0.870444 0.004408 0.492248 773.846863
0.488329 0.075308 -0.869404 356.453857 -0.037044 0.997160 0.065567 -43.085335 0.871873 0.000188 0.489732 774.485413
0.485646 0.078358 -0.870637 355.314392 -0.035122 0.996920 0.070132 -43.030701 0.873450 -0.003480 0.486901 775.121216
0.482945 0.079606 -0.872025 354.177429 -0.033845 0.996812 0.072253 -42.974270 0.874997 -0.005381 0.484099 775.749756
0.480289 0.077747 -0.873658 353.046051 -0.033312 0.996962 0.070406 -42.918522 0.876478 -0.004712 0.481419 776.369202
0.477646 0.074817 -0.875361 351.918274 -0.034341 0.997196 0.066492 -42.864639 0.877881 -0.001699 0.478875 776.979736
0.475248 0.073058 -0.876814 350.791260 -0.034963 0.997328 0.064148 -42.811752 0.879157 0.000170 0.476532 777.585449
0.473335 0.073576 -0.877804 349.666656 -0.034955 0.997290 0.064742 -42.758732 0.880188 0.000039 0.474625 778.186340
0.471573 0.075048 -0.878627 348.536957 -0.032699 0.997175 0.067623 -42.699066 0.881220 -0.003159 0.472695 778.796814
0.469558 0.075931 -0.879631 347.409119 -0.031639 0.997102 0.069181 -42.621845 0.882335 -0.004653 0.470599 779.406372
0.468011 0.075662 -0.880478 346.283173 -0.030184 0.997116 0.069640 -42.535038 0.883207 -0.006017 0.468945 780.012512
0.466777 0.073144 -0.881345 345.159546 -0.029901 0.997309 0.066932 -42.448311 0.883870 -0.004890 0.467708 780.612610
0.465433 0.073664 -0.882013 344.020142 -0.031980 0.997280 0.066414 -42.378162 0.884505 -0.002705 0.466522 781.223389
0.464943 0.075142 -0.882147 342.874481 -0.034179 0.997173 0.066925 -42.317169 0.884681 -0.000967 0.466196 781.838013
0.464713 0.077366 -0.882075 341.726379 -0.037235 0.997002 0.067829 -42.258675 0.884678 0.001323 0.466200 782.449707
0.464983 0.075442 -0.882100 340.582611 -0.038478 0.997143 0.064997 -42.199615 0.884483 0.003719 0.466557 783.059570
0.465148 0.073822 -0.882149 339.438995 -0.038869 0.997260 0.062959 -42.140163 0.884380 0.005002 0.466742 783.668884
0.465265 0.075393 -0.881955 338.292450 -0.037429 0.997151 0.065495 -42.079685 0.884379 0.002537 0.466762 784.280701
0.464762 0.073797 -0.882356 337.169067 -0.035413 0.997273 0.064755 -42.002480 0.884727 0.001152 0.466107 784.880310
0.464038 0.068249 -0.883183 336.047760 -0.032396 0.997669 0.060074 -41.913021 0.885223 0.000734 0.465166 785.470398
0.463041 0.064295 -0.884002 334.920624 -0.028442 0.997930 0.057684 -41.824242 0.885881 -0.001567 0.463910 786.061096
0.462215 0.063593 -0.884485 333.792145 -0.027682 0.997974 0.057287 -41.739296 0.886335 -0.001995 0.463040 786.644775
0.461489 0.062748 -0.884924 332.665833 -0.029448 0.998030 0.055409 -41.657932 0.886657 0.000489 0.462428 787.219604
0.460528 0.060860 -0.885557 331.542480 -0.032047 0.998137 0.051931 -41.578571 0.887066 0.004464 0.461620 787.788574
0.459462 0.060795 -0.886115 330.417755 -0.035178 0.998117 0.050239 -41.501305 0.887500 0.008089 0.460735 788.354614
0.458380 0.062632 -0.886547 329.289886 -0.039714 0.997961 0.049969 -41.426384 0.887869 0.012303 0.459933 788.916809
0.457434 0.063001 -0.887010 328.162933 -0.044745 0.997855 0.047799 -41.354073 0.888118 0.017825 0.459270 789.473511
0.456283 0.060099 -0.887802 327.039154 -0.050585 0.997855 0.041552 -41.284718 0.888396 0.025949 0.458345 790.023865
0.454884 0.057099 -0.888719 325.916809 -0.056096 0.997798 0.035395 -41.219307 0.888782 0.033753 0.457085 790.569946
0.453321 0.056296 -0.889567 324.791748 -0.059107 0.997706 0.033017 -41.156788 0.889385 0.037613 0.455609 791.117065
0.451278 0.057833 -0.890507 323.666626 -0.062767 0.997484 0.032971 -41.096790 0.890173 0.041015 0.453772 791.659790
0.449087 0.057892 -0.891610 322.542114 -0.064225 0.997409 0.032412 -41.036831 0.891177 0.042709 0.451641 792.200562
0.446786 0.058203 -0.892746 321.421844 -0.062415 0.997478 0.033795 -40.975796 0.892461 0.040622 0.449291 792.743652
0.444200 0.064336 -0.893615 320.279541 -0.065523 0.997081 0.039213 -40.934162 0.893529 0.041134 0.447118 793.308350
0.440823 0.070434 -0.894826 319.143768 -0.069337 0.996610 0.044288 -40.884384 0.894913 0.042521 0.444211 793.872253
0.437968 0.075951 -0.895777 318.008240 -0.071632 0.996205 0.049442 -40.831165 0.896133 0.042512 0.441746 794.434021
0.435770 0.077542 -0.896712 316.876312 -0.072647 0.996062 0.050830 -40.776730 0.897122 0.042992 0.439686 794.992920
0.433809 0.080573 -0.897396 315.740173 -0.070801 0.995962 0.055196 -40.719555 0.898219 0.039593 0.437762 795.555664
0.431891 0.086198 -0.897797 314.601990 -0.067078 0.995736 0.063332 -40.656925 0.899428 0.032870 0.435832 796.120483
0.431021 0.086663 -0.898171 313.454529 -0.058653 0.995963 0.067951 -40.597385 0.900434 0.023392 0.434364 796.693542
0.430173 0.088091 -0.898438 312.303497 -0.052490 0.995985 0.072523 -40.533546 0.901220 0.015962 0.433069 797.264038
0.429848 0.090306 -0.898374 311.146698 -0.045566 0.995888 0.078306 -40.457806 0.901751 0.007276 0.432194 797.834717
0.430136 0.088562 -0.898409 309.979065 -0.040466 0.996068 0.078814 -40.379883 0.901857 0.002454 0.432028 798.405945
0.430438 0.082983 -0.898798 308.806244 -0.036142 0.996551 0.074700 -40.300331 0.901896 0.000330 0.431951 798.973572
0.431013 0.075183 -0.899209 307.632538 -0.031923 0.997170 0.068072 -40.221336 0.901781 -0.000634 0.432193 799.539551
0.432517 0.074856 -0.898513 306.454773 -0.030360 0.997191 0.068462 -40.143547 0.901114 -0.002332 0.433574 800.100037
0.434183 0.074867 -0.897709 305.276245 -0.029312 0.997187 0.068986 -40.065464 0.900347 -0.003638 0.435157 800.664307
0.435616 0.072340 -0.897221 304.099854 -0.028343 0.997373 0.066654 -39.984467 0.899686 -0.003606 0.436522 801.231506
0.437131 0.067610 -0.896854 302.926361 -0.029017 0.997712 0.061070 -39.906517 0.898929 -0.000671 0.438093 801.793518
0.438656 0.065645 -0.896255 301.752075 -0.028934 0.997843 0.058924 -39.831036 0.898190 0.000085 0.439609 802.356689
0.440328 0.069019 -0.895180 300.574860 -0.028043 0.997612 0.063121 -39.754929 0.897399 -0.002691 0.441212 802.922607
0.442372 0.070073 -0.894090 299.402924 -0.025735 0.997524 0.065446 -39.677780 0.896462 -0.005943 0.443079 803.488281
0.444467 0.064798 -0.893449 298.239716 -0.023313 0.997880 0.060775 -39.602169 0.895492 -0.006185 0.445035 804.050842
0.445870 0.059993 -0.893086 297.073578 -0.025313 0.998197 0.054416 -39.522137 0.894740 -0.001656 0.446584 804.593750
0.448007 0.056064 -0.892270 295.910217 -0.024838 0.998427 0.050262 -39.461132 0.893685 -0.000356 0.448695 805.155579
0.450251 0.053102 -0.891322 294.748840 -0.025027 0.998589 0.046850 -39.411789 0.892551 0.001213 0.450945 805.728394
0.452073 0.052355 -0.890443 293.586609 -0.023703 0.998629 0.046680 -39.362595 0.891666 0.000003 0.452694 806.304260
0.452856 0.052976 -0.890008 292.422028 -0.020369 0.998588 0.049074 -39.311485 0.891350 -0.004095 0.453295 806.884155
0.453383 0.049753 -0.889926 291.258118 -0.015771 0.998732 0.047800 -39.250610 0.891177 -0.007637 0.453592 807.451111
0.452228 0.043102 -0.890860 290.106140 -0.015705 0.999062 0.040364 -39.198910 0.891764 -0.004263 0.452480 808.061157
0.452117 0.037698 -0.891162 288.953735 -0.016071 0.999289 0.034119 -39.143768 0.891814 -0.001104 0.452401 808.682861
0.452003 0.038914 -0.891167 287.795441 -0.016286 0.999241 0.035373 -39.101982 0.891867 -0.001475 0.452294 809.283386
0.452439 0.042953 -0.890761 286.634857 -0.016612 0.999072 0.039738 -39.067825 0.891641 -0.003182 0.452733 809.875061
0.453100 0.047337 -0.890202 285.470123 -0.017911 0.998871 0.043999 -39.017288 0.891280 -0.003991 0.453436 810.438232
0.453564 0.049321 -0.889858 284.305206 -0.020121 0.998779 0.045102 -38.963642 0.890997 -0.002553 0.454002 810.996155
0.455142 0.047890 -0.889130 283.145538 -0.022350 0.998853 0.042358 -38.918995 0.890139 0.000593 0.455690 811.568604
0.456477 0.046975 -0.888495 281.982117 -0.025810 0.998884 0.039551 -38.874092 0.889362 0.004878 0.457180 812.138794
0.458050 0.048504 -0.887602 280.815765 -0.029140 0.998793 0.039542 -38.830307 0.888449 0.007752 0.458910 812.708923
0.460101 0.050937 -0.886404 279.649506 -0.031036 0.998665 0.041279 -38.786331 0.887324 0.008517 0.461068 813.283203
0.464519 0.049493 -0.884179 278.486328 -0.028538 0.998755 0.040913 -38.750710 0.885103 0.006228 0.465354 813.875549
0.468810 0.045985 -0.882101 277.328339 -0.026825 0.998925 0.037818 -38.703190 0.882892 0.005933 0.469539 814.466309
0.472189 0.042459 -0.880474 276.171265 -0.023601 0.999090 0.035520 -38.644424 0.881181 0.004009 0.472762 815.054199
0.476387 0.040504 -0.878303 275.015106 -0.020394 0.999179 0.035016 -38.586491 0.878999 0.001230 0.476821 815.646790
0.481849 0.041490 -0.875271 273.857544 -0.020310 0.999139 0.036181 -38.530701 0.876018 0.000343 0.482278 816.241638
0.488636 0.040567 -0.871544 272.706482 -0.021275 0.999175 0.034579 -38.474731 0.872228 0.001645 0.489097 816.838318
0.499286 0.039697 -0.865527 271.570160 -0.024799 0.999195 0.031521 -38.430672 0.866082 0.005726 0.499868 817.412598
0.509647 0.043308 -0.859293 270.429779 -0.027052 0.999046 0.034306 -38.396069 0.859958 0.005761 0.510332 818.054260
0.518739 0.047185 -0.853630 269.287781 -0.028337 0.998877 0.037993 -38.364452 0.854463 0.004480 0.519493 818.716492
0.528293 0.047231 -0.847748 268.154938 -0.028314 0.998876 0.038006 -38.333061 0.848590 0.003925 0.529036 819.382629
0.538024 0.044571 -0.841751 267.030823 -0.028627 0.998991 0.034599 -38.297874 0.842444 0.005482 0.538757 820.055420
0.548507 0.045726 -0.834895 265.911804 -0.028418 0.998947 0.036041 -38.264622 0.835663 0.003958 0.549228 820.756226
0.557676 0.047268 -0.828712 264.794037 -0.028774 0.998878 0.037610 -38.234196 0.829560 0.002870 0.558410 821.466492
0.567099 0.044397 -0.822452 263.684906 -0.029376 0.999002 0.033671 -38.204983 0.823126 0.005066 0.567836 822.185669
0.576468 0.037316 -0.816267 262.587006 -0.031414 0.999230 0.023493 -38.180855 0.816516 0.012099 0.577197 822.906616
0.586255 0.032347 -0.809481 261.493103 -0.033186 0.999323 0.015898 -38.162079 0.809446 0.017543 0.586932 823.640076
0.596398 0.032157 -0.802045 260.402863 -0.031727 0.999361 0.016476 -38.145844 0.802062 0.015620 0.597036 824.389099
0.606186 0.030138 -0.794752 259.323853 -0.027756 0.999475 0.016731 -38.120346 0.794838 0.011917 0.606704 825.165833
0.615649 0.025926 -0.787595 258.257812 -0.022982 0.999624 0.014941 -38.089958 0.787686 0.008903 0.616013 825.955444
0.624959 0.029918 -0.780084 257.200714 -0.022676 0.999540 0.020168 -38.065975 0.780329 0.005084 0.625350 826.750366
0.633850 0.039024 -0.772472 256.154755 -0.026683 0.999235 0.028583 -38.030594 0.772996 0.002494 0.634406 827.565613
0.642483 0.041340 -0.765185 255.116089 -0.030310 0.999133 0.028529 -37.994110 0.765701 0.004863 0.643178 828.388733
0.649778 0.038239 -0.759163 254.084335 -0.033329 0.999207 0.021803 -37.956917 0.759394 0.011135 0.650535 829.213196
0.655385 0.034312 -0.754515 253.058380 -0.031799 0.999336 0.017825 -37.923031 0.754625 0.012310 0.656041 830.045593
0.659298 0.034478 -0.751092 252.041412 -0.028432 0.999377 0.020918 -37.894653 0.751344 0.007564 0.659867 830.901978
0.661647 0.038080 -0.748847 251.035828 -0.027521 0.999270 0.026496 -37.872482 0.749310 0.003077 0.662212 831.775391
0.663550 0.043614 -0.746860 250.018982 -0.028192 0.999048 0.033294 -37.839859 0.747600 -0.001037 0.664147 832.645203
0.665387 0.048261 -0.744937 249.008850 -0.030981 0.998833 0.037036 -37.802078 0.745856 -0.001564 0.666107 833.535095
0.666900 0.050106 -0.743462 248.001266 -0.031724 0.998742 0.038854 -37.755764 0.744473 -0.002326 0.667648 834.429626
0.667819 0.048410 -0.742748 246.998062 -0.029665 0.998821 0.038427 -37.707722 0.743733 -0.003629 0.668467 835.325134
0.667731 0.045057 -0.743039 245.998169 -0.025345 0.998964 0.037801 -37.659580 0.743972 -0.006409 0.668181 836.220764
0.666042 0.038797 -0.744905 245.002670 -0.018912 0.999204 0.035131 -37.624680 0.745675 -0.009312 0.666245 837.122253
0.663996 0.034460 -0.746942 244.006714 -0.015378 0.999356 0.032436 -37.594875 0.747578 -0.010051 0.664098 838.020386
0.661867 0.032748 -0.748906 243.003998 -0.013769 0.999408 0.031533 -37.566383 0.749495 -0.010559 0.661926 838.914551
0.659012 0.033115 -0.751403 241.997070 -0.015153 0.999412 0.030756 -37.530792 0.751980 -0.008882 0.659126 839.819824
0.657041 0.033136 -0.753126 240.987686 -0.015087 0.999411 0.030810 -37.504616 0.753704 -0.008881 0.657155 840.709106
0.655076 0.033436 -0.754823 239.973297 -0.014611 0.999394 0.031588 -37.483025 0.755422 -0.009664 0.655167 841.583008
0.652779 0.032295 -0.756860 238.955078 -0.013342 0.999427 0.031137 -37.455372 0.757431 -0.010228 0.652835 842.466492
0.650949 0.030309 -0.758516 237.937271 -0.010795 0.999471 0.030672 -37.423084 0.759045 -0.011778 0.650932 843.358459
0.649075 0.027340 -0.760233 236.918655 -0.007106 0.999528 0.029878 -37.389610 0.760691 -0.013991 0.648963 844.246033
0.647171 0.024134 -0.761962 235.896240 -0.004808 0.999608 0.027577 -37.359665 0.762329 -0.014184 0.647034 845.123047
0.645827 0.021510 -0.763181 234.872681 -0.003086 0.999669 0.025564 -37.331894 0.763478 -0.014155 0.645679 845.999878
0.646073 0.022274 -0.762951 233.833694 -0.003081 0.999643 0.026575 -37.301743 0.763270 -0.014819 0.645910 846.860413
0.644729 0.027438 -0.763920 232.805923 -0.007300 0.999532 0.029740 -37.280586 0.764377 -0.013598 0.644626 847.748718
0.644968 0.032578 -0.763515 231.778244 -0.010894 0.999382 0.033439 -37.241356 0.764132 -0.013250 0.644924 848.628174
0.646004 0.036318 -0.762470 230.747360 -0.012641 0.999239 0.036885 -37.192570 0.763229 -0.014189 0.645972 849.499817
0.647576 0.036676 -0.761118 229.721634 -0.015556 0.999269 0.034916 -37.141594 0.761842 -0.010770 0.647673 850.359131
0.648516 0.028011 -0.760686 228.718079 -0.011812 0.999573 0.026738 -37.107357 0.761110 -0.008355 0.648569 851.252991
0.649553 0.021896 -0.760002 227.718170 -0.005069 0.999688 0.024470 -37.083065 0.760300 -0.012043 0.649460 852.142883
0.651496 0.019582 -0.758400 226.710968 0.004944 0.999536 0.030055 -37.065014 0.758636 -0.023330 0.651097 853.033752
0.653611 0.020738 -0.756547 225.700226 0.009256 0.999331 0.035390 -37.029144 0.756775 -0.030134 0.652981 853.908752
